solid vacuum_battery_assembly_model
 facet normal 0.996917 0 0.0784591
  outer loop
   vertex 0 -34.45 -18
   vertex -0.110805 34.45 -16.5921
   vertex -0.110805 -34.45 -16.5921
  endloop
 endfacet
 facet normal 0.996917 -0 0.0784591
  outer loop
   vertex 0 -34.45 -18
   vertex 0 34.45 -18
   vertex -0.110805 34.45 -16.5921
  endloop
 endfacet
 facet normal 0 -1 0
  outer loop
   vertex -9 -34.45 -18
   vertex 0 -34.45 -18
   vertex -0.110805 -34.45 -16.5921
  endloop
 endfacet
 facet normal 0 1 0
  outer loop
   vertex -9 34.45 -18
   vertex -0.110805 34.45 -16.5921
   vertex 0 34.45 -18
  endloop
 endfacet
 facet normal 0.97237 0 0.233445
  outer loop
   vertex -0.110805 -34.45 -16.5921
   vertex -0.440491 34.45 -15.2188
   vertex -0.440491 -34.45 -15.2188
  endloop
 endfacet
 facet normal 0.97237 -0 0.233445
  outer loop
   vertex -0.110805 -34.45 -16.5921
   vertex -0.110805 34.45 -16.5921
   vertex -0.440491 34.45 -15.2188
  endloop
 endfacet
 facet normal 0 -1 0
  outer loop
   vertex -9 -34.45 -18
   vertex -0.110805 -34.45 -16.5921
   vertex -0.440491 -34.45 -15.2188
  endloop
 endfacet
 facet normal 0 1 0
  outer loop
   vertex -9 34.45 -18
   vertex -0.440491 34.45 -15.2188
   vertex -0.110805 34.45 -16.5921
  endloop
 endfacet
 facet normal 0.92388 0 0.382683
  outer loop
   vertex -0.440491 -34.45 -15.2188
   vertex -0.980941 34.45 -13.9141
   vertex -0.980941 -34.45 -13.9141
  endloop
 endfacet
 facet normal 0.92388 -0 0.382683
  outer loop
   vertex -0.440491 -34.45 -15.2188
   vertex -0.440491 34.45 -15.2188
   vertex -0.980941 34.45 -13.9141
  endloop
 endfacet
 facet normal 0 -1 0
  outer loop
   vertex -9 -34.45 -18
   vertex -0.440491 -34.45 -15.2188
   vertex -0.980941 -34.45 -13.9141
  endloop
 endfacet
 facet normal 0 1 0
  outer loop
   vertex -9 34.45 -18
   vertex -0.980941 34.45 -13.9141
   vertex -0.440491 34.45 -15.2188
  endloop
 endfacet
 facet normal 0.85264 0 0.522499
  outer loop
   vertex -0.980941 -34.45 -13.9141
   vertex -1.71885 34.45 -12.7099
   vertex -1.71885 -34.45 -12.7099
  endloop
 endfacet
 facet normal 0.85264 -0 0.522499
  outer loop
   vertex -0.980941 -34.45 -13.9141
   vertex -0.980941 34.45 -13.9141
   vertex -1.71885 34.45 -12.7099
  endloop
 endfacet
 facet normal 0 -1 0
  outer loop
   vertex -9 -34.45 -18
   vertex -0.980941 -34.45 -13.9141
   vertex -1.71885 -34.45 -12.7099
  endloop
 endfacet
 facet normal 0 1 0
  outer loop
   vertex -9 34.45 -18
   vertex -1.71885 34.45 -12.7099
   vertex -0.980941 34.45 -13.9141
  endloop
 endfacet
 facet normal 0.760406 0 0.649448
  outer loop
   vertex -1.71885 -34.45 -12.7099
   vertex -2.63604 34.45 -11.636
   vertex -2.63604 -34.45 -11.636
  endloop
 endfacet
 facet normal 0.760406 -0 0.649448
  outer loop
   vertex -1.71885 -34.45 -12.7099
   vertex -1.71885 34.45 -12.7099
   vertex -2.63604 34.45 -11.636
  endloop
 endfacet
 facet normal 0 -1 0
  outer loop
   vertex -9 -34.45 -18
   vertex -1.71885 -34.45 -12.7099
   vertex -2.63604 -34.45 -11.636
  endloop
 endfacet
 facet normal 0 1 0
  outer loop
   vertex -9 34.45 -18
   vertex -2.63604 34.45 -11.636
   vertex -1.71885 34.45 -12.7099
  endloop
 endfacet
 facet normal 0.649448 0 0.760406
  outer loop
   vertex -2.63604 -34.45 -11.636
   vertex -3.70993 34.45 -10.7188
   vertex -3.70993 -34.45 -10.7188
  endloop
 endfacet
 facet normal 0.649448 -0 0.760406
  outer loop
   vertex -2.63604 -34.45 -11.636
   vertex -2.63604 34.45 -11.636
   vertex -3.70993 34.45 -10.7188
  endloop
 endfacet
 facet normal 0 -1 0
  outer loop
   vertex -9 -34.45 -18
   vertex -2.63604 -34.45 -11.636
   vertex -3.70993 -34.45 -10.7188
  endloop
 endfacet
 facet normal 0 1 0
  outer loop
   vertex -9 34.45 -18
   vertex -3.70993 34.45 -10.7188
   vertex -2.63604 34.45 -11.636
  endloop
 endfacet
 facet normal 0.522499 0 0.85264
  outer loop
   vertex -3.70993 -34.45 -10.7188
   vertex -4.91409 34.45 -9.98094
   vertex -4.91409 -34.45 -9.98094
  endloop
 endfacet
 facet normal 0.522499 -0 0.85264
  outer loop
   vertex -3.70993 -34.45 -10.7188
   vertex -3.70993 34.45 -10.7188
   vertex -4.91409 34.45 -9.98094
  endloop
 endfacet
 facet normal 0 -1 0
  outer loop
   vertex -9 -34.45 -18
   vertex -3.70993 -34.45 -10.7188
   vertex -4.91409 -34.45 -9.98094
  endloop
 endfacet
 facet normal 0 1 0
  outer loop
   vertex -9 34.45 -18
   vertex -4.91409 34.45 -9.98094
   vertex -3.70993 34.45 -10.7188
  endloop
 endfacet
 facet normal 0.382683 0 0.92388
  outer loop
   vertex -4.91409 -34.45 -9.98094
   vertex -6.21885 34.45 -9.44049
   vertex -6.21885 -34.45 -9.44049
  endloop
 endfacet
 facet normal 0.382683 -0 0.92388
  outer loop
   vertex -4.91409 -34.45 -9.98094
   vertex -4.91409 34.45 -9.98094
   vertex -6.21885 34.45 -9.44049
  endloop
 endfacet
 facet normal 0 -1 0
  outer loop
   vertex -9 -34.45 -18
   vertex -4.91409 -34.45 -9.98094
   vertex -6.21885 -34.45 -9.44049
  endloop
 endfacet
 facet normal 0 1 0
  outer loop
   vertex -9 34.45 -18
   vertex -6.21885 34.45 -9.44049
   vertex -4.91409 34.45 -9.98094
  endloop
 endfacet
 facet normal 0.233445 0 0.97237
  outer loop
   vertex -6.21885 -34.45 -9.44049
   vertex -7.59209 34.45 -9.1108
   vertex -7.59209 -34.45 -9.1108
  endloop
 endfacet
 facet normal 0.233445 -0 0.97237
  outer loop
   vertex -6.21885 -34.45 -9.44049
   vertex -6.21885 34.45 -9.44049
   vertex -7.59209 34.45 -9.1108
  endloop
 endfacet
 facet normal 0 -1 0
  outer loop
   vertex -9 -34.45 -18
   vertex -6.21885 -34.45 -9.44049
   vertex -7.59209 -34.45 -9.1108
  endloop
 endfacet
 facet normal 0 1 0
  outer loop
   vertex -9 34.45 -18
   vertex -7.59209 34.45 -9.1108
   vertex -6.21885 34.45 -9.44049
  endloop
 endfacet
 facet normal 0.0784591 0 0.996917
  outer loop
   vertex -7.59209 -34.45 -9.1108
   vertex -9 34.45 -9
   vertex -9 -34.45 -9
  endloop
 endfacet
 facet normal 0.0784591 -0 0.996917
  outer loop
   vertex -7.59209 -34.45 -9.1108
   vertex -7.59209 34.45 -9.1108
   vertex -9 34.45 -9
  endloop
 endfacet
 facet normal 0 -1 0
  outer loop
   vertex -9 -34.45 -18
   vertex -7.59209 -34.45 -9.1108
   vertex -9 -34.45 -9
  endloop
 endfacet
 facet normal 0 1 0
  outer loop
   vertex -9 34.45 -18
   vertex -9 34.45 -9
   vertex -7.59209 34.45 -9.1108
  endloop
 endfacet
 facet normal -0.0784591 0 0.996917
  outer loop
   vertex -9 -34.45 -9
   vertex -10.4079 34.45 -9.1108
   vertex -10.4079 -34.45 -9.1108
  endloop
 endfacet
 facet normal -0.0784591 0 0.996917
  outer loop
   vertex -9 -34.45 -9
   vertex -9 34.45 -9
   vertex -10.4079 34.45 -9.1108
  endloop
 endfacet
 facet normal 0 -1 0
  outer loop
   vertex -9 -34.45 -18
   vertex -9 -34.45 -9
   vertex -10.4079 -34.45 -9.1108
  endloop
 endfacet
 facet normal 0 1 -0
  outer loop
   vertex -9 34.45 -18
   vertex -10.4079 34.45 -9.1108
   vertex -9 34.45 -9
  endloop
 endfacet
 facet normal -0.233445 0 0.97237
  outer loop
   vertex -10.4079 -34.45 -9.1108
   vertex -11.7812 34.45 -9.44049
   vertex -11.7812 -34.45 -9.44049
  endloop
 endfacet
 facet normal -0.233445 0 0.97237
  outer loop
   vertex -10.4079 -34.45 -9.1108
   vertex -10.4079 34.45 -9.1108
   vertex -11.7812 34.45 -9.44049
  endloop
 endfacet
 facet normal 0 -1 0
  outer loop
   vertex -9 -34.45 -18
   vertex -10.4079 -34.45 -9.1108
   vertex -11.7812 -34.45 -9.44049
  endloop
 endfacet
 facet normal 0 1 0
  outer loop
   vertex -9 34.45 -18
   vertex -11.7812 34.45 -9.44049
   vertex -10.4079 34.45 -9.1108
  endloop
 endfacet
 facet normal -0.382683 0 0.92388
  outer loop
   vertex -11.7812 -34.45 -9.44049
   vertex -13.0859 34.45 -9.98094
   vertex -13.0859 -34.45 -9.98094
  endloop
 endfacet
 facet normal -0.382683 0 0.92388
  outer loop
   vertex -11.7812 -34.45 -9.44049
   vertex -11.7812 34.45 -9.44049
   vertex -13.0859 34.45 -9.98094
  endloop
 endfacet
 facet normal 0 -1 0
  outer loop
   vertex -9 -34.45 -18
   vertex -11.7812 -34.45 -9.44049
   vertex -13.0859 -34.45 -9.98094
  endloop
 endfacet
 facet normal 0 1 0
  outer loop
   vertex -9 34.45 -18
   vertex -13.0859 34.45 -9.98094
   vertex -11.7812 34.45 -9.44049
  endloop
 endfacet
 facet normal -0.522499 0 0.85264
  outer loop
   vertex -13.0859 -34.45 -9.98094
   vertex -14.2901 34.45 -10.7188
   vertex -14.2901 -34.45 -10.7188
  endloop
 endfacet
 facet normal -0.522499 0 0.85264
  outer loop
   vertex -13.0859 -34.45 -9.98094
   vertex -13.0859 34.45 -9.98094
   vertex -14.2901 34.45 -10.7188
  endloop
 endfacet
 facet normal 0 -1 0
  outer loop
   vertex -9 -34.45 -18
   vertex -13.0859 -34.45 -9.98094
   vertex -14.2901 -34.45 -10.7188
  endloop
 endfacet
 facet normal 0 1 0
  outer loop
   vertex -9 34.45 -18
   vertex -14.2901 34.45 -10.7188
   vertex -13.0859 34.45 -9.98094
  endloop
 endfacet
 facet normal -0.649448 0 0.760406
  outer loop
   vertex -14.2901 -34.45 -10.7188
   vertex -15.364 34.45 -11.636
   vertex -15.364 -34.45 -11.636
  endloop
 endfacet
 facet normal -0.649448 0 0.760406
  outer loop
   vertex -14.2901 -34.45 -10.7188
   vertex -14.2901 34.45 -10.7188
   vertex -15.364 34.45 -11.636
  endloop
 endfacet
 facet normal 0 -1 0
  outer loop
   vertex -9 -34.45 -18
   vertex -14.2901 -34.45 -10.7188
   vertex -15.364 -34.45 -11.636
  endloop
 endfacet
 facet normal 0 1 0
  outer loop
   vertex -9 34.45 -18
   vertex -15.364 34.45 -11.636
   vertex -14.2901 34.45 -10.7188
  endloop
 endfacet
 facet normal -0.760406 0 0.649448
  outer loop
   vertex -15.364 -34.45 -11.636
   vertex -16.2812 34.45 -12.7099
   vertex -16.2812 -34.45 -12.7099
  endloop
 endfacet
 facet normal -0.760406 0 0.649448
  outer loop
   vertex -15.364 -34.45 -11.636
   vertex -15.364 34.45 -11.636
   vertex -16.2812 34.45 -12.7099
  endloop
 endfacet
 facet normal 0 -1 0
  outer loop
   vertex -9 -34.45 -18
   vertex -15.364 -34.45 -11.636
   vertex -16.2812 -34.45 -12.7099
  endloop
 endfacet
 facet normal 0 1 0
  outer loop
   vertex -9 34.45 -18
   vertex -16.2812 34.45 -12.7099
   vertex -15.364 34.45 -11.636
  endloop
 endfacet
 facet normal -0.85264 0 0.522499
  outer loop
   vertex -16.2812 -34.45 -12.7099
   vertex -17.0191 34.45 -13.9141
   vertex -17.0191 -34.45 -13.9141
  endloop
 endfacet
 facet normal -0.85264 0 0.522499
  outer loop
   vertex -16.2812 -34.45 -12.7099
   vertex -16.2812 34.45 -12.7099
   vertex -17.0191 34.45 -13.9141
  endloop
 endfacet
 facet normal 0 -1 0
  outer loop
   vertex -9 -34.45 -18
   vertex -16.2812 -34.45 -12.7099
   vertex -17.0191 -34.45 -13.9141
  endloop
 endfacet
 facet normal 0 1 0
  outer loop
   vertex -9 34.45 -18
   vertex -17.0191 34.45 -13.9141
   vertex -16.2812 34.45 -12.7099
  endloop
 endfacet
 facet normal -0.92388 0 0.382683
  outer loop
   vertex -17.0191 -34.45 -13.9141
   vertex -17.5595 34.45 -15.2188
   vertex -17.5595 -34.45 -15.2188
  endloop
 endfacet
 facet normal -0.92388 0 0.382683
  outer loop
   vertex -17.0191 -34.45 -13.9141
   vertex -17.0191 34.45 -13.9141
   vertex -17.5595 34.45 -15.2188
  endloop
 endfacet
 facet normal 0 -1 0
  outer loop
   vertex -9 -34.45 -18
   vertex -17.0191 -34.45 -13.9141
   vertex -17.5595 -34.45 -15.2188
  endloop
 endfacet
 facet normal 0 1 0
  outer loop
   vertex -9 34.45 -18
   vertex -17.5595 34.45 -15.2188
   vertex -17.0191 34.45 -13.9141
  endloop
 endfacet
 facet normal -0.97237 0 0.233445
  outer loop
   vertex -17.5595 -34.45 -15.2188
   vertex -17.8892 34.45 -16.5921
   vertex -17.8892 -34.45 -16.5921
  endloop
 endfacet
 facet normal -0.97237 0 0.233445
  outer loop
   vertex -17.5595 -34.45 -15.2188
   vertex -17.5595 34.45 -15.2188
   vertex -17.8892 34.45 -16.5921
  endloop
 endfacet
 facet normal 0 -1 0
  outer loop
   vertex -9 -34.45 -18
   vertex -17.5595 -34.45 -15.2188
   vertex -17.8892 -34.45 -16.5921
  endloop
 endfacet
 facet normal 0 1 0
  outer loop
   vertex -9 34.45 -18
   vertex -17.8892 34.45 -16.5921
   vertex -17.5595 34.45 -15.2188
  endloop
 endfacet
 facet normal -0.996917 0 0.0784591
  outer loop
   vertex -17.8892 -34.45 -16.5921
   vertex -18 34.45 -18
   vertex -18 -34.45 -18
  endloop
 endfacet
 facet normal -0.996917 0 0.0784591
  outer loop
   vertex -17.8892 -34.45 -16.5921
   vertex -17.8892 34.45 -16.5921
   vertex -18 34.45 -18
  endloop
 endfacet
 facet normal 0 -1 0
  outer loop
   vertex -9 -34.45 -18
   vertex -17.8892 -34.45 -16.5921
   vertex -18 -34.45 -18
  endloop
 endfacet
 facet normal 0 1 0
  outer loop
   vertex -9 34.45 -18
   vertex -18 34.45 -18
   vertex -17.8892 34.45 -16.5921
  endloop
 endfacet
 facet normal -0.996917 0 -0.0784591
  outer loop
   vertex -18 -34.45 -18
   vertex -17.8892 34.45 -19.4079
   vertex -17.8892 -34.45 -19.4079
  endloop
 endfacet
 facet normal -0.996917 0 -0.0784591
  outer loop
   vertex -18 -34.45 -18
   vertex -18 34.45 -18
   vertex -17.8892 34.45 -19.4079
  endloop
 endfacet
 facet normal -0 -1 0
  outer loop
   vertex -9 -34.45 -18
   vertex -18 -34.45 -18
   vertex -17.8892 -34.45 -19.4079
  endloop
 endfacet
 facet normal 0 1 0
  outer loop
   vertex -9 34.45 -18
   vertex -17.8892 34.45 -19.4079
   vertex -18 34.45 -18
  endloop
 endfacet
 facet normal -0.97237 0 -0.233445
  outer loop
   vertex -17.8892 -34.45 -19.4079
   vertex -17.5595 34.45 -20.7812
   vertex -17.5595 -34.45 -20.7812
  endloop
 endfacet
 facet normal -0.97237 0 -0.233445
  outer loop
   vertex -17.8892 -34.45 -19.4079
   vertex -17.8892 34.45 -19.4079
   vertex -17.5595 34.45 -20.7812
  endloop
 endfacet
 facet normal 0 -1 0
  outer loop
   vertex -9 -34.45 -18
   vertex -17.8892 -34.45 -19.4079
   vertex -17.5595 -34.45 -20.7812
  endloop
 endfacet
 facet normal 0 1 0
  outer loop
   vertex -9 34.45 -18
   vertex -17.5595 34.45 -20.7812
   vertex -17.8892 34.45 -19.4079
  endloop
 endfacet
 facet normal -0.92388 0 -0.382683
  outer loop
   vertex -17.5595 -34.45 -20.7812
   vertex -17.0191 34.45 -22.0859
   vertex -17.0191 -34.45 -22.0859
  endloop
 endfacet
 facet normal -0.92388 0 -0.382683
  outer loop
   vertex -17.5595 -34.45 -20.7812
   vertex -17.5595 34.45 -20.7812
   vertex -17.0191 34.45 -22.0859
  endloop
 endfacet
 facet normal 0 -1 0
  outer loop
   vertex -9 -34.45 -18
   vertex -17.5595 -34.45 -20.7812
   vertex -17.0191 -34.45 -22.0859
  endloop
 endfacet
 facet normal 0 1 0
  outer loop
   vertex -9 34.45 -18
   vertex -17.0191 34.45 -22.0859
   vertex -17.5595 34.45 -20.7812
  endloop
 endfacet
 facet normal -0.85264 0 -0.522499
  outer loop
   vertex -17.0191 -34.45 -22.0859
   vertex -16.2812 34.45 -23.2901
   vertex -16.2812 -34.45 -23.2901
  endloop
 endfacet
 facet normal -0.85264 0 -0.522499
  outer loop
   vertex -17.0191 -34.45 -22.0859
   vertex -17.0191 34.45 -22.0859
   vertex -16.2812 34.45 -23.2901
  endloop
 endfacet
 facet normal 0 -1 0
  outer loop
   vertex -9 -34.45 -18
   vertex -17.0191 -34.45 -22.0859
   vertex -16.2812 -34.45 -23.2901
  endloop
 endfacet
 facet normal 0 1 0
  outer loop
   vertex -9 34.45 -18
   vertex -16.2812 34.45 -23.2901
   vertex -17.0191 34.45 -22.0859
  endloop
 endfacet
 facet normal -0.760406 0 -0.649448
  outer loop
   vertex -16.2812 -34.45 -23.2901
   vertex -15.364 34.45 -24.364
   vertex -15.364 -34.45 -24.364
  endloop
 endfacet
 facet normal -0.760406 0 -0.649448
  outer loop
   vertex -16.2812 -34.45 -23.2901
   vertex -16.2812 34.45 -23.2901
   vertex -15.364 34.45 -24.364
  endloop
 endfacet
 facet normal 0 -1 0
  outer loop
   vertex -9 -34.45 -18
   vertex -16.2812 -34.45 -23.2901
   vertex -15.364 -34.45 -24.364
  endloop
 endfacet
 facet normal 0 1 0
  outer loop
   vertex -9 34.45 -18
   vertex -15.364 34.45 -24.364
   vertex -16.2812 34.45 -23.2901
  endloop
 endfacet
 facet normal -0.649448 0 -0.760406
  outer loop
   vertex -15.364 -34.45 -24.364
   vertex -14.2901 34.45 -25.2812
   vertex -14.2901 -34.45 -25.2812
  endloop
 endfacet
 facet normal -0.649448 0 -0.760406
  outer loop
   vertex -15.364 -34.45 -24.364
   vertex -15.364 34.45 -24.364
   vertex -14.2901 34.45 -25.2812
  endloop
 endfacet
 facet normal 0 -1 0
  outer loop
   vertex -9 -34.45 -18
   vertex -15.364 -34.45 -24.364
   vertex -14.2901 -34.45 -25.2812
  endloop
 endfacet
 facet normal 0 1 0
  outer loop
   vertex -9 34.45 -18
   vertex -14.2901 34.45 -25.2812
   vertex -15.364 34.45 -24.364
  endloop
 endfacet
 facet normal -0.522499 0 -0.85264
  outer loop
   vertex -14.2901 -34.45 -25.2812
   vertex -13.0859 34.45 -26.0191
   vertex -13.0859 -34.45 -26.0191
  endloop
 endfacet
 facet normal -0.522499 0 -0.85264
  outer loop
   vertex -14.2901 -34.45 -25.2812
   vertex -14.2901 34.45 -25.2812
   vertex -13.0859 34.45 -26.0191
  endloop
 endfacet
 facet normal 0 -1 0
  outer loop
   vertex -9 -34.45 -18
   vertex -14.2901 -34.45 -25.2812
   vertex -13.0859 -34.45 -26.0191
  endloop
 endfacet
 facet normal 0 1 0
  outer loop
   vertex -9 34.45 -18
   vertex -13.0859 34.45 -26.0191
   vertex -14.2901 34.45 -25.2812
  endloop
 endfacet
 facet normal -0.382683 0 -0.92388
  outer loop
   vertex -13.0859 -34.45 -26.0191
   vertex -11.7812 34.45 -26.5595
   vertex -11.7812 -34.45 -26.5595
  endloop
 endfacet
 facet normal -0.382683 0 -0.92388
  outer loop
   vertex -13.0859 -34.45 -26.0191
   vertex -13.0859 34.45 -26.0191
   vertex -11.7812 34.45 -26.5595
  endloop
 endfacet
 facet normal 0 -1 0
  outer loop
   vertex -9 -34.45 -18
   vertex -13.0859 -34.45 -26.0191
   vertex -11.7812 -34.45 -26.5595
  endloop
 endfacet
 facet normal 0 1 0
  outer loop
   vertex -9 34.45 -18
   vertex -11.7812 34.45 -26.5595
   vertex -13.0859 34.45 -26.0191
  endloop
 endfacet
 facet normal -0.233445 0 -0.97237
  outer loop
   vertex -11.7812 -34.45 -26.5595
   vertex -10.4079 34.45 -26.8892
   vertex -10.4079 -34.45 -26.8892
  endloop
 endfacet
 facet normal -0.233445 0 -0.97237
  outer loop
   vertex -11.7812 -34.45 -26.5595
   vertex -11.7812 34.45 -26.5595
   vertex -10.4079 34.45 -26.8892
  endloop
 endfacet
 facet normal 0 -1 0
  outer loop
   vertex -9 -34.45 -18
   vertex -11.7812 -34.45 -26.5595
   vertex -10.4079 -34.45 -26.8892
  endloop
 endfacet
 facet normal 0 1 0
  outer loop
   vertex -9 34.45 -18
   vertex -10.4079 34.45 -26.8892
   vertex -11.7812 34.45 -26.5595
  endloop
 endfacet
 facet normal -0.0784591 0 -0.996917
  outer loop
   vertex -10.4079 -34.45 -26.8892
   vertex -9 34.45 -27
   vertex -9 -34.45 -27
  endloop
 endfacet
 facet normal -0.0784591 0 -0.996917
  outer loop
   vertex -10.4079 -34.45 -26.8892
   vertex -10.4079 34.45 -26.8892
   vertex -9 34.45 -27
  endloop
 endfacet
 facet normal 0 -1 0
  outer loop
   vertex -9 -34.45 -18
   vertex -10.4079 -34.45 -26.8892
   vertex -9 -34.45 -27
  endloop
 endfacet
 facet normal 0 1 0
  outer loop
   vertex -9 34.45 -18
   vertex -9 34.45 -27
   vertex -10.4079 34.45 -26.8892
  endloop
 endfacet
 facet normal 0.0784591 0 -0.996917
  outer loop
   vertex -9 -34.45 -27
   vertex -7.59209 34.45 -26.8892
   vertex -7.59209 -34.45 -26.8892
  endloop
 endfacet
 facet normal 0.0784591 0 -0.996917
  outer loop
   vertex -9 -34.45 -27
   vertex -9 34.45 -27
   vertex -7.59209 34.45 -26.8892
  endloop
 endfacet
 facet normal 0 -1 -0
  outer loop
   vertex -9 -34.45 -18
   vertex -9 -34.45 -27
   vertex -7.59209 -34.45 -26.8892
  endloop
 endfacet
 facet normal 0 1 0
  outer loop
   vertex -9 34.45 -18
   vertex -7.59209 34.45 -26.8892
   vertex -9 34.45 -27
  endloop
 endfacet
 facet normal 0.233445 0 -0.97237
  outer loop
   vertex -7.59209 -34.45 -26.8892
   vertex -6.21885 34.45 -26.5595
   vertex -6.21885 -34.45 -26.5595
  endloop
 endfacet
 facet normal 0.233445 0 -0.97237
  outer loop
   vertex -7.59209 -34.45 -26.8892
   vertex -7.59209 34.45 -26.8892
   vertex -6.21885 34.45 -26.5595
  endloop
 endfacet
 facet normal 0 -1 0
  outer loop
   vertex -9 -34.45 -18
   vertex -7.59209 -34.45 -26.8892
   vertex -6.21885 -34.45 -26.5595
  endloop
 endfacet
 facet normal 0 1 0
  outer loop
   vertex -9 34.45 -18
   vertex -6.21885 34.45 -26.5595
   vertex -7.59209 34.45 -26.8892
  endloop
 endfacet
 facet normal 0.382683 0 -0.92388
  outer loop
   vertex -6.21885 -34.45 -26.5595
   vertex -4.91409 34.45 -26.0191
   vertex -4.91409 -34.45 -26.0191
  endloop
 endfacet
 facet normal 0.382683 0 -0.92388
  outer loop
   vertex -6.21885 -34.45 -26.5595
   vertex -6.21885 34.45 -26.5595
   vertex -4.91409 34.45 -26.0191
  endloop
 endfacet
 facet normal 0 -1 0
  outer loop
   vertex -9 -34.45 -18
   vertex -6.21885 -34.45 -26.5595
   vertex -4.91409 -34.45 -26.0191
  endloop
 endfacet
 facet normal 0 1 0
  outer loop
   vertex -9 34.45 -18
   vertex -4.91409 34.45 -26.0191
   vertex -6.21885 34.45 -26.5595
  endloop
 endfacet
 facet normal 0.522499 0 -0.85264
  outer loop
   vertex -4.91409 -34.45 -26.0191
   vertex -3.70993 34.45 -25.2812
   vertex -3.70993 -34.45 -25.2812
  endloop
 endfacet
 facet normal 0.522499 0 -0.85264
  outer loop
   vertex -4.91409 -34.45 -26.0191
   vertex -4.91409 34.45 -26.0191
   vertex -3.70993 34.45 -25.2812
  endloop
 endfacet
 facet normal 0 -1 0
  outer loop
   vertex -9 -34.45 -18
   vertex -4.91409 -34.45 -26.0191
   vertex -3.70993 -34.45 -25.2812
  endloop
 endfacet
 facet normal 0 1 0
  outer loop
   vertex -9 34.45 -18
   vertex -3.70993 34.45 -25.2812
   vertex -4.91409 34.45 -26.0191
  endloop
 endfacet
 facet normal 0.649448 0 -0.760406
  outer loop
   vertex -3.70993 -34.45 -25.2812
   vertex -2.63604 34.45 -24.364
   vertex -2.63604 -34.45 -24.364
  endloop
 endfacet
 facet normal 0.649448 0 -0.760406
  outer loop
   vertex -3.70993 -34.45 -25.2812
   vertex -3.70993 34.45 -25.2812
   vertex -2.63604 34.45 -24.364
  endloop
 endfacet
 facet normal 0 -1 0
  outer loop
   vertex -9 -34.45 -18
   vertex -3.70993 -34.45 -25.2812
   vertex -2.63604 -34.45 -24.364
  endloop
 endfacet
 facet normal 0 1 0
  outer loop
   vertex -9 34.45 -18
   vertex -2.63604 34.45 -24.364
   vertex -3.70993 34.45 -25.2812
  endloop
 endfacet
 facet normal 0.760406 0 -0.649448
  outer loop
   vertex -2.63604 -34.45 -24.364
   vertex -1.71885 34.45 -23.2901
   vertex -1.71885 -34.45 -23.2901
  endloop
 endfacet
 facet normal 0.760406 0 -0.649448
  outer loop
   vertex -2.63604 -34.45 -24.364
   vertex -2.63604 34.45 -24.364
   vertex -1.71885 34.45 -23.2901
  endloop
 endfacet
 facet normal 0 -1 0
  outer loop
   vertex -9 -34.45 -18
   vertex -2.63604 -34.45 -24.364
   vertex -1.71885 -34.45 -23.2901
  endloop
 endfacet
 facet normal 0 1 0
  outer loop
   vertex -9 34.45 -18
   vertex -1.71885 34.45 -23.2901
   vertex -2.63604 34.45 -24.364
  endloop
 endfacet
 facet normal 0.85264 0 -0.522499
  outer loop
   vertex -1.71885 -34.45 -23.2901
   vertex -0.980941 34.45 -22.0859
   vertex -0.980941 -34.45 -22.0859
  endloop
 endfacet
 facet normal 0.85264 0 -0.522499
  outer loop
   vertex -1.71885 -34.45 -23.2901
   vertex -1.71885 34.45 -23.2901
   vertex -0.980941 34.45 -22.0859
  endloop
 endfacet
 facet normal 0 -1 0
  outer loop
   vertex -9 -34.45 -18
   vertex -1.71885 -34.45 -23.2901
   vertex -0.980941 -34.45 -22.0859
  endloop
 endfacet
 facet normal 0 1 0
  outer loop
   vertex -9 34.45 -18
   vertex -0.980941 34.45 -22.0859
   vertex -1.71885 34.45 -23.2901
  endloop
 endfacet
 facet normal 0.92388 0 -0.382683
  outer loop
   vertex -0.980941 -34.45 -22.0859
   vertex -0.440491 34.45 -20.7812
   vertex -0.440491 -34.45 -20.7812
  endloop
 endfacet
 facet normal 0.92388 0 -0.382683
  outer loop
   vertex -0.980941 -34.45 -22.0859
   vertex -0.980941 34.45 -22.0859
   vertex -0.440491 34.45 -20.7812
  endloop
 endfacet
 facet normal 0 -1 0
  outer loop
   vertex -9 -34.45 -18
   vertex -0.980941 -34.45 -22.0859
   vertex -0.440491 -34.45 -20.7812
  endloop
 endfacet
 facet normal 0 1 0
  outer loop
   vertex -9 34.45 -18
   vertex -0.440491 34.45 -20.7812
   vertex -0.980941 34.45 -22.0859
  endloop
 endfacet
 facet normal 0.97237 0 -0.233445
  outer loop
   vertex -0.440491 -34.45 -20.7812
   vertex -0.110805 34.45 -19.4079
   vertex -0.110805 -34.45 -19.4079
  endloop
 endfacet
 facet normal 0.97237 0 -0.233445
  outer loop
   vertex -0.440491 -34.45 -20.7812
   vertex -0.440491 34.45 -20.7812
   vertex -0.110805 34.45 -19.4079
  endloop
 endfacet
 facet normal 0 -1 0
  outer loop
   vertex -9 -34.45 -18
   vertex -0.440491 -34.45 -20.7812
   vertex -0.110805 -34.45 -19.4079
  endloop
 endfacet
 facet normal 0 1 0
  outer loop
   vertex -9 34.45 -18
   vertex -0.110805 34.45 -19.4079
   vertex -0.440491 34.45 -20.7812
  endloop
 endfacet
 facet normal 0.996917 0 -0.0784591
  outer loop
   vertex -0.110805 -34.45 -19.4079
   vertex 0 34.45 -18
   vertex 0 -34.45 -18
  endloop
 endfacet
 facet normal 0.996917 0 -0.0784591
  outer loop
   vertex -0.110805 -34.45 -19.4079
   vertex -0.110805 34.45 -19.4079
   vertex 0 34.45 -18
  endloop
 endfacet
 facet normal 0 -1 0
  outer loop
   vertex -9 -34.45 -18
   vertex -0.110805 -34.45 -19.4079
   vertex 0 -34.45 -18
  endloop
 endfacet
 facet normal 0 1 0
  outer loop
   vertex -9 34.45 -18
   vertex 0 34.45 -18
   vertex -0.110805 34.45 -19.4079
  endloop
 endfacet
 facet normal 0.996917 0 0.0784591
  outer loop
   vertex 18 -34.45 -18
   vertex 17.8892 34.45 -16.5921
   vertex 17.8892 -34.45 -16.5921
  endloop
 endfacet
 facet normal 0.996917 -0 0.0784591
  outer loop
   vertex 18 -34.45 -18
   vertex 18 34.45 -18
   vertex 17.8892 34.45 -16.5921
  endloop
 endfacet
 facet normal 0 -1 0
  outer loop
   vertex 9 -34.45 -18
   vertex 18 -34.45 -18
   vertex 17.8892 -34.45 -16.5921
  endloop
 endfacet
 facet normal 0 1 0
  outer loop
   vertex 9 34.45 -18
   vertex 17.8892 34.45 -16.5921
   vertex 18 34.45 -18
  endloop
 endfacet
 facet normal 0.97237 0 0.233445
  outer loop
   vertex 17.8892 -34.45 -16.5921
   vertex 17.5595 34.45 -15.2188
   vertex 17.5595 -34.45 -15.2188
  endloop
 endfacet
 facet normal 0.97237 -0 0.233445
  outer loop
   vertex 17.8892 -34.45 -16.5921
   vertex 17.8892 34.45 -16.5921
   vertex 17.5595 34.45 -15.2188
  endloop
 endfacet
 facet normal 0 -1 0
  outer loop
   vertex 9 -34.45 -18
   vertex 17.8892 -34.45 -16.5921
   vertex 17.5595 -34.45 -15.2188
  endloop
 endfacet
 facet normal 0 1 0
  outer loop
   vertex 9 34.45 -18
   vertex 17.5595 34.45 -15.2188
   vertex 17.8892 34.45 -16.5921
  endloop
 endfacet
 facet normal 0.92388 0 0.382683
  outer loop
   vertex 17.5595 -34.45 -15.2188
   vertex 17.0191 34.45 -13.9141
   vertex 17.0191 -34.45 -13.9141
  endloop
 endfacet
 facet normal 0.92388 -0 0.382683
  outer loop
   vertex 17.5595 -34.45 -15.2188
   vertex 17.5595 34.45 -15.2188
   vertex 17.0191 34.45 -13.9141
  endloop
 endfacet
 facet normal 0 -1 0
  outer loop
   vertex 9 -34.45 -18
   vertex 17.5595 -34.45 -15.2188
   vertex 17.0191 -34.45 -13.9141
  endloop
 endfacet
 facet normal 0 1 0
  outer loop
   vertex 9 34.45 -18
   vertex 17.0191 34.45 -13.9141
   vertex 17.5595 34.45 -15.2188
  endloop
 endfacet
 facet normal 0.85264 0 0.522499
  outer loop
   vertex 17.0191 -34.45 -13.9141
   vertex 16.2812 34.45 -12.7099
   vertex 16.2812 -34.45 -12.7099
  endloop
 endfacet
 facet normal 0.85264 -0 0.522499
  outer loop
   vertex 17.0191 -34.45 -13.9141
   vertex 17.0191 34.45 -13.9141
   vertex 16.2812 34.45 -12.7099
  endloop
 endfacet
 facet normal 0 -1 0
  outer loop
   vertex 9 -34.45 -18
   vertex 17.0191 -34.45 -13.9141
   vertex 16.2812 -34.45 -12.7099
  endloop
 endfacet
 facet normal 0 1 0
  outer loop
   vertex 9 34.45 -18
   vertex 16.2812 34.45 -12.7099
   vertex 17.0191 34.45 -13.9141
  endloop
 endfacet
 facet normal 0.760406 0 0.649448
  outer loop
   vertex 16.2812 -34.45 -12.7099
   vertex 15.364 34.45 -11.636
   vertex 15.364 -34.45 -11.636
  endloop
 endfacet
 facet normal 0.760406 -0 0.649448
  outer loop
   vertex 16.2812 -34.45 -12.7099
   vertex 16.2812 34.45 -12.7099
   vertex 15.364 34.45 -11.636
  endloop
 endfacet
 facet normal 0 -1 0
  outer loop
   vertex 9 -34.45 -18
   vertex 16.2812 -34.45 -12.7099
   vertex 15.364 -34.45 -11.636
  endloop
 endfacet
 facet normal 0 1 0
  outer loop
   vertex 9 34.45 -18
   vertex 15.364 34.45 -11.636
   vertex 16.2812 34.45 -12.7099
  endloop
 endfacet
 facet normal 0.649448 0 0.760406
  outer loop
   vertex 15.364 -34.45 -11.636
   vertex 14.2901 34.45 -10.7188
   vertex 14.2901 -34.45 -10.7188
  endloop
 endfacet
 facet normal 0.649448 -0 0.760406
  outer loop
   vertex 15.364 -34.45 -11.636
   vertex 15.364 34.45 -11.636
   vertex 14.2901 34.45 -10.7188
  endloop
 endfacet
 facet normal 0 -1 0
  outer loop
   vertex 9 -34.45 -18
   vertex 15.364 -34.45 -11.636
   vertex 14.2901 -34.45 -10.7188
  endloop
 endfacet
 facet normal 0 1 0
  outer loop
   vertex 9 34.45 -18
   vertex 14.2901 34.45 -10.7188
   vertex 15.364 34.45 -11.636
  endloop
 endfacet
 facet normal 0.522499 0 0.85264
  outer loop
   vertex 14.2901 -34.45 -10.7188
   vertex 13.0859 34.45 -9.98094
   vertex 13.0859 -34.45 -9.98094
  endloop
 endfacet
 facet normal 0.522499 -0 0.85264
  outer loop
   vertex 14.2901 -34.45 -10.7188
   vertex 14.2901 34.45 -10.7188
   vertex 13.0859 34.45 -9.98094
  endloop
 endfacet
 facet normal 0 -1 0
  outer loop
   vertex 9 -34.45 -18
   vertex 14.2901 -34.45 -10.7188
   vertex 13.0859 -34.45 -9.98094
  endloop
 endfacet
 facet normal 0 1 0
  outer loop
   vertex 9 34.45 -18
   vertex 13.0859 34.45 -9.98094
   vertex 14.2901 34.45 -10.7188
  endloop
 endfacet
 facet normal 0.382683 0 0.92388
  outer loop
   vertex 13.0859 -34.45 -9.98094
   vertex 11.7812 34.45 -9.44049
   vertex 11.7812 -34.45 -9.44049
  endloop
 endfacet
 facet normal 0.382683 -0 0.92388
  outer loop
   vertex 13.0859 -34.45 -9.98094
   vertex 13.0859 34.45 -9.98094
   vertex 11.7812 34.45 -9.44049
  endloop
 endfacet
 facet normal 0 -1 0
  outer loop
   vertex 9 -34.45 -18
   vertex 13.0859 -34.45 -9.98094
   vertex 11.7812 -34.45 -9.44049
  endloop
 endfacet
 facet normal 0 1 0
  outer loop
   vertex 9 34.45 -18
   vertex 11.7812 34.45 -9.44049
   vertex 13.0859 34.45 -9.98094
  endloop
 endfacet
 facet normal 0.233445 0 0.97237
  outer loop
   vertex 11.7812 -34.45 -9.44049
   vertex 10.4079 34.45 -9.1108
   vertex 10.4079 -34.45 -9.1108
  endloop
 endfacet
 facet normal 0.233445 -0 0.97237
  outer loop
   vertex 11.7812 -34.45 -9.44049
   vertex 11.7812 34.45 -9.44049
   vertex 10.4079 34.45 -9.1108
  endloop
 endfacet
 facet normal 0 -1 0
  outer loop
   vertex 9 -34.45 -18
   vertex 11.7812 -34.45 -9.44049
   vertex 10.4079 -34.45 -9.1108
  endloop
 endfacet
 facet normal 0 1 0
  outer loop
   vertex 9 34.45 -18
   vertex 10.4079 34.45 -9.1108
   vertex 11.7812 34.45 -9.44049
  endloop
 endfacet
 facet normal 0.0784591 0 0.996917
  outer loop
   vertex 10.4079 -34.45 -9.1108
   vertex 9 34.45 -9
   vertex 9 -34.45 -9
  endloop
 endfacet
 facet normal 0.0784591 -0 0.996917
  outer loop
   vertex 10.4079 -34.45 -9.1108
   vertex 10.4079 34.45 -9.1108
   vertex 9 34.45 -9
  endloop
 endfacet
 facet normal 0 -1 0
  outer loop
   vertex 9 -34.45 -18
   vertex 10.4079 -34.45 -9.1108
   vertex 9 -34.45 -9
  endloop
 endfacet
 facet normal 0 1 0
  outer loop
   vertex 9 34.45 -18
   vertex 9 34.45 -9
   vertex 10.4079 34.45 -9.1108
  endloop
 endfacet
 facet normal -0.0784591 0 0.996917
  outer loop
   vertex 9 -34.45 -9
   vertex 7.59209 34.45 -9.1108
   vertex 7.59209 -34.45 -9.1108
  endloop
 endfacet
 facet normal -0.0784591 0 0.996917
  outer loop
   vertex 9 -34.45 -9
   vertex 9 34.45 -9
   vertex 7.59209 34.45 -9.1108
  endloop
 endfacet
 facet normal 0 -1 0
  outer loop
   vertex 9 -34.45 -18
   vertex 9 -34.45 -9
   vertex 7.59209 -34.45 -9.1108
  endloop
 endfacet
 facet normal 0 1 -0
  outer loop
   vertex 9 34.45 -18
   vertex 7.59209 34.45 -9.1108
   vertex 9 34.45 -9
  endloop
 endfacet
 facet normal -0.233445 0 0.97237
  outer loop
   vertex 7.59209 -34.45 -9.1108
   vertex 6.21885 34.45 -9.44049
   vertex 6.21885 -34.45 -9.44049
  endloop
 endfacet
 facet normal -0.233445 0 0.97237
  outer loop
   vertex 7.59209 -34.45 -9.1108
   vertex 7.59209 34.45 -9.1108
   vertex 6.21885 34.45 -9.44049
  endloop
 endfacet
 facet normal 0 -1 0
  outer loop
   vertex 9 -34.45 -18
   vertex 7.59209 -34.45 -9.1108
   vertex 6.21885 -34.45 -9.44049
  endloop
 endfacet
 facet normal 0 1 0
  outer loop
   vertex 9 34.45 -18
   vertex 6.21885 34.45 -9.44049
   vertex 7.59209 34.45 -9.1108
  endloop
 endfacet
 facet normal -0.382683 0 0.92388
  outer loop
   vertex 6.21885 -34.45 -9.44049
   vertex 4.91409 34.45 -9.98094
   vertex 4.91409 -34.45 -9.98094
  endloop
 endfacet
 facet normal -0.382683 0 0.92388
  outer loop
   vertex 6.21885 -34.45 -9.44049
   vertex 6.21885 34.45 -9.44049
   vertex 4.91409 34.45 -9.98094
  endloop
 endfacet
 facet normal 0 -1 0
  outer loop
   vertex 9 -34.45 -18
   vertex 6.21885 -34.45 -9.44049
   vertex 4.91409 -34.45 -9.98094
  endloop
 endfacet
 facet normal 0 1 0
  outer loop
   vertex 9 34.45 -18
   vertex 4.91409 34.45 -9.98094
   vertex 6.21885 34.45 -9.44049
  endloop
 endfacet
 facet normal -0.522499 0 0.85264
  outer loop
   vertex 4.91409 -34.45 -9.98094
   vertex 3.70993 34.45 -10.7188
   vertex 3.70993 -34.45 -10.7188
  endloop
 endfacet
 facet normal -0.522499 0 0.85264
  outer loop
   vertex 4.91409 -34.45 -9.98094
   vertex 4.91409 34.45 -9.98094
   vertex 3.70993 34.45 -10.7188
  endloop
 endfacet
 facet normal 0 -1 0
  outer loop
   vertex 9 -34.45 -18
   vertex 4.91409 -34.45 -9.98094
   vertex 3.70993 -34.45 -10.7188
  endloop
 endfacet
 facet normal 0 1 0
  outer loop
   vertex 9 34.45 -18
   vertex 3.70993 34.45 -10.7188
   vertex 4.91409 34.45 -9.98094
  endloop
 endfacet
 facet normal -0.649448 0 0.760406
  outer loop
   vertex 3.70993 -34.45 -10.7188
   vertex 2.63604 34.45 -11.636
   vertex 2.63604 -34.45 -11.636
  endloop
 endfacet
 facet normal -0.649448 0 0.760406
  outer loop
   vertex 3.70993 -34.45 -10.7188
   vertex 3.70993 34.45 -10.7188
   vertex 2.63604 34.45 -11.636
  endloop
 endfacet
 facet normal 0 -1 0
  outer loop
   vertex 9 -34.45 -18
   vertex 3.70993 -34.45 -10.7188
   vertex 2.63604 -34.45 -11.636
  endloop
 endfacet
 facet normal 0 1 0
  outer loop
   vertex 9 34.45 -18
   vertex 2.63604 34.45 -11.636
   vertex 3.70993 34.45 -10.7188
  endloop
 endfacet
 facet normal -0.760406 0 0.649448
  outer loop
   vertex 2.63604 -34.45 -11.636
   vertex 1.71885 34.45 -12.7099
   vertex 1.71885 -34.45 -12.7099
  endloop
 endfacet
 facet normal -0.760406 0 0.649448
  outer loop
   vertex 2.63604 -34.45 -11.636
   vertex 2.63604 34.45 -11.636
   vertex 1.71885 34.45 -12.7099
  endloop
 endfacet
 facet normal 0 -1 0
  outer loop
   vertex 9 -34.45 -18
   vertex 2.63604 -34.45 -11.636
   vertex 1.71885 -34.45 -12.7099
  endloop
 endfacet
 facet normal 0 1 0
  outer loop
   vertex 9 34.45 -18
   vertex 1.71885 34.45 -12.7099
   vertex 2.63604 34.45 -11.636
  endloop
 endfacet
 facet normal -0.85264 0 0.522499
  outer loop
   vertex 1.71885 -34.45 -12.7099
   vertex 0.980941 34.45 -13.9141
   vertex 0.980941 -34.45 -13.9141
  endloop
 endfacet
 facet normal -0.85264 0 0.522499
  outer loop
   vertex 1.71885 -34.45 -12.7099
   vertex 1.71885 34.45 -12.7099
   vertex 0.980941 34.45 -13.9141
  endloop
 endfacet
 facet normal 0 -1 0
  outer loop
   vertex 9 -34.45 -18
   vertex 1.71885 -34.45 -12.7099
   vertex 0.980941 -34.45 -13.9141
  endloop
 endfacet
 facet normal 0 1 0
  outer loop
   vertex 9 34.45 -18
   vertex 0.980941 34.45 -13.9141
   vertex 1.71885 34.45 -12.7099
  endloop
 endfacet
 facet normal -0.92388 0 0.382683
  outer loop
   vertex 0.980941 -34.45 -13.9141
   vertex 0.440491 34.45 -15.2188
   vertex 0.440491 -34.45 -15.2188
  endloop
 endfacet
 facet normal -0.92388 0 0.382683
  outer loop
   vertex 0.980941 -34.45 -13.9141
   vertex 0.980941 34.45 -13.9141
   vertex 0.440491 34.45 -15.2188
  endloop
 endfacet
 facet normal 0 -1 0
  outer loop
   vertex 9 -34.45 -18
   vertex 0.980941 -34.45 -13.9141
   vertex 0.440491 -34.45 -15.2188
  endloop
 endfacet
 facet normal 0 1 0
  outer loop
   vertex 9 34.45 -18
   vertex 0.440491 34.45 -15.2188
   vertex 0.980941 34.45 -13.9141
  endloop
 endfacet
 facet normal -0.97237 0 0.233445
  outer loop
   vertex 0.440491 -34.45 -15.2188
   vertex 0.110805 34.45 -16.5921
   vertex 0.110805 -34.45 -16.5921
  endloop
 endfacet
 facet normal -0.97237 0 0.233445
  outer loop
   vertex 0.440491 -34.45 -15.2188
   vertex 0.440491 34.45 -15.2188
   vertex 0.110805 34.45 -16.5921
  endloop
 endfacet
 facet normal 0 -1 0
  outer loop
   vertex 9 -34.45 -18
   vertex 0.440491 -34.45 -15.2188
   vertex 0.110805 -34.45 -16.5921
  endloop
 endfacet
 facet normal 0 1 0
  outer loop
   vertex 9 34.45 -18
   vertex 0.110805 34.45 -16.5921
   vertex 0.440491 34.45 -15.2188
  endloop
 endfacet
 facet normal -0.996917 0 0.0784591
  outer loop
   vertex 0.110805 -34.45 -16.5921
   vertex 0 34.45 -18
   vertex 0 -34.45 -18
  endloop
 endfacet
 facet normal -0.996917 0 0.0784591
  outer loop
   vertex 0.110805 -34.45 -16.5921
   vertex 0.110805 34.45 -16.5921
   vertex 0 34.45 -18
  endloop
 endfacet
 facet normal 0 -1 0
  outer loop
   vertex 9 -34.45 -18
   vertex 0.110805 -34.45 -16.5921
   vertex 0 -34.45 -18
  endloop
 endfacet
 facet normal 0 1 0
  outer loop
   vertex 9 34.45 -18
   vertex 0 34.45 -18
   vertex 0.110805 34.45 -16.5921
  endloop
 endfacet
 facet normal -0.996917 0 -0.0784591
  outer loop
   vertex 0 -34.45 -18
   vertex 0.110805 34.45 -19.4079
   vertex 0.110805 -34.45 -19.4079
  endloop
 endfacet
 facet normal -0.996917 0 -0.0784591
  outer loop
   vertex 0 -34.45 -18
   vertex 0 34.45 -18
   vertex 0.110805 34.45 -19.4079
  endloop
 endfacet
 facet normal -0 -1 0
  outer loop
   vertex 9 -34.45 -18
   vertex 0 -34.45 -18
   vertex 0.110805 -34.45 -19.4079
  endloop
 endfacet
 facet normal 0 1 0
  outer loop
   vertex 9 34.45 -18
   vertex 0.110805 34.45 -19.4079
   vertex 0 34.45 -18
  endloop
 endfacet
 facet normal -0.97237 0 -0.233445
  outer loop
   vertex 0.110805 -34.45 -19.4079
   vertex 0.440491 34.45 -20.7812
   vertex 0.440491 -34.45 -20.7812
  endloop
 endfacet
 facet normal -0.97237 0 -0.233445
  outer loop
   vertex 0.110805 -34.45 -19.4079
   vertex 0.110805 34.45 -19.4079
   vertex 0.440491 34.45 -20.7812
  endloop
 endfacet
 facet normal 0 -1 0
  outer loop
   vertex 9 -34.45 -18
   vertex 0.110805 -34.45 -19.4079
   vertex 0.440491 -34.45 -20.7812
  endloop
 endfacet
 facet normal 0 1 0
  outer loop
   vertex 9 34.45 -18
   vertex 0.440491 34.45 -20.7812
   vertex 0.110805 34.45 -19.4079
  endloop
 endfacet
 facet normal -0.92388 0 -0.382683
  outer loop
   vertex 0.440491 -34.45 -20.7812
   vertex 0.980941 34.45 -22.0859
   vertex 0.980941 -34.45 -22.0859
  endloop
 endfacet
 facet normal -0.92388 0 -0.382683
  outer loop
   vertex 0.440491 -34.45 -20.7812
   vertex 0.440491 34.45 -20.7812
   vertex 0.980941 34.45 -22.0859
  endloop
 endfacet
 facet normal 0 -1 0
  outer loop
   vertex 9 -34.45 -18
   vertex 0.440491 -34.45 -20.7812
   vertex 0.980941 -34.45 -22.0859
  endloop
 endfacet
 facet normal 0 1 0
  outer loop
   vertex 9 34.45 -18
   vertex 0.980941 34.45 -22.0859
   vertex 0.440491 34.45 -20.7812
  endloop
 endfacet
 facet normal -0.85264 0 -0.522499
  outer loop
   vertex 0.980941 -34.45 -22.0859
   vertex 1.71885 34.45 -23.2901
   vertex 1.71885 -34.45 -23.2901
  endloop
 endfacet
 facet normal -0.85264 0 -0.522499
  outer loop
   vertex 0.980941 -34.45 -22.0859
   vertex 0.980941 34.45 -22.0859
   vertex 1.71885 34.45 -23.2901
  endloop
 endfacet
 facet normal 0 -1 0
  outer loop
   vertex 9 -34.45 -18
   vertex 0.980941 -34.45 -22.0859
   vertex 1.71885 -34.45 -23.2901
  endloop
 endfacet
 facet normal 0 1 0
  outer loop
   vertex 9 34.45 -18
   vertex 1.71885 34.45 -23.2901
   vertex 0.980941 34.45 -22.0859
  endloop
 endfacet
 facet normal -0.760406 0 -0.649448
  outer loop
   vertex 1.71885 -34.45 -23.2901
   vertex 2.63604 34.45 -24.364
   vertex 2.63604 -34.45 -24.364
  endloop
 endfacet
 facet normal -0.760406 0 -0.649448
  outer loop
   vertex 1.71885 -34.45 -23.2901
   vertex 1.71885 34.45 -23.2901
   vertex 2.63604 34.45 -24.364
  endloop
 endfacet
 facet normal 0 -1 0
  outer loop
   vertex 9 -34.45 -18
   vertex 1.71885 -34.45 -23.2901
   vertex 2.63604 -34.45 -24.364
  endloop
 endfacet
 facet normal 0 1 0
  outer loop
   vertex 9 34.45 -18
   vertex 2.63604 34.45 -24.364
   vertex 1.71885 34.45 -23.2901
  endloop
 endfacet
 facet normal -0.649448 0 -0.760406
  outer loop
   vertex 2.63604 -34.45 -24.364
   vertex 3.70993 34.45 -25.2812
   vertex 3.70993 -34.45 -25.2812
  endloop
 endfacet
 facet normal -0.649448 0 -0.760406
  outer loop
   vertex 2.63604 -34.45 -24.364
   vertex 2.63604 34.45 -24.364
   vertex 3.70993 34.45 -25.2812
  endloop
 endfacet
 facet normal 0 -1 0
  outer loop
   vertex 9 -34.45 -18
   vertex 2.63604 -34.45 -24.364
   vertex 3.70993 -34.45 -25.2812
  endloop
 endfacet
 facet normal 0 1 0
  outer loop
   vertex 9 34.45 -18
   vertex 3.70993 34.45 -25.2812
   vertex 2.63604 34.45 -24.364
  endloop
 endfacet
 facet normal -0.522499 0 -0.85264
  outer loop
   vertex 3.70993 -34.45 -25.2812
   vertex 4.91409 34.45 -26.0191
   vertex 4.91409 -34.45 -26.0191
  endloop
 endfacet
 facet normal -0.522499 0 -0.85264
  outer loop
   vertex 3.70993 -34.45 -25.2812
   vertex 3.70993 34.45 -25.2812
   vertex 4.91409 34.45 -26.0191
  endloop
 endfacet
 facet normal 0 -1 0
  outer loop
   vertex 9 -34.45 -18
   vertex 3.70993 -34.45 -25.2812
   vertex 4.91409 -34.45 -26.0191
  endloop
 endfacet
 facet normal 0 1 0
  outer loop
   vertex 9 34.45 -18
   vertex 4.91409 34.45 -26.0191
   vertex 3.70993 34.45 -25.2812
  endloop
 endfacet
 facet normal -0.382683 0 -0.92388
  outer loop
   vertex 4.91409 -34.45 -26.0191
   vertex 6.21885 34.45 -26.5595
   vertex 6.21885 -34.45 -26.5595
  endloop
 endfacet
 facet normal -0.382683 0 -0.92388
  outer loop
   vertex 4.91409 -34.45 -26.0191
   vertex 4.91409 34.45 -26.0191
   vertex 6.21885 34.45 -26.5595
  endloop
 endfacet
 facet normal 0 -1 0
  outer loop
   vertex 9 -34.45 -18
   vertex 4.91409 -34.45 -26.0191
   vertex 6.21885 -34.45 -26.5595
  endloop
 endfacet
 facet normal 0 1 0
  outer loop
   vertex 9 34.45 -18
   vertex 6.21885 34.45 -26.5595
   vertex 4.91409 34.45 -26.0191
  endloop
 endfacet
 facet normal -0.233445 0 -0.97237
  outer loop
   vertex 6.21885 -34.45 -26.5595
   vertex 7.59209 34.45 -26.8892
   vertex 7.59209 -34.45 -26.8892
  endloop
 endfacet
 facet normal -0.233445 0 -0.97237
  outer loop
   vertex 6.21885 -34.45 -26.5595
   vertex 6.21885 34.45 -26.5595
   vertex 7.59209 34.45 -26.8892
  endloop
 endfacet
 facet normal 0 -1 0
  outer loop
   vertex 9 -34.45 -18
   vertex 6.21885 -34.45 -26.5595
   vertex 7.59209 -34.45 -26.8892
  endloop
 endfacet
 facet normal 0 1 0
  outer loop
   vertex 9 34.45 -18
   vertex 7.59209 34.45 -26.8892
   vertex 6.21885 34.45 -26.5595
  endloop
 endfacet
 facet normal -0.0784591 0 -0.996917
  outer loop
   vertex 7.59209 -34.45 -26.8892
   vertex 9 34.45 -27
   vertex 9 -34.45 -27
  endloop
 endfacet
 facet normal -0.0784591 0 -0.996917
  outer loop
   vertex 7.59209 -34.45 -26.8892
   vertex 7.59209 34.45 -26.8892
   vertex 9 34.45 -27
  endloop
 endfacet
 facet normal 0 -1 0
  outer loop
   vertex 9 -34.45 -18
   vertex 7.59209 -34.45 -26.8892
   vertex 9 -34.45 -27
  endloop
 endfacet
 facet normal 0 1 0
  outer loop
   vertex 9 34.45 -18
   vertex 9 34.45 -27
   vertex 7.59209 34.45 -26.8892
  endloop
 endfacet
 facet normal 0.0784591 0 -0.996917
  outer loop
   vertex 9 -34.45 -27
   vertex 10.4079 34.45 -26.8892
   vertex 10.4079 -34.45 -26.8892
  endloop
 endfacet
 facet normal 0.0784591 0 -0.996917
  outer loop
   vertex 9 -34.45 -27
   vertex 9 34.45 -27
   vertex 10.4079 34.45 -26.8892
  endloop
 endfacet
 facet normal 0 -1 -0
  outer loop
   vertex 9 -34.45 -18
   vertex 9 -34.45 -27
   vertex 10.4079 -34.45 -26.8892
  endloop
 endfacet
 facet normal 0 1 0
  outer loop
   vertex 9 34.45 -18
   vertex 10.4079 34.45 -26.8892
   vertex 9 34.45 -27
  endloop
 endfacet
 facet normal 0.233445 0 -0.97237
  outer loop
   vertex 10.4079 -34.45 -26.8892
   vertex 11.7812 34.45 -26.5595
   vertex 11.7812 -34.45 -26.5595
  endloop
 endfacet
 facet normal 0.233445 0 -0.97237
  outer loop
   vertex 10.4079 -34.45 -26.8892
   vertex 10.4079 34.45 -26.8892
   vertex 11.7812 34.45 -26.5595
  endloop
 endfacet
 facet normal 0 -1 0
  outer loop
   vertex 9 -34.45 -18
   vertex 10.4079 -34.45 -26.8892
   vertex 11.7812 -34.45 -26.5595
  endloop
 endfacet
 facet normal 0 1 0
  outer loop
   vertex 9 34.45 -18
   vertex 11.7812 34.45 -26.5595
   vertex 10.4079 34.45 -26.8892
  endloop
 endfacet
 facet normal 0.382683 0 -0.92388
  outer loop
   vertex 11.7812 -34.45 -26.5595
   vertex 13.0859 34.45 -26.0191
   vertex 13.0859 -34.45 -26.0191
  endloop
 endfacet
 facet normal 0.382683 0 -0.92388
  outer loop
   vertex 11.7812 -34.45 -26.5595
   vertex 11.7812 34.45 -26.5595
   vertex 13.0859 34.45 -26.0191
  endloop
 endfacet
 facet normal 0 -1 0
  outer loop
   vertex 9 -34.45 -18
   vertex 11.7812 -34.45 -26.5595
   vertex 13.0859 -34.45 -26.0191
  endloop
 endfacet
 facet normal 0 1 0
  outer loop
   vertex 9 34.45 -18
   vertex 13.0859 34.45 -26.0191
   vertex 11.7812 34.45 -26.5595
  endloop
 endfacet
 facet normal 0.522499 0 -0.85264
  outer loop
   vertex 13.0859 -34.45 -26.0191
   vertex 14.2901 34.45 -25.2812
   vertex 14.2901 -34.45 -25.2812
  endloop
 endfacet
 facet normal 0.522499 0 -0.85264
  outer loop
   vertex 13.0859 -34.45 -26.0191
   vertex 13.0859 34.45 -26.0191
   vertex 14.2901 34.45 -25.2812
  endloop
 endfacet
 facet normal 0 -1 0
  outer loop
   vertex 9 -34.45 -18
   vertex 13.0859 -34.45 -26.0191
   vertex 14.2901 -34.45 -25.2812
  endloop
 endfacet
 facet normal 0 1 0
  outer loop
   vertex 9 34.45 -18
   vertex 14.2901 34.45 -25.2812
   vertex 13.0859 34.45 -26.0191
  endloop
 endfacet
 facet normal 0.649448 0 -0.760406
  outer loop
   vertex 14.2901 -34.45 -25.2812
   vertex 15.364 34.45 -24.364
   vertex 15.364 -34.45 -24.364
  endloop
 endfacet
 facet normal 0.649448 0 -0.760406
  outer loop
   vertex 14.2901 -34.45 -25.2812
   vertex 14.2901 34.45 -25.2812
   vertex 15.364 34.45 -24.364
  endloop
 endfacet
 facet normal 0 -1 0
  outer loop
   vertex 9 -34.45 -18
   vertex 14.2901 -34.45 -25.2812
   vertex 15.364 -34.45 -24.364
  endloop
 endfacet
 facet normal 0 1 0
  outer loop
   vertex 9 34.45 -18
   vertex 15.364 34.45 -24.364
   vertex 14.2901 34.45 -25.2812
  endloop
 endfacet
 facet normal 0.760406 0 -0.649448
  outer loop
   vertex 15.364 -34.45 -24.364
   vertex 16.2812 34.45 -23.2901
   vertex 16.2812 -34.45 -23.2901
  endloop
 endfacet
 facet normal 0.760406 0 -0.649448
  outer loop
   vertex 15.364 -34.45 -24.364
   vertex 15.364 34.45 -24.364
   vertex 16.2812 34.45 -23.2901
  endloop
 endfacet
 facet normal 0 -1 0
  outer loop
   vertex 9 -34.45 -18
   vertex 15.364 -34.45 -24.364
   vertex 16.2812 -34.45 -23.2901
  endloop
 endfacet
 facet normal 0 1 0
  outer loop
   vertex 9 34.45 -18
   vertex 16.2812 34.45 -23.2901
   vertex 15.364 34.45 -24.364
  endloop
 endfacet
 facet normal 0.85264 0 -0.522499
  outer loop
   vertex 16.2812 -34.45 -23.2901
   vertex 17.0191 34.45 -22.0859
   vertex 17.0191 -34.45 -22.0859
  endloop
 endfacet
 facet normal 0.85264 0 -0.522499
  outer loop
   vertex 16.2812 -34.45 -23.2901
   vertex 16.2812 34.45 -23.2901
   vertex 17.0191 34.45 -22.0859
  endloop
 endfacet
 facet normal 0 -1 0
  outer loop
   vertex 9 -34.45 -18
   vertex 16.2812 -34.45 -23.2901
   vertex 17.0191 -34.45 -22.0859
  endloop
 endfacet
 facet normal 0 1 0
  outer loop
   vertex 9 34.45 -18
   vertex 17.0191 34.45 -22.0859
   vertex 16.2812 34.45 -23.2901
  endloop
 endfacet
 facet normal 0.92388 0 -0.382683
  outer loop
   vertex 17.0191 -34.45 -22.0859
   vertex 17.5595 34.45 -20.7812
   vertex 17.5595 -34.45 -20.7812
  endloop
 endfacet
 facet normal 0.92388 0 -0.382683
  outer loop
   vertex 17.0191 -34.45 -22.0859
   vertex 17.0191 34.45 -22.0859
   vertex 17.5595 34.45 -20.7812
  endloop
 endfacet
 facet normal 0 -1 0
  outer loop
   vertex 9 -34.45 -18
   vertex 17.0191 -34.45 -22.0859
   vertex 17.5595 -34.45 -20.7812
  endloop
 endfacet
 facet normal 0 1 0
  outer loop
   vertex 9 34.45 -18
   vertex 17.5595 34.45 -20.7812
   vertex 17.0191 34.45 -22.0859
  endloop
 endfacet
 facet normal 0.97237 0 -0.233445
  outer loop
   vertex 17.5595 -34.45 -20.7812
   vertex 17.8892 34.45 -19.4079
   vertex 17.8892 -34.45 -19.4079
  endloop
 endfacet
 facet normal 0.97237 0 -0.233445
  outer loop
   vertex 17.5595 -34.45 -20.7812
   vertex 17.5595 34.45 -20.7812
   vertex 17.8892 34.45 -19.4079
  endloop
 endfacet
 facet normal 0 -1 0
  outer loop
   vertex 9 -34.45 -18
   vertex 17.5595 -34.45 -20.7812
   vertex 17.8892 -34.45 -19.4079
  endloop
 endfacet
 facet normal 0 1 0
  outer loop
   vertex 9 34.45 -18
   vertex 17.8892 34.45 -19.4079
   vertex 17.5595 34.45 -20.7812
  endloop
 endfacet
 facet normal 0.996917 0 -0.0784591
  outer loop
   vertex 17.8892 -34.45 -19.4079
   vertex 18 34.45 -18
   vertex 18 -34.45 -18
  endloop
 endfacet
 facet normal 0.996917 0 -0.0784591
  outer loop
   vertex 17.8892 -34.45 -19.4079
   vertex 17.8892 34.45 -19.4079
   vertex 18 34.45 -18
  endloop
 endfacet
 facet normal 0 -1 0
  outer loop
   vertex 9 -34.45 -18
   vertex 17.8892 -34.45 -19.4079
   vertex 18 -34.45 -18
  endloop
 endfacet
 facet normal 0 1 0
  outer loop
   vertex 9 34.45 -18
   vertex 18 34.45 -18
   vertex 17.8892 34.45 -19.4079
  endloop
 endfacet
 facet normal 0.996917 0 0.0784591
  outer loop
   vertex 0 -34.45 0
   vertex -0.110805 34.45 1.40791
   vertex -0.110805 -34.45 1.40791
  endloop
 endfacet
 facet normal 0.996917 -0 0.0784591
  outer loop
   vertex 0 -34.45 0
   vertex 0 34.45 0
   vertex -0.110805 34.45 1.40791
  endloop
 endfacet
 facet normal 0 -1 0
  outer loop
   vertex -9 -34.45 0
   vertex 0 -34.45 0
   vertex -0.110805 -34.45 1.40791
  endloop
 endfacet
 facet normal 0 1 0
  outer loop
   vertex -9 34.45 0
   vertex -0.110805 34.45 1.40791
   vertex 0 34.45 0
  endloop
 endfacet
 facet normal 0.97237 0 0.233445
  outer loop
   vertex -0.110805 -34.45 1.40791
   vertex -0.440491 34.45 2.78115
   vertex -0.440491 -34.45 2.78115
  endloop
 endfacet
 facet normal 0.97237 -0 0.233445
  outer loop
   vertex -0.110805 -34.45 1.40791
   vertex -0.110805 34.45 1.40791
   vertex -0.440491 34.45 2.78115
  endloop
 endfacet
 facet normal 0 -1 0
  outer loop
   vertex -9 -34.45 0
   vertex -0.110805 -34.45 1.40791
   vertex -0.440491 -34.45 2.78115
  endloop
 endfacet
 facet normal 0 1 0
  outer loop
   vertex -9 34.45 0
   vertex -0.440491 34.45 2.78115
   vertex -0.110805 34.45 1.40791
  endloop
 endfacet
 facet normal 0.92388 0 0.382683
  outer loop
   vertex -0.440491 -34.45 2.78115
   vertex -0.980941 34.45 4.08591
   vertex -0.980941 -34.45 4.08591
  endloop
 endfacet
 facet normal 0.92388 -0 0.382683
  outer loop
   vertex -0.440491 -34.45 2.78115
   vertex -0.440491 34.45 2.78115
   vertex -0.980941 34.45 4.08591
  endloop
 endfacet
 facet normal 0 -1 0
  outer loop
   vertex -9 -34.45 0
   vertex -0.440491 -34.45 2.78115
   vertex -0.980941 -34.45 4.08591
  endloop
 endfacet
 facet normal 0 1 0
  outer loop
   vertex -9 34.45 0
   vertex -0.980941 34.45 4.08591
   vertex -0.440491 34.45 2.78115
  endloop
 endfacet
 facet normal 0.85264 0 0.522499
  outer loop
   vertex -0.980941 -34.45 4.08591
   vertex -1.71885 34.45 5.29007
   vertex -1.71885 -34.45 5.29007
  endloop
 endfacet
 facet normal 0.85264 -0 0.522499
  outer loop
   vertex -0.980941 -34.45 4.08591
   vertex -0.980941 34.45 4.08591
   vertex -1.71885 34.45 5.29007
  endloop
 endfacet
 facet normal 0 -1 0
  outer loop
   vertex -9 -34.45 0
   vertex -0.980941 -34.45 4.08591
   vertex -1.71885 -34.45 5.29007
  endloop
 endfacet
 facet normal 0 1 0
  outer loop
   vertex -9 34.45 0
   vertex -1.71885 34.45 5.29007
   vertex -0.980941 34.45 4.08591
  endloop
 endfacet
 facet normal 0.760406 0 0.649448
  outer loop
   vertex -1.71885 -34.45 5.29007
   vertex -2.63604 34.45 6.36396
   vertex -2.63604 -34.45 6.36396
  endloop
 endfacet
 facet normal 0.760406 -0 0.649448
  outer loop
   vertex -1.71885 -34.45 5.29007
   vertex -1.71885 34.45 5.29007
   vertex -2.63604 34.45 6.36396
  endloop
 endfacet
 facet normal 0 -1 0
  outer loop
   vertex -9 -34.45 0
   vertex -1.71885 -34.45 5.29007
   vertex -2.63604 -34.45 6.36396
  endloop
 endfacet
 facet normal 0 1 0
  outer loop
   vertex -9 34.45 0
   vertex -2.63604 34.45 6.36396
   vertex -1.71885 34.45 5.29007
  endloop
 endfacet
 facet normal 0.649448 0 0.760406
  outer loop
   vertex -2.63604 -34.45 6.36396
   vertex -3.70993 34.45 7.28115
   vertex -3.70993 -34.45 7.28115
  endloop
 endfacet
 facet normal 0.649448 -0 0.760406
  outer loop
   vertex -2.63604 -34.45 6.36396
   vertex -2.63604 34.45 6.36396
   vertex -3.70993 34.45 7.28115
  endloop
 endfacet
 facet normal 0 -1 0
  outer loop
   vertex -9 -34.45 0
   vertex -2.63604 -34.45 6.36396
   vertex -3.70993 -34.45 7.28115
  endloop
 endfacet
 facet normal 0 1 0
  outer loop
   vertex -9 34.45 0
   vertex -3.70993 34.45 7.28115
   vertex -2.63604 34.45 6.36396
  endloop
 endfacet
 facet normal 0.522499 0 0.85264
  outer loop
   vertex -3.70993 -34.45 7.28115
   vertex -4.91409 34.45 8.01906
   vertex -4.91409 -34.45 8.01906
  endloop
 endfacet
 facet normal 0.522499 -0 0.85264
  outer loop
   vertex -3.70993 -34.45 7.28115
   vertex -3.70993 34.45 7.28115
   vertex -4.91409 34.45 8.01906
  endloop
 endfacet
 facet normal 0 -1 0
  outer loop
   vertex -9 -34.45 0
   vertex -3.70993 -34.45 7.28115
   vertex -4.91409 -34.45 8.01906
  endloop
 endfacet
 facet normal 0 1 0
  outer loop
   vertex -9 34.45 0
   vertex -4.91409 34.45 8.01906
   vertex -3.70993 34.45 7.28115
  endloop
 endfacet
 facet normal 0.382683 0 0.92388
  outer loop
   vertex -4.91409 -34.45 8.01906
   vertex -6.21885 34.45 8.55951
   vertex -6.21885 -34.45 8.55951
  endloop
 endfacet
 facet normal 0.382683 -0 0.92388
  outer loop
   vertex -4.91409 -34.45 8.01906
   vertex -4.91409 34.45 8.01906
   vertex -6.21885 34.45 8.55951
  endloop
 endfacet
 facet normal 0 -1 0
  outer loop
   vertex -9 -34.45 0
   vertex -4.91409 -34.45 8.01906
   vertex -6.21885 -34.45 8.55951
  endloop
 endfacet
 facet normal 0 1 0
  outer loop
   vertex -9 34.45 0
   vertex -6.21885 34.45 8.55951
   vertex -4.91409 34.45 8.01906
  endloop
 endfacet
 facet normal 0.233445 0 0.97237
  outer loop
   vertex -6.21885 -34.45 8.55951
   vertex -7.59209 34.45 8.8892
   vertex -7.59209 -34.45 8.8892
  endloop
 endfacet
 facet normal 0.233445 -0 0.97237
  outer loop
   vertex -6.21885 -34.45 8.55951
   vertex -6.21885 34.45 8.55951
   vertex -7.59209 34.45 8.8892
  endloop
 endfacet
 facet normal 0 -1 0
  outer loop
   vertex -9 -34.45 0
   vertex -6.21885 -34.45 8.55951
   vertex -7.59209 -34.45 8.8892
  endloop
 endfacet
 facet normal 0 1 0
  outer loop
   vertex -9 34.45 0
   vertex -7.59209 34.45 8.8892
   vertex -6.21885 34.45 8.55951
  endloop
 endfacet
 facet normal 0.0784591 0 0.996917
  outer loop
   vertex -7.59209 -34.45 8.8892
   vertex -9 34.45 9
   vertex -9 -34.45 9
  endloop
 endfacet
 facet normal 0.0784591 -0 0.996917
  outer loop
   vertex -7.59209 -34.45 8.8892
   vertex -7.59209 34.45 8.8892
   vertex -9 34.45 9
  endloop
 endfacet
 facet normal 0 -1 0
  outer loop
   vertex -9 -34.45 0
   vertex -7.59209 -34.45 8.8892
   vertex -9 -34.45 9
  endloop
 endfacet
 facet normal 0 1 0
  outer loop
   vertex -9 34.45 0
   vertex -9 34.45 9
   vertex -7.59209 34.45 8.8892
  endloop
 endfacet
 facet normal -0.0784591 0 0.996917
  outer loop
   vertex -9 -34.45 9
   vertex -10.4079 34.45 8.8892
   vertex -10.4079 -34.45 8.8892
  endloop
 endfacet
 facet normal -0.0784591 0 0.996917
  outer loop
   vertex -9 -34.45 9
   vertex -9 34.45 9
   vertex -10.4079 34.45 8.8892
  endloop
 endfacet
 facet normal 0 -1 0
  outer loop
   vertex -9 -34.45 0
   vertex -9 -34.45 9
   vertex -10.4079 -34.45 8.8892
  endloop
 endfacet
 facet normal 0 1 -0
  outer loop
   vertex -9 34.45 0
   vertex -10.4079 34.45 8.8892
   vertex -9 34.45 9
  endloop
 endfacet
 facet normal -0.233445 0 0.97237
  outer loop
   vertex -10.4079 -34.45 8.8892
   vertex -11.7812 34.45 8.55951
   vertex -11.7812 -34.45 8.55951
  endloop
 endfacet
 facet normal -0.233445 0 0.97237
  outer loop
   vertex -10.4079 -34.45 8.8892
   vertex -10.4079 34.45 8.8892
   vertex -11.7812 34.45 8.55951
  endloop
 endfacet
 facet normal 0 -1 0
  outer loop
   vertex -9 -34.45 0
   vertex -10.4079 -34.45 8.8892
   vertex -11.7812 -34.45 8.55951
  endloop
 endfacet
 facet normal 0 1 0
  outer loop
   vertex -9 34.45 0
   vertex -11.7812 34.45 8.55951
   vertex -10.4079 34.45 8.8892
  endloop
 endfacet
 facet normal -0.382683 0 0.92388
  outer loop
   vertex -11.7812 -34.45 8.55951
   vertex -13.0859 34.45 8.01906
   vertex -13.0859 -34.45 8.01906
  endloop
 endfacet
 facet normal -0.382683 0 0.92388
  outer loop
   vertex -11.7812 -34.45 8.55951
   vertex -11.7812 34.45 8.55951
   vertex -13.0859 34.45 8.01906
  endloop
 endfacet
 facet normal 0 -1 0
  outer loop
   vertex -9 -34.45 0
   vertex -11.7812 -34.45 8.55951
   vertex -13.0859 -34.45 8.01906
  endloop
 endfacet
 facet normal 0 1 0
  outer loop
   vertex -9 34.45 0
   vertex -13.0859 34.45 8.01906
   vertex -11.7812 34.45 8.55951
  endloop
 endfacet
 facet normal -0.522499 0 0.85264
  outer loop
   vertex -13.0859 -34.45 8.01906
   vertex -14.2901 34.45 7.28115
   vertex -14.2901 -34.45 7.28115
  endloop
 endfacet
 facet normal -0.522499 0 0.85264
  outer loop
   vertex -13.0859 -34.45 8.01906
   vertex -13.0859 34.45 8.01906
   vertex -14.2901 34.45 7.28115
  endloop
 endfacet
 facet normal 0 -1 0
  outer loop
   vertex -9 -34.45 0
   vertex -13.0859 -34.45 8.01906
   vertex -14.2901 -34.45 7.28115
  endloop
 endfacet
 facet normal 0 1 0
  outer loop
   vertex -9 34.45 0
   vertex -14.2901 34.45 7.28115
   vertex -13.0859 34.45 8.01906
  endloop
 endfacet
 facet normal -0.649448 0 0.760406
  outer loop
   vertex -14.2901 -34.45 7.28115
   vertex -15.364 34.45 6.36396
   vertex -15.364 -34.45 6.36396
  endloop
 endfacet
 facet normal -0.649448 0 0.760406
  outer loop
   vertex -14.2901 -34.45 7.28115
   vertex -14.2901 34.45 7.28115
   vertex -15.364 34.45 6.36396
  endloop
 endfacet
 facet normal 0 -1 0
  outer loop
   vertex -9 -34.45 0
   vertex -14.2901 -34.45 7.28115
   vertex -15.364 -34.45 6.36396
  endloop
 endfacet
 facet normal 0 1 0
  outer loop
   vertex -9 34.45 0
   vertex -15.364 34.45 6.36396
   vertex -14.2901 34.45 7.28115
  endloop
 endfacet
 facet normal -0.760406 0 0.649448
  outer loop
   vertex -15.364 -34.45 6.36396
   vertex -16.2812 34.45 5.29007
   vertex -16.2812 -34.45 5.29007
  endloop
 endfacet
 facet normal -0.760406 0 0.649448
  outer loop
   vertex -15.364 -34.45 6.36396
   vertex -15.364 34.45 6.36396
   vertex -16.2812 34.45 5.29007
  endloop
 endfacet
 facet normal 0 -1 0
  outer loop
   vertex -9 -34.45 0
   vertex -15.364 -34.45 6.36396
   vertex -16.2812 -34.45 5.29007
  endloop
 endfacet
 facet normal 0 1 0
  outer loop
   vertex -9 34.45 0
   vertex -16.2812 34.45 5.29007
   vertex -15.364 34.45 6.36396
  endloop
 endfacet
 facet normal -0.85264 0 0.522499
  outer loop
   vertex -16.2812 -34.45 5.29007
   vertex -17.0191 34.45 4.08591
   vertex -17.0191 -34.45 4.08591
  endloop
 endfacet
 facet normal -0.85264 0 0.522499
  outer loop
   vertex -16.2812 -34.45 5.29007
   vertex -16.2812 34.45 5.29007
   vertex -17.0191 34.45 4.08591
  endloop
 endfacet
 facet normal 0 -1 0
  outer loop
   vertex -9 -34.45 0
   vertex -16.2812 -34.45 5.29007
   vertex -17.0191 -34.45 4.08591
  endloop
 endfacet
 facet normal 0 1 0
  outer loop
   vertex -9 34.45 0
   vertex -17.0191 34.45 4.08591
   vertex -16.2812 34.45 5.29007
  endloop
 endfacet
 facet normal -0.92388 0 0.382683
  outer loop
   vertex -17.0191 -34.45 4.08591
   vertex -17.5595 34.45 2.78115
   vertex -17.5595 -34.45 2.78115
  endloop
 endfacet
 facet normal -0.92388 0 0.382683
  outer loop
   vertex -17.0191 -34.45 4.08591
   vertex -17.0191 34.45 4.08591
   vertex -17.5595 34.45 2.78115
  endloop
 endfacet
 facet normal 0 -1 0
  outer loop
   vertex -9 -34.45 0
   vertex -17.0191 -34.45 4.08591
   vertex -17.5595 -34.45 2.78115
  endloop
 endfacet
 facet normal 0 1 0
  outer loop
   vertex -9 34.45 0
   vertex -17.5595 34.45 2.78115
   vertex -17.0191 34.45 4.08591
  endloop
 endfacet
 facet normal -0.97237 0 0.233445
  outer loop
   vertex -17.5595 -34.45 2.78115
   vertex -17.8892 34.45 1.40791
   vertex -17.8892 -34.45 1.40791
  endloop
 endfacet
 facet normal -0.97237 0 0.233445
  outer loop
   vertex -17.5595 -34.45 2.78115
   vertex -17.5595 34.45 2.78115
   vertex -17.8892 34.45 1.40791
  endloop
 endfacet
 facet normal 0 -1 0
  outer loop
   vertex -9 -34.45 0
   vertex -17.5595 -34.45 2.78115
   vertex -17.8892 -34.45 1.40791
  endloop
 endfacet
 facet normal 0 1 0
  outer loop
   vertex -9 34.45 0
   vertex -17.8892 34.45 1.40791
   vertex -17.5595 34.45 2.78115
  endloop
 endfacet
 facet normal -0.996917 0 0.0784591
  outer loop
   vertex -17.8892 -34.45 1.40791
   vertex -18 34.45 1.10218e-15
   vertex -18 -34.45 1.10218e-15
  endloop
 endfacet
 facet normal -0.996917 0 0.0784591
  outer loop
   vertex -17.8892 -34.45 1.40791
   vertex -17.8892 34.45 1.40791
   vertex -18 34.45 1.10218e-15
  endloop
 endfacet
 facet normal 0 -1 0
  outer loop
   vertex -9 -34.45 0
   vertex -17.8892 -34.45 1.40791
   vertex -18 -34.45 1.10218e-15
  endloop
 endfacet
 facet normal 0 1 0
  outer loop
   vertex -9 34.45 0
   vertex -18 34.45 1.10218e-15
   vertex -17.8892 34.45 1.40791
  endloop
 endfacet
 facet normal -0.996917 0 -0.0784591
  outer loop
   vertex -18 -34.45 1.10218e-15
   vertex -17.8892 34.45 -1.40791
   vertex -17.8892 -34.45 -1.40791
  endloop
 endfacet
 facet normal -0.996917 0 -0.0784591
  outer loop
   vertex -18 -34.45 1.10218e-15
   vertex -18 34.45 1.10218e-15
   vertex -17.8892 34.45 -1.40791
  endloop
 endfacet
 facet normal -0 -1 0
  outer loop
   vertex -9 -34.45 0
   vertex -18 -34.45 1.10218e-15
   vertex -17.8892 -34.45 -1.40791
  endloop
 endfacet
 facet normal 0 1 0
  outer loop
   vertex -9 34.45 0
   vertex -17.8892 34.45 -1.40791
   vertex -18 34.45 1.10218e-15
  endloop
 endfacet
 facet normal -0.97237 0 -0.233445
  outer loop
   vertex -17.8892 -34.45 -1.40791
   vertex -17.5595 34.45 -2.78115
   vertex -17.5595 -34.45 -2.78115
  endloop
 endfacet
 facet normal -0.97237 0 -0.233445
  outer loop
   vertex -17.8892 -34.45 -1.40791
   vertex -17.8892 34.45 -1.40791
   vertex -17.5595 34.45 -2.78115
  endloop
 endfacet
 facet normal 0 -1 0
  outer loop
   vertex -9 -34.45 0
   vertex -17.8892 -34.45 -1.40791
   vertex -17.5595 -34.45 -2.78115
  endloop
 endfacet
 facet normal 0 1 0
  outer loop
   vertex -9 34.45 0
   vertex -17.5595 34.45 -2.78115
   vertex -17.8892 34.45 -1.40791
  endloop
 endfacet
 facet normal -0.92388 0 -0.382683
  outer loop
   vertex -17.5595 -34.45 -2.78115
   vertex -17.0191 34.45 -4.08591
   vertex -17.0191 -34.45 -4.08591
  endloop
 endfacet
 facet normal -0.92388 0 -0.382683
  outer loop
   vertex -17.5595 -34.45 -2.78115
   vertex -17.5595 34.45 -2.78115
   vertex -17.0191 34.45 -4.08591
  endloop
 endfacet
 facet normal 0 -1 0
  outer loop
   vertex -9 -34.45 0
   vertex -17.5595 -34.45 -2.78115
   vertex -17.0191 -34.45 -4.08591
  endloop
 endfacet
 facet normal 0 1 0
  outer loop
   vertex -9 34.45 0
   vertex -17.0191 34.45 -4.08591
   vertex -17.5595 34.45 -2.78115
  endloop
 endfacet
 facet normal -0.85264 0 -0.522499
  outer loop
   vertex -17.0191 -34.45 -4.08591
   vertex -16.2812 34.45 -5.29007
   vertex -16.2812 -34.45 -5.29007
  endloop
 endfacet
 facet normal -0.85264 0 -0.522499
  outer loop
   vertex -17.0191 -34.45 -4.08591
   vertex -17.0191 34.45 -4.08591
   vertex -16.2812 34.45 -5.29007
  endloop
 endfacet
 facet normal 0 -1 0
  outer loop
   vertex -9 -34.45 0
   vertex -17.0191 -34.45 -4.08591
   vertex -16.2812 -34.45 -5.29007
  endloop
 endfacet
 facet normal 0 1 0
  outer loop
   vertex -9 34.45 0
   vertex -16.2812 34.45 -5.29007
   vertex -17.0191 34.45 -4.08591
  endloop
 endfacet
 facet normal -0.760406 0 -0.649448
  outer loop
   vertex -16.2812 -34.45 -5.29007
   vertex -15.364 34.45 -6.36396
   vertex -15.364 -34.45 -6.36396
  endloop
 endfacet
 facet normal -0.760406 0 -0.649448
  outer loop
   vertex -16.2812 -34.45 -5.29007
   vertex -16.2812 34.45 -5.29007
   vertex -15.364 34.45 -6.36396
  endloop
 endfacet
 facet normal 0 -1 0
  outer loop
   vertex -9 -34.45 0
   vertex -16.2812 -34.45 -5.29007
   vertex -15.364 -34.45 -6.36396
  endloop
 endfacet
 facet normal 0 1 0
  outer loop
   vertex -9 34.45 0
   vertex -15.364 34.45 -6.36396
   vertex -16.2812 34.45 -5.29007
  endloop
 endfacet
 facet normal -0.649448 0 -0.760406
  outer loop
   vertex -15.364 -34.45 -6.36396
   vertex -14.2901 34.45 -7.28115
   vertex -14.2901 -34.45 -7.28115
  endloop
 endfacet
 facet normal -0.649448 0 -0.760406
  outer loop
   vertex -15.364 -34.45 -6.36396
   vertex -15.364 34.45 -6.36396
   vertex -14.2901 34.45 -7.28115
  endloop
 endfacet
 facet normal 0 -1 0
  outer loop
   vertex -9 -34.45 0
   vertex -15.364 -34.45 -6.36396
   vertex -14.2901 -34.45 -7.28115
  endloop
 endfacet
 facet normal 0 1 0
  outer loop
   vertex -9 34.45 0
   vertex -14.2901 34.45 -7.28115
   vertex -15.364 34.45 -6.36396
  endloop
 endfacet
 facet normal -0.522499 0 -0.85264
  outer loop
   vertex -14.2901 -34.45 -7.28115
   vertex -13.0859 34.45 -8.01906
   vertex -13.0859 -34.45 -8.01906
  endloop
 endfacet
 facet normal -0.522499 0 -0.85264
  outer loop
   vertex -14.2901 -34.45 -7.28115
   vertex -14.2901 34.45 -7.28115
   vertex -13.0859 34.45 -8.01906
  endloop
 endfacet
 facet normal 0 -1 0
  outer loop
   vertex -9 -34.45 0
   vertex -14.2901 -34.45 -7.28115
   vertex -13.0859 -34.45 -8.01906
  endloop
 endfacet
 facet normal 0 1 0
  outer loop
   vertex -9 34.45 0
   vertex -13.0859 34.45 -8.01906
   vertex -14.2901 34.45 -7.28115
  endloop
 endfacet
 facet normal -0.382683 0 -0.92388
  outer loop
   vertex -13.0859 -34.45 -8.01906
   vertex -11.7812 34.45 -8.55951
   vertex -11.7812 -34.45 -8.55951
  endloop
 endfacet
 facet normal -0.382683 0 -0.92388
  outer loop
   vertex -13.0859 -34.45 -8.01906
   vertex -13.0859 34.45 -8.01906
   vertex -11.7812 34.45 -8.55951
  endloop
 endfacet
 facet normal 0 -1 0
  outer loop
   vertex -9 -34.45 0
   vertex -13.0859 -34.45 -8.01906
   vertex -11.7812 -34.45 -8.55951
  endloop
 endfacet
 facet normal 0 1 0
  outer loop
   vertex -9 34.45 0
   vertex -11.7812 34.45 -8.55951
   vertex -13.0859 34.45 -8.01906
  endloop
 endfacet
 facet normal -0.233445 0 -0.97237
  outer loop
   vertex -11.7812 -34.45 -8.55951
   vertex -10.4079 34.45 -8.8892
   vertex -10.4079 -34.45 -8.8892
  endloop
 endfacet
 facet normal -0.233445 0 -0.97237
  outer loop
   vertex -11.7812 -34.45 -8.55951
   vertex -11.7812 34.45 -8.55951
   vertex -10.4079 34.45 -8.8892
  endloop
 endfacet
 facet normal 0 -1 0
  outer loop
   vertex -9 -34.45 0
   vertex -11.7812 -34.45 -8.55951
   vertex -10.4079 -34.45 -8.8892
  endloop
 endfacet
 facet normal 0 1 0
  outer loop
   vertex -9 34.45 0
   vertex -10.4079 34.45 -8.8892
   vertex -11.7812 34.45 -8.55951
  endloop
 endfacet
 facet normal -0.0784591 0 -0.996917
  outer loop
   vertex -10.4079 -34.45 -8.8892
   vertex -9 34.45 -9
   vertex -9 -34.45 -9
  endloop
 endfacet
 facet normal -0.0784591 0 -0.996917
  outer loop
   vertex -10.4079 -34.45 -8.8892
   vertex -10.4079 34.45 -8.8892
   vertex -9 34.45 -9
  endloop
 endfacet
 facet normal 0 -1 0
  outer loop
   vertex -9 -34.45 0
   vertex -10.4079 -34.45 -8.8892
   vertex -9 -34.45 -9
  endloop
 endfacet
 facet normal 0 1 0
  outer loop
   vertex -9 34.45 0
   vertex -9 34.45 -9
   vertex -10.4079 34.45 -8.8892
  endloop
 endfacet
 facet normal 0.0784591 0 -0.996917
  outer loop
   vertex -9 -34.45 -9
   vertex -7.59209 34.45 -8.8892
   vertex -7.59209 -34.45 -8.8892
  endloop
 endfacet
 facet normal 0.0784591 0 -0.996917
  outer loop
   vertex -9 -34.45 -9
   vertex -9 34.45 -9
   vertex -7.59209 34.45 -8.8892
  endloop
 endfacet
 facet normal 0 -1 -0
  outer loop
   vertex -9 -34.45 0
   vertex -9 -34.45 -9
   vertex -7.59209 -34.45 -8.8892
  endloop
 endfacet
 facet normal 0 1 0
  outer loop
   vertex -9 34.45 0
   vertex -7.59209 34.45 -8.8892
   vertex -9 34.45 -9
  endloop
 endfacet
 facet normal 0.233445 0 -0.97237
  outer loop
   vertex -7.59209 -34.45 -8.8892
   vertex -6.21885 34.45 -8.55951
   vertex -6.21885 -34.45 -8.55951
  endloop
 endfacet
 facet normal 0.233445 0 -0.97237
  outer loop
   vertex -7.59209 -34.45 -8.8892
   vertex -7.59209 34.45 -8.8892
   vertex -6.21885 34.45 -8.55951
  endloop
 endfacet
 facet normal 0 -1 0
  outer loop
   vertex -9 -34.45 0
   vertex -7.59209 -34.45 -8.8892
   vertex -6.21885 -34.45 -8.55951
  endloop
 endfacet
 facet normal 0 1 0
  outer loop
   vertex -9 34.45 0
   vertex -6.21885 34.45 -8.55951
   vertex -7.59209 34.45 -8.8892
  endloop
 endfacet
 facet normal 0.382683 0 -0.92388
  outer loop
   vertex -6.21885 -34.45 -8.55951
   vertex -4.91409 34.45 -8.01906
   vertex -4.91409 -34.45 -8.01906
  endloop
 endfacet
 facet normal 0.382683 0 -0.92388
  outer loop
   vertex -6.21885 -34.45 -8.55951
   vertex -6.21885 34.45 -8.55951
   vertex -4.91409 34.45 -8.01906
  endloop
 endfacet
 facet normal 0 -1 0
  outer loop
   vertex -9 -34.45 0
   vertex -6.21885 -34.45 -8.55951
   vertex -4.91409 -34.45 -8.01906
  endloop
 endfacet
 facet normal 0 1 0
  outer loop
   vertex -9 34.45 0
   vertex -4.91409 34.45 -8.01906
   vertex -6.21885 34.45 -8.55951
  endloop
 endfacet
 facet normal 0.522499 0 -0.85264
  outer loop
   vertex -4.91409 -34.45 -8.01906
   vertex -3.70993 34.45 -7.28115
   vertex -3.70993 -34.45 -7.28115
  endloop
 endfacet
 facet normal 0.522499 0 -0.85264
  outer loop
   vertex -4.91409 -34.45 -8.01906
   vertex -4.91409 34.45 -8.01906
   vertex -3.70993 34.45 -7.28115
  endloop
 endfacet
 facet normal 0 -1 0
  outer loop
   vertex -9 -34.45 0
   vertex -4.91409 -34.45 -8.01906
   vertex -3.70993 -34.45 -7.28115
  endloop
 endfacet
 facet normal 0 1 0
  outer loop
   vertex -9 34.45 0
   vertex -3.70993 34.45 -7.28115
   vertex -4.91409 34.45 -8.01906
  endloop
 endfacet
 facet normal 0.649448 0 -0.760406
  outer loop
   vertex -3.70993 -34.45 -7.28115
   vertex -2.63604 34.45 -6.36396
   vertex -2.63604 -34.45 -6.36396
  endloop
 endfacet
 facet normal 0.649448 0 -0.760406
  outer loop
   vertex -3.70993 -34.45 -7.28115
   vertex -3.70993 34.45 -7.28115
   vertex -2.63604 34.45 -6.36396
  endloop
 endfacet
 facet normal 0 -1 0
  outer loop
   vertex -9 -34.45 0
   vertex -3.70993 -34.45 -7.28115
   vertex -2.63604 -34.45 -6.36396
  endloop
 endfacet
 facet normal 0 1 0
  outer loop
   vertex -9 34.45 0
   vertex -2.63604 34.45 -6.36396
   vertex -3.70993 34.45 -7.28115
  endloop
 endfacet
 facet normal 0.760406 0 -0.649448
  outer loop
   vertex -2.63604 -34.45 -6.36396
   vertex -1.71885 34.45 -5.29007
   vertex -1.71885 -34.45 -5.29007
  endloop
 endfacet
 facet normal 0.760406 0 -0.649448
  outer loop
   vertex -2.63604 -34.45 -6.36396
   vertex -2.63604 34.45 -6.36396
   vertex -1.71885 34.45 -5.29007
  endloop
 endfacet
 facet normal 0 -1 0
  outer loop
   vertex -9 -34.45 0
   vertex -2.63604 -34.45 -6.36396
   vertex -1.71885 -34.45 -5.29007
  endloop
 endfacet
 facet normal 0 1 0
  outer loop
   vertex -9 34.45 0
   vertex -1.71885 34.45 -5.29007
   vertex -2.63604 34.45 -6.36396
  endloop
 endfacet
 facet normal 0.85264 0 -0.522499
  outer loop
   vertex -1.71885 -34.45 -5.29007
   vertex -0.980941 34.45 -4.08591
   vertex -0.980941 -34.45 -4.08591
  endloop
 endfacet
 facet normal 0.85264 0 -0.522499
  outer loop
   vertex -1.71885 -34.45 -5.29007
   vertex -1.71885 34.45 -5.29007
   vertex -0.980941 34.45 -4.08591
  endloop
 endfacet
 facet normal 0 -1 0
  outer loop
   vertex -9 -34.45 0
   vertex -1.71885 -34.45 -5.29007
   vertex -0.980941 -34.45 -4.08591
  endloop
 endfacet
 facet normal 0 1 0
  outer loop
   vertex -9 34.45 0
   vertex -0.980941 34.45 -4.08591
   vertex -1.71885 34.45 -5.29007
  endloop
 endfacet
 facet normal 0.92388 0 -0.382683
  outer loop
   vertex -0.980941 -34.45 -4.08591
   vertex -0.440491 34.45 -2.78115
   vertex -0.440491 -34.45 -2.78115
  endloop
 endfacet
 facet normal 0.92388 0 -0.382683
  outer loop
   vertex -0.980941 -34.45 -4.08591
   vertex -0.980941 34.45 -4.08591
   vertex -0.440491 34.45 -2.78115
  endloop
 endfacet
 facet normal 0 -1 0
  outer loop
   vertex -9 -34.45 0
   vertex -0.980941 -34.45 -4.08591
   vertex -0.440491 -34.45 -2.78115
  endloop
 endfacet
 facet normal 0 1 0
  outer loop
   vertex -9 34.45 0
   vertex -0.440491 34.45 -2.78115
   vertex -0.980941 34.45 -4.08591
  endloop
 endfacet
 facet normal 0.97237 0 -0.233445
  outer loop
   vertex -0.440491 -34.45 -2.78115
   vertex -0.110805 34.45 -1.40791
   vertex -0.110805 -34.45 -1.40791
  endloop
 endfacet
 facet normal 0.97237 0 -0.233445
  outer loop
   vertex -0.440491 -34.45 -2.78115
   vertex -0.440491 34.45 -2.78115
   vertex -0.110805 34.45 -1.40791
  endloop
 endfacet
 facet normal 0 -1 0
  outer loop
   vertex -9 -34.45 0
   vertex -0.440491 -34.45 -2.78115
   vertex -0.110805 -34.45 -1.40791
  endloop
 endfacet
 facet normal 0 1 0
  outer loop
   vertex -9 34.45 0
   vertex -0.110805 34.45 -1.40791
   vertex -0.440491 34.45 -2.78115
  endloop
 endfacet
 facet normal 0.996917 0 -0.0784591
  outer loop
   vertex -0.110805 -34.45 -1.40791
   vertex 0 34.45 -2.20436e-15
   vertex 0 -34.45 -2.20436e-15
  endloop
 endfacet
 facet normal 0.996917 0 -0.0784591
  outer loop
   vertex -0.110805 -34.45 -1.40791
   vertex -0.110805 34.45 -1.40791
   vertex 0 34.45 -2.20436e-15
  endloop
 endfacet
 facet normal 0 -1 0
  outer loop
   vertex -9 -34.45 0
   vertex -0.110805 -34.45 -1.40791
   vertex 0 -34.45 -2.20436e-15
  endloop
 endfacet
 facet normal 0 1 0
  outer loop
   vertex -9 34.45 0
   vertex 0 34.45 -2.20436e-15
   vertex -0.110805 34.45 -1.40791
  endloop
 endfacet
 facet normal 0.996917 0 0.0784591
  outer loop
   vertex 18 -34.45 0
   vertex 17.8892 34.45 1.40791
   vertex 17.8892 -34.45 1.40791
  endloop
 endfacet
 facet normal 0.996917 -0 0.0784591
  outer loop
   vertex 18 -34.45 0
   vertex 18 34.45 0
   vertex 17.8892 34.45 1.40791
  endloop
 endfacet
 facet normal 0 -1 0
  outer loop
   vertex 9 -34.45 0
   vertex 18 -34.45 0
   vertex 17.8892 -34.45 1.40791
  endloop
 endfacet
 facet normal 0 1 0
  outer loop
   vertex 9 34.45 0
   vertex 17.8892 34.45 1.40791
   vertex 18 34.45 0
  endloop
 endfacet
 facet normal 0.97237 0 0.233445
  outer loop
   vertex 17.8892 -34.45 1.40791
   vertex 17.5595 34.45 2.78115
   vertex 17.5595 -34.45 2.78115
  endloop
 endfacet
 facet normal 0.97237 -0 0.233445
  outer loop
   vertex 17.8892 -34.45 1.40791
   vertex 17.8892 34.45 1.40791
   vertex 17.5595 34.45 2.78115
  endloop
 endfacet
 facet normal 0 -1 0
  outer loop
   vertex 9 -34.45 0
   vertex 17.8892 -34.45 1.40791
   vertex 17.5595 -34.45 2.78115
  endloop
 endfacet
 facet normal 0 1 0
  outer loop
   vertex 9 34.45 0
   vertex 17.5595 34.45 2.78115
   vertex 17.8892 34.45 1.40791
  endloop
 endfacet
 facet normal 0.92388 0 0.382683
  outer loop
   vertex 17.5595 -34.45 2.78115
   vertex 17.0191 34.45 4.08591
   vertex 17.0191 -34.45 4.08591
  endloop
 endfacet
 facet normal 0.92388 -0 0.382683
  outer loop
   vertex 17.5595 -34.45 2.78115
   vertex 17.5595 34.45 2.78115
   vertex 17.0191 34.45 4.08591
  endloop
 endfacet
 facet normal 0 -1 0
  outer loop
   vertex 9 -34.45 0
   vertex 17.5595 -34.45 2.78115
   vertex 17.0191 -34.45 4.08591
  endloop
 endfacet
 facet normal 0 1 0
  outer loop
   vertex 9 34.45 0
   vertex 17.0191 34.45 4.08591
   vertex 17.5595 34.45 2.78115
  endloop
 endfacet
 facet normal 0.85264 0 0.522499
  outer loop
   vertex 17.0191 -34.45 4.08591
   vertex 16.2812 34.45 5.29007
   vertex 16.2812 -34.45 5.29007
  endloop
 endfacet
 facet normal 0.85264 -0 0.522499
  outer loop
   vertex 17.0191 -34.45 4.08591
   vertex 17.0191 34.45 4.08591
   vertex 16.2812 34.45 5.29007
  endloop
 endfacet
 facet normal 0 -1 0
  outer loop
   vertex 9 -34.45 0
   vertex 17.0191 -34.45 4.08591
   vertex 16.2812 -34.45 5.29007
  endloop
 endfacet
 facet normal 0 1 0
  outer loop
   vertex 9 34.45 0
   vertex 16.2812 34.45 5.29007
   vertex 17.0191 34.45 4.08591
  endloop
 endfacet
 facet normal 0.760406 0 0.649448
  outer loop
   vertex 16.2812 -34.45 5.29007
   vertex 15.364 34.45 6.36396
   vertex 15.364 -34.45 6.36396
  endloop
 endfacet
 facet normal 0.760406 -0 0.649448
  outer loop
   vertex 16.2812 -34.45 5.29007
   vertex 16.2812 34.45 5.29007
   vertex 15.364 34.45 6.36396
  endloop
 endfacet
 facet normal 0 -1 0
  outer loop
   vertex 9 -34.45 0
   vertex 16.2812 -34.45 5.29007
   vertex 15.364 -34.45 6.36396
  endloop
 endfacet
 facet normal 0 1 0
  outer loop
   vertex 9 34.45 0
   vertex 15.364 34.45 6.36396
   vertex 16.2812 34.45 5.29007
  endloop
 endfacet
 facet normal 0.649448 0 0.760406
  outer loop
   vertex 15.364 -34.45 6.36396
   vertex 14.2901 34.45 7.28115
   vertex 14.2901 -34.45 7.28115
  endloop
 endfacet
 facet normal 0.649448 -0 0.760406
  outer loop
   vertex 15.364 -34.45 6.36396
   vertex 15.364 34.45 6.36396
   vertex 14.2901 34.45 7.28115
  endloop
 endfacet
 facet normal 0 -1 0
  outer loop
   vertex 9 -34.45 0
   vertex 15.364 -34.45 6.36396
   vertex 14.2901 -34.45 7.28115
  endloop
 endfacet
 facet normal 0 1 0
  outer loop
   vertex 9 34.45 0
   vertex 14.2901 34.45 7.28115
   vertex 15.364 34.45 6.36396
  endloop
 endfacet
 facet normal 0.522499 0 0.85264
  outer loop
   vertex 14.2901 -34.45 7.28115
   vertex 13.0859 34.45 8.01906
   vertex 13.0859 -34.45 8.01906
  endloop
 endfacet
 facet normal 0.522499 -0 0.85264
  outer loop
   vertex 14.2901 -34.45 7.28115
   vertex 14.2901 34.45 7.28115
   vertex 13.0859 34.45 8.01906
  endloop
 endfacet
 facet normal 0 -1 0
  outer loop
   vertex 9 -34.45 0
   vertex 14.2901 -34.45 7.28115
   vertex 13.0859 -34.45 8.01906
  endloop
 endfacet
 facet normal 0 1 0
  outer loop
   vertex 9 34.45 0
   vertex 13.0859 34.45 8.01906
   vertex 14.2901 34.45 7.28115
  endloop
 endfacet
 facet normal 0.382683 0 0.92388
  outer loop
   vertex 13.0859 -34.45 8.01906
   vertex 11.7812 34.45 8.55951
   vertex 11.7812 -34.45 8.55951
  endloop
 endfacet
 facet normal 0.382683 -0 0.92388
  outer loop
   vertex 13.0859 -34.45 8.01906
   vertex 13.0859 34.45 8.01906
   vertex 11.7812 34.45 8.55951
  endloop
 endfacet
 facet normal 0 -1 0
  outer loop
   vertex 9 -34.45 0
   vertex 13.0859 -34.45 8.01906
   vertex 11.7812 -34.45 8.55951
  endloop
 endfacet
 facet normal 0 1 0
  outer loop
   vertex 9 34.45 0
   vertex 11.7812 34.45 8.55951
   vertex 13.0859 34.45 8.01906
  endloop
 endfacet
 facet normal 0.233445 0 0.97237
  outer loop
   vertex 11.7812 -34.45 8.55951
   vertex 10.4079 34.45 8.8892
   vertex 10.4079 -34.45 8.8892
  endloop
 endfacet
 facet normal 0.233445 -0 0.97237
  outer loop
   vertex 11.7812 -34.45 8.55951
   vertex 11.7812 34.45 8.55951
   vertex 10.4079 34.45 8.8892
  endloop
 endfacet
 facet normal 0 -1 0
  outer loop
   vertex 9 -34.45 0
   vertex 11.7812 -34.45 8.55951
   vertex 10.4079 -34.45 8.8892
  endloop
 endfacet
 facet normal 0 1 0
  outer loop
   vertex 9 34.45 0
   vertex 10.4079 34.45 8.8892
   vertex 11.7812 34.45 8.55951
  endloop
 endfacet
 facet normal 0.0784591 0 0.996917
  outer loop
   vertex 10.4079 -34.45 8.8892
   vertex 9 34.45 9
   vertex 9 -34.45 9
  endloop
 endfacet
 facet normal 0.0784591 -0 0.996917
  outer loop
   vertex 10.4079 -34.45 8.8892
   vertex 10.4079 34.45 8.8892
   vertex 9 34.45 9
  endloop
 endfacet
 facet normal 0 -1 0
  outer loop
   vertex 9 -34.45 0
   vertex 10.4079 -34.45 8.8892
   vertex 9 -34.45 9
  endloop
 endfacet
 facet normal 0 1 0
  outer loop
   vertex 9 34.45 0
   vertex 9 34.45 9
   vertex 10.4079 34.45 8.8892
  endloop
 endfacet
 facet normal -0.0784591 0 0.996917
  outer loop
   vertex 9 -34.45 9
   vertex 7.59209 34.45 8.8892
   vertex 7.59209 -34.45 8.8892
  endloop
 endfacet
 facet normal -0.0784591 0 0.996917
  outer loop
   vertex 9 -34.45 9
   vertex 9 34.45 9
   vertex 7.59209 34.45 8.8892
  endloop
 endfacet
 facet normal 0 -1 0
  outer loop
   vertex 9 -34.45 0
   vertex 9 -34.45 9
   vertex 7.59209 -34.45 8.8892
  endloop
 endfacet
 facet normal 0 1 -0
  outer loop
   vertex 9 34.45 0
   vertex 7.59209 34.45 8.8892
   vertex 9 34.45 9
  endloop
 endfacet
 facet normal -0.233445 0 0.97237
  outer loop
   vertex 7.59209 -34.45 8.8892
   vertex 6.21885 34.45 8.55951
   vertex 6.21885 -34.45 8.55951
  endloop
 endfacet
 facet normal -0.233445 0 0.97237
  outer loop
   vertex 7.59209 -34.45 8.8892
   vertex 7.59209 34.45 8.8892
   vertex 6.21885 34.45 8.55951
  endloop
 endfacet
 facet normal 0 -1 0
  outer loop
   vertex 9 -34.45 0
   vertex 7.59209 -34.45 8.8892
   vertex 6.21885 -34.45 8.55951
  endloop
 endfacet
 facet normal 0 1 0
  outer loop
   vertex 9 34.45 0
   vertex 6.21885 34.45 8.55951
   vertex 7.59209 34.45 8.8892
  endloop
 endfacet
 facet normal -0.382683 0 0.92388
  outer loop
   vertex 6.21885 -34.45 8.55951
   vertex 4.91409 34.45 8.01906
   vertex 4.91409 -34.45 8.01906
  endloop
 endfacet
 facet normal -0.382683 0 0.92388
  outer loop
   vertex 6.21885 -34.45 8.55951
   vertex 6.21885 34.45 8.55951
   vertex 4.91409 34.45 8.01906
  endloop
 endfacet
 facet normal 0 -1 0
  outer loop
   vertex 9 -34.45 0
   vertex 6.21885 -34.45 8.55951
   vertex 4.91409 -34.45 8.01906
  endloop
 endfacet
 facet normal 0 1 0
  outer loop
   vertex 9 34.45 0
   vertex 4.91409 34.45 8.01906
   vertex 6.21885 34.45 8.55951
  endloop
 endfacet
 facet normal -0.522499 0 0.85264
  outer loop
   vertex 4.91409 -34.45 8.01906
   vertex 3.70993 34.45 7.28115
   vertex 3.70993 -34.45 7.28115
  endloop
 endfacet
 facet normal -0.522499 0 0.85264
  outer loop
   vertex 4.91409 -34.45 8.01906
   vertex 4.91409 34.45 8.01906
   vertex 3.70993 34.45 7.28115
  endloop
 endfacet
 facet normal 0 -1 0
  outer loop
   vertex 9 -34.45 0
   vertex 4.91409 -34.45 8.01906
   vertex 3.70993 -34.45 7.28115
  endloop
 endfacet
 facet normal 0 1 0
  outer loop
   vertex 9 34.45 0
   vertex 3.70993 34.45 7.28115
   vertex 4.91409 34.45 8.01906
  endloop
 endfacet
 facet normal -0.649448 0 0.760406
  outer loop
   vertex 3.70993 -34.45 7.28115
   vertex 2.63604 34.45 6.36396
   vertex 2.63604 -34.45 6.36396
  endloop
 endfacet
 facet normal -0.649448 0 0.760406
  outer loop
   vertex 3.70993 -34.45 7.28115
   vertex 3.70993 34.45 7.28115
   vertex 2.63604 34.45 6.36396
  endloop
 endfacet
 facet normal 0 -1 0
  outer loop
   vertex 9 -34.45 0
   vertex 3.70993 -34.45 7.28115
   vertex 2.63604 -34.45 6.36396
  endloop
 endfacet
 facet normal 0 1 0
  outer loop
   vertex 9 34.45 0
   vertex 2.63604 34.45 6.36396
   vertex 3.70993 34.45 7.28115
  endloop
 endfacet
 facet normal -0.760406 0 0.649448
  outer loop
   vertex 2.63604 -34.45 6.36396
   vertex 1.71885 34.45 5.29007
   vertex 1.71885 -34.45 5.29007
  endloop
 endfacet
 facet normal -0.760406 0 0.649448
  outer loop
   vertex 2.63604 -34.45 6.36396
   vertex 2.63604 34.45 6.36396
   vertex 1.71885 34.45 5.29007
  endloop
 endfacet
 facet normal 0 -1 0
  outer loop
   vertex 9 -34.45 0
   vertex 2.63604 -34.45 6.36396
   vertex 1.71885 -34.45 5.29007
  endloop
 endfacet
 facet normal 0 1 0
  outer loop
   vertex 9 34.45 0
   vertex 1.71885 34.45 5.29007
   vertex 2.63604 34.45 6.36396
  endloop
 endfacet
 facet normal -0.85264 0 0.522499
  outer loop
   vertex 1.71885 -34.45 5.29007
   vertex 0.980941 34.45 4.08591
   vertex 0.980941 -34.45 4.08591
  endloop
 endfacet
 facet normal -0.85264 0 0.522499
  outer loop
   vertex 1.71885 -34.45 5.29007
   vertex 1.71885 34.45 5.29007
   vertex 0.980941 34.45 4.08591
  endloop
 endfacet
 facet normal 0 -1 0
  outer loop
   vertex 9 -34.45 0
   vertex 1.71885 -34.45 5.29007
   vertex 0.980941 -34.45 4.08591
  endloop
 endfacet
 facet normal 0 1 0
  outer loop
   vertex 9 34.45 0
   vertex 0.980941 34.45 4.08591
   vertex 1.71885 34.45 5.29007
  endloop
 endfacet
 facet normal -0.92388 0 0.382683
  outer loop
   vertex 0.980941 -34.45 4.08591
   vertex 0.440491 34.45 2.78115
   vertex 0.440491 -34.45 2.78115
  endloop
 endfacet
 facet normal -0.92388 0 0.382683
  outer loop
   vertex 0.980941 -34.45 4.08591
   vertex 0.980941 34.45 4.08591
   vertex 0.440491 34.45 2.78115
  endloop
 endfacet
 facet normal 0 -1 0
  outer loop
   vertex 9 -34.45 0
   vertex 0.980941 -34.45 4.08591
   vertex 0.440491 -34.45 2.78115
  endloop
 endfacet
 facet normal 0 1 0
  outer loop
   vertex 9 34.45 0
   vertex 0.440491 34.45 2.78115
   vertex 0.980941 34.45 4.08591
  endloop
 endfacet
 facet normal -0.97237 0 0.233445
  outer loop
   vertex 0.440491 -34.45 2.78115
   vertex 0.110805 34.45 1.40791
   vertex 0.110805 -34.45 1.40791
  endloop
 endfacet
 facet normal -0.97237 0 0.233445
  outer loop
   vertex 0.440491 -34.45 2.78115
   vertex 0.440491 34.45 2.78115
   vertex 0.110805 34.45 1.40791
  endloop
 endfacet
 facet normal 0 -1 0
  outer loop
   vertex 9 -34.45 0
   vertex 0.440491 -34.45 2.78115
   vertex 0.110805 -34.45 1.40791
  endloop
 endfacet
 facet normal 0 1 0
  outer loop
   vertex 9 34.45 0
   vertex 0.110805 34.45 1.40791
   vertex 0.440491 34.45 2.78115
  endloop
 endfacet
 facet normal -0.996917 0 0.0784591
  outer loop
   vertex 0.110805 -34.45 1.40791
   vertex 0 34.45 1.10218e-15
   vertex 0 -34.45 1.10218e-15
  endloop
 endfacet
 facet normal -0.996917 0 0.0784591
  outer loop
   vertex 0.110805 -34.45 1.40791
   vertex 0.110805 34.45 1.40791
   vertex 0 34.45 1.10218e-15
  endloop
 endfacet
 facet normal 0 -1 0
  outer loop
   vertex 9 -34.45 0
   vertex 0.110805 -34.45 1.40791
   vertex 0 -34.45 1.10218e-15
  endloop
 endfacet
 facet normal 0 1 0
  outer loop
   vertex 9 34.45 0
   vertex 0 34.45 1.10218e-15
   vertex 0.110805 34.45 1.40791
  endloop
 endfacet
 facet normal -0.996917 0 -0.0784591
  outer loop
   vertex 0 -34.45 1.10218e-15
   vertex 0.110805 34.45 -1.40791
   vertex 0.110805 -34.45 -1.40791
  endloop
 endfacet
 facet normal -0.996917 0 -0.0784591
  outer loop
   vertex 0 -34.45 1.10218e-15
   vertex 0 34.45 1.10218e-15
   vertex 0.110805 34.45 -1.40791
  endloop
 endfacet
 facet normal -0 -1 0
  outer loop
   vertex 9 -34.45 0
   vertex 0 -34.45 1.10218e-15
   vertex 0.110805 -34.45 -1.40791
  endloop
 endfacet
 facet normal 0 1 0
  outer loop
   vertex 9 34.45 0
   vertex 0.110805 34.45 -1.40791
   vertex 0 34.45 1.10218e-15
  endloop
 endfacet
 facet normal -0.97237 0 -0.233445
  outer loop
   vertex 0.110805 -34.45 -1.40791
   vertex 0.440491 34.45 -2.78115
   vertex 0.440491 -34.45 -2.78115
  endloop
 endfacet
 facet normal -0.97237 0 -0.233445
  outer loop
   vertex 0.110805 -34.45 -1.40791
   vertex 0.110805 34.45 -1.40791
   vertex 0.440491 34.45 -2.78115
  endloop
 endfacet
 facet normal 0 -1 0
  outer loop
   vertex 9 -34.45 0
   vertex 0.110805 -34.45 -1.40791
   vertex 0.440491 -34.45 -2.78115
  endloop
 endfacet
 facet normal 0 1 0
  outer loop
   vertex 9 34.45 0
   vertex 0.440491 34.45 -2.78115
   vertex 0.110805 34.45 -1.40791
  endloop
 endfacet
 facet normal -0.92388 0 -0.382683
  outer loop
   vertex 0.440491 -34.45 -2.78115
   vertex 0.980941 34.45 -4.08591
   vertex 0.980941 -34.45 -4.08591
  endloop
 endfacet
 facet normal -0.92388 0 -0.382683
  outer loop
   vertex 0.440491 -34.45 -2.78115
   vertex 0.440491 34.45 -2.78115
   vertex 0.980941 34.45 -4.08591
  endloop
 endfacet
 facet normal 0 -1 0
  outer loop
   vertex 9 -34.45 0
   vertex 0.440491 -34.45 -2.78115
   vertex 0.980941 -34.45 -4.08591
  endloop
 endfacet
 facet normal 0 1 0
  outer loop
   vertex 9 34.45 0
   vertex 0.980941 34.45 -4.08591
   vertex 0.440491 34.45 -2.78115
  endloop
 endfacet
 facet normal -0.85264 0 -0.522499
  outer loop
   vertex 0.980941 -34.45 -4.08591
   vertex 1.71885 34.45 -5.29007
   vertex 1.71885 -34.45 -5.29007
  endloop
 endfacet
 facet normal -0.85264 0 -0.522499
  outer loop
   vertex 0.980941 -34.45 -4.08591
   vertex 0.980941 34.45 -4.08591
   vertex 1.71885 34.45 -5.29007
  endloop
 endfacet
 facet normal 0 -1 0
  outer loop
   vertex 9 -34.45 0
   vertex 0.980941 -34.45 -4.08591
   vertex 1.71885 -34.45 -5.29007
  endloop
 endfacet
 facet normal 0 1 0
  outer loop
   vertex 9 34.45 0
   vertex 1.71885 34.45 -5.29007
   vertex 0.980941 34.45 -4.08591
  endloop
 endfacet
 facet normal -0.760406 0 -0.649448
  outer loop
   vertex 1.71885 -34.45 -5.29007
   vertex 2.63604 34.45 -6.36396
   vertex 2.63604 -34.45 -6.36396
  endloop
 endfacet
 facet normal -0.760406 0 -0.649448
  outer loop
   vertex 1.71885 -34.45 -5.29007
   vertex 1.71885 34.45 -5.29007
   vertex 2.63604 34.45 -6.36396
  endloop
 endfacet
 facet normal 0 -1 0
  outer loop
   vertex 9 -34.45 0
   vertex 1.71885 -34.45 -5.29007
   vertex 2.63604 -34.45 -6.36396
  endloop
 endfacet
 facet normal 0 1 0
  outer loop
   vertex 9 34.45 0
   vertex 2.63604 34.45 -6.36396
   vertex 1.71885 34.45 -5.29007
  endloop
 endfacet
 facet normal -0.649448 0 -0.760406
  outer loop
   vertex 2.63604 -34.45 -6.36396
   vertex 3.70993 34.45 -7.28115
   vertex 3.70993 -34.45 -7.28115
  endloop
 endfacet
 facet normal -0.649448 0 -0.760406
  outer loop
   vertex 2.63604 -34.45 -6.36396
   vertex 2.63604 34.45 -6.36396
   vertex 3.70993 34.45 -7.28115
  endloop
 endfacet
 facet normal 0 -1 0
  outer loop
   vertex 9 -34.45 0
   vertex 2.63604 -34.45 -6.36396
   vertex 3.70993 -34.45 -7.28115
  endloop
 endfacet
 facet normal 0 1 0
  outer loop
   vertex 9 34.45 0
   vertex 3.70993 34.45 -7.28115
   vertex 2.63604 34.45 -6.36396
  endloop
 endfacet
 facet normal -0.522499 0 -0.85264
  outer loop
   vertex 3.70993 -34.45 -7.28115
   vertex 4.91409 34.45 -8.01906
   vertex 4.91409 -34.45 -8.01906
  endloop
 endfacet
 facet normal -0.522499 0 -0.85264
  outer loop
   vertex 3.70993 -34.45 -7.28115
   vertex 3.70993 34.45 -7.28115
   vertex 4.91409 34.45 -8.01906
  endloop
 endfacet
 facet normal 0 -1 0
  outer loop
   vertex 9 -34.45 0
   vertex 3.70993 -34.45 -7.28115
   vertex 4.91409 -34.45 -8.01906
  endloop
 endfacet
 facet normal 0 1 0
  outer loop
   vertex 9 34.45 0
   vertex 4.91409 34.45 -8.01906
   vertex 3.70993 34.45 -7.28115
  endloop
 endfacet
 facet normal -0.382683 0 -0.92388
  outer loop
   vertex 4.91409 -34.45 -8.01906
   vertex 6.21885 34.45 -8.55951
   vertex 6.21885 -34.45 -8.55951
  endloop
 endfacet
 facet normal -0.382683 0 -0.92388
  outer loop
   vertex 4.91409 -34.45 -8.01906
   vertex 4.91409 34.45 -8.01906
   vertex 6.21885 34.45 -8.55951
  endloop
 endfacet
 facet normal 0 -1 0
  outer loop
   vertex 9 -34.45 0
   vertex 4.91409 -34.45 -8.01906
   vertex 6.21885 -34.45 -8.55951
  endloop
 endfacet
 facet normal 0 1 0
  outer loop
   vertex 9 34.45 0
   vertex 6.21885 34.45 -8.55951
   vertex 4.91409 34.45 -8.01906
  endloop
 endfacet
 facet normal -0.233445 0 -0.97237
  outer loop
   vertex 6.21885 -34.45 -8.55951
   vertex 7.59209 34.45 -8.8892
   vertex 7.59209 -34.45 -8.8892
  endloop
 endfacet
 facet normal -0.233445 0 -0.97237
  outer loop
   vertex 6.21885 -34.45 -8.55951
   vertex 6.21885 34.45 -8.55951
   vertex 7.59209 34.45 -8.8892
  endloop
 endfacet
 facet normal 0 -1 0
  outer loop
   vertex 9 -34.45 0
   vertex 6.21885 -34.45 -8.55951
   vertex 7.59209 -34.45 -8.8892
  endloop
 endfacet
 facet normal 0 1 0
  outer loop
   vertex 9 34.45 0
   vertex 7.59209 34.45 -8.8892
   vertex 6.21885 34.45 -8.55951
  endloop
 endfacet
 facet normal -0.0784591 0 -0.996917
  outer loop
   vertex 7.59209 -34.45 -8.8892
   vertex 9 34.45 -9
   vertex 9 -34.45 -9
  endloop
 endfacet
 facet normal -0.0784591 0 -0.996917
  outer loop
   vertex 7.59209 -34.45 -8.8892
   vertex 7.59209 34.45 -8.8892
   vertex 9 34.45 -9
  endloop
 endfacet
 facet normal 0 -1 0
  outer loop
   vertex 9 -34.45 0
   vertex 7.59209 -34.45 -8.8892
   vertex 9 -34.45 -9
  endloop
 endfacet
 facet normal 0 1 0
  outer loop
   vertex 9 34.45 0
   vertex 9 34.45 -9
   vertex 7.59209 34.45 -8.8892
  endloop
 endfacet
 facet normal 0.0784591 0 -0.996917
  outer loop
   vertex 9 -34.45 -9
   vertex 10.4079 34.45 -8.8892
   vertex 10.4079 -34.45 -8.8892
  endloop
 endfacet
 facet normal 0.0784591 0 -0.996917
  outer loop
   vertex 9 -34.45 -9
   vertex 9 34.45 -9
   vertex 10.4079 34.45 -8.8892
  endloop
 endfacet
 facet normal 0 -1 -0
  outer loop
   vertex 9 -34.45 0
   vertex 9 -34.45 -9
   vertex 10.4079 -34.45 -8.8892
  endloop
 endfacet
 facet normal 0 1 0
  outer loop
   vertex 9 34.45 0
   vertex 10.4079 34.45 -8.8892
   vertex 9 34.45 -9
  endloop
 endfacet
 facet normal 0.233445 0 -0.97237
  outer loop
   vertex 10.4079 -34.45 -8.8892
   vertex 11.7812 34.45 -8.55951
   vertex 11.7812 -34.45 -8.55951
  endloop
 endfacet
 facet normal 0.233445 0 -0.97237
  outer loop
   vertex 10.4079 -34.45 -8.8892
   vertex 10.4079 34.45 -8.8892
   vertex 11.7812 34.45 -8.55951
  endloop
 endfacet
 facet normal 0 -1 0
  outer loop
   vertex 9 -34.45 0
   vertex 10.4079 -34.45 -8.8892
   vertex 11.7812 -34.45 -8.55951
  endloop
 endfacet
 facet normal 0 1 0
  outer loop
   vertex 9 34.45 0
   vertex 11.7812 34.45 -8.55951
   vertex 10.4079 34.45 -8.8892
  endloop
 endfacet
 facet normal 0.382683 0 -0.92388
  outer loop
   vertex 11.7812 -34.45 -8.55951
   vertex 13.0859 34.45 -8.01906
   vertex 13.0859 -34.45 -8.01906
  endloop
 endfacet
 facet normal 0.382683 0 -0.92388
  outer loop
   vertex 11.7812 -34.45 -8.55951
   vertex 11.7812 34.45 -8.55951
   vertex 13.0859 34.45 -8.01906
  endloop
 endfacet
 facet normal 0 -1 0
  outer loop
   vertex 9 -34.45 0
   vertex 11.7812 -34.45 -8.55951
   vertex 13.0859 -34.45 -8.01906
  endloop
 endfacet
 facet normal 0 1 0
  outer loop
   vertex 9 34.45 0
   vertex 13.0859 34.45 -8.01906
   vertex 11.7812 34.45 -8.55951
  endloop
 endfacet
 facet normal 0.522499 0 -0.85264
  outer loop
   vertex 13.0859 -34.45 -8.01906
   vertex 14.2901 34.45 -7.28115
   vertex 14.2901 -34.45 -7.28115
  endloop
 endfacet
 facet normal 0.522499 0 -0.85264
  outer loop
   vertex 13.0859 -34.45 -8.01906
   vertex 13.0859 34.45 -8.01906
   vertex 14.2901 34.45 -7.28115
  endloop
 endfacet
 facet normal 0 -1 0
  outer loop
   vertex 9 -34.45 0
   vertex 13.0859 -34.45 -8.01906
   vertex 14.2901 -34.45 -7.28115
  endloop
 endfacet
 facet normal 0 1 0
  outer loop
   vertex 9 34.45 0
   vertex 14.2901 34.45 -7.28115
   vertex 13.0859 34.45 -8.01906
  endloop
 endfacet
 facet normal 0.649448 0 -0.760406
  outer loop
   vertex 14.2901 -34.45 -7.28115
   vertex 15.364 34.45 -6.36396
   vertex 15.364 -34.45 -6.36396
  endloop
 endfacet
 facet normal 0.649448 0 -0.760406
  outer loop
   vertex 14.2901 -34.45 -7.28115
   vertex 14.2901 34.45 -7.28115
   vertex 15.364 34.45 -6.36396
  endloop
 endfacet
 facet normal 0 -1 0
  outer loop
   vertex 9 -34.45 0
   vertex 14.2901 -34.45 -7.28115
   vertex 15.364 -34.45 -6.36396
  endloop
 endfacet
 facet normal 0 1 0
  outer loop
   vertex 9 34.45 0
   vertex 15.364 34.45 -6.36396
   vertex 14.2901 34.45 -7.28115
  endloop
 endfacet
 facet normal 0.760406 0 -0.649448
  outer loop
   vertex 15.364 -34.45 -6.36396
   vertex 16.2812 34.45 -5.29007
   vertex 16.2812 -34.45 -5.29007
  endloop
 endfacet
 facet normal 0.760406 0 -0.649448
  outer loop
   vertex 15.364 -34.45 -6.36396
   vertex 15.364 34.45 -6.36396
   vertex 16.2812 34.45 -5.29007
  endloop
 endfacet
 facet normal 0 -1 0
  outer loop
   vertex 9 -34.45 0
   vertex 15.364 -34.45 -6.36396
   vertex 16.2812 -34.45 -5.29007
  endloop
 endfacet
 facet normal 0 1 0
  outer loop
   vertex 9 34.45 0
   vertex 16.2812 34.45 -5.29007
   vertex 15.364 34.45 -6.36396
  endloop
 endfacet
 facet normal 0.85264 0 -0.522499
  outer loop
   vertex 16.2812 -34.45 -5.29007
   vertex 17.0191 34.45 -4.08591
   vertex 17.0191 -34.45 -4.08591
  endloop
 endfacet
 facet normal 0.85264 0 -0.522499
  outer loop
   vertex 16.2812 -34.45 -5.29007
   vertex 16.2812 34.45 -5.29007
   vertex 17.0191 34.45 -4.08591
  endloop
 endfacet
 facet normal 0 -1 0
  outer loop
   vertex 9 -34.45 0
   vertex 16.2812 -34.45 -5.29007
   vertex 17.0191 -34.45 -4.08591
  endloop
 endfacet
 facet normal 0 1 0
  outer loop
   vertex 9 34.45 0
   vertex 17.0191 34.45 -4.08591
   vertex 16.2812 34.45 -5.29007
  endloop
 endfacet
 facet normal 0.92388 0 -0.382683
  outer loop
   vertex 17.0191 -34.45 -4.08591
   vertex 17.5595 34.45 -2.78115
   vertex 17.5595 -34.45 -2.78115
  endloop
 endfacet
 facet normal 0.92388 0 -0.382683
  outer loop
   vertex 17.0191 -34.45 -4.08591
   vertex 17.0191 34.45 -4.08591
   vertex 17.5595 34.45 -2.78115
  endloop
 endfacet
 facet normal 0 -1 0
  outer loop
   vertex 9 -34.45 0
   vertex 17.0191 -34.45 -4.08591
   vertex 17.5595 -34.45 -2.78115
  endloop
 endfacet
 facet normal 0 1 0
  outer loop
   vertex 9 34.45 0
   vertex 17.5595 34.45 -2.78115
   vertex 17.0191 34.45 -4.08591
  endloop
 endfacet
 facet normal 0.97237 0 -0.233445
  outer loop
   vertex 17.5595 -34.45 -2.78115
   vertex 17.8892 34.45 -1.40791
   vertex 17.8892 -34.45 -1.40791
  endloop
 endfacet
 facet normal 0.97237 0 -0.233445
  outer loop
   vertex 17.5595 -34.45 -2.78115
   vertex 17.5595 34.45 -2.78115
   vertex 17.8892 34.45 -1.40791
  endloop
 endfacet
 facet normal 0 -1 0
  outer loop
   vertex 9 -34.45 0
   vertex 17.5595 -34.45 -2.78115
   vertex 17.8892 -34.45 -1.40791
  endloop
 endfacet
 facet normal 0 1 0
  outer loop
   vertex 9 34.45 0
   vertex 17.8892 34.45 -1.40791
   vertex 17.5595 34.45 -2.78115
  endloop
 endfacet
 facet normal 0.996917 0 -0.0784591
  outer loop
   vertex 17.8892 -34.45 -1.40791
   vertex 18 34.45 -2.20436e-15
   vertex 18 -34.45 -2.20436e-15
  endloop
 endfacet
 facet normal 0.996917 0 -0.0784591
  outer loop
   vertex 17.8892 -34.45 -1.40791
   vertex 17.8892 34.45 -1.40791
   vertex 18 34.45 -2.20436e-15
  endloop
 endfacet
 facet normal 0 -1 0
  outer loop
   vertex 9 -34.45 0
   vertex 17.8892 -34.45 -1.40791
   vertex 18 -34.45 -2.20436e-15
  endloop
 endfacet
 facet normal 0 1 0
  outer loop
   vertex 9 34.45 0
   vertex 18 34.45 -2.20436e-15
   vertex 17.8892 34.45 -1.40791
  endloop
 endfacet
 facet normal 0.996917 0 0.0784591
  outer loop
   vertex 0 -34.45 18
   vertex -0.110805 34.45 19.4079
   vertex -0.110805 -34.45 19.4079
  endloop
 endfacet
 facet normal 0.996917 -0 0.0784591
  outer loop
   vertex 0 -34.45 18
   vertex 0 34.45 18
   vertex -0.110805 34.45 19.4079
  endloop
 endfacet
 facet normal 0 -1 0
  outer loop
   vertex -9 -34.45 18
   vertex 0 -34.45 18
   vertex -0.110805 -34.45 19.4079
  endloop
 endfacet
 facet normal 0 1 0
  outer loop
   vertex -9 34.45 18
   vertex -0.110805 34.45 19.4079
   vertex 0 34.45 18
  endloop
 endfacet
 facet normal 0.97237 0 0.233445
  outer loop
   vertex -0.110805 -34.45 19.4079
   vertex -0.440491 34.45 20.7812
   vertex -0.440491 -34.45 20.7812
  endloop
 endfacet
 facet normal 0.97237 -0 0.233445
  outer loop
   vertex -0.110805 -34.45 19.4079
   vertex -0.110805 34.45 19.4079
   vertex -0.440491 34.45 20.7812
  endloop
 endfacet
 facet normal 0 -1 0
  outer loop
   vertex -9 -34.45 18
   vertex -0.110805 -34.45 19.4079
   vertex -0.440491 -34.45 20.7812
  endloop
 endfacet
 facet normal 0 1 0
  outer loop
   vertex -9 34.45 18
   vertex -0.440491 34.45 20.7812
   vertex -0.110805 34.45 19.4079
  endloop
 endfacet
 facet normal 0.92388 0 0.382683
  outer loop
   vertex -0.440491 -34.45 20.7812
   vertex -0.980941 34.45 22.0859
   vertex -0.980941 -34.45 22.0859
  endloop
 endfacet
 facet normal 0.92388 -0 0.382683
  outer loop
   vertex -0.440491 -34.45 20.7812
   vertex -0.440491 34.45 20.7812
   vertex -0.980941 34.45 22.0859
  endloop
 endfacet
 facet normal 0 -1 0
  outer loop
   vertex -9 -34.45 18
   vertex -0.440491 -34.45 20.7812
   vertex -0.980941 -34.45 22.0859
  endloop
 endfacet
 facet normal 0 1 0
  outer loop
   vertex -9 34.45 18
   vertex -0.980941 34.45 22.0859
   vertex -0.440491 34.45 20.7812
  endloop
 endfacet
 facet normal 0.85264 0 0.522499
  outer loop
   vertex -0.980941 -34.45 22.0859
   vertex -1.71885 34.45 23.2901
   vertex -1.71885 -34.45 23.2901
  endloop
 endfacet
 facet normal 0.85264 -0 0.522499
  outer loop
   vertex -0.980941 -34.45 22.0859
   vertex -0.980941 34.45 22.0859
   vertex -1.71885 34.45 23.2901
  endloop
 endfacet
 facet normal 0 -1 0
  outer loop
   vertex -9 -34.45 18
   vertex -0.980941 -34.45 22.0859
   vertex -1.71885 -34.45 23.2901
  endloop
 endfacet
 facet normal 0 1 0
  outer loop
   vertex -9 34.45 18
   vertex -1.71885 34.45 23.2901
   vertex -0.980941 34.45 22.0859
  endloop
 endfacet
 facet normal 0.760406 0 0.649448
  outer loop
   vertex -1.71885 -34.45 23.2901
   vertex -2.63604 34.45 24.364
   vertex -2.63604 -34.45 24.364
  endloop
 endfacet
 facet normal 0.760406 -0 0.649448
  outer loop
   vertex -1.71885 -34.45 23.2901
   vertex -1.71885 34.45 23.2901
   vertex -2.63604 34.45 24.364
  endloop
 endfacet
 facet normal 0 -1 0
  outer loop
   vertex -9 -34.45 18
   vertex -1.71885 -34.45 23.2901
   vertex -2.63604 -34.45 24.364
  endloop
 endfacet
 facet normal 0 1 0
  outer loop
   vertex -9 34.45 18
   vertex -2.63604 34.45 24.364
   vertex -1.71885 34.45 23.2901
  endloop
 endfacet
 facet normal 0.649448 0 0.760406
  outer loop
   vertex -2.63604 -34.45 24.364
   vertex -3.70993 34.45 25.2812
   vertex -3.70993 -34.45 25.2812
  endloop
 endfacet
 facet normal 0.649448 -0 0.760406
  outer loop
   vertex -2.63604 -34.45 24.364
   vertex -2.63604 34.45 24.364
   vertex -3.70993 34.45 25.2812
  endloop
 endfacet
 facet normal 0 -1 0
  outer loop
   vertex -9 -34.45 18
   vertex -2.63604 -34.45 24.364
   vertex -3.70993 -34.45 25.2812
  endloop
 endfacet
 facet normal 0 1 0
  outer loop
   vertex -9 34.45 18
   vertex -3.70993 34.45 25.2812
   vertex -2.63604 34.45 24.364
  endloop
 endfacet
 facet normal 0.522499 0 0.85264
  outer loop
   vertex -3.70993 -34.45 25.2812
   vertex -4.91409 34.45 26.0191
   vertex -4.91409 -34.45 26.0191
  endloop
 endfacet
 facet normal 0.522499 -0 0.85264
  outer loop
   vertex -3.70993 -34.45 25.2812
   vertex -3.70993 34.45 25.2812
   vertex -4.91409 34.45 26.0191
  endloop
 endfacet
 facet normal 0 -1 0
  outer loop
   vertex -9 -34.45 18
   vertex -3.70993 -34.45 25.2812
   vertex -4.91409 -34.45 26.0191
  endloop
 endfacet
 facet normal 0 1 0
  outer loop
   vertex -9 34.45 18
   vertex -4.91409 34.45 26.0191
   vertex -3.70993 34.45 25.2812
  endloop
 endfacet
 facet normal 0.382683 0 0.92388
  outer loop
   vertex -4.91409 -34.45 26.0191
   vertex -6.21885 34.45 26.5595
   vertex -6.21885 -34.45 26.5595
  endloop
 endfacet
 facet normal 0.382683 -0 0.92388
  outer loop
   vertex -4.91409 -34.45 26.0191
   vertex -4.91409 34.45 26.0191
   vertex -6.21885 34.45 26.5595
  endloop
 endfacet
 facet normal 0 -1 0
  outer loop
   vertex -9 -34.45 18
   vertex -4.91409 -34.45 26.0191
   vertex -6.21885 -34.45 26.5595
  endloop
 endfacet
 facet normal 0 1 0
  outer loop
   vertex -9 34.45 18
   vertex -6.21885 34.45 26.5595
   vertex -4.91409 34.45 26.0191
  endloop
 endfacet
 facet normal 0.233445 0 0.97237
  outer loop
   vertex -6.21885 -34.45 26.5595
   vertex -7.59209 34.45 26.8892
   vertex -7.59209 -34.45 26.8892
  endloop
 endfacet
 facet normal 0.233445 -0 0.97237
  outer loop
   vertex -6.21885 -34.45 26.5595
   vertex -6.21885 34.45 26.5595
   vertex -7.59209 34.45 26.8892
  endloop
 endfacet
 facet normal 0 -1 0
  outer loop
   vertex -9 -34.45 18
   vertex -6.21885 -34.45 26.5595
   vertex -7.59209 -34.45 26.8892
  endloop
 endfacet
 facet normal 0 1 0
  outer loop
   vertex -9 34.45 18
   vertex -7.59209 34.45 26.8892
   vertex -6.21885 34.45 26.5595
  endloop
 endfacet
 facet normal 0.0784591 0 0.996917
  outer loop
   vertex -7.59209 -34.45 26.8892
   vertex -9 34.45 27
   vertex -9 -34.45 27
  endloop
 endfacet
 facet normal 0.0784591 -0 0.996917
  outer loop
   vertex -7.59209 -34.45 26.8892
   vertex -7.59209 34.45 26.8892
   vertex -9 34.45 27
  endloop
 endfacet
 facet normal 0 -1 0
  outer loop
   vertex -9 -34.45 18
   vertex -7.59209 -34.45 26.8892
   vertex -9 -34.45 27
  endloop
 endfacet
 facet normal 0 1 0
  outer loop
   vertex -9 34.45 18
   vertex -9 34.45 27
   vertex -7.59209 34.45 26.8892
  endloop
 endfacet
 facet normal -0.0784591 0 0.996917
  outer loop
   vertex -9 -34.45 27
   vertex -10.4079 34.45 26.8892
   vertex -10.4079 -34.45 26.8892
  endloop
 endfacet
 facet normal -0.0784591 0 0.996917
  outer loop
   vertex -9 -34.45 27
   vertex -9 34.45 27
   vertex -10.4079 34.45 26.8892
  endloop
 endfacet
 facet normal 0 -1 0
  outer loop
   vertex -9 -34.45 18
   vertex -9 -34.45 27
   vertex -10.4079 -34.45 26.8892
  endloop
 endfacet
 facet normal 0 1 -0
  outer loop
   vertex -9 34.45 18
   vertex -10.4079 34.45 26.8892
   vertex -9 34.45 27
  endloop
 endfacet
 facet normal -0.233445 0 0.97237
  outer loop
   vertex -10.4079 -34.45 26.8892
   vertex -11.7812 34.45 26.5595
   vertex -11.7812 -34.45 26.5595
  endloop
 endfacet
 facet normal -0.233445 0 0.97237
  outer loop
   vertex -10.4079 -34.45 26.8892
   vertex -10.4079 34.45 26.8892
   vertex -11.7812 34.45 26.5595
  endloop
 endfacet
 facet normal 0 -1 0
  outer loop
   vertex -9 -34.45 18
   vertex -10.4079 -34.45 26.8892
   vertex -11.7812 -34.45 26.5595
  endloop
 endfacet
 facet normal 0 1 0
  outer loop
   vertex -9 34.45 18
   vertex -11.7812 34.45 26.5595
   vertex -10.4079 34.45 26.8892
  endloop
 endfacet
 facet normal -0.382683 0 0.92388
  outer loop
   vertex -11.7812 -34.45 26.5595
   vertex -13.0859 34.45 26.0191
   vertex -13.0859 -34.45 26.0191
  endloop
 endfacet
 facet normal -0.382683 0 0.92388
  outer loop
   vertex -11.7812 -34.45 26.5595
   vertex -11.7812 34.45 26.5595
   vertex -13.0859 34.45 26.0191
  endloop
 endfacet
 facet normal 0 -1 0
  outer loop
   vertex -9 -34.45 18
   vertex -11.7812 -34.45 26.5595
   vertex -13.0859 -34.45 26.0191
  endloop
 endfacet
 facet normal 0 1 0
  outer loop
   vertex -9 34.45 18
   vertex -13.0859 34.45 26.0191
   vertex -11.7812 34.45 26.5595
  endloop
 endfacet
 facet normal -0.522499 0 0.85264
  outer loop
   vertex -13.0859 -34.45 26.0191
   vertex -14.2901 34.45 25.2812
   vertex -14.2901 -34.45 25.2812
  endloop
 endfacet
 facet normal -0.522499 0 0.85264
  outer loop
   vertex -13.0859 -34.45 26.0191
   vertex -13.0859 34.45 26.0191
   vertex -14.2901 34.45 25.2812
  endloop
 endfacet
 facet normal 0 -1 0
  outer loop
   vertex -9 -34.45 18
   vertex -13.0859 -34.45 26.0191
   vertex -14.2901 -34.45 25.2812
  endloop
 endfacet
 facet normal 0 1 0
  outer loop
   vertex -9 34.45 18
   vertex -14.2901 34.45 25.2812
   vertex -13.0859 34.45 26.0191
  endloop
 endfacet
 facet normal -0.649448 0 0.760406
  outer loop
   vertex -14.2901 -34.45 25.2812
   vertex -15.364 34.45 24.364
   vertex -15.364 -34.45 24.364
  endloop
 endfacet
 facet normal -0.649448 0 0.760406
  outer loop
   vertex -14.2901 -34.45 25.2812
   vertex -14.2901 34.45 25.2812
   vertex -15.364 34.45 24.364
  endloop
 endfacet
 facet normal 0 -1 0
  outer loop
   vertex -9 -34.45 18
   vertex -14.2901 -34.45 25.2812
   vertex -15.364 -34.45 24.364
  endloop
 endfacet
 facet normal 0 1 0
  outer loop
   vertex -9 34.45 18
   vertex -15.364 34.45 24.364
   vertex -14.2901 34.45 25.2812
  endloop
 endfacet
 facet normal -0.760406 0 0.649448
  outer loop
   vertex -15.364 -34.45 24.364
   vertex -16.2812 34.45 23.2901
   vertex -16.2812 -34.45 23.2901
  endloop
 endfacet
 facet normal -0.760406 0 0.649448
  outer loop
   vertex -15.364 -34.45 24.364
   vertex -15.364 34.45 24.364
   vertex -16.2812 34.45 23.2901
  endloop
 endfacet
 facet normal 0 -1 0
  outer loop
   vertex -9 -34.45 18
   vertex -15.364 -34.45 24.364
   vertex -16.2812 -34.45 23.2901
  endloop
 endfacet
 facet normal 0 1 0
  outer loop
   vertex -9 34.45 18
   vertex -16.2812 34.45 23.2901
   vertex -15.364 34.45 24.364
  endloop
 endfacet
 facet normal -0.85264 0 0.522499
  outer loop
   vertex -16.2812 -34.45 23.2901
   vertex -17.0191 34.45 22.0859
   vertex -17.0191 -34.45 22.0859
  endloop
 endfacet
 facet normal -0.85264 0 0.522499
  outer loop
   vertex -16.2812 -34.45 23.2901
   vertex -16.2812 34.45 23.2901
   vertex -17.0191 34.45 22.0859
  endloop
 endfacet
 facet normal 0 -1 0
  outer loop
   vertex -9 -34.45 18
   vertex -16.2812 -34.45 23.2901
   vertex -17.0191 -34.45 22.0859
  endloop
 endfacet
 facet normal 0 1 0
  outer loop
   vertex -9 34.45 18
   vertex -17.0191 34.45 22.0859
   vertex -16.2812 34.45 23.2901
  endloop
 endfacet
 facet normal -0.92388 0 0.382683
  outer loop
   vertex -17.0191 -34.45 22.0859
   vertex -17.5595 34.45 20.7812
   vertex -17.5595 -34.45 20.7812
  endloop
 endfacet
 facet normal -0.92388 0 0.382683
  outer loop
   vertex -17.0191 -34.45 22.0859
   vertex -17.0191 34.45 22.0859
   vertex -17.5595 34.45 20.7812
  endloop
 endfacet
 facet normal 0 -1 0
  outer loop
   vertex -9 -34.45 18
   vertex -17.0191 -34.45 22.0859
   vertex -17.5595 -34.45 20.7812
  endloop
 endfacet
 facet normal 0 1 0
  outer loop
   vertex -9 34.45 18
   vertex -17.5595 34.45 20.7812
   vertex -17.0191 34.45 22.0859
  endloop
 endfacet
 facet normal -0.97237 0 0.233445
  outer loop
   vertex -17.5595 -34.45 20.7812
   vertex -17.8892 34.45 19.4079
   vertex -17.8892 -34.45 19.4079
  endloop
 endfacet
 facet normal -0.97237 0 0.233445
  outer loop
   vertex -17.5595 -34.45 20.7812
   vertex -17.5595 34.45 20.7812
   vertex -17.8892 34.45 19.4079
  endloop
 endfacet
 facet normal 0 -1 0
  outer loop
   vertex -9 -34.45 18
   vertex -17.5595 -34.45 20.7812
   vertex -17.8892 -34.45 19.4079
  endloop
 endfacet
 facet normal 0 1 0
  outer loop
   vertex -9 34.45 18
   vertex -17.8892 34.45 19.4079
   vertex -17.5595 34.45 20.7812
  endloop
 endfacet
 facet normal -0.996917 0 0.0784591
  outer loop
   vertex -17.8892 -34.45 19.4079
   vertex -18 34.45 18
   vertex -18 -34.45 18
  endloop
 endfacet
 facet normal -0.996917 0 0.0784591
  outer loop
   vertex -17.8892 -34.45 19.4079
   vertex -17.8892 34.45 19.4079
   vertex -18 34.45 18
  endloop
 endfacet
 facet normal 0 -1 0
  outer loop
   vertex -9 -34.45 18
   vertex -17.8892 -34.45 19.4079
   vertex -18 -34.45 18
  endloop
 endfacet
 facet normal 0 1 0
  outer loop
   vertex -9 34.45 18
   vertex -18 34.45 18
   vertex -17.8892 34.45 19.4079
  endloop
 endfacet
 facet normal -0.996917 0 -0.0784591
  outer loop
   vertex -18 -34.45 18
   vertex -17.8892 34.45 16.5921
   vertex -17.8892 -34.45 16.5921
  endloop
 endfacet
 facet normal -0.996917 0 -0.0784591
  outer loop
   vertex -18 -34.45 18
   vertex -18 34.45 18
   vertex -17.8892 34.45 16.5921
  endloop
 endfacet
 facet normal -0 -1 0
  outer loop
   vertex -9 -34.45 18
   vertex -18 -34.45 18
   vertex -17.8892 -34.45 16.5921
  endloop
 endfacet
 facet normal 0 1 0
  outer loop
   vertex -9 34.45 18
   vertex -17.8892 34.45 16.5921
   vertex -18 34.45 18
  endloop
 endfacet
 facet normal -0.97237 0 -0.233445
  outer loop
   vertex -17.8892 -34.45 16.5921
   vertex -17.5595 34.45 15.2188
   vertex -17.5595 -34.45 15.2188
  endloop
 endfacet
 facet normal -0.97237 0 -0.233445
  outer loop
   vertex -17.8892 -34.45 16.5921
   vertex -17.8892 34.45 16.5921
   vertex -17.5595 34.45 15.2188
  endloop
 endfacet
 facet normal 0 -1 0
  outer loop
   vertex -9 -34.45 18
   vertex -17.8892 -34.45 16.5921
   vertex -17.5595 -34.45 15.2188
  endloop
 endfacet
 facet normal 0 1 0
  outer loop
   vertex -9 34.45 18
   vertex -17.5595 34.45 15.2188
   vertex -17.8892 34.45 16.5921
  endloop
 endfacet
 facet normal -0.92388 0 -0.382683
  outer loop
   vertex -17.5595 -34.45 15.2188
   vertex -17.0191 34.45 13.9141
   vertex -17.0191 -34.45 13.9141
  endloop
 endfacet
 facet normal -0.92388 0 -0.382683
  outer loop
   vertex -17.5595 -34.45 15.2188
   vertex -17.5595 34.45 15.2188
   vertex -17.0191 34.45 13.9141
  endloop
 endfacet
 facet normal 0 -1 0
  outer loop
   vertex -9 -34.45 18
   vertex -17.5595 -34.45 15.2188
   vertex -17.0191 -34.45 13.9141
  endloop
 endfacet
 facet normal 0 1 0
  outer loop
   vertex -9 34.45 18
   vertex -17.0191 34.45 13.9141
   vertex -17.5595 34.45 15.2188
  endloop
 endfacet
 facet normal -0.85264 0 -0.522499
  outer loop
   vertex -17.0191 -34.45 13.9141
   vertex -16.2812 34.45 12.7099
   vertex -16.2812 -34.45 12.7099
  endloop
 endfacet
 facet normal -0.85264 0 -0.522499
  outer loop
   vertex -17.0191 -34.45 13.9141
   vertex -17.0191 34.45 13.9141
   vertex -16.2812 34.45 12.7099
  endloop
 endfacet
 facet normal 0 -1 0
  outer loop
   vertex -9 -34.45 18
   vertex -17.0191 -34.45 13.9141
   vertex -16.2812 -34.45 12.7099
  endloop
 endfacet
 facet normal 0 1 0
  outer loop
   vertex -9 34.45 18
   vertex -16.2812 34.45 12.7099
   vertex -17.0191 34.45 13.9141
  endloop
 endfacet
 facet normal -0.760406 0 -0.649448
  outer loop
   vertex -16.2812 -34.45 12.7099
   vertex -15.364 34.45 11.636
   vertex -15.364 -34.45 11.636
  endloop
 endfacet
 facet normal -0.760406 0 -0.649448
  outer loop
   vertex -16.2812 -34.45 12.7099
   vertex -16.2812 34.45 12.7099
   vertex -15.364 34.45 11.636
  endloop
 endfacet
 facet normal 0 -1 0
  outer loop
   vertex -9 -34.45 18
   vertex -16.2812 -34.45 12.7099
   vertex -15.364 -34.45 11.636
  endloop
 endfacet
 facet normal 0 1 0
  outer loop
   vertex -9 34.45 18
   vertex -15.364 34.45 11.636
   vertex -16.2812 34.45 12.7099
  endloop
 endfacet
 facet normal -0.649448 0 -0.760406
  outer loop
   vertex -15.364 -34.45 11.636
   vertex -14.2901 34.45 10.7188
   vertex -14.2901 -34.45 10.7188
  endloop
 endfacet
 facet normal -0.649448 0 -0.760406
  outer loop
   vertex -15.364 -34.45 11.636
   vertex -15.364 34.45 11.636
   vertex -14.2901 34.45 10.7188
  endloop
 endfacet
 facet normal 0 -1 0
  outer loop
   vertex -9 -34.45 18
   vertex -15.364 -34.45 11.636
   vertex -14.2901 -34.45 10.7188
  endloop
 endfacet
 facet normal 0 1 0
  outer loop
   vertex -9 34.45 18
   vertex -14.2901 34.45 10.7188
   vertex -15.364 34.45 11.636
  endloop
 endfacet
 facet normal -0.522499 0 -0.85264
  outer loop
   vertex -14.2901 -34.45 10.7188
   vertex -13.0859 34.45 9.98094
   vertex -13.0859 -34.45 9.98094
  endloop
 endfacet
 facet normal -0.522499 0 -0.85264
  outer loop
   vertex -14.2901 -34.45 10.7188
   vertex -14.2901 34.45 10.7188
   vertex -13.0859 34.45 9.98094
  endloop
 endfacet
 facet normal 0 -1 0
  outer loop
   vertex -9 -34.45 18
   vertex -14.2901 -34.45 10.7188
   vertex -13.0859 -34.45 9.98094
  endloop
 endfacet
 facet normal 0 1 0
  outer loop
   vertex -9 34.45 18
   vertex -13.0859 34.45 9.98094
   vertex -14.2901 34.45 10.7188
  endloop
 endfacet
 facet normal -0.382683 0 -0.92388
  outer loop
   vertex -13.0859 -34.45 9.98094
   vertex -11.7812 34.45 9.44049
   vertex -11.7812 -34.45 9.44049
  endloop
 endfacet
 facet normal -0.382683 0 -0.92388
  outer loop
   vertex -13.0859 -34.45 9.98094
   vertex -13.0859 34.45 9.98094
   vertex -11.7812 34.45 9.44049
  endloop
 endfacet
 facet normal 0 -1 0
  outer loop
   vertex -9 -34.45 18
   vertex -13.0859 -34.45 9.98094
   vertex -11.7812 -34.45 9.44049
  endloop
 endfacet
 facet normal 0 1 0
  outer loop
   vertex -9 34.45 18
   vertex -11.7812 34.45 9.44049
   vertex -13.0859 34.45 9.98094
  endloop
 endfacet
 facet normal -0.233445 0 -0.97237
  outer loop
   vertex -11.7812 -34.45 9.44049
   vertex -10.4079 34.45 9.1108
   vertex -10.4079 -34.45 9.1108
  endloop
 endfacet
 facet normal -0.233445 0 -0.97237
  outer loop
   vertex -11.7812 -34.45 9.44049
   vertex -11.7812 34.45 9.44049
   vertex -10.4079 34.45 9.1108
  endloop
 endfacet
 facet normal 0 -1 0
  outer loop
   vertex -9 -34.45 18
   vertex -11.7812 -34.45 9.44049
   vertex -10.4079 -34.45 9.1108
  endloop
 endfacet
 facet normal 0 1 0
  outer loop
   vertex -9 34.45 18
   vertex -10.4079 34.45 9.1108
   vertex -11.7812 34.45 9.44049
  endloop
 endfacet
 facet normal -0.0784591 0 -0.996917
  outer loop
   vertex -10.4079 -34.45 9.1108
   vertex -9 34.45 9
   vertex -9 -34.45 9
  endloop
 endfacet
 facet normal -0.0784591 0 -0.996917
  outer loop
   vertex -10.4079 -34.45 9.1108
   vertex -10.4079 34.45 9.1108
   vertex -9 34.45 9
  endloop
 endfacet
 facet normal 0 -1 0
  outer loop
   vertex -9 -34.45 18
   vertex -10.4079 -34.45 9.1108
   vertex -9 -34.45 9
  endloop
 endfacet
 facet normal 0 1 0
  outer loop
   vertex -9 34.45 18
   vertex -9 34.45 9
   vertex -10.4079 34.45 9.1108
  endloop
 endfacet
 facet normal 0.0784591 0 -0.996917
  outer loop
   vertex -9 -34.45 9
   vertex -7.59209 34.45 9.1108
   vertex -7.59209 -34.45 9.1108
  endloop
 endfacet
 facet normal 0.0784591 0 -0.996917
  outer loop
   vertex -9 -34.45 9
   vertex -9 34.45 9
   vertex -7.59209 34.45 9.1108
  endloop
 endfacet
 facet normal 0 -1 -0
  outer loop
   vertex -9 -34.45 18
   vertex -9 -34.45 9
   vertex -7.59209 -34.45 9.1108
  endloop
 endfacet
 facet normal 0 1 0
  outer loop
   vertex -9 34.45 18
   vertex -7.59209 34.45 9.1108
   vertex -9 34.45 9
  endloop
 endfacet
 facet normal 0.233445 0 -0.97237
  outer loop
   vertex -7.59209 -34.45 9.1108
   vertex -6.21885 34.45 9.44049
   vertex -6.21885 -34.45 9.44049
  endloop
 endfacet
 facet normal 0.233445 0 -0.97237
  outer loop
   vertex -7.59209 -34.45 9.1108
   vertex -7.59209 34.45 9.1108
   vertex -6.21885 34.45 9.44049
  endloop
 endfacet
 facet normal 0 -1 0
  outer loop
   vertex -9 -34.45 18
   vertex -7.59209 -34.45 9.1108
   vertex -6.21885 -34.45 9.44049
  endloop
 endfacet
 facet normal 0 1 0
  outer loop
   vertex -9 34.45 18
   vertex -6.21885 34.45 9.44049
   vertex -7.59209 34.45 9.1108
  endloop
 endfacet
 facet normal 0.382683 0 -0.92388
  outer loop
   vertex -6.21885 -34.45 9.44049
   vertex -4.91409 34.45 9.98094
   vertex -4.91409 -34.45 9.98094
  endloop
 endfacet
 facet normal 0.382683 0 -0.92388
  outer loop
   vertex -6.21885 -34.45 9.44049
   vertex -6.21885 34.45 9.44049
   vertex -4.91409 34.45 9.98094
  endloop
 endfacet
 facet normal 0 -1 0
  outer loop
   vertex -9 -34.45 18
   vertex -6.21885 -34.45 9.44049
   vertex -4.91409 -34.45 9.98094
  endloop
 endfacet
 facet normal 0 1 0
  outer loop
   vertex -9 34.45 18
   vertex -4.91409 34.45 9.98094
   vertex -6.21885 34.45 9.44049
  endloop
 endfacet
 facet normal 0.522499 0 -0.85264
  outer loop
   vertex -4.91409 -34.45 9.98094
   vertex -3.70993 34.45 10.7188
   vertex -3.70993 -34.45 10.7188
  endloop
 endfacet
 facet normal 0.522499 0 -0.85264
  outer loop
   vertex -4.91409 -34.45 9.98094
   vertex -4.91409 34.45 9.98094
   vertex -3.70993 34.45 10.7188
  endloop
 endfacet
 facet normal 0 -1 0
  outer loop
   vertex -9 -34.45 18
   vertex -4.91409 -34.45 9.98094
   vertex -3.70993 -34.45 10.7188
  endloop
 endfacet
 facet normal 0 1 0
  outer loop
   vertex -9 34.45 18
   vertex -3.70993 34.45 10.7188
   vertex -4.91409 34.45 9.98094
  endloop
 endfacet
 facet normal 0.649448 0 -0.760406
  outer loop
   vertex -3.70993 -34.45 10.7188
   vertex -2.63604 34.45 11.636
   vertex -2.63604 -34.45 11.636
  endloop
 endfacet
 facet normal 0.649448 0 -0.760406
  outer loop
   vertex -3.70993 -34.45 10.7188
   vertex -3.70993 34.45 10.7188
   vertex -2.63604 34.45 11.636
  endloop
 endfacet
 facet normal 0 -1 0
  outer loop
   vertex -9 -34.45 18
   vertex -3.70993 -34.45 10.7188
   vertex -2.63604 -34.45 11.636
  endloop
 endfacet
 facet normal 0 1 0
  outer loop
   vertex -9 34.45 18
   vertex -2.63604 34.45 11.636
   vertex -3.70993 34.45 10.7188
  endloop
 endfacet
 facet normal 0.760406 0 -0.649448
  outer loop
   vertex -2.63604 -34.45 11.636
   vertex -1.71885 34.45 12.7099
   vertex -1.71885 -34.45 12.7099
  endloop
 endfacet
 facet normal 0.760406 0 -0.649448
  outer loop
   vertex -2.63604 -34.45 11.636
   vertex -2.63604 34.45 11.636
   vertex -1.71885 34.45 12.7099
  endloop
 endfacet
 facet normal 0 -1 0
  outer loop
   vertex -9 -34.45 18
   vertex -2.63604 -34.45 11.636
   vertex -1.71885 -34.45 12.7099
  endloop
 endfacet
 facet normal 0 1 0
  outer loop
   vertex -9 34.45 18
   vertex -1.71885 34.45 12.7099
   vertex -2.63604 34.45 11.636
  endloop
 endfacet
 facet normal 0.85264 0 -0.522499
  outer loop
   vertex -1.71885 -34.45 12.7099
   vertex -0.980941 34.45 13.9141
   vertex -0.980941 -34.45 13.9141
  endloop
 endfacet
 facet normal 0.85264 0 -0.522499
  outer loop
   vertex -1.71885 -34.45 12.7099
   vertex -1.71885 34.45 12.7099
   vertex -0.980941 34.45 13.9141
  endloop
 endfacet
 facet normal 0 -1 0
  outer loop
   vertex -9 -34.45 18
   vertex -1.71885 -34.45 12.7099
   vertex -0.980941 -34.45 13.9141
  endloop
 endfacet
 facet normal 0 1 0
  outer loop
   vertex -9 34.45 18
   vertex -0.980941 34.45 13.9141
   vertex -1.71885 34.45 12.7099
  endloop
 endfacet
 facet normal 0.92388 0 -0.382683
  outer loop
   vertex -0.980941 -34.45 13.9141
   vertex -0.440491 34.45 15.2188
   vertex -0.440491 -34.45 15.2188
  endloop
 endfacet
 facet normal 0.92388 0 -0.382683
  outer loop
   vertex -0.980941 -34.45 13.9141
   vertex -0.980941 34.45 13.9141
   vertex -0.440491 34.45 15.2188
  endloop
 endfacet
 facet normal 0 -1 0
  outer loop
   vertex -9 -34.45 18
   vertex -0.980941 -34.45 13.9141
   vertex -0.440491 -34.45 15.2188
  endloop
 endfacet
 facet normal 0 1 0
  outer loop
   vertex -9 34.45 18
   vertex -0.440491 34.45 15.2188
   vertex -0.980941 34.45 13.9141
  endloop
 endfacet
 facet normal 0.97237 0 -0.233445
  outer loop
   vertex -0.440491 -34.45 15.2188
   vertex -0.110805 34.45 16.5921
   vertex -0.110805 -34.45 16.5921
  endloop
 endfacet
 facet normal 0.97237 0 -0.233445
  outer loop
   vertex -0.440491 -34.45 15.2188
   vertex -0.440491 34.45 15.2188
   vertex -0.110805 34.45 16.5921
  endloop
 endfacet
 facet normal 0 -1 0
  outer loop
   vertex -9 -34.45 18
   vertex -0.440491 -34.45 15.2188
   vertex -0.110805 -34.45 16.5921
  endloop
 endfacet
 facet normal 0 1 0
  outer loop
   vertex -9 34.45 18
   vertex -0.110805 34.45 16.5921
   vertex -0.440491 34.45 15.2188
  endloop
 endfacet
 facet normal 0.996917 0 -0.0784591
  outer loop
   vertex -0.110805 -34.45 16.5921
   vertex 0 34.45 18
   vertex 0 -34.45 18
  endloop
 endfacet
 facet normal 0.996917 0 -0.0784591
  outer loop
   vertex -0.110805 -34.45 16.5921
   vertex -0.110805 34.45 16.5921
   vertex 0 34.45 18
  endloop
 endfacet
 facet normal 0 -1 0
  outer loop
   vertex -9 -34.45 18
   vertex -0.110805 -34.45 16.5921
   vertex 0 -34.45 18
  endloop
 endfacet
 facet normal 0 1 0
  outer loop
   vertex -9 34.45 18
   vertex 0 34.45 18
   vertex -0.110805 34.45 16.5921
  endloop
 endfacet
 facet normal 0.996917 0 0.0784591
  outer loop
   vertex 18 -34.45 18
   vertex 17.8892 34.45 19.4079
   vertex 17.8892 -34.45 19.4079
  endloop
 endfacet
 facet normal 0.996917 -0 0.0784591
  outer loop
   vertex 18 -34.45 18
   vertex 18 34.45 18
   vertex 17.8892 34.45 19.4079
  endloop
 endfacet
 facet normal 0 -1 0
  outer loop
   vertex 9 -34.45 18
   vertex 18 -34.45 18
   vertex 17.8892 -34.45 19.4079
  endloop
 endfacet
 facet normal 0 1 0
  outer loop
   vertex 9 34.45 18
   vertex 17.8892 34.45 19.4079
   vertex 18 34.45 18
  endloop
 endfacet
 facet normal 0.97237 0 0.233445
  outer loop
   vertex 17.8892 -34.45 19.4079
   vertex 17.5595 34.45 20.7812
   vertex 17.5595 -34.45 20.7812
  endloop
 endfacet
 facet normal 0.97237 -0 0.233445
  outer loop
   vertex 17.8892 -34.45 19.4079
   vertex 17.8892 34.45 19.4079
   vertex 17.5595 34.45 20.7812
  endloop
 endfacet
 facet normal 0 -1 0
  outer loop
   vertex 9 -34.45 18
   vertex 17.8892 -34.45 19.4079
   vertex 17.5595 -34.45 20.7812
  endloop
 endfacet
 facet normal 0 1 0
  outer loop
   vertex 9 34.45 18
   vertex 17.5595 34.45 20.7812
   vertex 17.8892 34.45 19.4079
  endloop
 endfacet
 facet normal 0.92388 0 0.382683
  outer loop
   vertex 17.5595 -34.45 20.7812
   vertex 17.0191 34.45 22.0859
   vertex 17.0191 -34.45 22.0859
  endloop
 endfacet
 facet normal 0.92388 -0 0.382683
  outer loop
   vertex 17.5595 -34.45 20.7812
   vertex 17.5595 34.45 20.7812
   vertex 17.0191 34.45 22.0859
  endloop
 endfacet
 facet normal 0 -1 0
  outer loop
   vertex 9 -34.45 18
   vertex 17.5595 -34.45 20.7812
   vertex 17.0191 -34.45 22.0859
  endloop
 endfacet
 facet normal 0 1 0
  outer loop
   vertex 9 34.45 18
   vertex 17.0191 34.45 22.0859
   vertex 17.5595 34.45 20.7812
  endloop
 endfacet
 facet normal 0.85264 0 0.522499
  outer loop
   vertex 17.0191 -34.45 22.0859
   vertex 16.2812 34.45 23.2901
   vertex 16.2812 -34.45 23.2901
  endloop
 endfacet
 facet normal 0.85264 -0 0.522499
  outer loop
   vertex 17.0191 -34.45 22.0859
   vertex 17.0191 34.45 22.0859
   vertex 16.2812 34.45 23.2901
  endloop
 endfacet
 facet normal 0 -1 0
  outer loop
   vertex 9 -34.45 18
   vertex 17.0191 -34.45 22.0859
   vertex 16.2812 -34.45 23.2901
  endloop
 endfacet
 facet normal 0 1 0
  outer loop
   vertex 9 34.45 18
   vertex 16.2812 34.45 23.2901
   vertex 17.0191 34.45 22.0859
  endloop
 endfacet
 facet normal 0.760406 0 0.649448
  outer loop
   vertex 16.2812 -34.45 23.2901
   vertex 15.364 34.45 24.364
   vertex 15.364 -34.45 24.364
  endloop
 endfacet
 facet normal 0.760406 -0 0.649448
  outer loop
   vertex 16.2812 -34.45 23.2901
   vertex 16.2812 34.45 23.2901
   vertex 15.364 34.45 24.364
  endloop
 endfacet
 facet normal 0 -1 0
  outer loop
   vertex 9 -34.45 18
   vertex 16.2812 -34.45 23.2901
   vertex 15.364 -34.45 24.364
  endloop
 endfacet
 facet normal 0 1 0
  outer loop
   vertex 9 34.45 18
   vertex 15.364 34.45 24.364
   vertex 16.2812 34.45 23.2901
  endloop
 endfacet
 facet normal 0.649448 0 0.760406
  outer loop
   vertex 15.364 -34.45 24.364
   vertex 14.2901 34.45 25.2812
   vertex 14.2901 -34.45 25.2812
  endloop
 endfacet
 facet normal 0.649448 -0 0.760406
  outer loop
   vertex 15.364 -34.45 24.364
   vertex 15.364 34.45 24.364
   vertex 14.2901 34.45 25.2812
  endloop
 endfacet
 facet normal 0 -1 0
  outer loop
   vertex 9 -34.45 18
   vertex 15.364 -34.45 24.364
   vertex 14.2901 -34.45 25.2812
  endloop
 endfacet
 facet normal 0 1 0
  outer loop
   vertex 9 34.45 18
   vertex 14.2901 34.45 25.2812
   vertex 15.364 34.45 24.364
  endloop
 endfacet
 facet normal 0.522499 0 0.85264
  outer loop
   vertex 14.2901 -34.45 25.2812
   vertex 13.0859 34.45 26.0191
   vertex 13.0859 -34.45 26.0191
  endloop
 endfacet
 facet normal 0.522499 -0 0.85264
  outer loop
   vertex 14.2901 -34.45 25.2812
   vertex 14.2901 34.45 25.2812
   vertex 13.0859 34.45 26.0191
  endloop
 endfacet
 facet normal 0 -1 0
  outer loop
   vertex 9 -34.45 18
   vertex 14.2901 -34.45 25.2812
   vertex 13.0859 -34.45 26.0191
  endloop
 endfacet
 facet normal 0 1 0
  outer loop
   vertex 9 34.45 18
   vertex 13.0859 34.45 26.0191
   vertex 14.2901 34.45 25.2812
  endloop
 endfacet
 facet normal 0.382683 0 0.92388
  outer loop
   vertex 13.0859 -34.45 26.0191
   vertex 11.7812 34.45 26.5595
   vertex 11.7812 -34.45 26.5595
  endloop
 endfacet
 facet normal 0.382683 -0 0.92388
  outer loop
   vertex 13.0859 -34.45 26.0191
   vertex 13.0859 34.45 26.0191
   vertex 11.7812 34.45 26.5595
  endloop
 endfacet
 facet normal 0 -1 0
  outer loop
   vertex 9 -34.45 18
   vertex 13.0859 -34.45 26.0191
   vertex 11.7812 -34.45 26.5595
  endloop
 endfacet
 facet normal 0 1 0
  outer loop
   vertex 9 34.45 18
   vertex 11.7812 34.45 26.5595
   vertex 13.0859 34.45 26.0191
  endloop
 endfacet
 facet normal 0.233445 0 0.97237
  outer loop
   vertex 11.7812 -34.45 26.5595
   vertex 10.4079 34.45 26.8892
   vertex 10.4079 -34.45 26.8892
  endloop
 endfacet
 facet normal 0.233445 -0 0.97237
  outer loop
   vertex 11.7812 -34.45 26.5595
   vertex 11.7812 34.45 26.5595
   vertex 10.4079 34.45 26.8892
  endloop
 endfacet
 facet normal 0 -1 0
  outer loop
   vertex 9 -34.45 18
   vertex 11.7812 -34.45 26.5595
   vertex 10.4079 -34.45 26.8892
  endloop
 endfacet
 facet normal 0 1 0
  outer loop
   vertex 9 34.45 18
   vertex 10.4079 34.45 26.8892
   vertex 11.7812 34.45 26.5595
  endloop
 endfacet
 facet normal 0.0784591 0 0.996917
  outer loop
   vertex 10.4079 -34.45 26.8892
   vertex 9 34.45 27
   vertex 9 -34.45 27
  endloop
 endfacet
 facet normal 0.0784591 -0 0.996917
  outer loop
   vertex 10.4079 -34.45 26.8892
   vertex 10.4079 34.45 26.8892
   vertex 9 34.45 27
  endloop
 endfacet
 facet normal 0 -1 0
  outer loop
   vertex 9 -34.45 18
   vertex 10.4079 -34.45 26.8892
   vertex 9 -34.45 27
  endloop
 endfacet
 facet normal 0 1 0
  outer loop
   vertex 9 34.45 18
   vertex 9 34.45 27
   vertex 10.4079 34.45 26.8892
  endloop
 endfacet
 facet normal -0.0784591 0 0.996917
  outer loop
   vertex 9 -34.45 27
   vertex 7.59209 34.45 26.8892
   vertex 7.59209 -34.45 26.8892
  endloop
 endfacet
 facet normal -0.0784591 0 0.996917
  outer loop
   vertex 9 -34.45 27
   vertex 9 34.45 27
   vertex 7.59209 34.45 26.8892
  endloop
 endfacet
 facet normal 0 -1 0
  outer loop
   vertex 9 -34.45 18
   vertex 9 -34.45 27
   vertex 7.59209 -34.45 26.8892
  endloop
 endfacet
 facet normal 0 1 -0
  outer loop
   vertex 9 34.45 18
   vertex 7.59209 34.45 26.8892
   vertex 9 34.45 27
  endloop
 endfacet
 facet normal -0.233445 0 0.97237
  outer loop
   vertex 7.59209 -34.45 26.8892
   vertex 6.21885 34.45 26.5595
   vertex 6.21885 -34.45 26.5595
  endloop
 endfacet
 facet normal -0.233445 0 0.97237
  outer loop
   vertex 7.59209 -34.45 26.8892
   vertex 7.59209 34.45 26.8892
   vertex 6.21885 34.45 26.5595
  endloop
 endfacet
 facet normal 0 -1 0
  outer loop
   vertex 9 -34.45 18
   vertex 7.59209 -34.45 26.8892
   vertex 6.21885 -34.45 26.5595
  endloop
 endfacet
 facet normal 0 1 0
  outer loop
   vertex 9 34.45 18
   vertex 6.21885 34.45 26.5595
   vertex 7.59209 34.45 26.8892
  endloop
 endfacet
 facet normal -0.382683 0 0.92388
  outer loop
   vertex 6.21885 -34.45 26.5595
   vertex 4.91409 34.45 26.0191
   vertex 4.91409 -34.45 26.0191
  endloop
 endfacet
 facet normal -0.382683 0 0.92388
  outer loop
   vertex 6.21885 -34.45 26.5595
   vertex 6.21885 34.45 26.5595
   vertex 4.91409 34.45 26.0191
  endloop
 endfacet
 facet normal 0 -1 0
  outer loop
   vertex 9 -34.45 18
   vertex 6.21885 -34.45 26.5595
   vertex 4.91409 -34.45 26.0191
  endloop
 endfacet
 facet normal 0 1 0
  outer loop
   vertex 9 34.45 18
   vertex 4.91409 34.45 26.0191
   vertex 6.21885 34.45 26.5595
  endloop
 endfacet
 facet normal -0.522499 0 0.85264
  outer loop
   vertex 4.91409 -34.45 26.0191
   vertex 3.70993 34.45 25.2812
   vertex 3.70993 -34.45 25.2812
  endloop
 endfacet
 facet normal -0.522499 0 0.85264
  outer loop
   vertex 4.91409 -34.45 26.0191
   vertex 4.91409 34.45 26.0191
   vertex 3.70993 34.45 25.2812
  endloop
 endfacet
 facet normal 0 -1 0
  outer loop
   vertex 9 -34.45 18
   vertex 4.91409 -34.45 26.0191
   vertex 3.70993 -34.45 25.2812
  endloop
 endfacet
 facet normal 0 1 0
  outer loop
   vertex 9 34.45 18
   vertex 3.70993 34.45 25.2812
   vertex 4.91409 34.45 26.0191
  endloop
 endfacet
 facet normal -0.649448 0 0.760406
  outer loop
   vertex 3.70993 -34.45 25.2812
   vertex 2.63604 34.45 24.364
   vertex 2.63604 -34.45 24.364
  endloop
 endfacet
 facet normal -0.649448 0 0.760406
  outer loop
   vertex 3.70993 -34.45 25.2812
   vertex 3.70993 34.45 25.2812
   vertex 2.63604 34.45 24.364
  endloop
 endfacet
 facet normal 0 -1 0
  outer loop
   vertex 9 -34.45 18
   vertex 3.70993 -34.45 25.2812
   vertex 2.63604 -34.45 24.364
  endloop
 endfacet
 facet normal 0 1 0
  outer loop
   vertex 9 34.45 18
   vertex 2.63604 34.45 24.364
   vertex 3.70993 34.45 25.2812
  endloop
 endfacet
 facet normal -0.760406 0 0.649448
  outer loop
   vertex 2.63604 -34.45 24.364
   vertex 1.71885 34.45 23.2901
   vertex 1.71885 -34.45 23.2901
  endloop
 endfacet
 facet normal -0.760406 0 0.649448
  outer loop
   vertex 2.63604 -34.45 24.364
   vertex 2.63604 34.45 24.364
   vertex 1.71885 34.45 23.2901
  endloop
 endfacet
 facet normal 0 -1 0
  outer loop
   vertex 9 -34.45 18
   vertex 2.63604 -34.45 24.364
   vertex 1.71885 -34.45 23.2901
  endloop
 endfacet
 facet normal 0 1 0
  outer loop
   vertex 9 34.45 18
   vertex 1.71885 34.45 23.2901
   vertex 2.63604 34.45 24.364
  endloop
 endfacet
 facet normal -0.85264 0 0.522499
  outer loop
   vertex 1.71885 -34.45 23.2901
   vertex 0.980941 34.45 22.0859
   vertex 0.980941 -34.45 22.0859
  endloop
 endfacet
 facet normal -0.85264 0 0.522499
  outer loop
   vertex 1.71885 -34.45 23.2901
   vertex 1.71885 34.45 23.2901
   vertex 0.980941 34.45 22.0859
  endloop
 endfacet
 facet normal 0 -1 0
  outer loop
   vertex 9 -34.45 18
   vertex 1.71885 -34.45 23.2901
   vertex 0.980941 -34.45 22.0859
  endloop
 endfacet
 facet normal 0 1 0
  outer loop
   vertex 9 34.45 18
   vertex 0.980941 34.45 22.0859
   vertex 1.71885 34.45 23.2901
  endloop
 endfacet
 facet normal -0.92388 0 0.382683
  outer loop
   vertex 0.980941 -34.45 22.0859
   vertex 0.440491 34.45 20.7812
   vertex 0.440491 -34.45 20.7812
  endloop
 endfacet
 facet normal -0.92388 0 0.382683
  outer loop
   vertex 0.980941 -34.45 22.0859
   vertex 0.980941 34.45 22.0859
   vertex 0.440491 34.45 20.7812
  endloop
 endfacet
 facet normal 0 -1 0
  outer loop
   vertex 9 -34.45 18
   vertex 0.980941 -34.45 22.0859
   vertex 0.440491 -34.45 20.7812
  endloop
 endfacet
 facet normal 0 1 0
  outer loop
   vertex 9 34.45 18
   vertex 0.440491 34.45 20.7812
   vertex 0.980941 34.45 22.0859
  endloop
 endfacet
 facet normal -0.97237 0 0.233445
  outer loop
   vertex 0.440491 -34.45 20.7812
   vertex 0.110805 34.45 19.4079
   vertex 0.110805 -34.45 19.4079
  endloop
 endfacet
 facet normal -0.97237 0 0.233445
  outer loop
   vertex 0.440491 -34.45 20.7812
   vertex 0.440491 34.45 20.7812
   vertex 0.110805 34.45 19.4079
  endloop
 endfacet
 facet normal 0 -1 0
  outer loop
   vertex 9 -34.45 18
   vertex 0.440491 -34.45 20.7812
   vertex 0.110805 -34.45 19.4079
  endloop
 endfacet
 facet normal 0 1 0
  outer loop
   vertex 9 34.45 18
   vertex 0.110805 34.45 19.4079
   vertex 0.440491 34.45 20.7812
  endloop
 endfacet
 facet normal -0.996917 0 0.0784591
  outer loop
   vertex 0.110805 -34.45 19.4079
   vertex 0 34.45 18
   vertex 0 -34.45 18
  endloop
 endfacet
 facet normal -0.996917 0 0.0784591
  outer loop
   vertex 0.110805 -34.45 19.4079
   vertex 0.110805 34.45 19.4079
   vertex 0 34.45 18
  endloop
 endfacet
 facet normal 0 -1 0
  outer loop
   vertex 9 -34.45 18
   vertex 0.110805 -34.45 19.4079
   vertex 0 -34.45 18
  endloop
 endfacet
 facet normal 0 1 0
  outer loop
   vertex 9 34.45 18
   vertex 0 34.45 18
   vertex 0.110805 34.45 19.4079
  endloop
 endfacet
 facet normal -0.996917 0 -0.0784591
  outer loop
   vertex 0 -34.45 18
   vertex 0.110805 34.45 16.5921
   vertex 0.110805 -34.45 16.5921
  endloop
 endfacet
 facet normal -0.996917 0 -0.0784591
  outer loop
   vertex 0 -34.45 18
   vertex 0 34.45 18
   vertex 0.110805 34.45 16.5921
  endloop
 endfacet
 facet normal -0 -1 0
  outer loop
   vertex 9 -34.45 18
   vertex 0 -34.45 18
   vertex 0.110805 -34.45 16.5921
  endloop
 endfacet
 facet normal 0 1 0
  outer loop
   vertex 9 34.45 18
   vertex 0.110805 34.45 16.5921
   vertex 0 34.45 18
  endloop
 endfacet
 facet normal -0.97237 0 -0.233445
  outer loop
   vertex 0.110805 -34.45 16.5921
   vertex 0.440491 34.45 15.2188
   vertex 0.440491 -34.45 15.2188
  endloop
 endfacet
 facet normal -0.97237 0 -0.233445
  outer loop
   vertex 0.110805 -34.45 16.5921
   vertex 0.110805 34.45 16.5921
   vertex 0.440491 34.45 15.2188
  endloop
 endfacet
 facet normal 0 -1 0
  outer loop
   vertex 9 -34.45 18
   vertex 0.110805 -34.45 16.5921
   vertex 0.440491 -34.45 15.2188
  endloop
 endfacet
 facet normal 0 1 0
  outer loop
   vertex 9 34.45 18
   vertex 0.440491 34.45 15.2188
   vertex 0.110805 34.45 16.5921
  endloop
 endfacet
 facet normal -0.92388 0 -0.382683
  outer loop
   vertex 0.440491 -34.45 15.2188
   vertex 0.980941 34.45 13.9141
   vertex 0.980941 -34.45 13.9141
  endloop
 endfacet
 facet normal -0.92388 0 -0.382683
  outer loop
   vertex 0.440491 -34.45 15.2188
   vertex 0.440491 34.45 15.2188
   vertex 0.980941 34.45 13.9141
  endloop
 endfacet
 facet normal 0 -1 0
  outer loop
   vertex 9 -34.45 18
   vertex 0.440491 -34.45 15.2188
   vertex 0.980941 -34.45 13.9141
  endloop
 endfacet
 facet normal 0 1 0
  outer loop
   vertex 9 34.45 18
   vertex 0.980941 34.45 13.9141
   vertex 0.440491 34.45 15.2188
  endloop
 endfacet
 facet normal -0.85264 0 -0.522499
  outer loop
   vertex 0.980941 -34.45 13.9141
   vertex 1.71885 34.45 12.7099
   vertex 1.71885 -34.45 12.7099
  endloop
 endfacet
 facet normal -0.85264 0 -0.522499
  outer loop
   vertex 0.980941 -34.45 13.9141
   vertex 0.980941 34.45 13.9141
   vertex 1.71885 34.45 12.7099
  endloop
 endfacet
 facet normal 0 -1 0
  outer loop
   vertex 9 -34.45 18
   vertex 0.980941 -34.45 13.9141
   vertex 1.71885 -34.45 12.7099
  endloop
 endfacet
 facet normal 0 1 0
  outer loop
   vertex 9 34.45 18
   vertex 1.71885 34.45 12.7099
   vertex 0.980941 34.45 13.9141
  endloop
 endfacet
 facet normal -0.760406 0 -0.649448
  outer loop
   vertex 1.71885 -34.45 12.7099
   vertex 2.63604 34.45 11.636
   vertex 2.63604 -34.45 11.636
  endloop
 endfacet
 facet normal -0.760406 0 -0.649448
  outer loop
   vertex 1.71885 -34.45 12.7099
   vertex 1.71885 34.45 12.7099
   vertex 2.63604 34.45 11.636
  endloop
 endfacet
 facet normal 0 -1 0
  outer loop
   vertex 9 -34.45 18
   vertex 1.71885 -34.45 12.7099
   vertex 2.63604 -34.45 11.636
  endloop
 endfacet
 facet normal 0 1 0
  outer loop
   vertex 9 34.45 18
   vertex 2.63604 34.45 11.636
   vertex 1.71885 34.45 12.7099
  endloop
 endfacet
 facet normal -0.649448 0 -0.760406
  outer loop
   vertex 2.63604 -34.45 11.636
   vertex 3.70993 34.45 10.7188
   vertex 3.70993 -34.45 10.7188
  endloop
 endfacet
 facet normal -0.649448 0 -0.760406
  outer loop
   vertex 2.63604 -34.45 11.636
   vertex 2.63604 34.45 11.636
   vertex 3.70993 34.45 10.7188
  endloop
 endfacet
 facet normal 0 -1 0
  outer loop
   vertex 9 -34.45 18
   vertex 2.63604 -34.45 11.636
   vertex 3.70993 -34.45 10.7188
  endloop
 endfacet
 facet normal 0 1 0
  outer loop
   vertex 9 34.45 18
   vertex 3.70993 34.45 10.7188
   vertex 2.63604 34.45 11.636
  endloop
 endfacet
 facet normal -0.522499 0 -0.85264
  outer loop
   vertex 3.70993 -34.45 10.7188
   vertex 4.91409 34.45 9.98094
   vertex 4.91409 -34.45 9.98094
  endloop
 endfacet
 facet normal -0.522499 0 -0.85264
  outer loop
   vertex 3.70993 -34.45 10.7188
   vertex 3.70993 34.45 10.7188
   vertex 4.91409 34.45 9.98094
  endloop
 endfacet
 facet normal 0 -1 0
  outer loop
   vertex 9 -34.45 18
   vertex 3.70993 -34.45 10.7188
   vertex 4.91409 -34.45 9.98094
  endloop
 endfacet
 facet normal 0 1 0
  outer loop
   vertex 9 34.45 18
   vertex 4.91409 34.45 9.98094
   vertex 3.70993 34.45 10.7188
  endloop
 endfacet
 facet normal -0.382683 0 -0.92388
  outer loop
   vertex 4.91409 -34.45 9.98094
   vertex 6.21885 34.45 9.44049
   vertex 6.21885 -34.45 9.44049
  endloop
 endfacet
 facet normal -0.382683 0 -0.92388
  outer loop
   vertex 4.91409 -34.45 9.98094
   vertex 4.91409 34.45 9.98094
   vertex 6.21885 34.45 9.44049
  endloop
 endfacet
 facet normal 0 -1 0
  outer loop
   vertex 9 -34.45 18
   vertex 4.91409 -34.45 9.98094
   vertex 6.21885 -34.45 9.44049
  endloop
 endfacet
 facet normal 0 1 0
  outer loop
   vertex 9 34.45 18
   vertex 6.21885 34.45 9.44049
   vertex 4.91409 34.45 9.98094
  endloop
 endfacet
 facet normal -0.233445 0 -0.97237
  outer loop
   vertex 6.21885 -34.45 9.44049
   vertex 7.59209 34.45 9.1108
   vertex 7.59209 -34.45 9.1108
  endloop
 endfacet
 facet normal -0.233445 0 -0.97237
  outer loop
   vertex 6.21885 -34.45 9.44049
   vertex 6.21885 34.45 9.44049
   vertex 7.59209 34.45 9.1108
  endloop
 endfacet
 facet normal 0 -1 0
  outer loop
   vertex 9 -34.45 18
   vertex 6.21885 -34.45 9.44049
   vertex 7.59209 -34.45 9.1108
  endloop
 endfacet
 facet normal 0 1 0
  outer loop
   vertex 9 34.45 18
   vertex 7.59209 34.45 9.1108
   vertex 6.21885 34.45 9.44049
  endloop
 endfacet
 facet normal -0.0784591 0 -0.996917
  outer loop
   vertex 7.59209 -34.45 9.1108
   vertex 9 34.45 9
   vertex 9 -34.45 9
  endloop
 endfacet
 facet normal -0.0784591 0 -0.996917
  outer loop
   vertex 7.59209 -34.45 9.1108
   vertex 7.59209 34.45 9.1108
   vertex 9 34.45 9
  endloop
 endfacet
 facet normal 0 -1 0
  outer loop
   vertex 9 -34.45 18
   vertex 7.59209 -34.45 9.1108
   vertex 9 -34.45 9
  endloop
 endfacet
 facet normal 0 1 0
  outer loop
   vertex 9 34.45 18
   vertex 9 34.45 9
   vertex 7.59209 34.45 9.1108
  endloop
 endfacet
 facet normal 0.0784591 0 -0.996917
  outer loop
   vertex 9 -34.45 9
   vertex 10.4079 34.45 9.1108
   vertex 10.4079 -34.45 9.1108
  endloop
 endfacet
 facet normal 0.0784591 0 -0.996917
  outer loop
   vertex 9 -34.45 9
   vertex 9 34.45 9
   vertex 10.4079 34.45 9.1108
  endloop
 endfacet
 facet normal 0 -1 -0
  outer loop
   vertex 9 -34.45 18
   vertex 9 -34.45 9
   vertex 10.4079 -34.45 9.1108
  endloop
 endfacet
 facet normal 0 1 0
  outer loop
   vertex 9 34.45 18
   vertex 10.4079 34.45 9.1108
   vertex 9 34.45 9
  endloop
 endfacet
 facet normal 0.233445 0 -0.97237
  outer loop
   vertex 10.4079 -34.45 9.1108
   vertex 11.7812 34.45 9.44049
   vertex 11.7812 -34.45 9.44049
  endloop
 endfacet
 facet normal 0.233445 0 -0.97237
  outer loop
   vertex 10.4079 -34.45 9.1108
   vertex 10.4079 34.45 9.1108
   vertex 11.7812 34.45 9.44049
  endloop
 endfacet
 facet normal 0 -1 0
  outer loop
   vertex 9 -34.45 18
   vertex 10.4079 -34.45 9.1108
   vertex 11.7812 -34.45 9.44049
  endloop
 endfacet
 facet normal 0 1 0
  outer loop
   vertex 9 34.45 18
   vertex 11.7812 34.45 9.44049
   vertex 10.4079 34.45 9.1108
  endloop
 endfacet
 facet normal 0.382683 0 -0.92388
  outer loop
   vertex 11.7812 -34.45 9.44049
   vertex 13.0859 34.45 9.98094
   vertex 13.0859 -34.45 9.98094
  endloop
 endfacet
 facet normal 0.382683 0 -0.92388
  outer loop
   vertex 11.7812 -34.45 9.44049
   vertex 11.7812 34.45 9.44049
   vertex 13.0859 34.45 9.98094
  endloop
 endfacet
 facet normal 0 -1 0
  outer loop
   vertex 9 -34.45 18
   vertex 11.7812 -34.45 9.44049
   vertex 13.0859 -34.45 9.98094
  endloop
 endfacet
 facet normal 0 1 0
  outer loop
   vertex 9 34.45 18
   vertex 13.0859 34.45 9.98094
   vertex 11.7812 34.45 9.44049
  endloop
 endfacet
 facet normal 0.522499 0 -0.85264
  outer loop
   vertex 13.0859 -34.45 9.98094
   vertex 14.2901 34.45 10.7188
   vertex 14.2901 -34.45 10.7188
  endloop
 endfacet
 facet normal 0.522499 0 -0.85264
  outer loop
   vertex 13.0859 -34.45 9.98094
   vertex 13.0859 34.45 9.98094
   vertex 14.2901 34.45 10.7188
  endloop
 endfacet
 facet normal 0 -1 0
  outer loop
   vertex 9 -34.45 18
   vertex 13.0859 -34.45 9.98094
   vertex 14.2901 -34.45 10.7188
  endloop
 endfacet
 facet normal 0 1 0
  outer loop
   vertex 9 34.45 18
   vertex 14.2901 34.45 10.7188
   vertex 13.0859 34.45 9.98094
  endloop
 endfacet
 facet normal 0.649448 0 -0.760406
  outer loop
   vertex 14.2901 -34.45 10.7188
   vertex 15.364 34.45 11.636
   vertex 15.364 -34.45 11.636
  endloop
 endfacet
 facet normal 0.649448 0 -0.760406
  outer loop
   vertex 14.2901 -34.45 10.7188
   vertex 14.2901 34.45 10.7188
   vertex 15.364 34.45 11.636
  endloop
 endfacet
 facet normal 0 -1 0
  outer loop
   vertex 9 -34.45 18
   vertex 14.2901 -34.45 10.7188
   vertex 15.364 -34.45 11.636
  endloop
 endfacet
 facet normal 0 1 0
  outer loop
   vertex 9 34.45 18
   vertex 15.364 34.45 11.636
   vertex 14.2901 34.45 10.7188
  endloop
 endfacet
 facet normal 0.760406 0 -0.649448
  outer loop
   vertex 15.364 -34.45 11.636
   vertex 16.2812 34.45 12.7099
   vertex 16.2812 -34.45 12.7099
  endloop
 endfacet
 facet normal 0.760406 0 -0.649448
  outer loop
   vertex 15.364 -34.45 11.636
   vertex 15.364 34.45 11.636
   vertex 16.2812 34.45 12.7099
  endloop
 endfacet
 facet normal 0 -1 0
  outer loop
   vertex 9 -34.45 18
   vertex 15.364 -34.45 11.636
   vertex 16.2812 -34.45 12.7099
  endloop
 endfacet
 facet normal 0 1 0
  outer loop
   vertex 9 34.45 18
   vertex 16.2812 34.45 12.7099
   vertex 15.364 34.45 11.636
  endloop
 endfacet
 facet normal 0.85264 0 -0.522499
  outer loop
   vertex 16.2812 -34.45 12.7099
   vertex 17.0191 34.45 13.9141
   vertex 17.0191 -34.45 13.9141
  endloop
 endfacet
 facet normal 0.85264 0 -0.522499
  outer loop
   vertex 16.2812 -34.45 12.7099
   vertex 16.2812 34.45 12.7099
   vertex 17.0191 34.45 13.9141
  endloop
 endfacet
 facet normal 0 -1 0
  outer loop
   vertex 9 -34.45 18
   vertex 16.2812 -34.45 12.7099
   vertex 17.0191 -34.45 13.9141
  endloop
 endfacet
 facet normal 0 1 0
  outer loop
   vertex 9 34.45 18
   vertex 17.0191 34.45 13.9141
   vertex 16.2812 34.45 12.7099
  endloop
 endfacet
 facet normal 0.92388 0 -0.382683
  outer loop
   vertex 17.0191 -34.45 13.9141
   vertex 17.5595 34.45 15.2188
   vertex 17.5595 -34.45 15.2188
  endloop
 endfacet
 facet normal 0.92388 0 -0.382683
  outer loop
   vertex 17.0191 -34.45 13.9141
   vertex 17.0191 34.45 13.9141
   vertex 17.5595 34.45 15.2188
  endloop
 endfacet
 facet normal 0 -1 0
  outer loop
   vertex 9 -34.45 18
   vertex 17.0191 -34.45 13.9141
   vertex 17.5595 -34.45 15.2188
  endloop
 endfacet
 facet normal 0 1 0
  outer loop
   vertex 9 34.45 18
   vertex 17.5595 34.45 15.2188
   vertex 17.0191 34.45 13.9141
  endloop
 endfacet
 facet normal 0.97237 0 -0.233445
  outer loop
   vertex 17.5595 -34.45 15.2188
   vertex 17.8892 34.45 16.5921
   vertex 17.8892 -34.45 16.5921
  endloop
 endfacet
 facet normal 0.97237 0 -0.233445
  outer loop
   vertex 17.5595 -34.45 15.2188
   vertex 17.5595 34.45 15.2188
   vertex 17.8892 34.45 16.5921
  endloop
 endfacet
 facet normal 0 -1 0
  outer loop
   vertex 9 -34.45 18
   vertex 17.5595 -34.45 15.2188
   vertex 17.8892 -34.45 16.5921
  endloop
 endfacet
 facet normal 0 1 0
  outer loop
   vertex 9 34.45 18
   vertex 17.8892 34.45 16.5921
   vertex 17.5595 34.45 15.2188
  endloop
 endfacet
 facet normal 0.996917 0 -0.0784591
  outer loop
   vertex 17.8892 -34.45 16.5921
   vertex 18 34.45 18
   vertex 18 -34.45 18
  endloop
 endfacet
 facet normal 0.996917 0 -0.0784591
  outer loop
   vertex 17.8892 -34.45 16.5921
   vertex 17.8892 34.45 16.5921
   vertex 18 34.45 18
  endloop
 endfacet
 facet normal 0 -1 0
  outer loop
   vertex 9 -34.45 18
   vertex 17.8892 -34.45 16.5921
   vertex 18 -34.45 18
  endloop
 endfacet
 facet normal 0 1 0
  outer loop
   vertex 9 34.45 18
   vertex 18 34.45 18
   vertex 17.8892 34.45 16.5921
  endloop
 endfacet
 facet normal 0 0 -1
  outer loop
   vertex -20.5 -36.85 -29.5
   vertex 20.5 -34.45 -29.5
   vertex 20.5 -36.85 -29.5
  endloop
 endfacet
 facet normal 0 0 -1
  outer loop
   vertex -20.5 -36.85 -29.5
   vertex -20.5 -34.45 -29.5
   vertex 20.5 -34.45 -29.5
  endloop
 endfacet
 facet normal 0 0 1
  outer loop
   vertex -20.5 -36.85 29.5
   vertex 20.5 -36.85 29.5
   vertex 20.5 -34.45 29.5
  endloop
 endfacet
 facet normal 0 0 1
  outer loop
   vertex -20.5 -36.85 29.5
   vertex 20.5 -34.45 29.5
   vertex -20.5 -34.45 29.5
  endloop
 endfacet
 facet normal 0 -1 0
  outer loop
   vertex -20.5 -36.85 -29.5
   vertex 20.5 -36.85 -29.5
   vertex 20.5 -36.85 29.5
  endloop
 endfacet
 facet normal 0 -1 0
  outer loop
   vertex -20.5 -36.85 -29.5
   vertex 20.5 -36.85 29.5
   vertex -20.5 -36.85 29.5
  endloop
 endfacet
 facet normal 1 0 0
  outer loop
   vertex 20.5 -36.85 -29.5
   vertex 20.5 -34.45 -29.5
   vertex 20.5 -34.45 29.5
  endloop
 endfacet
 facet normal 1 0 0
  outer loop
   vertex 20.5 -36.85 -29.5
   vertex 20.5 -34.45 29.5
   vertex 20.5 -36.85 29.5
  endloop
 endfacet
 facet normal 0 1 0
  outer loop
   vertex 20.5 -34.45 -29.5
   vertex -20.5 -34.45 -29.5
   vertex -20.5 -34.45 29.5
  endloop
 endfacet
 facet normal 0 1 -0
  outer loop
   vertex 20.5 -34.45 -29.5
   vertex -20.5 -34.45 29.5
   vertex 20.5 -34.45 29.5
  endloop
 endfacet
 facet normal -1 0 0
  outer loop
   vertex -20.5 -34.45 -29.5
   vertex -20.5 -36.85 -29.5
   vertex -20.5 -36.85 29.5
  endloop
 endfacet
 facet normal -1 0 0
  outer loop
   vertex -20.5 -34.45 -29.5
   vertex -20.5 -36.85 29.5
   vertex -20.5 -34.45 29.5
  endloop
 endfacet
 facet normal 0 0 -1
  outer loop
   vertex -20.5 34.45 -29.5
   vertex 20.5 36.85 -29.5
   vertex 20.5 34.45 -29.5
  endloop
 endfacet
 facet normal 0 0 -1
  outer loop
   vertex -20.5 34.45 -29.5
   vertex -20.5 36.85 -29.5
   vertex 20.5 36.85 -29.5
  endloop
 endfacet
 facet normal 0 0 1
  outer loop
   vertex -20.5 34.45 29.5
   vertex 20.5 34.45 29.5
   vertex 20.5 36.85 29.5
  endloop
 endfacet
 facet normal 0 0 1
  outer loop
   vertex -20.5 34.45 29.5
   vertex 20.5 36.85 29.5
   vertex -20.5 36.85 29.5
  endloop
 endfacet
 facet normal 0 -1 0
  outer loop
   vertex -20.5 34.45 -29.5
   vertex 20.5 34.45 -29.5
   vertex 20.5 34.45 29.5
  endloop
 endfacet
 facet normal 0 -1 0
  outer loop
   vertex -20.5 34.45 -29.5
   vertex 20.5 34.45 29.5
   vertex -20.5 34.45 29.5
  endloop
 endfacet
 facet normal 1 0 0
  outer loop
   vertex 20.5 34.45 -29.5
   vertex 20.5 36.85 -29.5
   vertex 20.5 36.85 29.5
  endloop
 endfacet
 facet normal 1 0 0
  outer loop
   vertex 20.5 34.45 -29.5
   vertex 20.5 36.85 29.5
   vertex 20.5 34.45 29.5
  endloop
 endfacet
 facet normal 0 1 0
  outer loop
   vertex 20.5 36.85 -29.5
   vertex -20.5 36.85 -29.5
   vertex -20.5 36.85 29.5
  endloop
 endfacet
 facet normal 0 1 -0
  outer loop
   vertex 20.5 36.85 -29.5
   vertex -20.5 36.85 29.5
   vertex 20.5 36.85 29.5
  endloop
 endfacet
 facet normal -1 0 0
  outer loop
   vertex -20.5 36.85 -29.5
   vertex -20.5 34.45 -29.5
   vertex -20.5 34.45 29.5
  endloop
 endfacet
 facet normal -1 0 0
  outer loop
   vertex -20.5 36.85 -29.5
   vertex -20.5 34.45 29.5
   vertex -20.5 36.85 29.5
  endloop
 endfacet
 facet normal 0 0 -1
  outer loop
   vertex -20 -36.85 -29
   vertex -18 36.85 -29
   vertex -18 -36.85 -29
  endloop
 endfacet
 facet normal 0 0 -1
  outer loop
   vertex -20 -36.85 -29
   vertex -20 36.85 -29
   vertex -18 36.85 -29
  endloop
 endfacet
 facet normal 0 0 1
  outer loop
   vertex -20 -36.85 29
   vertex -18 -36.85 29
   vertex -18 36.85 29
  endloop
 endfacet
 facet normal 0 0 1
  outer loop
   vertex -20 -36.85 29
   vertex -18 36.85 29
   vertex -20 36.85 29
  endloop
 endfacet
 facet normal 0 -1 0
  outer loop
   vertex -20 -36.85 -29
   vertex -18 -36.85 -29
   vertex -18 -36.85 29
  endloop
 endfacet
 facet normal 0 -1 0
  outer loop
   vertex -20 -36.85 -29
   vertex -18 -36.85 29
   vertex -20 -36.85 29
  endloop
 endfacet
 facet normal 1 0 0
  outer loop
   vertex -18 -36.85 -29
   vertex -18 36.85 -29
   vertex -18 36.85 29
  endloop
 endfacet
 facet normal 1 0 0
  outer loop
   vertex -18 -36.85 -29
   vertex -18 36.85 29
   vertex -18 -36.85 29
  endloop
 endfacet
 facet normal 0 1 0
  outer loop
   vertex -18 36.85 -29
   vertex -20 36.85 -29
   vertex -20 36.85 29
  endloop
 endfacet
 facet normal 0 1 -0
  outer loop
   vertex -18 36.85 -29
   vertex -20 36.85 29
   vertex -18 36.85 29
  endloop
 endfacet
 facet normal -1 0 0
  outer loop
   vertex -20 36.85 -29
   vertex -20 -36.85 -29
   vertex -20 -36.85 29
  endloop
 endfacet
 facet normal -1 0 0
  outer loop
   vertex -20 36.85 -29
   vertex -20 -36.85 29
   vertex -20 36.85 29
  endloop
 endfacet
 facet normal 0 0 -1
  outer loop
   vertex 18 -36.85 -29
   vertex 20 36.85 -29
   vertex 20 -36.85 -29
  endloop
 endfacet
 facet normal 0 0 -1
  outer loop
   vertex 18 -36.85 -29
   vertex 18 36.85 -29
   vertex 20 36.85 -29
  endloop
 endfacet
 facet normal 0 0 1
  outer loop
   vertex 18 -36.85 29
   vertex 20 -36.85 29
   vertex 20 36.85 29
  endloop
 endfacet
 facet normal 0 0 1
  outer loop
   vertex 18 -36.85 29
   vertex 20 36.85 29
   vertex 18 36.85 29
  endloop
 endfacet
 facet normal 0 -1 0
  outer loop
   vertex 18 -36.85 -29
   vertex 20 -36.85 -29
   vertex 20 -36.85 29
  endloop
 endfacet
 facet normal 0 -1 0
  outer loop
   vertex 18 -36.85 -29
   vertex 20 -36.85 29
   vertex 18 -36.85 29
  endloop
 endfacet
 facet normal 1 0 0
  outer loop
   vertex 20 -36.85 -29
   vertex 20 36.85 -29
   vertex 20 36.85 29
  endloop
 endfacet
 facet normal 1 0 0
  outer loop
   vertex 20 -36.85 -29
   vertex 20 36.85 29
   vertex 20 -36.85 29
  endloop
 endfacet
 facet normal 0 1 0
  outer loop
   vertex 20 36.85 -29
   vertex 18 36.85 -29
   vertex 18 36.85 29
  endloop
 endfacet
 facet normal 0 1 -0
  outer loop
   vertex 20 36.85 -29
   vertex 18 36.85 29
   vertex 20 36.85 29
  endloop
 endfacet
 facet normal -1 0 0
  outer loop
   vertex 18 36.85 -29
   vertex 18 -36.85 -29
   vertex 18 -36.85 29
  endloop
 endfacet
 facet normal -1 0 0
  outer loop
   vertex 18 36.85 -29
   vertex 18 -36.85 29
   vertex 18 36.85 29
  endloop
 endfacet
 facet normal 0 0 -1
  outer loop
   vertex -20 -36.85 -30
   vertex 20 36.85 -30
   vertex 20 -36.85 -30
  endloop
 endfacet
 facet normal 0 0 -1
  outer loop
   vertex -20 -36.85 -30
   vertex -20 36.85 -30
   vertex 20 36.85 -30
  endloop
 endfacet
 facet normal 0 0 1
  outer loop
   vertex -20 -36.85 -26
   vertex 20 -36.85 -26
   vertex 20 36.85 -26
  endloop
 endfacet
 facet normal 0 0 1
  outer loop
   vertex -20 -36.85 -26
   vertex 20 36.85 -26
   vertex -20 36.85 -26
  endloop
 endfacet
 facet normal 0 -1 0
  outer loop
   vertex -20 -36.85 -30
   vertex 20 -36.85 -30
   vertex 20 -36.85 -26
  endloop
 endfacet
 facet normal 0 -1 0
  outer loop
   vertex -20 -36.85 -30
   vertex 20 -36.85 -26
   vertex -20 -36.85 -26
  endloop
 endfacet
 facet normal 1 0 0
  outer loop
   vertex 20 -36.85 -30
   vertex 20 36.85 -30
   vertex 20 36.85 -26
  endloop
 endfacet
 facet normal 1 0 0
  outer loop
   vertex 20 -36.85 -30
   vertex 20 36.85 -26
   vertex 20 -36.85 -26
  endloop
 endfacet
 facet normal 0 1 0
  outer loop
   vertex 20 36.85 -30
   vertex -20 36.85 -30
   vertex -20 36.85 -26
  endloop
 endfacet
 facet normal 0 1 -0
  outer loop
   vertex 20 36.85 -30
   vertex -20 36.85 -26
   vertex 20 36.85 -26
  endloop
 endfacet
 facet normal -1 0 0
  outer loop
   vertex -20 36.85 -30
   vertex -20 -36.85 -30
   vertex -20 -36.85 -26
  endloop
 endfacet
 facet normal -1 0 0
  outer loop
   vertex -20 36.85 -30
   vertex -20 -36.85 -26
   vertex -20 36.85 -26
  endloop
 endfacet
 facet normal 0 0 -1
  outer loop
   vertex -20 -36.85 26
   vertex 20 36.85 26
   vertex 20 -36.85 26
  endloop
 endfacet
 facet normal 0 0 -1
  outer loop
   vertex -20 -36.85 26
   vertex -20 36.85 26
   vertex 20 36.85 26
  endloop
 endfacet
 facet normal 0 0 1
  outer loop
   vertex -20 -36.85 30
   vertex 20 -36.85 30
   vertex 20 36.85 30
  endloop
 endfacet
 facet normal 0 0 1
  outer loop
   vertex -20 -36.85 30
   vertex 20 36.85 30
   vertex -20 36.85 30
  endloop
 endfacet
 facet normal 0 -1 0
  outer loop
   vertex -20 -36.85 26
   vertex 20 -36.85 26
   vertex 20 -36.85 30
  endloop
 endfacet
 facet normal 0 -1 0
  outer loop
   vertex -20 -36.85 26
   vertex 20 -36.85 30
   vertex -20 -36.85 30
  endloop
 endfacet
 facet normal 1 0 0
  outer loop
   vertex 20 -36.85 26
   vertex 20 36.85 26
   vertex 20 36.85 30
  endloop
 endfacet
 facet normal 1 0 0
  outer loop
   vertex 20 -36.85 26
   vertex 20 36.85 30
   vertex 20 -36.85 30
  endloop
 endfacet
 facet normal 0 1 0
  outer loop
   vertex 20 36.85 26
   vertex -20 36.85 26
   vertex -20 36.85 30
  endloop
 endfacet
 facet normal 0 1 -0
  outer loop
   vertex 20 36.85 26
   vertex -20 36.85 30
   vertex 20 36.85 30
  endloop
 endfacet
 facet normal -1 0 0
  outer loop
   vertex -20 36.85 26
   vertex -20 -36.85 26
   vertex -20 -36.85 30
  endloop
 endfacet
 facet normal -1 0 0
  outer loop
   vertex -20 36.85 26
   vertex -20 -36.85 30
   vertex -20 36.85 30
  endloop
 endfacet
 facet normal 0 0 -1
  outer loop
   vertex -24 -38.05 -33
   vertex 24 -36.45 -33
   vertex 24 -38.05 -33
  endloop
 endfacet
 facet normal 0 0 -1
  outer loop
   vertex -24 -38.05 -33
   vertex -24 -36.45 -33
   vertex 24 -36.45 -33
  endloop
 endfacet
 facet normal 0 0 1
  outer loop
   vertex -24 -38.05 33
   vertex 24 -38.05 33
   vertex 24 -36.45 33
  endloop
 endfacet
 facet normal 0 0 1
  outer loop
   vertex -24 -38.05 33
   vertex 24 -36.45 33
   vertex -24 -36.45 33
  endloop
 endfacet
 facet normal 0 -1 0
  outer loop
   vertex -24 -38.05 -33
   vertex 24 -38.05 -33
   vertex 24 -38.05 33
  endloop
 endfacet
 facet normal 0 -1 0
  outer loop
   vertex -24 -38.05 -33
   vertex 24 -38.05 33
   vertex -24 -38.05 33
  endloop
 endfacet
 facet normal 1 0 0
  outer loop
   vertex 24 -38.05 -33
   vertex 24 -36.45 -33
   vertex 24 -36.45 33
  endloop
 endfacet
 facet normal 1 0 0
  outer loop
   vertex 24 -38.05 -33
   vertex 24 -36.45 33
   vertex 24 -38.05 33
  endloop
 endfacet
 facet normal 0 1 0
  outer loop
   vertex 24 -36.45 -33
   vertex -24 -36.45 -33
   vertex -24 -36.45 33
  endloop
 endfacet
 facet normal 0 1 -0
  outer loop
   vertex 24 -36.45 -33
   vertex -24 -36.45 33
   vertex 24 -36.45 33
  endloop
 endfacet
 facet normal -1 0 0
  outer loop
   vertex -24 -36.45 -33
   vertex -24 -38.05 -33
   vertex -24 -38.05 33
  endloop
 endfacet
 facet normal -1 0 0
  outer loop
   vertex -24 -36.45 -33
   vertex -24 -38.05 33
   vertex -24 -36.45 33
  endloop
 endfacet
 facet normal 0.995185 0 0.0980171
  outer loop
   vertex -7.25 -50.05 37
   vertex -7.34127 -38.05 37.9267
   vertex -7.34127 -50.05 37.9267
  endloop
 endfacet
 facet normal 0.995185 -0 0.0980171
  outer loop
   vertex -7.25 -50.05 37
   vertex -7.25 -38.05 37
   vertex -7.34127 -38.05 37.9267
  endloop
 endfacet
 facet normal 0 -1 0
  outer loop
   vertex -12 -50.05 37
   vertex -7.25 -50.05 37
   vertex -7.34127 -50.05 37.9267
  endloop
 endfacet
 facet normal 0 1 0
  outer loop
   vertex -12 -38.05 37
   vertex -7.34127 -38.05 37.9267
   vertex -7.25 -38.05 37
  endloop
 endfacet
 facet normal 0.95694 0 0.290285
  outer loop
   vertex -7.34127 -50.05 37.9267
   vertex -7.61157 -38.05 38.8177
   vertex -7.61157 -50.05 38.8177
  endloop
 endfacet
 facet normal 0.95694 -0 0.290285
  outer loop
   vertex -7.34127 -50.05 37.9267
   vertex -7.34127 -38.05 37.9267
   vertex -7.61157 -38.05 38.8177
  endloop
 endfacet
 facet normal 0 -1 0
  outer loop
   vertex -12 -50.05 37
   vertex -7.34127 -50.05 37.9267
   vertex -7.61157 -50.05 38.8177
  endloop
 endfacet
 facet normal 0 1 0
  outer loop
   vertex -12 -38.05 37
   vertex -7.61157 -38.05 38.8177
   vertex -7.34127 -38.05 37.9267
  endloop
 endfacet
 facet normal 0.881921 0 0.471397
  outer loop
   vertex -7.61157 -50.05 38.8177
   vertex -8.05052 -38.05 39.639
   vertex -8.05052 -50.05 39.639
  endloop
 endfacet
 facet normal 0.881921 -0 0.471397
  outer loop
   vertex -7.61157 -50.05 38.8177
   vertex -7.61157 -38.05 38.8177
   vertex -8.05052 -38.05 39.639
  endloop
 endfacet
 facet normal 0 -1 0
  outer loop
   vertex -12 -50.05 37
   vertex -7.61157 -50.05 38.8177
   vertex -8.05052 -50.05 39.639
  endloop
 endfacet
 facet normal 0 1 0
  outer loop
   vertex -12 -38.05 37
   vertex -8.05052 -38.05 39.639
   vertex -7.61157 -38.05 38.8177
  endloop
 endfacet
 facet normal 0.77301 0 0.634393
  outer loop
   vertex -8.05052 -50.05 39.639
   vertex -8.64124 -38.05 40.3588
   vertex -8.64124 -50.05 40.3588
  endloop
 endfacet
 facet normal 0.77301 -0 0.634393
  outer loop
   vertex -8.05052 -50.05 39.639
   vertex -8.05052 -38.05 39.639
   vertex -8.64124 -38.05 40.3588
  endloop
 endfacet
 facet normal 0 -1 0
  outer loop
   vertex -12 -50.05 37
   vertex -8.05052 -50.05 39.639
   vertex -8.64124 -50.05 40.3588
  endloop
 endfacet
 facet normal 0 1 0
  outer loop
   vertex -12 -38.05 37
   vertex -8.64124 -38.05 40.3588
   vertex -8.05052 -38.05 39.639
  endloop
 endfacet
 facet normal 0.634393 0 0.77301
  outer loop
   vertex -8.64124 -50.05 40.3588
   vertex -9.36104 -38.05 40.9495
   vertex -9.36104 -50.05 40.9495
  endloop
 endfacet
 facet normal 0.634393 -0 0.77301
  outer loop
   vertex -8.64124 -50.05 40.3588
   vertex -8.64124 -38.05 40.3588
   vertex -9.36104 -38.05 40.9495
  endloop
 endfacet
 facet normal 0 -1 0
  outer loop
   vertex -12 -50.05 37
   vertex -8.64124 -50.05 40.3588
   vertex -9.36104 -50.05 40.9495
  endloop
 endfacet
 facet normal 0 1 0
  outer loop
   vertex -12 -38.05 37
   vertex -9.36104 -38.05 40.9495
   vertex -8.64124 -38.05 40.3588
  endloop
 endfacet
 facet normal 0.471397 0 0.881921
  outer loop
   vertex -9.36104 -50.05 40.9495
   vertex -10.1823 -38.05 41.3884
   vertex -10.1823 -50.05 41.3884
  endloop
 endfacet
 facet normal 0.471397 -0 0.881921
  outer loop
   vertex -9.36104 -50.05 40.9495
   vertex -9.36104 -38.05 40.9495
   vertex -10.1823 -38.05 41.3884
  endloop
 endfacet
 facet normal 0 -1 0
  outer loop
   vertex -12 -50.05 37
   vertex -9.36104 -50.05 40.9495
   vertex -10.1823 -50.05 41.3884
  endloop
 endfacet
 facet normal 0 1 0
  outer loop
   vertex -12 -38.05 37
   vertex -10.1823 -38.05 41.3884
   vertex -9.36104 -38.05 40.9495
  endloop
 endfacet
 facet normal 0.290285 0 0.95694
  outer loop
   vertex -10.1823 -50.05 41.3884
   vertex -11.0733 -38.05 41.6587
   vertex -11.0733 -50.05 41.6587
  endloop
 endfacet
 facet normal 0.290285 -0 0.95694
  outer loop
   vertex -10.1823 -50.05 41.3884
   vertex -10.1823 -38.05 41.3884
   vertex -11.0733 -38.05 41.6587
  endloop
 endfacet
 facet normal 0 -1 0
  outer loop
   vertex -12 -50.05 37
   vertex -10.1823 -50.05 41.3884
   vertex -11.0733 -50.05 41.6587
  endloop
 endfacet
 facet normal 0 1 0
  outer loop
   vertex -12 -38.05 37
   vertex -11.0733 -38.05 41.6587
   vertex -10.1823 -38.05 41.3884
  endloop
 endfacet
 facet normal 0.0980171 0 0.995185
  outer loop
   vertex -11.0733 -50.05 41.6587
   vertex -12 -38.05 41.75
   vertex -12 -50.05 41.75
  endloop
 endfacet
 facet normal 0.0980171 -0 0.995185
  outer loop
   vertex -11.0733 -50.05 41.6587
   vertex -11.0733 -38.05 41.6587
   vertex -12 -38.05 41.75
  endloop
 endfacet
 facet normal 0 -1 0
  outer loop
   vertex -12 -50.05 37
   vertex -11.0733 -50.05 41.6587
   vertex -12 -50.05 41.75
  endloop
 endfacet
 facet normal 0 1 0
  outer loop
   vertex -12 -38.05 37
   vertex -12 -38.05 41.75
   vertex -11.0733 -38.05 41.6587
  endloop
 endfacet
 facet normal -0.0980171 0 0.995185
  outer loop
   vertex -12 -50.05 41.75
   vertex -12.9267 -38.05 41.6587
   vertex -12.9267 -50.05 41.6587
  endloop
 endfacet
 facet normal -0.0980171 0 0.995185
  outer loop
   vertex -12 -50.05 41.75
   vertex -12 -38.05 41.75
   vertex -12.9267 -38.05 41.6587
  endloop
 endfacet
 facet normal 0 -1 0
  outer loop
   vertex -12 -50.05 37
   vertex -12 -50.05 41.75
   vertex -12.9267 -50.05 41.6587
  endloop
 endfacet
 facet normal 0 1 -0
  outer loop
   vertex -12 -38.05 37
   vertex -12.9267 -38.05 41.6587
   vertex -12 -38.05 41.75
  endloop
 endfacet
 facet normal -0.290285 0 0.95694
  outer loop
   vertex -12.9267 -50.05 41.6587
   vertex -13.8177 -38.05 41.3884
   vertex -13.8177 -50.05 41.3884
  endloop
 endfacet
 facet normal -0.290285 0 0.95694
  outer loop
   vertex -12.9267 -50.05 41.6587
   vertex -12.9267 -38.05 41.6587
   vertex -13.8177 -38.05 41.3884
  endloop
 endfacet
 facet normal 0 -1 0
  outer loop
   vertex -12 -50.05 37
   vertex -12.9267 -50.05 41.6587
   vertex -13.8177 -50.05 41.3884
  endloop
 endfacet
 facet normal 0 1 0
  outer loop
   vertex -12 -38.05 37
   vertex -13.8177 -38.05 41.3884
   vertex -12.9267 -38.05 41.6587
  endloop
 endfacet
 facet normal -0.471397 0 0.881921
  outer loop
   vertex -13.8177 -50.05 41.3884
   vertex -14.639 -38.05 40.9495
   vertex -14.639 -50.05 40.9495
  endloop
 endfacet
 facet normal -0.471397 0 0.881921
  outer loop
   vertex -13.8177 -50.05 41.3884
   vertex -13.8177 -38.05 41.3884
   vertex -14.639 -38.05 40.9495
  endloop
 endfacet
 facet normal 0 -1 0
  outer loop
   vertex -12 -50.05 37
   vertex -13.8177 -50.05 41.3884
   vertex -14.639 -50.05 40.9495
  endloop
 endfacet
 facet normal 0 1 0
  outer loop
   vertex -12 -38.05 37
   vertex -14.639 -38.05 40.9495
   vertex -13.8177 -38.05 41.3884
  endloop
 endfacet
 facet normal -0.634393 0 0.77301
  outer loop
   vertex -14.639 -50.05 40.9495
   vertex -15.3588 -38.05 40.3588
   vertex -15.3588 -50.05 40.3588
  endloop
 endfacet
 facet normal -0.634393 0 0.77301
  outer loop
   vertex -14.639 -50.05 40.9495
   vertex -14.639 -38.05 40.9495
   vertex -15.3588 -38.05 40.3588
  endloop
 endfacet
 facet normal 0 -1 0
  outer loop
   vertex -12 -50.05 37
   vertex -14.639 -50.05 40.9495
   vertex -15.3588 -50.05 40.3588
  endloop
 endfacet
 facet normal 0 1 0
  outer loop
   vertex -12 -38.05 37
   vertex -15.3588 -38.05 40.3588
   vertex -14.639 -38.05 40.9495
  endloop
 endfacet
 facet normal -0.77301 0 0.634393
  outer loop
   vertex -15.3588 -50.05 40.3588
   vertex -15.9495 -38.05 39.639
   vertex -15.9495 -50.05 39.639
  endloop
 endfacet
 facet normal -0.77301 0 0.634393
  outer loop
   vertex -15.3588 -50.05 40.3588
   vertex -15.3588 -38.05 40.3588
   vertex -15.9495 -38.05 39.639
  endloop
 endfacet
 facet normal 0 -1 0
  outer loop
   vertex -12 -50.05 37
   vertex -15.3588 -50.05 40.3588
   vertex -15.9495 -50.05 39.639
  endloop
 endfacet
 facet normal 0 1 0
  outer loop
   vertex -12 -38.05 37
   vertex -15.9495 -38.05 39.639
   vertex -15.3588 -38.05 40.3588
  endloop
 endfacet
 facet normal -0.881921 0 0.471397
  outer loop
   vertex -15.9495 -50.05 39.639
   vertex -16.3884 -38.05 38.8177
   vertex -16.3884 -50.05 38.8177
  endloop
 endfacet
 facet normal -0.881921 0 0.471397
  outer loop
   vertex -15.9495 -50.05 39.639
   vertex -15.9495 -38.05 39.639
   vertex -16.3884 -38.05 38.8177
  endloop
 endfacet
 facet normal 0 -1 0
  outer loop
   vertex -12 -50.05 37
   vertex -15.9495 -50.05 39.639
   vertex -16.3884 -50.05 38.8177
  endloop
 endfacet
 facet normal 0 1 0
  outer loop
   vertex -12 -38.05 37
   vertex -16.3884 -38.05 38.8177
   vertex -15.9495 -38.05 39.639
  endloop
 endfacet
 facet normal -0.95694 0 0.290285
  outer loop
   vertex -16.3884 -50.05 38.8177
   vertex -16.6587 -38.05 37.9267
   vertex -16.6587 -50.05 37.9267
  endloop
 endfacet
 facet normal -0.95694 0 0.290285
  outer loop
   vertex -16.3884 -50.05 38.8177
   vertex -16.3884 -38.05 38.8177
   vertex -16.6587 -38.05 37.9267
  endloop
 endfacet
 facet normal 0 -1 0
  outer loop
   vertex -12 -50.05 37
   vertex -16.3884 -50.05 38.8177
   vertex -16.6587 -50.05 37.9267
  endloop
 endfacet
 facet normal 0 1 0
  outer loop
   vertex -12 -38.05 37
   vertex -16.6587 -38.05 37.9267
   vertex -16.3884 -38.05 38.8177
  endloop
 endfacet
 facet normal -0.995185 0 0.0980171
  outer loop
   vertex -16.6587 -50.05 37.9267
   vertex -16.75 -38.05 37
   vertex -16.75 -50.05 37
  endloop
 endfacet
 facet normal -0.995185 0 0.0980171
  outer loop
   vertex -16.6587 -50.05 37.9267
   vertex -16.6587 -38.05 37.9267
   vertex -16.75 -38.05 37
  endloop
 endfacet
 facet normal 0 -1 0
  outer loop
   vertex -12 -50.05 37
   vertex -16.6587 -50.05 37.9267
   vertex -16.75 -50.05 37
  endloop
 endfacet
 facet normal 0 1 0
  outer loop
   vertex -12 -38.05 37
   vertex -16.75 -38.05 37
   vertex -16.6587 -38.05 37.9267
  endloop
 endfacet
 facet normal -0.995185 0 -0.0980171
  outer loop
   vertex -16.75 -50.05 37
   vertex -16.6587 -38.05 36.0733
   vertex -16.6587 -50.05 36.0733
  endloop
 endfacet
 facet normal -0.995185 0 -0.0980171
  outer loop
   vertex -16.75 -50.05 37
   vertex -16.75 -38.05 37
   vertex -16.6587 -38.05 36.0733
  endloop
 endfacet
 facet normal -0 -1 0
  outer loop
   vertex -12 -50.05 37
   vertex -16.75 -50.05 37
   vertex -16.6587 -50.05 36.0733
  endloop
 endfacet
 facet normal 0 1 0
  outer loop
   vertex -12 -38.05 37
   vertex -16.6587 -38.05 36.0733
   vertex -16.75 -38.05 37
  endloop
 endfacet
 facet normal -0.95694 0 -0.290285
  outer loop
   vertex -16.6587 -50.05 36.0733
   vertex -16.3884 -38.05 35.1823
   vertex -16.3884 -50.05 35.1823
  endloop
 endfacet
 facet normal -0.95694 0 -0.290285
  outer loop
   vertex -16.6587 -50.05 36.0733
   vertex -16.6587 -38.05 36.0733
   vertex -16.3884 -38.05 35.1823
  endloop
 endfacet
 facet normal 0 -1 0
  outer loop
   vertex -12 -50.05 37
   vertex -16.6587 -50.05 36.0733
   vertex -16.3884 -50.05 35.1823
  endloop
 endfacet
 facet normal 0 1 0
  outer loop
   vertex -12 -38.05 37
   vertex -16.3884 -38.05 35.1823
   vertex -16.6587 -38.05 36.0733
  endloop
 endfacet
 facet normal -0.881921 0 -0.471397
  outer loop
   vertex -16.3884 -50.05 35.1823
   vertex -15.9495 -38.05 34.361
   vertex -15.9495 -50.05 34.361
  endloop
 endfacet
 facet normal -0.881921 0 -0.471397
  outer loop
   vertex -16.3884 -50.05 35.1823
   vertex -16.3884 -38.05 35.1823
   vertex -15.9495 -38.05 34.361
  endloop
 endfacet
 facet normal 0 -1 0
  outer loop
   vertex -12 -50.05 37
   vertex -16.3884 -50.05 35.1823
   vertex -15.9495 -50.05 34.361
  endloop
 endfacet
 facet normal 0 1 0
  outer loop
   vertex -12 -38.05 37
   vertex -15.9495 -38.05 34.361
   vertex -16.3884 -38.05 35.1823
  endloop
 endfacet
 facet normal -0.77301 0 -0.634393
  outer loop
   vertex -15.9495 -50.05 34.361
   vertex -15.3588 -38.05 33.6412
   vertex -15.3588 -50.05 33.6412
  endloop
 endfacet
 facet normal -0.77301 0 -0.634393
  outer loop
   vertex -15.9495 -50.05 34.361
   vertex -15.9495 -38.05 34.361
   vertex -15.3588 -38.05 33.6412
  endloop
 endfacet
 facet normal 0 -1 0
  outer loop
   vertex -12 -50.05 37
   vertex -15.9495 -50.05 34.361
   vertex -15.3588 -50.05 33.6412
  endloop
 endfacet
 facet normal 0 1 0
  outer loop
   vertex -12 -38.05 37
   vertex -15.3588 -38.05 33.6412
   vertex -15.9495 -38.05 34.361
  endloop
 endfacet
 facet normal -0.634393 0 -0.77301
  outer loop
   vertex -15.3588 -50.05 33.6412
   vertex -14.639 -38.05 33.0505
   vertex -14.639 -50.05 33.0505
  endloop
 endfacet
 facet normal -0.634393 0 -0.77301
  outer loop
   vertex -15.3588 -50.05 33.6412
   vertex -15.3588 -38.05 33.6412
   vertex -14.639 -38.05 33.0505
  endloop
 endfacet
 facet normal 0 -1 0
  outer loop
   vertex -12 -50.05 37
   vertex -15.3588 -50.05 33.6412
   vertex -14.639 -50.05 33.0505
  endloop
 endfacet
 facet normal 0 1 0
  outer loop
   vertex -12 -38.05 37
   vertex -14.639 -38.05 33.0505
   vertex -15.3588 -38.05 33.6412
  endloop
 endfacet
 facet normal -0.471397 0 -0.881921
  outer loop
   vertex -14.639 -50.05 33.0505
   vertex -13.8177 -38.05 32.6116
   vertex -13.8177 -50.05 32.6116
  endloop
 endfacet
 facet normal -0.471397 0 -0.881921
  outer loop
   vertex -14.639 -50.05 33.0505
   vertex -14.639 -38.05 33.0505
   vertex -13.8177 -38.05 32.6116
  endloop
 endfacet
 facet normal 0 -1 0
  outer loop
   vertex -12 -50.05 37
   vertex -14.639 -50.05 33.0505
   vertex -13.8177 -50.05 32.6116
  endloop
 endfacet
 facet normal 0 1 0
  outer loop
   vertex -12 -38.05 37
   vertex -13.8177 -38.05 32.6116
   vertex -14.639 -38.05 33.0505
  endloop
 endfacet
 facet normal -0.290285 0 -0.95694
  outer loop
   vertex -13.8177 -50.05 32.6116
   vertex -12.9267 -38.05 32.3413
   vertex -12.9267 -50.05 32.3413
  endloop
 endfacet
 facet normal -0.290285 0 -0.95694
  outer loop
   vertex -13.8177 -50.05 32.6116
   vertex -13.8177 -38.05 32.6116
   vertex -12.9267 -38.05 32.3413
  endloop
 endfacet
 facet normal 0 -1 0
  outer loop
   vertex -12 -50.05 37
   vertex -13.8177 -50.05 32.6116
   vertex -12.9267 -50.05 32.3413
  endloop
 endfacet
 facet normal 0 1 0
  outer loop
   vertex -12 -38.05 37
   vertex -12.9267 -38.05 32.3413
   vertex -13.8177 -38.05 32.6116
  endloop
 endfacet
 facet normal -0.0980171 0 -0.995185
  outer loop
   vertex -12.9267 -50.05 32.3413
   vertex -12 -38.05 32.25
   vertex -12 -50.05 32.25
  endloop
 endfacet
 facet normal -0.0980171 0 -0.995185
  outer loop
   vertex -12.9267 -50.05 32.3413
   vertex -12.9267 -38.05 32.3413
   vertex -12 -38.05 32.25
  endloop
 endfacet
 facet normal 0 -1 -0
  outer loop
   vertex -12 -50.05 37
   vertex -12.9267 -50.05 32.3413
   vertex -12 -50.05 32.25
  endloop
 endfacet
 facet normal 0 1 0
  outer loop
   vertex -12 -38.05 37
   vertex -12 -38.05 32.25
   vertex -12.9267 -38.05 32.3413
  endloop
 endfacet
 facet normal 0.0980171 0 -0.995185
  outer loop
   vertex -12 -50.05 32.25
   vertex -11.0733 -38.05 32.3413
   vertex -11.0733 -50.05 32.3413
  endloop
 endfacet
 facet normal 0.0980171 0 -0.995185
  outer loop
   vertex -12 -50.05 32.25
   vertex -12 -38.05 32.25
   vertex -11.0733 -38.05 32.3413
  endloop
 endfacet
 facet normal 0 -1 0
  outer loop
   vertex -12 -50.05 37
   vertex -12 -50.05 32.25
   vertex -11.0733 -50.05 32.3413
  endloop
 endfacet
 facet normal 0 1 0
  outer loop
   vertex -12 -38.05 37
   vertex -11.0733 -38.05 32.3413
   vertex -12 -38.05 32.25
  endloop
 endfacet
 facet normal 0.290285 0 -0.95694
  outer loop
   vertex -11.0733 -50.05 32.3413
   vertex -10.1823 -38.05 32.6116
   vertex -10.1823 -50.05 32.6116
  endloop
 endfacet
 facet normal 0.290285 0 -0.95694
  outer loop
   vertex -11.0733 -50.05 32.3413
   vertex -11.0733 -38.05 32.3413
   vertex -10.1823 -38.05 32.6116
  endloop
 endfacet
 facet normal 0 -1 0
  outer loop
   vertex -12 -50.05 37
   vertex -11.0733 -50.05 32.3413
   vertex -10.1823 -50.05 32.6116
  endloop
 endfacet
 facet normal 0 1 0
  outer loop
   vertex -12 -38.05 37
   vertex -10.1823 -38.05 32.6116
   vertex -11.0733 -38.05 32.3413
  endloop
 endfacet
 facet normal 0.471397 0 -0.881921
  outer loop
   vertex -10.1823 -50.05 32.6116
   vertex -9.36104 -38.05 33.0505
   vertex -9.36104 -50.05 33.0505
  endloop
 endfacet
 facet normal 0.471397 0 -0.881921
  outer loop
   vertex -10.1823 -50.05 32.6116
   vertex -10.1823 -38.05 32.6116
   vertex -9.36104 -38.05 33.0505
  endloop
 endfacet
 facet normal 0 -1 0
  outer loop
   vertex -12 -50.05 37
   vertex -10.1823 -50.05 32.6116
   vertex -9.36104 -50.05 33.0505
  endloop
 endfacet
 facet normal 0 1 0
  outer loop
   vertex -12 -38.05 37
   vertex -9.36104 -38.05 33.0505
   vertex -10.1823 -38.05 32.6116
  endloop
 endfacet
 facet normal 0.634393 0 -0.77301
  outer loop
   vertex -9.36104 -50.05 33.0505
   vertex -8.64124 -38.05 33.6412
   vertex -8.64124 -50.05 33.6412
  endloop
 endfacet
 facet normal 0.634393 0 -0.77301
  outer loop
   vertex -9.36104 -50.05 33.0505
   vertex -9.36104 -38.05 33.0505
   vertex -8.64124 -38.05 33.6412
  endloop
 endfacet
 facet normal 0 -1 0
  outer loop
   vertex -12 -50.05 37
   vertex -9.36104 -50.05 33.0505
   vertex -8.64124 -50.05 33.6412
  endloop
 endfacet
 facet normal 0 1 0
  outer loop
   vertex -12 -38.05 37
   vertex -8.64124 -38.05 33.6412
   vertex -9.36104 -38.05 33.0505
  endloop
 endfacet
 facet normal 0.77301 0 -0.634393
  outer loop
   vertex -8.64124 -50.05 33.6412
   vertex -8.05052 -38.05 34.361
   vertex -8.05052 -50.05 34.361
  endloop
 endfacet
 facet normal 0.77301 0 -0.634393
  outer loop
   vertex -8.64124 -50.05 33.6412
   vertex -8.64124 -38.05 33.6412
   vertex -8.05052 -38.05 34.361
  endloop
 endfacet
 facet normal 0 -1 0
  outer loop
   vertex -12 -50.05 37
   vertex -8.64124 -50.05 33.6412
   vertex -8.05052 -50.05 34.361
  endloop
 endfacet
 facet normal 0 1 0
  outer loop
   vertex -12 -38.05 37
   vertex -8.05052 -38.05 34.361
   vertex -8.64124 -38.05 33.6412
  endloop
 endfacet
 facet normal 0.881921 0 -0.471397
  outer loop
   vertex -8.05052 -50.05 34.361
   vertex -7.61157 -38.05 35.1823
   vertex -7.61157 -50.05 35.1823
  endloop
 endfacet
 facet normal 0.881921 0 -0.471397
  outer loop
   vertex -8.05052 -50.05 34.361
   vertex -8.05052 -38.05 34.361
   vertex -7.61157 -38.05 35.1823
  endloop
 endfacet
 facet normal 0 -1 0
  outer loop
   vertex -12 -50.05 37
   vertex -8.05052 -50.05 34.361
   vertex -7.61157 -50.05 35.1823
  endloop
 endfacet
 facet normal 0 1 0
  outer loop
   vertex -12 -38.05 37
   vertex -7.61157 -38.05 35.1823
   vertex -8.05052 -38.05 34.361
  endloop
 endfacet
 facet normal 0.95694 0 -0.290285
  outer loop
   vertex -7.61157 -50.05 35.1823
   vertex -7.34127 -38.05 36.0733
   vertex -7.34127 -50.05 36.0733
  endloop
 endfacet
 facet normal 0.95694 0 -0.290285
  outer loop
   vertex -7.61157 -50.05 35.1823
   vertex -7.61157 -38.05 35.1823
   vertex -7.34127 -38.05 36.0733
  endloop
 endfacet
 facet normal 0 -1 0
  outer loop
   vertex -12 -50.05 37
   vertex -7.61157 -50.05 35.1823
   vertex -7.34127 -50.05 36.0733
  endloop
 endfacet
 facet normal 0 1 0
  outer loop
   vertex -12 -38.05 37
   vertex -7.34127 -38.05 36.0733
   vertex -7.61157 -38.05 35.1823
  endloop
 endfacet
 facet normal 0.995185 0 -0.0980171
  outer loop
   vertex -7.34127 -50.05 36.0733
   vertex -7.25 -38.05 37
   vertex -7.25 -50.05 37
  endloop
 endfacet
 facet normal 0.995185 0 -0.0980171
  outer loop
   vertex -7.34127 -50.05 36.0733
   vertex -7.34127 -38.05 36.0733
   vertex -7.25 -38.05 37
  endloop
 endfacet
 facet normal 0 -1 0
  outer loop
   vertex -12 -50.05 37
   vertex -7.34127 -50.05 36.0733
   vertex -7.25 -50.05 37
  endloop
 endfacet
 facet normal -0 1 0
  outer loop
   vertex -12 -38.05 37
   vertex -7.25 -38.05 37
   vertex -7.34127 -38.05 36.0733
  endloop
 endfacet
 facet normal 0 0 -1
  outer loop
   vertex 6 -41.25 16.5
   vertex 18 -38.05 16.5
   vertex 18 -41.25 16.5
  endloop
 endfacet
 facet normal 0 0 -1
  outer loop
   vertex 6 -41.25 16.5
   vertex 6 -38.05 16.5
   vertex 18 -38.05 16.5
  endloop
 endfacet
 facet normal 0 0 1
  outer loop
   vertex 6 -41.25 23.5
   vertex 18 -41.25 23.5
   vertex 18 -38.05 23.5
  endloop
 endfacet
 facet normal 0 0 1
  outer loop
   vertex 6 -41.25 23.5
   vertex 18 -38.05 23.5
   vertex 6 -38.05 23.5
  endloop
 endfacet
 facet normal 0 -1 0
  outer loop
   vertex 6 -41.25 16.5
   vertex 18 -41.25 16.5
   vertex 18 -41.25 23.5
  endloop
 endfacet
 facet normal 0 -1 0
  outer loop
   vertex 6 -41.25 16.5
   vertex 18 -41.25 23.5
   vertex 6 -41.25 23.5
  endloop
 endfacet
 facet normal 1 0 0
  outer loop
   vertex 18 -41.25 16.5
   vertex 18 -38.05 16.5
   vertex 18 -38.05 23.5
  endloop
 endfacet
 facet normal 1 0 0
  outer loop
   vertex 18 -41.25 16.5
   vertex 18 -38.05 23.5
   vertex 18 -41.25 23.5
  endloop
 endfacet
 facet normal 0 1 0
  outer loop
   vertex 18 -38.05 16.5
   vertex 6 -38.05 16.5
   vertex 6 -38.05 23.5
  endloop
 endfacet
 facet normal 0 1 -0
  outer loop
   vertex 18 -38.05 16.5
   vertex 6 -38.05 23.5
   vertex 18 -38.05 23.5
  endloop
 endfacet
 facet normal -1 0 0
  outer loop
   vertex 6 -38.05 16.5
   vertex 6 -41.25 16.5
   vertex 6 -41.25 23.5
  endloop
 endfacet
 facet normal -1 0 0
  outer loop
   vertex 6 -38.05 16.5
   vertex 6 -41.25 23.5
   vertex 6 -38.05 23.5
  endloop
 endfacet
 facet normal 0 0 -1
  outer loop
   vertex -18.5 -41.05 -20
   vertex -9.5 -38.05 -20
   vertex -9.5 -41.05 -20
  endloop
 endfacet
 facet normal 0 0 -1
  outer loop
   vertex -18.5 -41.05 -20
   vertex -18.5 -38.05 -20
   vertex -9.5 -38.05 -20
  endloop
 endfacet
 facet normal 0 0 1
  outer loop
   vertex -18.5 -41.05 -12
   vertex -9.5 -41.05 -12
   vertex -9.5 -38.05 -12
  endloop
 endfacet
 facet normal 0 0 1
  outer loop
   vertex -18.5 -41.05 -12
   vertex -9.5 -38.05 -12
   vertex -18.5 -38.05 -12
  endloop
 endfacet
 facet normal 0 -1 0
  outer loop
   vertex -18.5 -41.05 -20
   vertex -9.5 -41.05 -20
   vertex -9.5 -41.05 -12
  endloop
 endfacet
 facet normal 0 -1 0
  outer loop
   vertex -18.5 -41.05 -20
   vertex -9.5 -41.05 -12
   vertex -18.5 -41.05 -12
  endloop
 endfacet
 facet normal 1 0 0
  outer loop
   vertex -9.5 -41.05 -20
   vertex -9.5 -38.05 -20
   vertex -9.5 -38.05 -12
  endloop
 endfacet
 facet normal 1 0 0
  outer loop
   vertex -9.5 -41.05 -20
   vertex -9.5 -38.05 -12
   vertex -9.5 -41.05 -12
  endloop
 endfacet
 facet normal 0 1 0
  outer loop
   vertex -9.5 -38.05 -20
   vertex -18.5 -38.05 -20
   vertex -18.5 -38.05 -12
  endloop
 endfacet
 facet normal 0 1 -0
  outer loop
   vertex -9.5 -38.05 -20
   vertex -18.5 -38.05 -12
   vertex -9.5 -38.05 -12
  endloop
 endfacet
 facet normal -1 0 0
  outer loop
   vertex -18.5 -38.05 -20
   vertex -18.5 -41.05 -20
   vertex -18.5 -41.05 -12
  endloop
 endfacet
 facet normal -1 0 0
  outer loop
   vertex -18.5 -38.05 -20
   vertex -18.5 -41.05 -12
   vertex -18.5 -38.05 -12
  endloop
 endfacet
 facet normal 0 0 -1
  outer loop
   vertex -18 36.45 -21
   vertex 18 38.05 -21
   vertex 18 36.45 -21
  endloop
 endfacet
 facet normal 0 0 -1
  outer loop
   vertex -18 36.45 -21
   vertex -18 38.05 -21
   vertex 18 38.05 -21
  endloop
 endfacet
 facet normal 0 0 1
  outer loop
   vertex -18 36.45 21
   vertex 18 36.45 21
   vertex 18 38.05 21
  endloop
 endfacet
 facet normal 0 0 1
  outer loop
   vertex -18 36.45 21
   vertex 18 38.05 21
   vertex -18 38.05 21
  endloop
 endfacet
 facet normal 0 -1 0
  outer loop
   vertex -18 36.45 -21
   vertex 18 36.45 -21
   vertex 18 36.45 21
  endloop
 endfacet
 facet normal 0 -1 0
  outer loop
   vertex -18 36.45 -21
   vertex 18 36.45 21
   vertex -18 36.45 21
  endloop
 endfacet
 facet normal 1 0 0
  outer loop
   vertex 18 36.45 -21
   vertex 18 38.05 -21
   vertex 18 38.05 21
  endloop
 endfacet
 facet normal 1 0 0
  outer loop
   vertex 18 36.45 -21
   vertex 18 38.05 21
   vertex 18 36.45 21
  endloop
 endfacet
 facet normal 0 1 0
  outer loop
   vertex 18 38.05 -21
   vertex -18 38.05 -21
   vertex -18 38.05 21
  endloop
 endfacet
 facet normal 0 1 -0
  outer loop
   vertex 18 38.05 -21
   vertex -18 38.05 21
   vertex 18 38.05 21
  endloop
 endfacet
 facet normal -1 0 0
  outer loop
   vertex -18 38.05 -21
   vertex -18 36.45 -21
   vertex -18 36.45 21
  endloop
 endfacet
 facet normal -1 0 0
  outer loop
   vertex -18 38.05 -21
   vertex -18 36.45 21
   vertex -18 38.05 21
  endloop
 endfacet
 facet normal 0.980785 0 0.19509
  outer loop
   vertex -10.3 38.05 12
   vertex -10.4294 40.05 12.6506
   vertex -10.4294 38.05 12.6506
  endloop
 endfacet
 facet normal 0.980785 -0 0.19509
  outer loop
   vertex -10.3 38.05 12
   vertex -10.3 40.05 12
   vertex -10.4294 40.05 12.6506
  endloop
 endfacet
 facet normal 0 -1 0
  outer loop
   vertex -12 38.05 12
   vertex -10.3 38.05 12
   vertex -10.4294 38.05 12.6506
  endloop
 endfacet
 facet normal 0 1 0
  outer loop
   vertex -12 40.05 12
   vertex -10.4294 40.05 12.6506
   vertex -10.3 40.05 12
  endloop
 endfacet
 facet normal 0.83147 0 0.55557
  outer loop
   vertex -10.4294 38.05 12.6506
   vertex -10.7979 40.05 13.2021
   vertex -10.7979 38.05 13.2021
  endloop
 endfacet
 facet normal 0.83147 -0 0.55557
  outer loop
   vertex -10.4294 38.05 12.6506
   vertex -10.4294 40.05 12.6506
   vertex -10.7979 40.05 13.2021
  endloop
 endfacet
 facet normal 0 -1 0
  outer loop
   vertex -12 38.05 12
   vertex -10.4294 38.05 12.6506
   vertex -10.7979 38.05 13.2021
  endloop
 endfacet
 facet normal 0 1 0
  outer loop
   vertex -12 40.05 12
   vertex -10.7979 40.05 13.2021
   vertex -10.4294 40.05 12.6506
  endloop
 endfacet
 facet normal 0.55557 0 0.83147
  outer loop
   vertex -10.7979 38.05 13.2021
   vertex -11.3494 40.05 13.5706
   vertex -11.3494 38.05 13.5706
  endloop
 endfacet
 facet normal 0.55557 -0 0.83147
  outer loop
   vertex -10.7979 38.05 13.2021
   vertex -10.7979 40.05 13.2021
   vertex -11.3494 40.05 13.5706
  endloop
 endfacet
 facet normal 0 -1 0
  outer loop
   vertex -12 38.05 12
   vertex -10.7979 38.05 13.2021
   vertex -11.3494 38.05 13.5706
  endloop
 endfacet
 facet normal 0 1 0
  outer loop
   vertex -12 40.05 12
   vertex -11.3494 40.05 13.5706
   vertex -10.7979 40.05 13.2021
  endloop
 endfacet
 facet normal 0.19509 0 0.980785
  outer loop
   vertex -11.3494 38.05 13.5706
   vertex -12 40.05 13.7
   vertex -12 38.05 13.7
  endloop
 endfacet
 facet normal 0.19509 -0 0.980785
  outer loop
   vertex -11.3494 38.05 13.5706
   vertex -11.3494 40.05 13.5706
   vertex -12 40.05 13.7
  endloop
 endfacet
 facet normal 0 -1 0
  outer loop
   vertex -12 38.05 12
   vertex -11.3494 38.05 13.5706
   vertex -12 38.05 13.7
  endloop
 endfacet
 facet normal 0 1 0
  outer loop
   vertex -12 40.05 12
   vertex -12 40.05 13.7
   vertex -11.3494 40.05 13.5706
  endloop
 endfacet
 facet normal -0.19509 0 0.980785
  outer loop
   vertex -12 38.05 13.7
   vertex -12.6506 40.05 13.5706
   vertex -12.6506 38.05 13.5706
  endloop
 endfacet
 facet normal -0.19509 0 0.980785
  outer loop
   vertex -12 38.05 13.7
   vertex -12 40.05 13.7
   vertex -12.6506 40.05 13.5706
  endloop
 endfacet
 facet normal 0 -1 0
  outer loop
   vertex -12 38.05 12
   vertex -12 38.05 13.7
   vertex -12.6506 38.05 13.5706
  endloop
 endfacet
 facet normal 0 1 -0
  outer loop
   vertex -12 40.05 12
   vertex -12.6506 40.05 13.5706
   vertex -12 40.05 13.7
  endloop
 endfacet
 facet normal -0.55557 0 0.83147
  outer loop
   vertex -12.6506 38.05 13.5706
   vertex -13.2021 40.05 13.2021
   vertex -13.2021 38.05 13.2021
  endloop
 endfacet
 facet normal -0.55557 0 0.83147
  outer loop
   vertex -12.6506 38.05 13.5706
   vertex -12.6506 40.05 13.5706
   vertex -13.2021 40.05 13.2021
  endloop
 endfacet
 facet normal 0 -1 0
  outer loop
   vertex -12 38.05 12
   vertex -12.6506 38.05 13.5706
   vertex -13.2021 38.05 13.2021
  endloop
 endfacet
 facet normal 0 1 0
  outer loop
   vertex -12 40.05 12
   vertex -13.2021 40.05 13.2021
   vertex -12.6506 40.05 13.5706
  endloop
 endfacet
 facet normal -0.83147 0 0.55557
  outer loop
   vertex -13.2021 38.05 13.2021
   vertex -13.5706 40.05 12.6506
   vertex -13.5706 38.05 12.6506
  endloop
 endfacet
 facet normal -0.83147 0 0.55557
  outer loop
   vertex -13.2021 38.05 13.2021
   vertex -13.2021 40.05 13.2021
   vertex -13.5706 40.05 12.6506
  endloop
 endfacet
 facet normal 0 -1 0
  outer loop
   vertex -12 38.05 12
   vertex -13.2021 38.05 13.2021
   vertex -13.5706 38.05 12.6506
  endloop
 endfacet
 facet normal 0 1 0
  outer loop
   vertex -12 40.05 12
   vertex -13.5706 40.05 12.6506
   vertex -13.2021 40.05 13.2021
  endloop
 endfacet
 facet normal -0.980785 0 0.19509
  outer loop
   vertex -13.5706 38.05 12.6506
   vertex -13.7 40.05 12
   vertex -13.7 38.05 12
  endloop
 endfacet
 facet normal -0.980785 0 0.19509
  outer loop
   vertex -13.5706 38.05 12.6506
   vertex -13.5706 40.05 12.6506
   vertex -13.7 40.05 12
  endloop
 endfacet
 facet normal 0 -1 0
  outer loop
   vertex -12 38.05 12
   vertex -13.5706 38.05 12.6506
   vertex -13.7 38.05 12
  endloop
 endfacet
 facet normal 0 1 0
  outer loop
   vertex -12 40.05 12
   vertex -13.7 40.05 12
   vertex -13.5706 40.05 12.6506
  endloop
 endfacet
 facet normal -0.980785 0 -0.19509
  outer loop
   vertex -13.7 38.05 12
   vertex -13.5706 40.05 11.3494
   vertex -13.5706 38.05 11.3494
  endloop
 endfacet
 facet normal -0.980785 0 -0.19509
  outer loop
   vertex -13.7 38.05 12
   vertex -13.7 40.05 12
   vertex -13.5706 40.05 11.3494
  endloop
 endfacet
 facet normal -0 -1 0
  outer loop
   vertex -12 38.05 12
   vertex -13.7 38.05 12
   vertex -13.5706 38.05 11.3494
  endloop
 endfacet
 facet normal 0 1 0
  outer loop
   vertex -12 40.05 12
   vertex -13.5706 40.05 11.3494
   vertex -13.7 40.05 12
  endloop
 endfacet
 facet normal -0.83147 0 -0.55557
  outer loop
   vertex -13.5706 38.05 11.3494
   vertex -13.2021 40.05 10.7979
   vertex -13.2021 38.05 10.7979
  endloop
 endfacet
 facet normal -0.83147 0 -0.55557
  outer loop
   vertex -13.5706 38.05 11.3494
   vertex -13.5706 40.05 11.3494
   vertex -13.2021 40.05 10.7979
  endloop
 endfacet
 facet normal 0 -1 0
  outer loop
   vertex -12 38.05 12
   vertex -13.5706 38.05 11.3494
   vertex -13.2021 38.05 10.7979
  endloop
 endfacet
 facet normal 0 1 0
  outer loop
   vertex -12 40.05 12
   vertex -13.2021 40.05 10.7979
   vertex -13.5706 40.05 11.3494
  endloop
 endfacet
 facet normal -0.55557 0 -0.83147
  outer loop
   vertex -13.2021 38.05 10.7979
   vertex -12.6506 40.05 10.4294
   vertex -12.6506 38.05 10.4294
  endloop
 endfacet
 facet normal -0.55557 0 -0.83147
  outer loop
   vertex -13.2021 38.05 10.7979
   vertex -13.2021 40.05 10.7979
   vertex -12.6506 40.05 10.4294
  endloop
 endfacet
 facet normal 0 -1 0
  outer loop
   vertex -12 38.05 12
   vertex -13.2021 38.05 10.7979
   vertex -12.6506 38.05 10.4294
  endloop
 endfacet
 facet normal 0 1 0
  outer loop
   vertex -12 40.05 12
   vertex -12.6506 40.05 10.4294
   vertex -13.2021 40.05 10.7979
  endloop
 endfacet
 facet normal -0.19509 0 -0.980785
  outer loop
   vertex -12.6506 38.05 10.4294
   vertex -12 40.05 10.3
   vertex -12 38.05 10.3
  endloop
 endfacet
 facet normal -0.19509 0 -0.980785
  outer loop
   vertex -12.6506 38.05 10.4294
   vertex -12.6506 40.05 10.4294
   vertex -12 40.05 10.3
  endloop
 endfacet
 facet normal 0 -1 -0
  outer loop
   vertex -12 38.05 12
   vertex -12.6506 38.05 10.4294
   vertex -12 38.05 10.3
  endloop
 endfacet
 facet normal 0 1 0
  outer loop
   vertex -12 40.05 12
   vertex -12 40.05 10.3
   vertex -12.6506 40.05 10.4294
  endloop
 endfacet
 facet normal 0.19509 0 -0.980785
  outer loop
   vertex -12 38.05 10.3
   vertex -11.3494 40.05 10.4294
   vertex -11.3494 38.05 10.4294
  endloop
 endfacet
 facet normal 0.19509 0 -0.980785
  outer loop
   vertex -12 38.05 10.3
   vertex -12 40.05 10.3
   vertex -11.3494 40.05 10.4294
  endloop
 endfacet
 facet normal 0 -1 0
  outer loop
   vertex -12 38.05 12
   vertex -12 38.05 10.3
   vertex -11.3494 38.05 10.4294
  endloop
 endfacet
 facet normal 0 1 0
  outer loop
   vertex -12 40.05 12
   vertex -11.3494 40.05 10.4294
   vertex -12 40.05 10.3
  endloop
 endfacet
 facet normal 0.55557 0 -0.83147
  outer loop
   vertex -11.3494 38.05 10.4294
   vertex -10.7979 40.05 10.7979
   vertex -10.7979 38.05 10.7979
  endloop
 endfacet
 facet normal 0.55557 0 -0.83147
  outer loop
   vertex -11.3494 38.05 10.4294
   vertex -11.3494 40.05 10.4294
   vertex -10.7979 40.05 10.7979
  endloop
 endfacet
 facet normal 0 -1 0
  outer loop
   vertex -12 38.05 12
   vertex -11.3494 38.05 10.4294
   vertex -10.7979 38.05 10.7979
  endloop
 endfacet
 facet normal 0 1 0
  outer loop
   vertex -12 40.05 12
   vertex -10.7979 40.05 10.7979
   vertex -11.3494 40.05 10.4294
  endloop
 endfacet
 facet normal 0.83147 0 -0.55557
  outer loop
   vertex -10.7979 38.05 10.7979
   vertex -10.4294 40.05 11.3494
   vertex -10.4294 38.05 11.3494
  endloop
 endfacet
 facet normal 0.83147 0 -0.55557
  outer loop
   vertex -10.7979 38.05 10.7979
   vertex -10.7979 40.05 10.7979
   vertex -10.4294 40.05 11.3494
  endloop
 endfacet
 facet normal 0 -1 0
  outer loop
   vertex -12 38.05 12
   vertex -10.7979 38.05 10.7979
   vertex -10.4294 38.05 11.3494
  endloop
 endfacet
 facet normal 0 1 0
  outer loop
   vertex -12 40.05 12
   vertex -10.4294 40.05 11.3494
   vertex -10.7979 40.05 10.7979
  endloop
 endfacet
 facet normal 0.980785 0 -0.19509
  outer loop
   vertex -10.4294 38.05 11.3494
   vertex -10.3 40.05 12
   vertex -10.3 38.05 12
  endloop
 endfacet
 facet normal 0.980785 0 -0.19509
  outer loop
   vertex -10.4294 38.05 11.3494
   vertex -10.4294 40.05 11.3494
   vertex -10.3 40.05 12
  endloop
 endfacet
 facet normal 0 -1 0
  outer loop
   vertex -12 38.05 12
   vertex -10.4294 38.05 11.3494
   vertex -10.3 38.05 12
  endloop
 endfacet
 facet normal -0 1 0
  outer loop
   vertex -12 40.05 12
   vertex -10.3 40.05 12
   vertex -10.4294 40.05 11.3494
  endloop
 endfacet
 facet normal 0.980785 0 0.19509
  outer loop
   vertex -2.3 38.05 12
   vertex -2.4294 40.05 12.6506
   vertex -2.4294 38.05 12.6506
  endloop
 endfacet
 facet normal 0.980785 -0 0.19509
  outer loop
   vertex -2.3 38.05 12
   vertex -2.3 40.05 12
   vertex -2.4294 40.05 12.6506
  endloop
 endfacet
 facet normal 0 -1 0
  outer loop
   vertex -4 38.05 12
   vertex -2.3 38.05 12
   vertex -2.4294 38.05 12.6506
  endloop
 endfacet
 facet normal 0 1 0
  outer loop
   vertex -4 40.05 12
   vertex -2.4294 40.05 12.6506
   vertex -2.3 40.05 12
  endloop
 endfacet
 facet normal 0.83147 0 0.55557
  outer loop
   vertex -2.4294 38.05 12.6506
   vertex -2.79792 40.05 13.2021
   vertex -2.79792 38.05 13.2021
  endloop
 endfacet
 facet normal 0.83147 -0 0.55557
  outer loop
   vertex -2.4294 38.05 12.6506
   vertex -2.4294 40.05 12.6506
   vertex -2.79792 40.05 13.2021
  endloop
 endfacet
 facet normal 0 -1 0
  outer loop
   vertex -4 38.05 12
   vertex -2.4294 38.05 12.6506
   vertex -2.79792 38.05 13.2021
  endloop
 endfacet
 facet normal 0 1 0
  outer loop
   vertex -4 40.05 12
   vertex -2.79792 40.05 13.2021
   vertex -2.4294 40.05 12.6506
  endloop
 endfacet
 facet normal 0.55557 0 0.83147
  outer loop
   vertex -2.79792 38.05 13.2021
   vertex -3.34944 40.05 13.5706
   vertex -3.34944 38.05 13.5706
  endloop
 endfacet
 facet normal 0.55557 -0 0.83147
  outer loop
   vertex -2.79792 38.05 13.2021
   vertex -2.79792 40.05 13.2021
   vertex -3.34944 40.05 13.5706
  endloop
 endfacet
 facet normal 0 -1 0
  outer loop
   vertex -4 38.05 12
   vertex -2.79792 38.05 13.2021
   vertex -3.34944 38.05 13.5706
  endloop
 endfacet
 facet normal 0 1 0
  outer loop
   vertex -4 40.05 12
   vertex -3.34944 40.05 13.5706
   vertex -2.79792 40.05 13.2021
  endloop
 endfacet
 facet normal 0.19509 0 0.980785
  outer loop
   vertex -3.34944 38.05 13.5706
   vertex -4 40.05 13.7
   vertex -4 38.05 13.7
  endloop
 endfacet
 facet normal 0.19509 -0 0.980785
  outer loop
   vertex -3.34944 38.05 13.5706
   vertex -3.34944 40.05 13.5706
   vertex -4 40.05 13.7
  endloop
 endfacet
 facet normal 0 -1 0
  outer loop
   vertex -4 38.05 12
   vertex -3.34944 38.05 13.5706
   vertex -4 38.05 13.7
  endloop
 endfacet
 facet normal 0 1 0
  outer loop
   vertex -4 40.05 12
   vertex -4 40.05 13.7
   vertex -3.34944 40.05 13.5706
  endloop
 endfacet
 facet normal -0.19509 0 0.980785
  outer loop
   vertex -4 38.05 13.7
   vertex -4.65056 40.05 13.5706
   vertex -4.65056 38.05 13.5706
  endloop
 endfacet
 facet normal -0.19509 0 0.980785
  outer loop
   vertex -4 38.05 13.7
   vertex -4 40.05 13.7
   vertex -4.65056 40.05 13.5706
  endloop
 endfacet
 facet normal 0 -1 0
  outer loop
   vertex -4 38.05 12
   vertex -4 38.05 13.7
   vertex -4.65056 38.05 13.5706
  endloop
 endfacet
 facet normal 0 1 -0
  outer loop
   vertex -4 40.05 12
   vertex -4.65056 40.05 13.5706
   vertex -4 40.05 13.7
  endloop
 endfacet
 facet normal -0.55557 0 0.83147
  outer loop
   vertex -4.65056 38.05 13.5706
   vertex -5.20208 40.05 13.2021
   vertex -5.20208 38.05 13.2021
  endloop
 endfacet
 facet normal -0.55557 0 0.83147
  outer loop
   vertex -4.65056 38.05 13.5706
   vertex -4.65056 40.05 13.5706
   vertex -5.20208 40.05 13.2021
  endloop
 endfacet
 facet normal 0 -1 0
  outer loop
   vertex -4 38.05 12
   vertex -4.65056 38.05 13.5706
   vertex -5.20208 38.05 13.2021
  endloop
 endfacet
 facet normal 0 1 0
  outer loop
   vertex -4 40.05 12
   vertex -5.20208 40.05 13.2021
   vertex -4.65056 40.05 13.5706
  endloop
 endfacet
 facet normal -0.83147 0 0.55557
  outer loop
   vertex -5.20208 38.05 13.2021
   vertex -5.5706 40.05 12.6506
   vertex -5.5706 38.05 12.6506
  endloop
 endfacet
 facet normal -0.83147 0 0.55557
  outer loop
   vertex -5.20208 38.05 13.2021
   vertex -5.20208 40.05 13.2021
   vertex -5.5706 40.05 12.6506
  endloop
 endfacet
 facet normal 0 -1 0
  outer loop
   vertex -4 38.05 12
   vertex -5.20208 38.05 13.2021
   vertex -5.5706 38.05 12.6506
  endloop
 endfacet
 facet normal 0 1 0
  outer loop
   vertex -4 40.05 12
   vertex -5.5706 40.05 12.6506
   vertex -5.20208 40.05 13.2021
  endloop
 endfacet
 facet normal -0.980785 0 0.19509
  outer loop
   vertex -5.5706 38.05 12.6506
   vertex -5.7 40.05 12
   vertex -5.7 38.05 12
  endloop
 endfacet
 facet normal -0.980785 0 0.19509
  outer loop
   vertex -5.5706 38.05 12.6506
   vertex -5.5706 40.05 12.6506
   vertex -5.7 40.05 12
  endloop
 endfacet
 facet normal 0 -1 0
  outer loop
   vertex -4 38.05 12
   vertex -5.5706 38.05 12.6506
   vertex -5.7 38.05 12
  endloop
 endfacet
 facet normal 0 1 0
  outer loop
   vertex -4 40.05 12
   vertex -5.7 40.05 12
   vertex -5.5706 40.05 12.6506
  endloop
 endfacet
 facet normal -0.980785 0 -0.19509
  outer loop
   vertex -5.7 38.05 12
   vertex -5.5706 40.05 11.3494
   vertex -5.5706 38.05 11.3494
  endloop
 endfacet
 facet normal -0.980785 0 -0.19509
  outer loop
   vertex -5.7 38.05 12
   vertex -5.7 40.05 12
   vertex -5.5706 40.05 11.3494
  endloop
 endfacet
 facet normal -0 -1 0
  outer loop
   vertex -4 38.05 12
   vertex -5.7 38.05 12
   vertex -5.5706 38.05 11.3494
  endloop
 endfacet
 facet normal 0 1 0
  outer loop
   vertex -4 40.05 12
   vertex -5.5706 40.05 11.3494
   vertex -5.7 40.05 12
  endloop
 endfacet
 facet normal -0.83147 0 -0.55557
  outer loop
   vertex -5.5706 38.05 11.3494
   vertex -5.20208 40.05 10.7979
   vertex -5.20208 38.05 10.7979
  endloop
 endfacet
 facet normal -0.83147 0 -0.55557
  outer loop
   vertex -5.5706 38.05 11.3494
   vertex -5.5706 40.05 11.3494
   vertex -5.20208 40.05 10.7979
  endloop
 endfacet
 facet normal 0 -1 0
  outer loop
   vertex -4 38.05 12
   vertex -5.5706 38.05 11.3494
   vertex -5.20208 38.05 10.7979
  endloop
 endfacet
 facet normal 0 1 0
  outer loop
   vertex -4 40.05 12
   vertex -5.20208 40.05 10.7979
   vertex -5.5706 40.05 11.3494
  endloop
 endfacet
 facet normal -0.55557 0 -0.83147
  outer loop
   vertex -5.20208 38.05 10.7979
   vertex -4.65056 40.05 10.4294
   vertex -4.65056 38.05 10.4294
  endloop
 endfacet
 facet normal -0.55557 0 -0.83147
  outer loop
   vertex -5.20208 38.05 10.7979
   vertex -5.20208 40.05 10.7979
   vertex -4.65056 40.05 10.4294
  endloop
 endfacet
 facet normal 0 -1 0
  outer loop
   vertex -4 38.05 12
   vertex -5.20208 38.05 10.7979
   vertex -4.65056 38.05 10.4294
  endloop
 endfacet
 facet normal 0 1 0
  outer loop
   vertex -4 40.05 12
   vertex -4.65056 40.05 10.4294
   vertex -5.20208 40.05 10.7979
  endloop
 endfacet
 facet normal -0.19509 0 -0.980785
  outer loop
   vertex -4.65056 38.05 10.4294
   vertex -4 40.05 10.3
   vertex -4 38.05 10.3
  endloop
 endfacet
 facet normal -0.19509 0 -0.980785
  outer loop
   vertex -4.65056 38.05 10.4294
   vertex -4.65056 40.05 10.4294
   vertex -4 40.05 10.3
  endloop
 endfacet
 facet normal 0 -1 -0
  outer loop
   vertex -4 38.05 12
   vertex -4.65056 38.05 10.4294
   vertex -4 38.05 10.3
  endloop
 endfacet
 facet normal 0 1 0
  outer loop
   vertex -4 40.05 12
   vertex -4 40.05 10.3
   vertex -4.65056 40.05 10.4294
  endloop
 endfacet
 facet normal 0.19509 0 -0.980785
  outer loop
   vertex -4 38.05 10.3
   vertex -3.34944 40.05 10.4294
   vertex -3.34944 38.05 10.4294
  endloop
 endfacet
 facet normal 0.19509 0 -0.980785
  outer loop
   vertex -4 38.05 10.3
   vertex -4 40.05 10.3
   vertex -3.34944 40.05 10.4294
  endloop
 endfacet
 facet normal 0 -1 0
  outer loop
   vertex -4 38.05 12
   vertex -4 38.05 10.3
   vertex -3.34944 38.05 10.4294
  endloop
 endfacet
 facet normal 0 1 0
  outer loop
   vertex -4 40.05 12
   vertex -3.34944 40.05 10.4294
   vertex -4 40.05 10.3
  endloop
 endfacet
 facet normal 0.55557 0 -0.83147
  outer loop
   vertex -3.34944 38.05 10.4294
   vertex -2.79792 40.05 10.7979
   vertex -2.79792 38.05 10.7979
  endloop
 endfacet
 facet normal 0.55557 0 -0.83147
  outer loop
   vertex -3.34944 38.05 10.4294
   vertex -3.34944 40.05 10.4294
   vertex -2.79792 40.05 10.7979
  endloop
 endfacet
 facet normal 0 -1 0
  outer loop
   vertex -4 38.05 12
   vertex -3.34944 38.05 10.4294
   vertex -2.79792 38.05 10.7979
  endloop
 endfacet
 facet normal 0 1 0
  outer loop
   vertex -4 40.05 12
   vertex -2.79792 40.05 10.7979
   vertex -3.34944 40.05 10.4294
  endloop
 endfacet
 facet normal 0.83147 0 -0.55557
  outer loop
   vertex -2.79792 38.05 10.7979
   vertex -2.4294 40.05 11.3494
   vertex -2.4294 38.05 11.3494
  endloop
 endfacet
 facet normal 0.83147 0 -0.55557
  outer loop
   vertex -2.79792 38.05 10.7979
   vertex -2.79792 40.05 10.7979
   vertex -2.4294 40.05 11.3494
  endloop
 endfacet
 facet normal 0 -1 0
  outer loop
   vertex -4 38.05 12
   vertex -2.79792 38.05 10.7979
   vertex -2.4294 38.05 11.3494
  endloop
 endfacet
 facet normal 0 1 0
  outer loop
   vertex -4 40.05 12
   vertex -2.4294 40.05 11.3494
   vertex -2.79792 40.05 10.7979
  endloop
 endfacet
 facet normal 0.980785 0 -0.19509
  outer loop
   vertex -2.4294 38.05 11.3494
   vertex -2.3 40.05 12
   vertex -2.3 38.05 12
  endloop
 endfacet
 facet normal 0.980785 0 -0.19509
  outer loop
   vertex -2.4294 38.05 11.3494
   vertex -2.4294 40.05 11.3494
   vertex -2.3 40.05 12
  endloop
 endfacet
 facet normal 0 -1 0
  outer loop
   vertex -4 38.05 12
   vertex -2.4294 38.05 11.3494
   vertex -2.3 38.05 12
  endloop
 endfacet
 facet normal -0 1 0
  outer loop
   vertex -4 40.05 12
   vertex -2.3 40.05 12
   vertex -2.4294 40.05 11.3494
  endloop
 endfacet
 facet normal 0.980785 0 0.19509
  outer loop
   vertex 5.7 38.05 12
   vertex 5.5706 40.05 12.6506
   vertex 5.5706 38.05 12.6506
  endloop
 endfacet
 facet normal 0.980785 -0 0.19509
  outer loop
   vertex 5.7 38.05 12
   vertex 5.7 40.05 12
   vertex 5.5706 40.05 12.6506
  endloop
 endfacet
 facet normal 0 -1 0
  outer loop
   vertex 4 38.05 12
   vertex 5.7 38.05 12
   vertex 5.5706 38.05 12.6506
  endloop
 endfacet
 facet normal 0 1 0
  outer loop
   vertex 4 40.05 12
   vertex 5.5706 40.05 12.6506
   vertex 5.7 40.05 12
  endloop
 endfacet
 facet normal 0.83147 0 0.55557
  outer loop
   vertex 5.5706 38.05 12.6506
   vertex 5.20208 40.05 13.2021
   vertex 5.20208 38.05 13.2021
  endloop
 endfacet
 facet normal 0.83147 -0 0.55557
  outer loop
   vertex 5.5706 38.05 12.6506
   vertex 5.5706 40.05 12.6506
   vertex 5.20208 40.05 13.2021
  endloop
 endfacet
 facet normal 0 -1 0
  outer loop
   vertex 4 38.05 12
   vertex 5.5706 38.05 12.6506
   vertex 5.20208 38.05 13.2021
  endloop
 endfacet
 facet normal 0 1 0
  outer loop
   vertex 4 40.05 12
   vertex 5.20208 40.05 13.2021
   vertex 5.5706 40.05 12.6506
  endloop
 endfacet
 facet normal 0.55557 0 0.83147
  outer loop
   vertex 5.20208 38.05 13.2021
   vertex 4.65056 40.05 13.5706
   vertex 4.65056 38.05 13.5706
  endloop
 endfacet
 facet normal 0.55557 -0 0.83147
  outer loop
   vertex 5.20208 38.05 13.2021
   vertex 5.20208 40.05 13.2021
   vertex 4.65056 40.05 13.5706
  endloop
 endfacet
 facet normal 0 -1 0
  outer loop
   vertex 4 38.05 12
   vertex 5.20208 38.05 13.2021
   vertex 4.65056 38.05 13.5706
  endloop
 endfacet
 facet normal 0 1 0
  outer loop
   vertex 4 40.05 12
   vertex 4.65056 40.05 13.5706
   vertex 5.20208 40.05 13.2021
  endloop
 endfacet
 facet normal 0.19509 0 0.980785
  outer loop
   vertex 4.65056 38.05 13.5706
   vertex 4 40.05 13.7
   vertex 4 38.05 13.7
  endloop
 endfacet
 facet normal 0.19509 -0 0.980785
  outer loop
   vertex 4.65056 38.05 13.5706
   vertex 4.65056 40.05 13.5706
   vertex 4 40.05 13.7
  endloop
 endfacet
 facet normal 0 -1 0
  outer loop
   vertex 4 38.05 12
   vertex 4.65056 38.05 13.5706
   vertex 4 38.05 13.7
  endloop
 endfacet
 facet normal 0 1 0
  outer loop
   vertex 4 40.05 12
   vertex 4 40.05 13.7
   vertex 4.65056 40.05 13.5706
  endloop
 endfacet
 facet normal -0.19509 0 0.980785
  outer loop
   vertex 4 38.05 13.7
   vertex 3.34944 40.05 13.5706
   vertex 3.34944 38.05 13.5706
  endloop
 endfacet
 facet normal -0.19509 0 0.980785
  outer loop
   vertex 4 38.05 13.7
   vertex 4 40.05 13.7
   vertex 3.34944 40.05 13.5706
  endloop
 endfacet
 facet normal 0 -1 0
  outer loop
   vertex 4 38.05 12
   vertex 4 38.05 13.7
   vertex 3.34944 38.05 13.5706
  endloop
 endfacet
 facet normal 0 1 -0
  outer loop
   vertex 4 40.05 12
   vertex 3.34944 40.05 13.5706
   vertex 4 40.05 13.7
  endloop
 endfacet
 facet normal -0.55557 0 0.83147
  outer loop
   vertex 3.34944 38.05 13.5706
   vertex 2.79792 40.05 13.2021
   vertex 2.79792 38.05 13.2021
  endloop
 endfacet
 facet normal -0.55557 0 0.83147
  outer loop
   vertex 3.34944 38.05 13.5706
   vertex 3.34944 40.05 13.5706
   vertex 2.79792 40.05 13.2021
  endloop
 endfacet
 facet normal 0 -1 0
  outer loop
   vertex 4 38.05 12
   vertex 3.34944 38.05 13.5706
   vertex 2.79792 38.05 13.2021
  endloop
 endfacet
 facet normal 0 1 0
  outer loop
   vertex 4 40.05 12
   vertex 2.79792 40.05 13.2021
   vertex 3.34944 40.05 13.5706
  endloop
 endfacet
 facet normal -0.83147 0 0.55557
  outer loop
   vertex 2.79792 38.05 13.2021
   vertex 2.4294 40.05 12.6506
   vertex 2.4294 38.05 12.6506
  endloop
 endfacet
 facet normal -0.83147 0 0.55557
  outer loop
   vertex 2.79792 38.05 13.2021
   vertex 2.79792 40.05 13.2021
   vertex 2.4294 40.05 12.6506
  endloop
 endfacet
 facet normal 0 -1 0
  outer loop
   vertex 4 38.05 12
   vertex 2.79792 38.05 13.2021
   vertex 2.4294 38.05 12.6506
  endloop
 endfacet
 facet normal 0 1 0
  outer loop
   vertex 4 40.05 12
   vertex 2.4294 40.05 12.6506
   vertex 2.79792 40.05 13.2021
  endloop
 endfacet
 facet normal -0.980785 0 0.19509
  outer loop
   vertex 2.4294 38.05 12.6506
   vertex 2.3 40.05 12
   vertex 2.3 38.05 12
  endloop
 endfacet
 facet normal -0.980785 0 0.19509
  outer loop
   vertex 2.4294 38.05 12.6506
   vertex 2.4294 40.05 12.6506
   vertex 2.3 40.05 12
  endloop
 endfacet
 facet normal 0 -1 0
  outer loop
   vertex 4 38.05 12
   vertex 2.4294 38.05 12.6506
   vertex 2.3 38.05 12
  endloop
 endfacet
 facet normal 0 1 0
  outer loop
   vertex 4 40.05 12
   vertex 2.3 40.05 12
   vertex 2.4294 40.05 12.6506
  endloop
 endfacet
 facet normal -0.980785 0 -0.19509
  outer loop
   vertex 2.3 38.05 12
   vertex 2.4294 40.05 11.3494
   vertex 2.4294 38.05 11.3494
  endloop
 endfacet
 facet normal -0.980785 0 -0.19509
  outer loop
   vertex 2.3 38.05 12
   vertex 2.3 40.05 12
   vertex 2.4294 40.05 11.3494
  endloop
 endfacet
 facet normal -0 -1 0
  outer loop
   vertex 4 38.05 12
   vertex 2.3 38.05 12
   vertex 2.4294 38.05 11.3494
  endloop
 endfacet
 facet normal 0 1 0
  outer loop
   vertex 4 40.05 12
   vertex 2.4294 40.05 11.3494
   vertex 2.3 40.05 12
  endloop
 endfacet
 facet normal -0.83147 0 -0.55557
  outer loop
   vertex 2.4294 38.05 11.3494
   vertex 2.79792 40.05 10.7979
   vertex 2.79792 38.05 10.7979
  endloop
 endfacet
 facet normal -0.83147 0 -0.55557
  outer loop
   vertex 2.4294 38.05 11.3494
   vertex 2.4294 40.05 11.3494
   vertex 2.79792 40.05 10.7979
  endloop
 endfacet
 facet normal 0 -1 0
  outer loop
   vertex 4 38.05 12
   vertex 2.4294 38.05 11.3494
   vertex 2.79792 38.05 10.7979
  endloop
 endfacet
 facet normal 0 1 0
  outer loop
   vertex 4 40.05 12
   vertex 2.79792 40.05 10.7979
   vertex 2.4294 40.05 11.3494
  endloop
 endfacet
 facet normal -0.55557 0 -0.83147
  outer loop
   vertex 2.79792 38.05 10.7979
   vertex 3.34944 40.05 10.4294
   vertex 3.34944 38.05 10.4294
  endloop
 endfacet
 facet normal -0.55557 0 -0.83147
  outer loop
   vertex 2.79792 38.05 10.7979
   vertex 2.79792 40.05 10.7979
   vertex 3.34944 40.05 10.4294
  endloop
 endfacet
 facet normal 0 -1 0
  outer loop
   vertex 4 38.05 12
   vertex 2.79792 38.05 10.7979
   vertex 3.34944 38.05 10.4294
  endloop
 endfacet
 facet normal 0 1 0
  outer loop
   vertex 4 40.05 12
   vertex 3.34944 40.05 10.4294
   vertex 2.79792 40.05 10.7979
  endloop
 endfacet
 facet normal -0.19509 0 -0.980785
  outer loop
   vertex 3.34944 38.05 10.4294
   vertex 4 40.05 10.3
   vertex 4 38.05 10.3
  endloop
 endfacet
 facet normal -0.19509 0 -0.980785
  outer loop
   vertex 3.34944 38.05 10.4294
   vertex 3.34944 40.05 10.4294
   vertex 4 40.05 10.3
  endloop
 endfacet
 facet normal 0 -1 0
  outer loop
   vertex 4 38.05 12
   vertex 3.34944 38.05 10.4294
   vertex 4 38.05 10.3
  endloop
 endfacet
 facet normal 0 1 0
  outer loop
   vertex 4 40.05 12
   vertex 4 40.05 10.3
   vertex 3.34944 40.05 10.4294
  endloop
 endfacet
 facet normal 0.19509 0 -0.980785
  outer loop
   vertex 4 38.05 10.3
   vertex 4.65056 40.05 10.4294
   vertex 4.65056 38.05 10.4294
  endloop
 endfacet
 facet normal 0.19509 0 -0.980785
  outer loop
   vertex 4 38.05 10.3
   vertex 4 40.05 10.3
   vertex 4.65056 40.05 10.4294
  endloop
 endfacet
 facet normal 0 -1 -0
  outer loop
   vertex 4 38.05 12
   vertex 4 38.05 10.3
   vertex 4.65056 38.05 10.4294
  endloop
 endfacet
 facet normal 0 1 0
  outer loop
   vertex 4 40.05 12
   vertex 4.65056 40.05 10.4294
   vertex 4 40.05 10.3
  endloop
 endfacet
 facet normal 0.55557 0 -0.83147
  outer loop
   vertex 4.65056 38.05 10.4294
   vertex 5.20208 40.05 10.7979
   vertex 5.20208 38.05 10.7979
  endloop
 endfacet
 facet normal 0.55557 0 -0.83147
  outer loop
   vertex 4.65056 38.05 10.4294
   vertex 4.65056 40.05 10.4294
   vertex 5.20208 40.05 10.7979
  endloop
 endfacet
 facet normal 0 -1 0
  outer loop
   vertex 4 38.05 12
   vertex 4.65056 38.05 10.4294
   vertex 5.20208 38.05 10.7979
  endloop
 endfacet
 facet normal 0 1 0
  outer loop
   vertex 4 40.05 12
   vertex 5.20208 40.05 10.7979
   vertex 4.65056 40.05 10.4294
  endloop
 endfacet
 facet normal 0.83147 0 -0.55557
  outer loop
   vertex 5.20208 38.05 10.7979
   vertex 5.5706 40.05 11.3494
   vertex 5.5706 38.05 11.3494
  endloop
 endfacet
 facet normal 0.83147 0 -0.55557
  outer loop
   vertex 5.20208 38.05 10.7979
   vertex 5.20208 40.05 10.7979
   vertex 5.5706 40.05 11.3494
  endloop
 endfacet
 facet normal 0 -1 0
  outer loop
   vertex 4 38.05 12
   vertex 5.20208 38.05 10.7979
   vertex 5.5706 38.05 11.3494
  endloop
 endfacet
 facet normal 0 1 0
  outer loop
   vertex 4 40.05 12
   vertex 5.5706 40.05 11.3494
   vertex 5.20208 40.05 10.7979
  endloop
 endfacet
 facet normal 0.980785 0 -0.19509
  outer loop
   vertex 5.5706 38.05 11.3494
   vertex 5.7 40.05 12
   vertex 5.7 38.05 12
  endloop
 endfacet
 facet normal 0.980785 0 -0.19509
  outer loop
   vertex 5.5706 38.05 11.3494
   vertex 5.5706 40.05 11.3494
   vertex 5.7 40.05 12
  endloop
 endfacet
 facet normal 0 -1 0
  outer loop
   vertex 4 38.05 12
   vertex 5.5706 38.05 11.3494
   vertex 5.7 38.05 12
  endloop
 endfacet
 facet normal -0 1 0
  outer loop
   vertex 4 40.05 12
   vertex 5.7 40.05 12
   vertex 5.5706 40.05 11.3494
  endloop
 endfacet
 facet normal 0.980785 0 0.19509
  outer loop
   vertex 13.7 38.05 12
   vertex 13.5706 40.05 12.6506
   vertex 13.5706 38.05 12.6506
  endloop
 endfacet
 facet normal 0.980785 -0 0.19509
  outer loop
   vertex 13.7 38.05 12
   vertex 13.7 40.05 12
   vertex 13.5706 40.05 12.6506
  endloop
 endfacet
 facet normal 0 -1 0
  outer loop
   vertex 12 38.05 12
   vertex 13.7 38.05 12
   vertex 13.5706 38.05 12.6506
  endloop
 endfacet
 facet normal 0 1 0
  outer loop
   vertex 12 40.05 12
   vertex 13.5706 40.05 12.6506
   vertex 13.7 40.05 12
  endloop
 endfacet
 facet normal 0.83147 0 0.55557
  outer loop
   vertex 13.5706 38.05 12.6506
   vertex 13.2021 40.05 13.2021
   vertex 13.2021 38.05 13.2021
  endloop
 endfacet
 facet normal 0.83147 -0 0.55557
  outer loop
   vertex 13.5706 38.05 12.6506
   vertex 13.5706 40.05 12.6506
   vertex 13.2021 40.05 13.2021
  endloop
 endfacet
 facet normal 0 -1 0
  outer loop
   vertex 12 38.05 12
   vertex 13.5706 38.05 12.6506
   vertex 13.2021 38.05 13.2021
  endloop
 endfacet
 facet normal 0 1 0
  outer loop
   vertex 12 40.05 12
   vertex 13.2021 40.05 13.2021
   vertex 13.5706 40.05 12.6506
  endloop
 endfacet
 facet normal 0.55557 0 0.83147
  outer loop
   vertex 13.2021 38.05 13.2021
   vertex 12.6506 40.05 13.5706
   vertex 12.6506 38.05 13.5706
  endloop
 endfacet
 facet normal 0.55557 -0 0.83147
  outer loop
   vertex 13.2021 38.05 13.2021
   vertex 13.2021 40.05 13.2021
   vertex 12.6506 40.05 13.5706
  endloop
 endfacet
 facet normal 0 -1 0
  outer loop
   vertex 12 38.05 12
   vertex 13.2021 38.05 13.2021
   vertex 12.6506 38.05 13.5706
  endloop
 endfacet
 facet normal 0 1 0
  outer loop
   vertex 12 40.05 12
   vertex 12.6506 40.05 13.5706
   vertex 13.2021 40.05 13.2021
  endloop
 endfacet
 facet normal 0.19509 0 0.980785
  outer loop
   vertex 12.6506 38.05 13.5706
   vertex 12 40.05 13.7
   vertex 12 38.05 13.7
  endloop
 endfacet
 facet normal 0.19509 -0 0.980785
  outer loop
   vertex 12.6506 38.05 13.5706
   vertex 12.6506 40.05 13.5706
   vertex 12 40.05 13.7
  endloop
 endfacet
 facet normal 0 -1 0
  outer loop
   vertex 12 38.05 12
   vertex 12.6506 38.05 13.5706
   vertex 12 38.05 13.7
  endloop
 endfacet
 facet normal 0 1 0
  outer loop
   vertex 12 40.05 12
   vertex 12 40.05 13.7
   vertex 12.6506 40.05 13.5706
  endloop
 endfacet
 facet normal -0.19509 0 0.980785
  outer loop
   vertex 12 38.05 13.7
   vertex 11.3494 40.05 13.5706
   vertex 11.3494 38.05 13.5706
  endloop
 endfacet
 facet normal -0.19509 0 0.980785
  outer loop
   vertex 12 38.05 13.7
   vertex 12 40.05 13.7
   vertex 11.3494 40.05 13.5706
  endloop
 endfacet
 facet normal 0 -1 0
  outer loop
   vertex 12 38.05 12
   vertex 12 38.05 13.7
   vertex 11.3494 38.05 13.5706
  endloop
 endfacet
 facet normal 0 1 -0
  outer loop
   vertex 12 40.05 12
   vertex 11.3494 40.05 13.5706
   vertex 12 40.05 13.7
  endloop
 endfacet
 facet normal -0.55557 0 0.83147
  outer loop
   vertex 11.3494 38.05 13.5706
   vertex 10.7979 40.05 13.2021
   vertex 10.7979 38.05 13.2021
  endloop
 endfacet
 facet normal -0.55557 0 0.83147
  outer loop
   vertex 11.3494 38.05 13.5706
   vertex 11.3494 40.05 13.5706
   vertex 10.7979 40.05 13.2021
  endloop
 endfacet
 facet normal 0 -1 0
  outer loop
   vertex 12 38.05 12
   vertex 11.3494 38.05 13.5706
   vertex 10.7979 38.05 13.2021
  endloop
 endfacet
 facet normal 0 1 0
  outer loop
   vertex 12 40.05 12
   vertex 10.7979 40.05 13.2021
   vertex 11.3494 40.05 13.5706
  endloop
 endfacet
 facet normal -0.83147 0 0.55557
  outer loop
   vertex 10.7979 38.05 13.2021
   vertex 10.4294 40.05 12.6506
   vertex 10.4294 38.05 12.6506
  endloop
 endfacet
 facet normal -0.83147 0 0.55557
  outer loop
   vertex 10.7979 38.05 13.2021
   vertex 10.7979 40.05 13.2021
   vertex 10.4294 40.05 12.6506
  endloop
 endfacet
 facet normal 0 -1 0
  outer loop
   vertex 12 38.05 12
   vertex 10.7979 38.05 13.2021
   vertex 10.4294 38.05 12.6506
  endloop
 endfacet
 facet normal 0 1 0
  outer loop
   vertex 12 40.05 12
   vertex 10.4294 40.05 12.6506
   vertex 10.7979 40.05 13.2021
  endloop
 endfacet
 facet normal -0.980785 0 0.19509
  outer loop
   vertex 10.4294 38.05 12.6506
   vertex 10.3 40.05 12
   vertex 10.3 38.05 12
  endloop
 endfacet
 facet normal -0.980785 0 0.19509
  outer loop
   vertex 10.4294 38.05 12.6506
   vertex 10.4294 40.05 12.6506
   vertex 10.3 40.05 12
  endloop
 endfacet
 facet normal 0 -1 0
  outer loop
   vertex 12 38.05 12
   vertex 10.4294 38.05 12.6506
   vertex 10.3 38.05 12
  endloop
 endfacet
 facet normal 0 1 0
  outer loop
   vertex 12 40.05 12
   vertex 10.3 40.05 12
   vertex 10.4294 40.05 12.6506
  endloop
 endfacet
 facet normal -0.980785 0 -0.19509
  outer loop
   vertex 10.3 38.05 12
   vertex 10.4294 40.05 11.3494
   vertex 10.4294 38.05 11.3494
  endloop
 endfacet
 facet normal -0.980785 0 -0.19509
  outer loop
   vertex 10.3 38.05 12
   vertex 10.3 40.05 12
   vertex 10.4294 40.05 11.3494
  endloop
 endfacet
 facet normal -0 -1 0
  outer loop
   vertex 12 38.05 12
   vertex 10.3 38.05 12
   vertex 10.4294 38.05 11.3494
  endloop
 endfacet
 facet normal 0 1 0
  outer loop
   vertex 12 40.05 12
   vertex 10.4294 40.05 11.3494
   vertex 10.3 40.05 12
  endloop
 endfacet
 facet normal -0.83147 0 -0.55557
  outer loop
   vertex 10.4294 38.05 11.3494
   vertex 10.7979 40.05 10.7979
   vertex 10.7979 38.05 10.7979
  endloop
 endfacet
 facet normal -0.83147 0 -0.55557
  outer loop
   vertex 10.4294 38.05 11.3494
   vertex 10.4294 40.05 11.3494
   vertex 10.7979 40.05 10.7979
  endloop
 endfacet
 facet normal 0 -1 0
  outer loop
   vertex 12 38.05 12
   vertex 10.4294 38.05 11.3494
   vertex 10.7979 38.05 10.7979
  endloop
 endfacet
 facet normal 0 1 0
  outer loop
   vertex 12 40.05 12
   vertex 10.7979 40.05 10.7979
   vertex 10.4294 40.05 11.3494
  endloop
 endfacet
 facet normal -0.55557 0 -0.83147
  outer loop
   vertex 10.7979 38.05 10.7979
   vertex 11.3494 40.05 10.4294
   vertex 11.3494 38.05 10.4294
  endloop
 endfacet
 facet normal -0.55557 0 -0.83147
  outer loop
   vertex 10.7979 38.05 10.7979
   vertex 10.7979 40.05 10.7979
   vertex 11.3494 40.05 10.4294
  endloop
 endfacet
 facet normal 0 -1 0
  outer loop
   vertex 12 38.05 12
   vertex 10.7979 38.05 10.7979
   vertex 11.3494 38.05 10.4294
  endloop
 endfacet
 facet normal 0 1 0
  outer loop
   vertex 12 40.05 12
   vertex 11.3494 40.05 10.4294
   vertex 10.7979 40.05 10.7979
  endloop
 endfacet
 facet normal -0.19509 0 -0.980785
  outer loop
   vertex 11.3494 38.05 10.4294
   vertex 12 40.05 10.3
   vertex 12 38.05 10.3
  endloop
 endfacet
 facet normal -0.19509 0 -0.980785
  outer loop
   vertex 11.3494 38.05 10.4294
   vertex 11.3494 40.05 10.4294
   vertex 12 40.05 10.3
  endloop
 endfacet
 facet normal 0 -1 -0
  outer loop
   vertex 12 38.05 12
   vertex 11.3494 38.05 10.4294
   vertex 12 38.05 10.3
  endloop
 endfacet
 facet normal 0 1 0
  outer loop
   vertex 12 40.05 12
   vertex 12 40.05 10.3
   vertex 11.3494 40.05 10.4294
  endloop
 endfacet
 facet normal 0.19509 0 -0.980785
  outer loop
   vertex 12 38.05 10.3
   vertex 12.6506 40.05 10.4294
   vertex 12.6506 38.05 10.4294
  endloop
 endfacet
 facet normal 0.19509 0 -0.980785
  outer loop
   vertex 12 38.05 10.3
   vertex 12 40.05 10.3
   vertex 12.6506 40.05 10.4294
  endloop
 endfacet
 facet normal 0 -1 0
  outer loop
   vertex 12 38.05 12
   vertex 12 38.05 10.3
   vertex 12.6506 38.05 10.4294
  endloop
 endfacet
 facet normal 0 1 0
  outer loop
   vertex 12 40.05 12
   vertex 12.6506 40.05 10.4294
   vertex 12 40.05 10.3
  endloop
 endfacet
 facet normal 0.55557 0 -0.83147
  outer loop
   vertex 12.6506 38.05 10.4294
   vertex 13.2021 40.05 10.7979
   vertex 13.2021 38.05 10.7979
  endloop
 endfacet
 facet normal 0.55557 0 -0.83147
  outer loop
   vertex 12.6506 38.05 10.4294
   vertex 12.6506 40.05 10.4294
   vertex 13.2021 40.05 10.7979
  endloop
 endfacet
 facet normal 0 -1 0
  outer loop
   vertex 12 38.05 12
   vertex 12.6506 38.05 10.4294
   vertex 13.2021 38.05 10.7979
  endloop
 endfacet
 facet normal 0 1 0
  outer loop
   vertex 12 40.05 12
   vertex 13.2021 40.05 10.7979
   vertex 12.6506 40.05 10.4294
  endloop
 endfacet
 facet normal 0.83147 0 -0.55557
  outer loop
   vertex 13.2021 38.05 10.7979
   vertex 13.5706 40.05 11.3494
   vertex 13.5706 38.05 11.3494
  endloop
 endfacet
 facet normal 0.83147 0 -0.55557
  outer loop
   vertex 13.2021 38.05 10.7979
   vertex 13.2021 40.05 10.7979
   vertex 13.5706 40.05 11.3494
  endloop
 endfacet
 facet normal 0 -1 0
  outer loop
   vertex 12 38.05 12
   vertex 13.2021 38.05 10.7979
   vertex 13.5706 38.05 11.3494
  endloop
 endfacet
 facet normal 0 1 0
  outer loop
   vertex 12 40.05 12
   vertex 13.5706 40.05 11.3494
   vertex 13.2021 40.05 10.7979
  endloop
 endfacet
 facet normal 0.980785 0 -0.19509
  outer loop
   vertex 13.5706 38.05 11.3494
   vertex 13.7 40.05 12
   vertex 13.7 38.05 12
  endloop
 endfacet
 facet normal 0.980785 0 -0.19509
  outer loop
   vertex 13.5706 38.05 11.3494
   vertex 13.5706 40.05 11.3494
   vertex 13.7 40.05 12
  endloop
 endfacet
 facet normal 0 -1 0
  outer loop
   vertex 12 38.05 12
   vertex 13.5706 38.05 11.3494
   vertex 13.7 38.05 12
  endloop
 endfacet
 facet normal -0 1 0
  outer loop
   vertex 12 40.05 12
   vertex 13.7 40.05 12
   vertex 13.5706 40.05 11.3494
  endloop
 endfacet
 facet normal 0 0 -1
  outer loop
   vertex -3.5 38.05 -2.5
   vertex 3.5 39.55 -2.5
   vertex 3.5 38.05 -2.5
  endloop
 endfacet
 facet normal 0 0 -1
  outer loop
   vertex -3.5 38.05 -2.5
   vertex -3.5 39.55 -2.5
   vertex 3.5 39.55 -2.5
  endloop
 endfacet
 facet normal 0 0 1
  outer loop
   vertex -3.5 38.05 2.5
   vertex 3.5 38.05 2.5
   vertex 3.5 39.55 2.5
  endloop
 endfacet
 facet normal 0 0 1
  outer loop
   vertex -3.5 38.05 2.5
   vertex 3.5 39.55 2.5
   vertex -3.5 39.55 2.5
  endloop
 endfacet
 facet normal 0 -1 0
  outer loop
   vertex -3.5 38.05 -2.5
   vertex 3.5 38.05 -2.5
   vertex 3.5 38.05 2.5
  endloop
 endfacet
 facet normal 0 -1 0
  outer loop
   vertex -3.5 38.05 -2.5
   vertex 3.5 38.05 2.5
   vertex -3.5 38.05 2.5
  endloop
 endfacet
 facet normal 1 0 0
  outer loop
   vertex 3.5 38.05 -2.5
   vertex 3.5 39.55 -2.5
   vertex 3.5 39.55 2.5
  endloop
 endfacet
 facet normal 1 0 0
  outer loop
   vertex 3.5 38.05 -2.5
   vertex 3.5 39.55 2.5
   vertex 3.5 38.05 2.5
  endloop
 endfacet
 facet normal 0 1 0
  outer loop
   vertex 3.5 39.55 -2.5
   vertex -3.5 39.55 -2.5
   vertex -3.5 39.55 2.5
  endloop
 endfacet
 facet normal 0 1 -0
  outer loop
   vertex 3.5 39.55 -2.5
   vertex -3.5 39.55 2.5
   vertex 3.5 39.55 2.5
  endloop
 endfacet
 facet normal -1 0 0
  outer loop
   vertex -3.5 39.55 -2.5
   vertex -3.5 38.05 -2.5
   vertex -3.5 38.05 2.5
  endloop
 endfacet
 facet normal -1 0 0
  outer loop
   vertex -3.5 39.55 -2.5
   vertex -3.5 38.05 2.5
   vertex -3.5 39.55 2.5
  endloop
 endfacet
 facet normal 0 0 -1
  outer loop
   vertex 6.5 38.05 -17.5
   vertex 15.5 40.55 -17.5
   vertex 15.5 38.05 -17.5
  endloop
 endfacet
 facet normal 0 0 -1
  outer loop
   vertex 6.5 38.05 -17.5
   vertex 6.5 40.55 -17.5
   vertex 15.5 40.55 -17.5
  endloop
 endfacet
 facet normal 0 0 1
  outer loop
   vertex 6.5 38.05 -10.5
   vertex 15.5 38.05 -10.5
   vertex 15.5 40.55 -10.5
  endloop
 endfacet
 facet normal 0 0 1
  outer loop
   vertex 6.5 38.05 -10.5
   vertex 15.5 40.55 -10.5
   vertex 6.5 40.55 -10.5
  endloop
 endfacet
 facet normal 0 -1 0
  outer loop
   vertex 6.5 38.05 -17.5
   vertex 15.5 38.05 -17.5
   vertex 15.5 38.05 -10.5
  endloop
 endfacet
 facet normal 0 -1 0
  outer loop
   vertex 6.5 38.05 -17.5
   vertex 15.5 38.05 -10.5
   vertex 6.5 38.05 -10.5
  endloop
 endfacet
 facet normal 1 0 0
  outer loop
   vertex 15.5 38.05 -17.5
   vertex 15.5 40.55 -17.5
   vertex 15.5 40.55 -10.5
  endloop
 endfacet
 facet normal 1 0 0
  outer loop
   vertex 15.5 38.05 -17.5
   vertex 15.5 40.55 -10.5
   vertex 15.5 38.05 -10.5
  endloop
 endfacet
 facet normal 0 1 0
  outer loop
   vertex 15.5 40.55 -17.5
   vertex 6.5 40.55 -17.5
   vertex 6.5 40.55 -10.5
  endloop
 endfacet
 facet normal 0 1 -0
  outer loop
   vertex 15.5 40.55 -17.5
   vertex 6.5 40.55 -10.5
   vertex 15.5 40.55 -10.5
  endloop
 endfacet
 facet normal -1 0 0
  outer loop
   vertex 6.5 40.55 -17.5
   vertex 6.5 38.05 -17.5
   vertex 6.5 38.05 -10.5
  endloop
 endfacet
 facet normal -1 0 0
  outer loop
   vertex 6.5 40.55 -17.5
   vertex 6.5 38.05 -10.5
   vertex 6.5 40.55 -10.5
  endloop
 endfacet
 facet normal 0 0 -1
  outer loop
   vertex -14 -39.25 -16
   vertex -8 -10 -16
   vertex -8 -39.25 -16
  endloop
 endfacet
 facet normal 0 0 -1
  outer loop
   vertex -14 -39.25 -16
   vertex -14 -10 -16
   vertex -8 -10 -16
  endloop
 endfacet
 facet normal 0 0 1
  outer loop
   vertex -14 -39.25 -12
   vertex -8 -39.25 -12
   vertex -8 -10 -12
  endloop
 endfacet
 facet normal 0 0 1
  outer loop
   vertex -14 -39.25 -12
   vertex -8 -10 -12
   vertex -14 -10 -12
  endloop
 endfacet
 facet normal 0 -1 0
  outer loop
   vertex -14 -39.25 -16
   vertex -8 -39.25 -16
   vertex -8 -39.25 -12
  endloop
 endfacet
 facet normal 0 -1 0
  outer loop
   vertex -14 -39.25 -16
   vertex -8 -39.25 -12
   vertex -14 -39.25 -12
  endloop
 endfacet
 facet normal 1 0 0
  outer loop
   vertex -8 -39.25 -16
   vertex -8 -10 -16
   vertex -8 -10 -12
  endloop
 endfacet
 facet normal 1 0 0
  outer loop
   vertex -8 -39.25 -16
   vertex -8 -10 -12
   vertex -8 -39.25 -12
  endloop
 endfacet
 facet normal 0 1 0
  outer loop
   vertex -8 -10 -16
   vertex -14 -10 -16
   vertex -14 -10 -12
  endloop
 endfacet
 facet normal 0 1 -0
  outer loop
   vertex -8 -10 -16
   vertex -14 -10 -12
   vertex -8 -10 -12
  endloop
 endfacet
 facet normal -1 0 0
  outer loop
   vertex -14 -10 -16
   vertex -14 -39.25 -16
   vertex -14 -39.25 -12
  endloop
 endfacet
 facet normal -1 0 0
  outer loop
   vertex -14 -10 -16
   vertex -14 -39.25 -12
   vertex -14 -10 -12
  endloop
 endfacet
 facet normal 0 0 -1
  outer loop
   vertex -9 -10 -12
   vertex -7 -3 -12
   vertex -7 -10 -12
  endloop
 endfacet
 facet normal 0 0 -1
  outer loop
   vertex -9 -10 -12
   vertex -9 -3 -12
   vertex -7 -3 -12
  endloop
 endfacet
 facet normal 0 0 1
  outer loop
   vertex -9 -10 10
   vertex -7 -10 10
   vertex -7 -3 10
  endloop
 endfacet
 facet normal 0 0 1
  outer loop
   vertex -9 -10 10
   vertex -7 -3 10
   vertex -9 -3 10
  endloop
 endfacet
 facet normal 0 -1 0
  outer loop
   vertex -9 -10 -12
   vertex -7 -10 -12
   vertex -7 -10 10
  endloop
 endfacet
 facet normal 0 -1 0
  outer loop
   vertex -9 -10 -12
   vertex -7 -10 10
   vertex -9 -10 10
  endloop
 endfacet
 facet normal 1 0 0
  outer loop
   vertex -7 -10 -12
   vertex -7 -3 -12
   vertex -7 -3 10
  endloop
 endfacet
 facet normal 1 0 0
  outer loop
   vertex -7 -10 -12
   vertex -7 -3 10
   vertex -7 -10 10
  endloop
 endfacet
 facet normal 0 1 0
  outer loop
   vertex -7 -3 -12
   vertex -9 -3 -12
   vertex -9 -3 10
  endloop
 endfacet
 facet normal 0 1 -0
  outer loop
   vertex -7 -3 -12
   vertex -9 -3 10
   vertex -7 -3 10
  endloop
 endfacet
 facet normal -1 0 0
  outer loop
   vertex -9 -3 -12
   vertex -9 -10 -12
   vertex -9 -10 10
  endloop
 endfacet
 facet normal -1 0 0
  outer loop
   vertex -9 -3 -12
   vertex -9 -10 10
   vertex -9 -3 10
  endloop
 endfacet
 facet normal 0 0 -1
  outer loop
   vertex 8 10 -14
   vertex 11 39.25 -14
   vertex 11 10 -14
  endloop
 endfacet
 facet normal 0 0 -1
  outer loop
   vertex 8 10 -14
   vertex 8 39.25 -14
   vertex 11 39.25 -14
  endloop
 endfacet
 facet normal 0 0 1
  outer loop
   vertex 8 10 -10
   vertex 11 10 -10
   vertex 11 39.25 -10
  endloop
 endfacet
 facet normal 0 0 1
  outer loop
   vertex 8 10 -10
   vertex 11 39.25 -10
   vertex 8 39.25 -10
  endloop
 endfacet
 facet normal 0 -1 0
  outer loop
   vertex 8 10 -14
   vertex 11 10 -14
   vertex 11 10 -10
  endloop
 endfacet
 facet normal 0 -1 0
  outer loop
   vertex 8 10 -14
   vertex 11 10 -10
   vertex 8 10 -10
  endloop
 endfacet
 facet normal 1 0 0
  outer loop
   vertex 11 10 -14
   vertex 11 39.25 -14
   vertex 11 39.25 -10
  endloop
 endfacet
 facet normal 1 0 0
  outer loop
   vertex 11 10 -14
   vertex 11 39.25 -10
   vertex 11 10 -10
  endloop
 endfacet
 facet normal 0 1 0
  outer loop
   vertex 11 39.25 -14
   vertex 8 39.25 -14
   vertex 8 39.25 -10
  endloop
 endfacet
 facet normal 0 1 -0
  outer loop
   vertex 11 39.25 -14
   vertex 8 39.25 -10
   vertex 11 39.25 -10
  endloop
 endfacet
 facet normal -1 0 0
  outer loop
   vertex 8 39.25 -14
   vertex 8 10 -14
   vertex 8 10 -10
  endloop
 endfacet
 facet normal -1 0 0
  outer loop
   vertex 8 39.25 -14
   vertex 8 10 -10
   vertex 8 39.25 -10
  endloop
 endfacet
 facet normal 0 0 -1
  outer loop
   vertex 7 3 -10
   vertex 9 10 -10
   vertex 9 3 -10
  endloop
 endfacet
 facet normal 0 0 -1
  outer loop
   vertex 7 3 -10
   vertex 7 10 -10
   vertex 9 10 -10
  endloop
 endfacet
 facet normal 0 0 1
  outer loop
   vertex 7 3 12
   vertex 9 3 12
   vertex 9 10 12
  endloop
 endfacet
 facet normal 0 0 1
  outer loop
   vertex 7 3 12
   vertex 9 10 12
   vertex 7 10 12
  endloop
 endfacet
 facet normal 0 -1 0
  outer loop
   vertex 7 3 -10
   vertex 9 3 -10
   vertex 9 3 12
  endloop
 endfacet
 facet normal 0 -1 0
  outer loop
   vertex 7 3 -10
   vertex 9 3 12
   vertex 7 3 12
  endloop
 endfacet
 facet normal 1 0 0
  outer loop
   vertex 9 3 -10
   vertex 9 10 -10
   vertex 9 10 12
  endloop
 endfacet
 facet normal 1 0 0
  outer loop
   vertex 9 3 -10
   vertex 9 10 12
   vertex 9 3 12
  endloop
 endfacet
 facet normal 0 1 0
  outer loop
   vertex 9 10 -10
   vertex 7 10 -10
   vertex 7 10 12
  endloop
 endfacet
 facet normal 0 1 -0
  outer loop
   vertex 9 10 -10
   vertex 7 10 12
   vertex 9 10 12
  endloop
 endfacet
 facet normal -1 0 0
  outer loop
   vertex 7 10 -10
   vertex 7 3 -10
   vertex 7 3 12
  endloop
 endfacet
 facet normal -1 0 0
  outer loop
   vertex 7 10 -10
   vertex 7 3 12
   vertex 7 10 12
  endloop
 endfacet
endsolid vacuum_battery_assembly_model
