solid battery_pack
 facet normal 0.0 0.9978589232386034 0.06540312923014366
  outer loop
   vertex -32.500000 -1.216667 -20.350000
   vertex -32.500000 -1.294946 -19.155685
   vertex 32.500000 -1.294946 -19.155685
  endloop
 endfacet
 facet normal -0.0 0.9978589232386034 0.06540312923014366
  outer loop
   vertex -32.500000 -1.216667 -20.350000
   vertex 32.500000 -1.294946 -19.155685
   vertex 32.500000 -1.216667 -20.350000
  endloop
 endfacet
 facet normal -1.0 0.0 0.0
  outer loop
   vertex -32.500000 -10.366667 -20.350000
   vertex -32.500000 -1.294946 -19.155685
   vertex -32.500000 -1.216667 -20.350000
  endloop
 endfacet
 facet normal 1.0 0.0 0.0
  outer loop
   vertex 32.500000 -10.366667 -20.350000
   vertex 32.500000 -1.216667 -20.350000
   vertex 32.500000 -1.294946 -19.155685
  endloop
 endfacet
 facet normal 0.0 0.9807852804032305 0.1950903220161276
  outer loop
   vertex -32.500000 -1.294946 -19.155685
   vertex -32.500000 -1.528445 -17.981806
   vertex 32.500000 -1.528445 -17.981806
  endloop
 endfacet
 facet normal -0.0 0.9807852804032305 0.1950903220161276
  outer loop
   vertex -32.500000 -1.294946 -19.155685
   vertex 32.500000 -1.528445 -17.981806
   vertex 32.500000 -1.294946 -19.155685
  endloop
 endfacet
 facet normal -1.0 0.0 0.0
  outer loop
   vertex -32.500000 -10.366667 -20.350000
   vertex -32.500000 -1.528445 -17.981806
   vertex -32.500000 -1.294946 -19.155685
  endloop
 endfacet
 facet normal 1.0 0.0 0.0
  outer loop
   vertex 32.500000 -10.366667 -20.350000
   vertex 32.500000 -1.294946 -19.155685
   vertex 32.500000 -1.528445 -17.981806
  endloop
 endfacet
 facet normal 0.0 0.9469301294951055 0.32143946530316175
  outer loop
   vertex -32.500000 -1.528445 -17.981806
   vertex -32.500000 -1.913169 -16.848447
   vertex 32.500000 -1.913169 -16.848447
  endloop
 endfacet
 facet normal -0.0 0.9469301294951055 0.32143946530316175
  outer loop
   vertex -32.500000 -1.528445 -17.981806
   vertex 32.500000 -1.913169 -16.848447
   vertex 32.500000 -1.528445 -17.981806
  endloop
 endfacet
 facet normal -1.0 0.0 0.0
  outer loop
   vertex -32.500000 -10.366667 -20.350000
   vertex -32.500000 -1.913169 -16.848447
   vertex -32.500000 -1.528445 -17.981806
  endloop
 endfacet
 facet normal 1.0 0.0 0.0
  outer loop
   vertex 32.500000 -10.366667 -20.350000
   vertex 32.500000 -1.528445 -17.981806
   vertex 32.500000 -1.913169 -16.848447
  endloop
 endfacet
 facet normal 0.0 0.8968727415326886 0.44228869021900086
  outer loop
   vertex -32.500000 -1.913169 -16.848447
   vertex -32.500000 -2.442534 -15.775000
   vertex 32.500000 -2.442534 -15.775000
  endloop
 endfacet
 facet normal -0.0 0.8968727415326886 0.44228869021900086
  outer loop
   vertex -32.500000 -1.913169 -16.848447
   vertex 32.500000 -2.442534 -15.775000
   vertex 32.500000 -1.913169 -16.848447
  endloop
 endfacet
 facet normal -1.0 0.0 0.0
  outer loop
   vertex -32.500000 -10.366667 -20.350000
   vertex -32.500000 -2.442534 -15.775000
   vertex -32.500000 -1.913169 -16.848447
  endloop
 endfacet
 facet normal 1.0 0.0 0.0
  outer loop
   vertex 32.500000 -10.366667 -20.350000
   vertex 32.500000 -1.913169 -16.848447
   vertex 32.500000 -2.442534 -15.775000
  endloop
 endfacet
 facet normal 0.0 0.8314696123025451 0.5555702330196023
  outer loop
   vertex -32.500000 -2.442534 -15.775000
   vertex -32.500000 -3.107484 -14.779833
   vertex 32.500000 -3.107484 -14.779833
  endloop
 endfacet
 facet normal -0.0 0.8314696123025451 0.5555702330196023
  outer loop
   vertex -32.500000 -2.442534 -15.775000
   vertex 32.500000 -3.107484 -14.779833
   vertex 32.500000 -2.442534 -15.775000
  endloop
 endfacet
 facet normal -1.0 0.0 0.0
  outer loop
   vertex -32.500000 -10.366667 -20.350000
   vertex -32.500000 -3.107484 -14.779833
   vertex -32.500000 -2.442534 -15.775000
  endloop
 endfacet
 facet normal 1.0 0.0 0.0
  outer loop
   vertex 32.500000 -10.366667 -20.350000
   vertex 32.500000 -2.442534 -15.775000
   vertex 32.500000 -3.107484 -14.779833
  endloop
 endfacet
 facet normal 0.0 0.7518398074789774 0.6593458151000691
  outer loop
   vertex -32.500000 -3.107484 -14.779833
   vertex -32.500000 -3.896640 -13.879973
   vertex 32.500000 -3.896640 -13.879973
  endloop
 endfacet
 facet normal -0.0 0.7518398074789774 0.6593458151000691
  outer loop
   vertex -32.500000 -3.107484 -14.779833
   vertex 32.500000 -3.896640 -13.879973
   vertex 32.500000 -3.107484 -14.779833
  endloop
 endfacet
 facet normal -1.0 0.0 0.0
  outer loop
   vertex -32.500000 -10.366667 -20.350000
   vertex -32.500000 -3.896640 -13.879973
   vertex -32.500000 -3.107484 -14.779833
  endloop
 endfacet
 facet normal 1.0 0.0 0.0
  outer loop
   vertex 32.500000 -10.366667 -20.350000
   vertex 32.500000 -3.107484 -14.779833
   vertex 32.500000 -3.896640 -13.879973
  endloop
 endfacet
 facet normal 0.0 0.6593458151000698 0.7518398074789766
  outer loop
   vertex -32.500000 -3.896640 -13.879973
   vertex -32.500000 -4.796500 -13.090817
   vertex 32.500000 -4.796500 -13.090817
  endloop
 endfacet
 facet normal -0.0 0.6593458151000698 0.7518398074789766
  outer loop
   vertex -32.500000 -3.896640 -13.879973
   vertex 32.500000 -4.796500 -13.090817
   vertex 32.500000 -3.896640 -13.879973
  endloop
 endfacet
 facet normal -1.0 0.0 0.0
  outer loop
   vertex -32.500000 -10.366667 -20.350000
   vertex -32.500000 -4.796500 -13.090817
   vertex -32.500000 -3.896640 -13.879973
  endloop
 endfacet
 facet normal 1.0 0.0 0.0
  outer loop
   vertex 32.500000 -10.366667 -20.350000
   vertex 32.500000 -3.896640 -13.879973
   vertex 32.500000 -4.796500 -13.090817
  endloop
 endfacet
 facet normal 0.0 0.5555702330196012 0.8314696123025459
  outer loop
   vertex -32.500000 -4.796500 -13.090817
   vertex -32.500000 -5.791667 -12.425868
   vertex 32.500000 -5.791667 -12.425868
  endloop
 endfacet
 facet normal -0.0 0.5555702330196012 0.8314696123025459
  outer loop
   vertex -32.500000 -4.796500 -13.090817
   vertex 32.500000 -5.791667 -12.425868
   vertex 32.500000 -4.796500 -13.090817
  endloop
 endfacet
 facet normal -1.0 0.0 0.0
  outer loop
   vertex -32.500000 -10.366667 -20.350000
   vertex -32.500000 -5.791667 -12.425868
   vertex -32.500000 -4.796500 -13.090817
  endloop
 endfacet
 facet normal 1.0 0.0 0.0
  outer loop
   vertex 32.500000 -10.366667 -20.350000
   vertex 32.500000 -4.796500 -13.090817
   vertex 32.500000 -5.791667 -12.425868
  endloop
 endfacet
 facet normal 0.0 0.4422886902190011 0.8968727415326884
  outer loop
   vertex -32.500000 -5.791667 -12.425868
   vertex -32.500000 -6.865113 -11.896502
   vertex 32.500000 -6.865113 -11.896502
  endloop
 endfacet
 facet normal -0.0 0.4422886902190011 0.8968727415326884
  outer loop
   vertex -32.500000 -5.791667 -12.425868
   vertex 32.500000 -6.865113 -11.896502
   vertex 32.500000 -5.791667 -12.425868
  endloop
 endfacet
 facet normal -1.0 0.0 0.0
  outer loop
   vertex -32.500000 -10.366667 -20.350000
   vertex -32.500000 -6.865113 -11.896502
   vertex -32.500000 -5.791667 -12.425868
  endloop
 endfacet
 facet normal 1.0 0.0 0.0
  outer loop
   vertex 32.500000 -10.366667 -20.350000
   vertex 32.500000 -5.791667 -12.425868
   vertex 32.500000 -6.865113 -11.896502
  endloop
 endfacet
 facet normal 0.0 0.3214394653031622 0.9469301294951054
  outer loop
   vertex -32.500000 -6.865113 -11.896502
   vertex -32.500000 -7.998472 -11.511779
   vertex 32.500000 -7.998472 -11.511779
  endloop
 endfacet
 facet normal -0.0 0.3214394653031622 0.9469301294951054
  outer loop
   vertex -32.500000 -6.865113 -11.896502
   vertex 32.500000 -7.998472 -11.511779
   vertex 32.500000 -6.865113 -11.896502
  endloop
 endfacet
 facet normal -1.0 0.0 0.0
  outer loop
   vertex -32.500000 -10.366667 -20.350000
   vertex -32.500000 -7.998472 -11.511779
   vertex -32.500000 -6.865113 -11.896502
  endloop
 endfacet
 facet normal 1.0 0.0 0.0
  outer loop
   vertex 32.500000 -10.366667 -20.350000
   vertex 32.500000 -6.865113 -11.896502
   vertex 32.500000 -7.998472 -11.511779
  endloop
 endfacet
 facet normal 0.0 0.19509032201612775 0.9807852804032305
  outer loop
   vertex -32.500000 -7.998472 -11.511779
   vertex -32.500000 -9.172352 -11.278280
   vertex 32.500000 -9.172352 -11.278280
  endloop
 endfacet
 facet normal -0.0 0.19509032201612775 0.9807852804032305
  outer loop
   vertex -32.500000 -7.998472 -11.511779
   vertex 32.500000 -9.172352 -11.278280
   vertex 32.500000 -7.998472 -11.511779
  endloop
 endfacet
 facet normal -1.0 0.0 0.0
  outer loop
   vertex -32.500000 -10.366667 -20.350000
   vertex -32.500000 -9.172352 -11.278280
   vertex -32.500000 -7.998472 -11.511779
  endloop
 endfacet
 facet normal 1.0 0.0 0.0
  outer loop
   vertex 32.500000 -10.366667 -20.350000
   vertex 32.500000 -7.998472 -11.511779
   vertex 32.500000 -9.172352 -11.278280
  endloop
 endfacet
 facet normal 0.0 0.06540312923014358 0.9978589232386034
  outer loop
   vertex -32.500000 -9.172352 -11.278280
   vertex -32.500000 -10.366667 -11.200000
   vertex 32.500000 -10.366667 -11.200000
  endloop
 endfacet
 facet normal -0.0 0.06540312923014358 0.9978589232386034
  outer loop
   vertex -32.500000 -9.172352 -11.278280
   vertex 32.500000 -10.366667 -11.200000
   vertex 32.500000 -9.172352 -11.278280
  endloop
 endfacet
 facet normal -1.0 0.0 0.0
  outer loop
   vertex -32.500000 -10.366667 -20.350000
   vertex -32.500000 -10.366667 -11.200000
   vertex -32.500000 -9.172352 -11.278280
  endloop
 endfacet
 facet normal 1.0 0.0 0.0
  outer loop
   vertex 32.500000 -10.366667 -20.350000
   vertex 32.500000 -9.172352 -11.278280
   vertex 32.500000 -10.366667 -11.200000
  endloop
 endfacet
 facet normal 0.0 -0.06540312923014366 0.9978589232386034
  outer loop
   vertex -32.500000 -10.366667 -11.200000
   vertex -32.500000 -11.560981 -11.278280
   vertex 32.500000 -11.560981 -11.278280
  endloop
 endfacet
 facet normal 0.0 -0.06540312923014366 0.9978589232386034
  outer loop
   vertex -32.500000 -10.366667 -11.200000
   vertex 32.500000 -11.560981 -11.278280
   vertex 32.500000 -10.366667 -11.200000
  endloop
 endfacet
 facet normal -1.0 0.0 0.0
  outer loop
   vertex -32.500000 -10.366667 -20.350000
   vertex -32.500000 -11.560981 -11.278280
   vertex -32.500000 -10.366667 -11.200000
  endloop
 endfacet
 facet normal 1.0 0.0 -0.0
  outer loop
   vertex 32.500000 -10.366667 -20.350000
   vertex 32.500000 -10.366667 -11.200000
   vertex 32.500000 -11.560981 -11.278280
  endloop
 endfacet
 facet normal 0.0 -0.1950903220161276 0.9807852804032305
  outer loop
   vertex -32.500000 -11.560981 -11.278280
   vertex -32.500000 -12.734861 -11.511779
   vertex 32.500000 -12.734861 -11.511779
  endloop
 endfacet
 facet normal 0.0 -0.1950903220161276 0.9807852804032305
  outer loop
   vertex -32.500000 -11.560981 -11.278280
   vertex 32.500000 -12.734861 -11.511779
   vertex 32.500000 -11.560981 -11.278280
  endloop
 endfacet
 facet normal -1.0 0.0 0.0
  outer loop
   vertex -32.500000 -10.366667 -20.350000
   vertex -32.500000 -12.734861 -11.511779
   vertex -32.500000 -11.560981 -11.278280
  endloop
 endfacet
 facet normal 1.0 0.0 0.0
  outer loop
   vertex 32.500000 -10.366667 -20.350000
   vertex 32.500000 -11.560981 -11.278280
   vertex 32.500000 -12.734861 -11.511779
  endloop
 endfacet
 facet normal 0.0 -0.32143946530316136 0.9469301294951058
  outer loop
   vertex -32.500000 -12.734861 -11.511779
   vertex -32.500000 -13.868220 -11.896502
   vertex 32.500000 -13.868220 -11.896502
  endloop
 endfacet
 facet normal 0.0 -0.32143946530316136 0.9469301294951058
  outer loop
   vertex -32.500000 -12.734861 -11.511779
   vertex 32.500000 -13.868220 -11.896502
   vertex 32.500000 -12.734861 -11.511779
  endloop
 endfacet
 facet normal -1.0 0.0 0.0
  outer loop
   vertex -32.500000 -10.366667 -20.350000
   vertex -32.500000 -13.868220 -11.896502
   vertex -32.500000 -12.734861 -11.511779
  endloop
 endfacet
 facet normal 1.0 0.0 0.0
  outer loop
   vertex 32.500000 -10.366667 -20.350000
   vertex 32.500000 -12.734861 -11.511779
   vertex 32.500000 -13.868220 -11.896502
  endloop
 endfacet
 facet normal 0.0 -0.4422886902190014 0.8968727415326883
  outer loop
   vertex -32.500000 -13.868220 -11.896502
   vertex -32.500000 -14.941667 -12.425868
   vertex 32.500000 -14.941667 -12.425868
  endloop
 endfacet
 facet normal 0.0 -0.4422886902190014 0.8968727415326883
  outer loop
   vertex -32.500000 -13.868220 -11.896502
   vertex 32.500000 -14.941667 -12.425868
   vertex 32.500000 -13.868220 -11.896502
  endloop
 endfacet
 facet normal -1.0 0.0 0.0
  outer loop
   vertex -32.500000 -10.366667 -20.350000
   vertex -32.500000 -14.941667 -12.425868
   vertex -32.500000 -13.868220 -11.896502
  endloop
 endfacet
 facet normal 1.0 0.0 0.0
  outer loop
   vertex 32.500000 -10.366667 -20.350000
   vertex 32.500000 -13.868220 -11.896502
   vertex 32.500000 -14.941667 -12.425868
  endloop
 endfacet
 facet normal 0.0 -0.5555702330196005 0.8314696123025465
  outer loop
   vertex -32.500000 -14.941667 -12.425868
   vertex -32.500000 -15.936834 -13.090817
   vertex 32.500000 -15.936834 -13.090817
  endloop
 endfacet
 facet normal 0.0 -0.5555702330196005 0.8314696123025465
  outer loop
   vertex -32.500000 -14.941667 -12.425868
   vertex 32.500000 -15.936834 -13.090817
   vertex 32.500000 -14.941667 -12.425868
  endloop
 endfacet
 facet normal -1.0 0.0 0.0
  outer loop
   vertex -32.500000 -10.366667 -20.350000
   vertex -32.500000 -15.936834 -13.090817
   vertex -32.500000 -14.941667 -12.425868
  endloop
 endfacet
 facet normal 1.0 0.0 0.0
  outer loop
   vertex 32.500000 -10.366667 -20.350000
   vertex 32.500000 -14.941667 -12.425868
   vertex 32.500000 -15.936834 -13.090817
  endloop
 endfacet
 facet normal 0.0 -0.6593458151000698 0.7518398074789766
  outer loop
   vertex -32.500000 -15.936834 -13.090817
   vertex -32.500000 -16.836694 -13.879973
   vertex 32.500000 -16.836694 -13.879973
  endloop
 endfacet
 facet normal 0.0 -0.6593458151000698 0.7518398074789766
  outer loop
   vertex -32.500000 -15.936834 -13.090817
   vertex 32.500000 -16.836694 -13.879973
   vertex 32.500000 -15.936834 -13.090817
  endloop
 endfacet
 facet normal -1.0 0.0 0.0
  outer loop
   vertex -32.500000 -10.366667 -20.350000
   vertex -32.500000 -16.836694 -13.879973
   vertex -32.500000 -15.936834 -13.090817
  endloop
 endfacet
 facet normal 1.0 0.0 0.0
  outer loop
   vertex 32.500000 -10.366667 -20.350000
   vertex 32.500000 -15.936834 -13.090817
   vertex 32.500000 -16.836694 -13.879973
  endloop
 endfacet
 facet normal 0.0 -0.7518398074789767 0.6593458151000696
  outer loop
   vertex -32.500000 -16.836694 -13.879973
   vertex -32.500000 -17.625850 -14.779833
   vertex 32.500000 -17.625850 -14.779833
  endloop
 endfacet
 facet normal 0.0 -0.7518398074789767 0.6593458151000696
  outer loop
   vertex -32.500000 -16.836694 -13.879973
   vertex 32.500000 -17.625850 -14.779833
   vertex 32.500000 -16.836694 -13.879973
  endloop
 endfacet
 facet normal -1.0 0.0 0.0
  outer loop
   vertex -32.500000 -10.366667 -20.350000
   vertex -32.500000 -17.625850 -14.779833
   vertex -32.500000 -16.836694 -13.879973
  endloop
 endfacet
 facet normal 1.0 0.0 0.0
  outer loop
   vertex 32.500000 -10.366667 -20.350000
   vertex 32.500000 -16.836694 -13.879973
   vertex 32.500000 -17.625850 -14.779833
  endloop
 endfacet
 facet normal 0.0 -0.8314696123025458 0.5555702330196014
  outer loop
   vertex -32.500000 -17.625850 -14.779833
   vertex -32.500000 -18.290799 -15.775000
   vertex 32.500000 -18.290799 -15.775000
  endloop
 endfacet
 facet normal 0.0 -0.8314696123025458 0.5555702330196014
  outer loop
   vertex -32.500000 -17.625850 -14.779833
   vertex 32.500000 -18.290799 -15.775000
   vertex 32.500000 -17.625850 -14.779833
  endloop
 endfacet
 facet normal -1.0 0.0 0.0
  outer loop
   vertex -32.500000 -10.366667 -20.350000
   vertex -32.500000 -18.290799 -15.775000
   vertex -32.500000 -17.625850 -14.779833
  endloop
 endfacet
 facet normal 1.0 0.0 0.0
  outer loop
   vertex 32.500000 -10.366667 -20.350000
   vertex 32.500000 -17.625850 -14.779833
   vertex 32.500000 -18.290799 -15.775000
  endloop
 endfacet
 facet normal 0.0 -0.8968727415326886 0.44228869021900086
  outer loop
   vertex -32.500000 -18.290799 -15.775000
   vertex -32.500000 -18.820164 -16.848447
   vertex 32.500000 -18.820164 -16.848447
  endloop
 endfacet
 facet normal 0.0 -0.8968727415326886 0.44228869021900086
  outer loop
   vertex -32.500000 -18.290799 -15.775000
   vertex 32.500000 -18.820164 -16.848447
   vertex 32.500000 -18.290799 -15.775000
  endloop
 endfacet
 facet normal -1.0 0.0 0.0
  outer loop
   vertex -32.500000 -10.366667 -20.350000
   vertex -32.500000 -18.820164 -16.848447
   vertex -32.500000 -18.290799 -15.775000
  endloop
 endfacet
 facet normal 1.0 0.0 0.0
  outer loop
   vertex 32.500000 -10.366667 -20.350000
   vertex 32.500000 -18.290799 -15.775000
   vertex 32.500000 -18.820164 -16.848447
  endloop
 endfacet
 facet normal 0.0 -0.9469301294951054 0.3214394653031627
  outer loop
   vertex -32.500000 -18.820164 -16.848447
   vertex -32.500000 -19.204888 -17.981806
   vertex 32.500000 -19.204888 -17.981806
  endloop
 endfacet
 facet normal 0.0 -0.9469301294951054 0.3214394653031627
  outer loop
   vertex -32.500000 -18.820164 -16.848447
   vertex 32.500000 -19.204888 -17.981806
   vertex 32.500000 -18.820164 -16.848447
  endloop
 endfacet
 facet normal -1.0 0.0 0.0
  outer loop
   vertex -32.500000 -10.366667 -20.350000
   vertex -32.500000 -19.204888 -17.981806
   vertex -32.500000 -18.820164 -16.848447
  endloop
 endfacet
 facet normal 1.0 0.0 0.0
  outer loop
   vertex 32.500000 -10.366667 -20.350000
   vertex 32.500000 -18.820164 -16.848447
   vertex 32.500000 -19.204888 -17.981806
  endloop
 endfacet
 facet normal 0.0 -0.9807852804032305 0.1950903220161276
  outer loop
   vertex -32.500000 -19.204888 -17.981806
   vertex -32.500000 -19.438387 -19.155685
   vertex 32.500000 -19.438387 -19.155685
  endloop
 endfacet
 facet normal 0.0 -0.9807852804032305 0.1950903220161276
  outer loop
   vertex -32.500000 -19.204888 -17.981806
   vertex 32.500000 -19.438387 -19.155685
   vertex 32.500000 -19.204888 -17.981806
  endloop
 endfacet
 facet normal -1.0 0.0 0.0
  outer loop
   vertex -32.500000 -10.366667 -20.350000
   vertex -32.500000 -19.438387 -19.155685
   vertex -32.500000 -19.204888 -17.981806
  endloop
 endfacet
 facet normal 1.0 0.0 0.0
  outer loop
   vertex 32.500000 -10.366667 -20.350000
   vertex 32.500000 -19.204888 -17.981806
   vertex 32.500000 -19.438387 -19.155685
  endloop
 endfacet
 facet normal 0.0 -0.9978589232386035 0.06540312923014346
  outer loop
   vertex -32.500000 -19.438387 -19.155685
   vertex -32.500000 -19.516667 -20.350000
   vertex 32.500000 -19.516667 -20.350000
  endloop
 endfacet
 facet normal 0.0 -0.9978589232386035 0.06540312923014346
  outer loop
   vertex -32.500000 -19.438387 -19.155685
   vertex 32.500000 -19.516667 -20.350000
   vertex 32.500000 -19.438387 -19.155685
  endloop
 endfacet
 facet normal -1.0 0.0 0.0
  outer loop
   vertex -32.500000 -10.366667 -20.350000
   vertex -32.500000 -19.516667 -20.350000
   vertex -32.500000 -19.438387 -19.155685
  endloop
 endfacet
 facet normal 1.0 0.0 0.0
  outer loop
   vertex 32.500000 -10.366667 -20.350000
   vertex 32.500000 -19.438387 -19.155685
   vertex 32.500000 -19.516667 -20.350000
  endloop
 endfacet
 facet normal 0.0 -0.9978589232386035 -0.06540312923014346
  outer loop
   vertex -32.500000 -19.516667 -20.350000
   vertex -32.500000 -19.438387 -21.544315
   vertex 32.500000 -19.438387 -21.544315
  endloop
 endfacet
 facet normal 0.0 -0.9978589232386035 -0.06540312923014346
  outer loop
   vertex -32.500000 -19.516667 -20.350000
   vertex 32.500000 -19.438387 -21.544315
   vertex 32.500000 -19.516667 -20.350000
  endloop
 endfacet
 facet normal -1.0 -0.0 0.0
  outer loop
   vertex -32.500000 -10.366667 -20.350000
   vertex -32.500000 -19.438387 -21.544315
   vertex -32.500000 -19.516667 -20.350000
  endloop
 endfacet
 facet normal 1.0 0.0 0.0
  outer loop
   vertex 32.500000 -10.366667 -20.350000
   vertex 32.500000 -19.516667 -20.350000
   vertex 32.500000 -19.438387 -21.544315
  endloop
 endfacet
 facet normal 0.0 -0.9807852804032305 -0.19509032201612822
  outer loop
   vertex -32.500000 -19.438387 -21.544315
   vertex -32.500000 -19.204888 -22.718194
   vertex 32.500000 -19.204888 -22.718194
  endloop
 endfacet
 facet normal 0.0 -0.9807852804032305 -0.19509032201612822
  outer loop
   vertex -32.500000 -19.438387 -21.544315
   vertex 32.500000 -19.204888 -22.718194
   vertex 32.500000 -19.438387 -21.544315
  endloop
 endfacet
 facet normal -1.0 0.0 0.0
  outer loop
   vertex -32.500000 -10.366667 -20.350000
   vertex -32.500000 -19.204888 -22.718194
   vertex -32.500000 -19.438387 -21.544315
  endloop
 endfacet
 facet normal 1.0 0.0 0.0
  outer loop
   vertex 32.500000 -10.366667 -20.350000
   vertex 32.500000 -19.438387 -21.544315
   vertex 32.500000 -19.204888 -22.718194
  endloop
 endfacet
 facet normal 0.0 -0.9469301294951062 -0.32143946530316003
  outer loop
   vertex -32.500000 -19.204888 -22.718194
   vertex -32.500000 -18.820164 -23.851553
   vertex 32.500000 -18.820164 -23.851553
  endloop
 endfacet
 facet normal 0.0 -0.9469301294951062 -0.32143946530316003
  outer loop
   vertex -32.500000 -19.204888 -22.718194
   vertex 32.500000 -18.820164 -23.851553
   vertex 32.500000 -19.204888 -22.718194
  endloop
 endfacet
 facet normal -1.0 0.0 0.0
  outer loop
   vertex -32.500000 -10.366667 -20.350000
   vertex -32.500000 -18.820164 -23.851553
   vertex -32.500000 -19.204888 -22.718194
  endloop
 endfacet
 facet normal 1.0 0.0 0.0
  outer loop
   vertex 32.500000 -10.366667 -20.350000
   vertex 32.500000 -19.204888 -22.718194
   vertex 32.500000 -18.820164 -23.851553
  endloop
 endfacet
 facet normal 0.0 -0.8968727415326875 -0.4422886902190032
  outer loop
   vertex -32.500000 -18.820164 -23.851553
   vertex -32.500000 -18.290799 -24.925000
   vertex 32.500000 -18.290799 -24.925000
  endloop
 endfacet
 facet normal 0.0 -0.8968727415326875 -0.4422886902190032
  outer loop
   vertex -32.500000 -18.820164 -23.851553
   vertex 32.500000 -18.290799 -24.925000
   vertex 32.500000 -18.820164 -23.851553
  endloop
 endfacet
 facet normal -1.0 0.0 0.0
  outer loop
   vertex -32.500000 -10.366667 -20.350000
   vertex -32.500000 -18.290799 -24.925000
   vertex -32.500000 -18.820164 -23.851553
  endloop
 endfacet
 facet normal 1.0 0.0 0.0
  outer loop
   vertex 32.500000 -10.366667 -20.350000
   vertex 32.500000 -18.820164 -23.851553
   vertex 32.500000 -18.290799 -24.925000
  endloop
 endfacet
 facet normal 0.0 -0.8314696123025458 -0.5555702330196014
  outer loop
   vertex -32.500000 -18.290799 -24.925000
   vertex -32.500000 -17.625850 -25.920167
   vertex 32.500000 -17.625850 -25.920167
  endloop
 endfacet
 facet normal 0.0 -0.8314696123025458 -0.5555702330196014
  outer loop
   vertex -32.500000 -18.290799 -24.925000
   vertex 32.500000 -17.625850 -25.920167
   vertex 32.500000 -18.290799 -24.925000
  endloop
 endfacet
 facet normal -1.0 0.0 0.0
  outer loop
   vertex -32.500000 -10.366667 -20.350000
   vertex -32.500000 -17.625850 -25.920167
   vertex -32.500000 -18.290799 -24.925000
  endloop
 endfacet
 facet normal 1.0 0.0 0.0
  outer loop
   vertex 32.500000 -10.366667 -20.350000
   vertex 32.500000 -18.290799 -24.925000
   vertex 32.500000 -17.625850 -25.920167
  endloop
 endfacet
 facet normal 0.0 -0.7518398074789783 -0.6593458151000681
  outer loop
   vertex -32.500000 -17.625850 -25.920167
   vertex -32.500000 -16.836694 -26.820027
   vertex 32.500000 -16.836694 -26.820027
  endloop
 endfacet
 facet normal 0.0 -0.7518398074789783 -0.6593458151000681
  outer loop
   vertex -32.500000 -17.625850 -25.920167
   vertex 32.500000 -16.836694 -26.820027
   vertex 32.500000 -17.625850 -25.920167
  endloop
 endfacet
 facet normal -1.0 0.0 0.0
  outer loop
   vertex -32.500000 -10.366667 -20.350000
   vertex -32.500000 -16.836694 -26.820027
   vertex -32.500000 -17.625850 -25.920167
  endloop
 endfacet
 facet normal 1.0 0.0 0.0
  outer loop
   vertex 32.500000 -10.366667 -20.350000
   vertex 32.500000 -17.625850 -25.920167
   vertex 32.500000 -16.836694 -26.820027
  endloop
 endfacet
 facet normal 0.0 -0.6593458151000684 -0.7518398074789779
  outer loop
   vertex -32.500000 -16.836694 -26.820027
   vertex -32.500000 -15.936834 -27.609183
   vertex 32.500000 -15.936834 -27.609183
  endloop
 endfacet
 facet normal 0.0 -0.6593458151000684 -0.7518398074789779
  outer loop
   vertex -32.500000 -16.836694 -26.820027
   vertex 32.500000 -15.936834 -27.609183
   vertex 32.500000 -16.836694 -26.820027
  endloop
 endfacet
 facet normal -1.0 0.0 0.0
  outer loop
   vertex -32.500000 -10.366667 -20.350000
   vertex -32.500000 -15.936834 -27.609183
   vertex -32.500000 -16.836694 -26.820027
  endloop
 endfacet
 facet normal 1.0 0.0 0.0
  outer loop
   vertex 32.500000 -10.366667 -20.350000
   vertex 32.500000 -16.836694 -26.820027
   vertex 32.500000 -15.936834 -27.609183
  endloop
 endfacet
 facet normal 0.0 -0.5555702330196022 -0.8314696123025452
  outer loop
   vertex -32.500000 -15.936834 -27.609183
   vertex -32.500000 -14.941667 -28.274132
   vertex 32.500000 -14.941667 -28.274132
  endloop
 endfacet
 facet normal 0.0 -0.5555702330196022 -0.8314696123025452
  outer loop
   vertex -32.500000 -15.936834 -27.609183
   vertex 32.500000 -14.941667 -28.274132
   vertex 32.500000 -15.936834 -27.609183
  endloop
 endfacet
 facet normal -1.0 0.0 0.0
  outer loop
   vertex -32.500000 -10.366667 -20.350000
   vertex -32.500000 -14.941667 -28.274132
   vertex -32.500000 -15.936834 -27.609183
  endloop
 endfacet
 facet normal 1.0 0.0 0.0
  outer loop
   vertex 32.500000 -10.366667 -20.350000
   vertex 32.500000 -15.936834 -27.609183
   vertex 32.500000 -14.941667 -28.274132
  endloop
 endfacet
 facet normal 0.0 -0.44228869021900274 -0.8968727415326877
  outer loop
   vertex -32.500000 -14.941667 -28.274132
   vertex -32.500000 -13.868220 -28.803498
   vertex 32.500000 -13.868220 -28.803498
  endloop
 endfacet
 facet normal 0.0 -0.44228869021900274 -0.8968727415326877
  outer loop
   vertex -32.500000 -14.941667 -28.274132
   vertex 32.500000 -13.868220 -28.803498
   vertex 32.500000 -14.941667 -28.274132
  endloop
 endfacet
 facet normal -1.0 0.0 0.0
  outer loop
   vertex -32.500000 -10.366667 -20.350000
   vertex -32.500000 -13.868220 -28.803498
   vertex -32.500000 -14.941667 -28.274132
  endloop
 endfacet
 facet normal 1.0 0.0 0.0
  outer loop
   vertex 32.500000 -10.366667 -20.350000
   vertex 32.500000 -14.941667 -28.274132
   vertex 32.500000 -13.868220 -28.803498
  endloop
 endfacet
 facet normal 0.0 -0.32143946530316003 -0.9469301294951062
  outer loop
   vertex -32.500000 -13.868220 -28.803498
   vertex -32.500000 -12.734861 -29.188221
   vertex 32.500000 -12.734861 -29.188221
  endloop
 endfacet
 facet normal 0.0 -0.32143946530316003 -0.9469301294951062
  outer loop
   vertex -32.500000 -13.868220 -28.803498
   vertex 32.500000 -12.734861 -29.188221
   vertex 32.500000 -13.868220 -28.803498
  endloop
 endfacet
 facet normal -1.0 0.0 0.0
  outer loop
   vertex -32.500000 -10.366667 -20.350000
   vertex -32.500000 -12.734861 -29.188221
   vertex -32.500000 -13.868220 -28.803498
  endloop
 endfacet
 facet normal 1.0 0.0 0.0
  outer loop
   vertex 32.500000 -10.366667 -20.350000
   vertex 32.500000 -13.868220 -28.803498
   vertex 32.500000 -12.734861 -29.188221
  endloop
 endfacet
 facet normal 0.0 -0.19509032201613075 -0.98078528040323
  outer loop
   vertex -32.500000 -12.734861 -29.188221
   vertex -32.500000 -11.560981 -29.421720
   vertex 32.500000 -11.560981 -29.421720
  endloop
 endfacet
 facet normal 0.0 -0.19509032201613075 -0.98078528040323
  outer loop
   vertex -32.500000 -12.734861 -29.188221
   vertex 32.500000 -11.560981 -29.421720
   vertex 32.500000 -12.734861 -29.188221
  endloop
 endfacet
 facet normal -1.0 0.0 0.0
  outer loop
   vertex -32.500000 -10.366667 -20.350000
   vertex -32.500000 -11.560981 -29.421720
   vertex -32.500000 -12.734861 -29.188221
  endloop
 endfacet
 facet normal 1.0 0.0 0.0
  outer loop
   vertex 32.500000 -10.366667 -20.350000
   vertex 32.500000 -12.734861 -29.188221
   vertex 32.500000 -11.560981 -29.421720
  endloop
 endfacet
 facet normal 0.0 -0.0654031292301407 -0.9978589232386036
  outer loop
   vertex -32.500000 -11.560981 -29.421720
   vertex -32.500000 -10.366667 -29.500000
   vertex 32.500000 -10.366667 -29.500000
  endloop
 endfacet
 facet normal 0.0 -0.0654031292301407 -0.9978589232386036
  outer loop
   vertex -32.500000 -11.560981 -29.421720
   vertex 32.500000 -10.366667 -29.500000
   vertex 32.500000 -11.560981 -29.421720
  endloop
 endfacet
 facet normal -1.0 0.0 0.0
  outer loop
   vertex -32.500000 -10.366667 -20.350000
   vertex -32.500000 -10.366667 -29.500000
   vertex -32.500000 -11.560981 -29.421720
  endloop
 endfacet
 facet normal 1.0 0.0 0.0
  outer loop
   vertex 32.500000 -10.366667 -20.350000
   vertex 32.500000 -11.560981 -29.421720
   vertex 32.500000 -10.366667 -29.500000
  endloop
 endfacet
 facet normal 0.0 0.0654031292301407 -0.9978589232386036
  outer loop
   vertex -32.500000 -10.366667 -29.500000
   vertex -32.500000 -9.172352 -29.421720
   vertex 32.500000 -9.172352 -29.421720
  endloop
 endfacet
 facet normal 0.0 0.0654031292301407 -0.9978589232386036
  outer loop
   vertex -32.500000 -10.366667 -29.500000
   vertex 32.500000 -9.172352 -29.421720
   vertex 32.500000 -10.366667 -29.500000
  endloop
 endfacet
 facet normal -1.0 0.0 -0.0
  outer loop
   vertex -32.500000 -10.366667 -20.350000
   vertex -32.500000 -9.172352 -29.421720
   vertex -32.500000 -10.366667 -29.500000
  endloop
 endfacet
 facet normal 1.0 0.0 0.0
  outer loop
   vertex 32.500000 -10.366667 -20.350000
   vertex 32.500000 -10.366667 -29.500000
   vertex 32.500000 -9.172352 -29.421720
  endloop
 endfacet
 facet normal 0.0 0.1950903220161279 -0.9807852804032305
  outer loop
   vertex -32.500000 -9.172352 -29.421720
   vertex -32.500000 -7.998472 -29.188221
   vertex 32.500000 -7.998472 -29.188221
  endloop
 endfacet
 facet normal 0.0 0.1950903220161279 -0.9807852804032305
  outer loop
   vertex -32.500000 -9.172352 -29.421720
   vertex 32.500000 -7.998472 -29.188221
   vertex 32.500000 -9.172352 -29.421720
  endloop
 endfacet
 facet normal -1.0 0.0 0.0
  outer loop
   vertex -32.500000 -10.366667 -20.350000
   vertex -32.500000 -7.998472 -29.188221
   vertex -32.500000 -9.172352 -29.421720
  endloop
 endfacet
 facet normal 1.0 0.0 0.0
  outer loop
   vertex 32.500000 -10.366667 -20.350000
   vertex 32.500000 -9.172352 -29.421720
   vertex 32.500000 -7.998472 -29.188221
  endloop
 endfacet
 facet normal 0.0 0.3214394653031627 -0.9469301294951054
  outer loop
   vertex -32.500000 -7.998472 -29.188221
   vertex -32.500000 -6.865113 -28.803498
   vertex 32.500000 -6.865113 -28.803498
  endloop
 endfacet
 facet normal 0.0 0.3214394653031627 -0.9469301294951054
  outer loop
   vertex -32.500000 -7.998472 -29.188221
   vertex 32.500000 -6.865113 -28.803498
   vertex 32.500000 -7.998472 -29.188221
  endloop
 endfacet
 facet normal -1.0 0.0 0.0
  outer loop
   vertex -32.500000 -10.366667 -20.350000
   vertex -32.500000 -6.865113 -28.803498
   vertex -32.500000 -7.998472 -29.188221
  endloop
 endfacet
 facet normal 1.0 0.0 0.0
  outer loop
   vertex 32.500000 -10.366667 -20.350000
   vertex 32.500000 -7.998472 -29.188221
   vertex 32.500000 -6.865113 -28.803498
  endloop
 endfacet
 facet normal 0.0 0.4422886902190003 -0.8968727415326888
  outer loop
   vertex -32.500000 -6.865113 -28.803498
   vertex -32.500000 -5.791667 -28.274132
   vertex 32.500000 -5.791667 -28.274132
  endloop
 endfacet
 facet normal 0.0 0.4422886902190003 -0.8968727415326888
  outer loop
   vertex -32.500000 -6.865113 -28.803498
   vertex 32.500000 -5.791667 -28.274132
   vertex 32.500000 -6.865113 -28.803498
  endloop
 endfacet
 facet normal -1.0 0.0 0.0
  outer loop
   vertex -32.500000 -10.366667 -20.350000
   vertex -32.500000 -5.791667 -28.274132
   vertex -32.500000 -6.865113 -28.803498
  endloop
 endfacet
 facet normal 1.0 0.0 0.0
  outer loop
   vertex 32.500000 -10.366667 -20.350000
   vertex 32.500000 -6.865113 -28.803498
   vertex 32.500000 -5.791667 -28.274132
  endloop
 endfacet
 facet normal 0.0 0.5555702330196018 -0.8314696123025455
  outer loop
   vertex -32.500000 -5.791667 -28.274132
   vertex -32.500000 -4.796500 -27.609183
   vertex 32.500000 -4.796500 -27.609183
  endloop
 endfacet
 facet normal 0.0 0.5555702330196018 -0.8314696123025455
  outer loop
   vertex -32.500000 -5.791667 -28.274132
   vertex 32.500000 -4.796500 -27.609183
   vertex 32.500000 -5.791667 -28.274132
  endloop
 endfacet
 facet normal -1.0 0.0 0.0
  outer loop
   vertex -32.500000 -10.366667 -20.350000
   vertex -32.500000 -4.796500 -27.609183
   vertex -32.500000 -5.791667 -28.274132
  endloop
 endfacet
 facet normal 1.0 0.0 0.0
  outer loop
   vertex 32.500000 -10.366667 -20.350000
   vertex 32.500000 -5.791667 -28.274132
   vertex 32.500000 -4.796500 -27.609183
  endloop
 endfacet
 facet normal 0.0 0.6593458151000693 -0.751839807478977
  outer loop
   vertex -32.500000 -4.796500 -27.609183
   vertex -32.500000 -3.896640 -26.820027
   vertex 32.500000 -3.896640 -26.820027
  endloop
 endfacet
 facet normal 0.0 0.6593458151000693 -0.751839807478977
  outer loop
   vertex -32.500000 -4.796500 -27.609183
   vertex 32.500000 -3.896640 -26.820027
   vertex 32.500000 -4.796500 -27.609183
  endloop
 endfacet
 facet normal -1.0 0.0 0.0
  outer loop
   vertex -32.500000 -10.366667 -20.350000
   vertex -32.500000 -3.896640 -26.820027
   vertex -32.500000 -4.796500 -27.609183
  endloop
 endfacet
 facet normal 1.0 0.0 0.0
  outer loop
   vertex 32.500000 -10.366667 -20.350000
   vertex 32.500000 -4.796500 -27.609183
   vertex 32.500000 -3.896640 -26.820027
  endloop
 endfacet
 facet normal 0.0 0.7518398074789763 -0.6593458151000701
  outer loop
   vertex -32.500000 -3.896640 -26.820027
   vertex -32.500000 -3.107484 -25.920167
   vertex 32.500000 -3.107484 -25.920167
  endloop
 endfacet
 facet normal 0.0 0.7518398074789763 -0.6593458151000701
  outer loop
   vertex -32.500000 -3.896640 -26.820027
   vertex 32.500000 -3.107484 -25.920167
   vertex 32.500000 -3.896640 -26.820027
  endloop
 endfacet
 facet normal -1.0 0.0 0.0
  outer loop
   vertex -32.500000 -10.366667 -20.350000
   vertex -32.500000 -3.107484 -25.920167
   vertex -32.500000 -3.896640 -26.820027
  endloop
 endfacet
 facet normal 1.0 0.0 0.0
  outer loop
   vertex 32.500000 -10.366667 -20.350000
   vertex 32.500000 -3.896640 -26.820027
   vertex 32.500000 -3.107484 -25.920167
  endloop
 endfacet
 facet normal 0.0 0.8314696123025456 -0.5555702330196018
  outer loop
   vertex -32.500000 -3.107484 -25.920167
   vertex -32.500000 -2.442534 -24.925000
   vertex 32.500000 -2.442534 -24.925000
  endloop
 endfacet
 facet normal 0.0 0.8314696123025456 -0.5555702330196018
  outer loop
   vertex -32.500000 -3.107484 -25.920167
   vertex 32.500000 -2.442534 -24.925000
   vertex 32.500000 -3.107484 -25.920167
  endloop
 endfacet
 facet normal -1.0 0.0 0.0
  outer loop
   vertex -32.500000 -10.366667 -20.350000
   vertex -32.500000 -2.442534 -24.925000
   vertex -32.500000 -3.107484 -25.920167
  endloop
 endfacet
 facet normal 1.0 0.0 0.0
  outer loop
   vertex 32.500000 -10.366667 -20.350000
   vertex 32.500000 -3.107484 -25.920167
   vertex 32.500000 -2.442534 -24.925000
  endloop
 endfacet
 facet normal 0.0 0.8968727415326879 -0.4422886902190021
  outer loop
   vertex -32.500000 -2.442534 -24.925000
   vertex -32.500000 -1.913169 -23.851553
   vertex 32.500000 -1.913169 -23.851553
  endloop
 endfacet
 facet normal 0.0 0.8968727415326879 -0.4422886902190021
  outer loop
   vertex -32.500000 -2.442534 -24.925000
   vertex 32.500000 -1.913169 -23.851553
   vertex 32.500000 -2.442534 -24.925000
  endloop
 endfacet
 facet normal -1.0 0.0 0.0
  outer loop
   vertex -32.500000 -10.366667 -20.350000
   vertex -32.500000 -1.913169 -23.851553
   vertex -32.500000 -2.442534 -24.925000
  endloop
 endfacet
 facet normal 1.0 0.0 0.0
  outer loop
   vertex 32.500000 -10.366667 -20.350000
   vertex 32.500000 -2.442534 -24.925000
   vertex 32.500000 -1.913169 -23.851553
  endloop
 endfacet
 facet normal 0.0 0.9469301294951056 -0.32143946530316186
  outer loop
   vertex -32.500000 -1.913169 -23.851553
   vertex -32.500000 -1.528445 -22.718194
   vertex 32.500000 -1.528445 -22.718194
  endloop
 endfacet
 facet normal 0.0 0.9469301294951056 -0.32143946530316186
  outer loop
   vertex -32.500000 -1.913169 -23.851553
   vertex 32.500000 -1.528445 -22.718194
   vertex 32.500000 -1.913169 -23.851553
  endloop
 endfacet
 facet normal -1.0 0.0 0.0
  outer loop
   vertex -32.500000 -10.366667 -20.350000
   vertex -32.500000 -1.528445 -22.718194
   vertex -32.500000 -1.913169 -23.851553
  endloop
 endfacet
 facet normal 1.0 0.0 0.0
  outer loop
   vertex 32.500000 -10.366667 -20.350000
   vertex 32.500000 -1.913169 -23.851553
   vertex 32.500000 -1.528445 -22.718194
  endloop
 endfacet
 facet normal 0.0 0.9807852804032305 -0.19509032201612792
  outer loop
   vertex -32.500000 -1.528445 -22.718194
   vertex -32.500000 -1.294946 -21.544315
   vertex 32.500000 -1.294946 -21.544315
  endloop
 endfacet
 facet normal 0.0 0.9807852804032305 -0.19509032201612792
  outer loop
   vertex -32.500000 -1.528445 -22.718194
   vertex 32.500000 -1.294946 -21.544315
   vertex 32.500000 -1.528445 -22.718194
  endloop
 endfacet
 facet normal -1.0 0.0 0.0
  outer loop
   vertex -32.500000 -10.366667 -20.350000
   vertex -32.500000 -1.294946 -21.544315
   vertex -32.500000 -1.528445 -22.718194
  endloop
 endfacet
 facet normal 1.0 0.0 0.0
  outer loop
   vertex 32.500000 -10.366667 -20.350000
   vertex 32.500000 -1.528445 -22.718194
   vertex 32.500000 -1.294946 -21.544315
  endloop
 endfacet
 facet normal 0.0 0.9978589232386034 -0.06540312923014385
  outer loop
   vertex -32.500000 -1.294946 -21.544315
   vertex -32.500000 -1.216667 -20.350000
   vertex 32.500000 -1.216667 -20.350000
  endloop
 endfacet
 facet normal 0.0 0.9978589232386034 -0.06540312923014385
  outer loop
   vertex -32.500000 -1.294946 -21.544315
   vertex 32.500000 -1.216667 -20.350000
   vertex 32.500000 -1.294946 -21.544315
  endloop
 endfacet
 facet normal -1.0 0.0 0.0
  outer loop
   vertex -32.500000 -10.366667 -20.350000
   vertex -32.500000 -1.216667 -20.350000
   vertex -32.500000 -1.294946 -21.544315
  endloop
 endfacet
 facet normal 1.0 0.0 0.0
  outer loop
   vertex 32.500000 -10.366667 -20.350000
   vertex 32.500000 -1.294946 -21.544315
   vertex 32.500000 -1.216667 -20.350000
  endloop
 endfacet
 facet normal 0.0 0.9978589232386034 0.06540312923014366
  outer loop
   vertex -32.500000 19.516667 -20.350000
   vertex -32.500000 19.438387 -19.155685
   vertex 32.500000 19.438387 -19.155685
  endloop
 endfacet
 facet normal -0.0 0.9978589232386034 0.06540312923014366
  outer loop
   vertex -32.500000 19.516667 -20.350000
   vertex 32.500000 19.438387 -19.155685
   vertex 32.500000 19.516667 -20.350000
  endloop
 endfacet
 facet normal -1.0 0.0 0.0
  outer loop
   vertex -32.500000 10.366667 -20.350000
   vertex -32.500000 19.438387 -19.155685
   vertex -32.500000 19.516667 -20.350000
  endloop
 endfacet
 facet normal 1.0 0.0 0.0
  outer loop
   vertex 32.500000 10.366667 -20.350000
   vertex 32.500000 19.516667 -20.350000
   vertex 32.500000 19.438387 -19.155685
  endloop
 endfacet
 facet normal 0.0 0.9807852804032305 0.1950903220161276
  outer loop
   vertex -32.500000 19.438387 -19.155685
   vertex -32.500000 19.204888 -17.981806
   vertex 32.500000 19.204888 -17.981806
  endloop
 endfacet
 facet normal -0.0 0.9807852804032305 0.1950903220161276
  outer loop
   vertex -32.500000 19.438387 -19.155685
   vertex 32.500000 19.204888 -17.981806
   vertex 32.500000 19.438387 -19.155685
  endloop
 endfacet
 facet normal -1.0 0.0 0.0
  outer loop
   vertex -32.500000 10.366667 -20.350000
   vertex -32.500000 19.204888 -17.981806
   vertex -32.500000 19.438387 -19.155685
  endloop
 endfacet
 facet normal 1.0 0.0 0.0
  outer loop
   vertex 32.500000 10.366667 -20.350000
   vertex 32.500000 19.438387 -19.155685
   vertex 32.500000 19.204888 -17.981806
  endloop
 endfacet
 facet normal 0.0 0.9469301294951055 0.32143946530316175
  outer loop
   vertex -32.500000 19.204888 -17.981806
   vertex -32.500000 18.820164 -16.848447
   vertex 32.500000 18.820164 -16.848447
  endloop
 endfacet
 facet normal -0.0 0.9469301294951055 0.32143946530316175
  outer loop
   vertex -32.500000 19.204888 -17.981806
   vertex 32.500000 18.820164 -16.848447
   vertex 32.500000 19.204888 -17.981806
  endloop
 endfacet
 facet normal -1.0 0.0 0.0
  outer loop
   vertex -32.500000 10.366667 -20.350000
   vertex -32.500000 18.820164 -16.848447
   vertex -32.500000 19.204888 -17.981806
  endloop
 endfacet
 facet normal 1.0 0.0 0.0
  outer loop
   vertex 32.500000 10.366667 -20.350000
   vertex 32.500000 19.204888 -17.981806
   vertex 32.500000 18.820164 -16.848447
  endloop
 endfacet
 facet normal 0.0 0.8968727415326886 0.44228869021900086
  outer loop
   vertex -32.500000 18.820164 -16.848447
   vertex -32.500000 18.290799 -15.775000
   vertex 32.500000 18.290799 -15.775000
  endloop
 endfacet
 facet normal -0.0 0.8968727415326886 0.44228869021900086
  outer loop
   vertex -32.500000 18.820164 -16.848447
   vertex 32.500000 18.290799 -15.775000
   vertex 32.500000 18.820164 -16.848447
  endloop
 endfacet
 facet normal -1.0 0.0 0.0
  outer loop
   vertex -32.500000 10.366667 -20.350000
   vertex -32.500000 18.290799 -15.775000
   vertex -32.500000 18.820164 -16.848447
  endloop
 endfacet
 facet normal 1.0 0.0 0.0
  outer loop
   vertex 32.500000 10.366667 -20.350000
   vertex 32.500000 18.820164 -16.848447
   vertex 32.500000 18.290799 -15.775000
  endloop
 endfacet
 facet normal 0.0 0.8314696123025448 0.5555702330196028
  outer loop
   vertex -32.500000 18.290799 -15.775000
   vertex -32.500000 17.625850 -14.779833
   vertex 32.500000 17.625850 -14.779833
  endloop
 endfacet
 facet normal -0.0 0.8314696123025448 0.5555702330196028
  outer loop
   vertex -32.500000 18.290799 -15.775000
   vertex 32.500000 17.625850 -14.779833
   vertex 32.500000 18.290799 -15.775000
  endloop
 endfacet
 facet normal -1.0 0.0 0.0
  outer loop
   vertex -32.500000 10.366667 -20.350000
   vertex -32.500000 17.625850 -14.779833
   vertex -32.500000 18.290799 -15.775000
  endloop
 endfacet
 facet normal 1.0 0.0 0.0
  outer loop
   vertex 32.500000 10.366667 -20.350000
   vertex 32.500000 18.290799 -15.775000
   vertex 32.500000 17.625850 -14.779833
  endloop
 endfacet
 facet normal 0.0 0.751839807478978 0.6593458151000682
  outer loop
   vertex -32.500000 17.625850 -14.779833
   vertex -32.500000 16.836694 -13.879973
   vertex 32.500000 16.836694 -13.879973
  endloop
 endfacet
 facet normal -0.0 0.751839807478978 0.6593458151000682
  outer loop
   vertex -32.500000 17.625850 -14.779833
   vertex 32.500000 16.836694 -13.879973
   vertex 32.500000 17.625850 -14.779833
  endloop
 endfacet
 facet normal -1.0 0.0 0.0
  outer loop
   vertex -32.500000 10.366667 -20.350000
   vertex -32.500000 16.836694 -13.879973
   vertex -32.500000 17.625850 -14.779833
  endloop
 endfacet
 facet normal 1.0 0.0 0.0
  outer loop
   vertex 32.500000 10.366667 -20.350000
   vertex 32.500000 17.625850 -14.779833
   vertex 32.500000 16.836694 -13.879973
  endloop
 endfacet
 facet normal 0.0 0.6593458151000698 0.7518398074789766
  outer loop
   vertex -32.500000 16.836694 -13.879973
   vertex -32.500000 15.936834 -13.090817
   vertex 32.500000 15.936834 -13.090817
  endloop
 endfacet
 facet normal -0.0 0.6593458151000698 0.7518398074789766
  outer loop
   vertex -32.500000 16.836694 -13.879973
   vertex 32.500000 15.936834 -13.090817
   vertex 32.500000 16.836694 -13.879973
  endloop
 endfacet
 facet normal -1.0 0.0 0.0
  outer loop
   vertex -32.500000 10.366667 -20.350000
   vertex -32.500000 15.936834 -13.090817
   vertex -32.500000 16.836694 -13.879973
  endloop
 endfacet
 facet normal 1.0 0.0 0.0
  outer loop
   vertex 32.500000 10.366667 -20.350000
   vertex 32.500000 16.836694 -13.879973
   vertex 32.500000 15.936834 -13.090817
  endloop
 endfacet
 facet normal 0.0 0.5555702330196008 0.8314696123025461
  outer loop
   vertex -32.500000 15.936834 -13.090817
   vertex -32.500000 14.941667 -12.425868
   vertex 32.500000 14.941667 -12.425868
  endloop
 endfacet
 facet normal -0.0 0.5555702330196008 0.8314696123025461
  outer loop
   vertex -32.500000 15.936834 -13.090817
   vertex 32.500000 14.941667 -12.425868
   vertex 32.500000 15.936834 -13.090817
  endloop
 endfacet
 facet normal -1.0 0.0 0.0
  outer loop
   vertex -32.500000 10.366667 -20.350000
   vertex -32.500000 14.941667 -12.425868
   vertex -32.500000 15.936834 -13.090817
  endloop
 endfacet
 facet normal 1.0 0.0 0.0
  outer loop
   vertex 32.500000 10.366667 -20.350000
   vertex 32.500000 15.936834 -13.090817
   vertex 32.500000 14.941667 -12.425868
  endloop
 endfacet
 facet normal 0.0 0.44228869021900086 0.8968727415326886
  outer loop
   vertex -32.500000 14.941667 -12.425868
   vertex -32.500000 13.868220 -11.896502
   vertex 32.500000 13.868220 -11.896502
  endloop
 endfacet
 facet normal -0.0 0.44228869021900086 0.8968727415326886
  outer loop
   vertex -32.500000 14.941667 -12.425868
   vertex 32.500000 13.868220 -11.896502
   vertex 32.500000 14.941667 -12.425868
  endloop
 endfacet
 facet normal -1.0 0.0 0.0
  outer loop
   vertex -32.500000 10.366667 -20.350000
   vertex -32.500000 13.868220 -11.896502
   vertex -32.500000 14.941667 -12.425868
  endloop
 endfacet
 facet normal 1.0 0.0 0.0
  outer loop
   vertex 32.500000 10.366667 -20.350000
   vertex 32.500000 14.941667 -12.425868
   vertex 32.500000 13.868220 -11.896502
  endloop
 endfacet
 facet normal 0.0 0.3214394653031627 0.9469301294951054
  outer loop
   vertex -32.500000 13.868220 -11.896502
   vertex -32.500000 12.734861 -11.511779
   vertex 32.500000 12.734861 -11.511779
  endloop
 endfacet
 facet normal -0.0 0.3214394653031627 0.9469301294951054
  outer loop
   vertex -32.500000 13.868220 -11.896502
   vertex 32.500000 12.734861 -11.511779
   vertex 32.500000 13.868220 -11.896502
  endloop
 endfacet
 facet normal -1.0 0.0 0.0
  outer loop
   vertex -32.500000 10.366667 -20.350000
   vertex -32.500000 12.734861 -11.511779
   vertex -32.500000 13.868220 -11.896502
  endloop
 endfacet
 facet normal 1.0 0.0 0.0
  outer loop
   vertex 32.500000 10.366667 -20.350000
   vertex 32.500000 13.868220 -11.896502
   vertex 32.500000 12.734861 -11.511779
  endloop
 endfacet
 facet normal 0.0 0.1950903220161276 0.9807852804032305
  outer loop
   vertex -32.500000 12.734861 -11.511779
   vertex -32.500000 11.560981 -11.278280
   vertex 32.500000 11.560981 -11.278280
  endloop
 endfacet
 facet normal -0.0 0.1950903220161276 0.9807852804032305
  outer loop
   vertex -32.500000 12.734861 -11.511779
   vertex 32.500000 11.560981 -11.278280
   vertex 32.500000 12.734861 -11.511779
  endloop
 endfacet
 facet normal -1.0 0.0 0.0
  outer loop
   vertex -32.500000 10.366667 -20.350000
   vertex -32.500000 11.560981 -11.278280
   vertex -32.500000 12.734861 -11.511779
  endloop
 endfacet
 facet normal 1.0 0.0 0.0
  outer loop
   vertex 32.500000 10.366667 -20.350000
   vertex 32.500000 12.734861 -11.511779
   vertex 32.500000 11.560981 -11.278280
  endloop
 endfacet
 facet normal 0.0 0.06540312923014358 0.9978589232386034
  outer loop
   vertex -32.500000 11.560981 -11.278280
   vertex -32.500000 10.366667 -11.200000
   vertex 32.500000 10.366667 -11.200000
  endloop
 endfacet
 facet normal -0.0 0.06540312923014358 0.9978589232386034
  outer loop
   vertex -32.500000 11.560981 -11.278280
   vertex 32.500000 10.366667 -11.200000
   vertex 32.500000 11.560981 -11.278280
  endloop
 endfacet
 facet normal -1.0 0.0 0.0
  outer loop
   vertex -32.500000 10.366667 -20.350000
   vertex -32.500000 10.366667 -11.200000
   vertex -32.500000 11.560981 -11.278280
  endloop
 endfacet
 facet normal 1.0 0.0 0.0
  outer loop
   vertex 32.500000 10.366667 -20.350000
   vertex 32.500000 11.560981 -11.278280
   vertex 32.500000 10.366667 -11.200000
  endloop
 endfacet
 facet normal 0.0 -0.06540312923014366 0.9978589232386034
  outer loop
   vertex -32.500000 10.366667 -11.200000
   vertex -32.500000 9.172352 -11.278280
   vertex 32.500000 9.172352 -11.278280
  endloop
 endfacet
 facet normal 0.0 -0.06540312923014366 0.9978589232386034
  outer loop
   vertex -32.500000 10.366667 -11.200000
   vertex 32.500000 9.172352 -11.278280
   vertex 32.500000 10.366667 -11.200000
  endloop
 endfacet
 facet normal -1.0 0.0 0.0
  outer loop
   vertex -32.500000 10.366667 -20.350000
   vertex -32.500000 9.172352 -11.278280
   vertex -32.500000 10.366667 -11.200000
  endloop
 endfacet
 facet normal 1.0 0.0 -0.0
  outer loop
   vertex 32.500000 10.366667 -20.350000
   vertex 32.500000 10.366667 -11.200000
   vertex 32.500000 9.172352 -11.278280
  endloop
 endfacet
 facet normal 0.0 -0.1950903220161276 0.9807852804032305
  outer loop
   vertex -32.500000 9.172352 -11.278280
   vertex -32.500000 7.998472 -11.511779
   vertex 32.500000 7.998472 -11.511779
  endloop
 endfacet
 facet normal 0.0 -0.1950903220161276 0.9807852804032305
  outer loop
   vertex -32.500000 9.172352 -11.278280
   vertex 32.500000 7.998472 -11.511779
   vertex 32.500000 9.172352 -11.278280
  endloop
 endfacet
 facet normal -1.0 0.0 0.0
  outer loop
   vertex -32.500000 10.366667 -20.350000
   vertex -32.500000 7.998472 -11.511779
   vertex -32.500000 9.172352 -11.278280
  endloop
 endfacet
 facet normal 1.0 0.0 0.0
  outer loop
   vertex 32.500000 10.366667 -20.350000
   vertex 32.500000 9.172352 -11.278280
   vertex 32.500000 7.998472 -11.511779
  endloop
 endfacet
 facet normal 0.0 -0.32143946530316136 0.9469301294951058
  outer loop
   vertex -32.500000 7.998472 -11.511779
   vertex -32.500000 6.865113 -11.896502
   vertex 32.500000 6.865113 -11.896502
  endloop
 endfacet
 facet normal 0.0 -0.32143946530316136 0.9469301294951058
  outer loop
   vertex -32.500000 7.998472 -11.511779
   vertex 32.500000 6.865113 -11.896502
   vertex 32.500000 7.998472 -11.511779
  endloop
 endfacet
 facet normal -1.0 0.0 0.0
  outer loop
   vertex -32.500000 10.366667 -20.350000
   vertex -32.500000 6.865113 -11.896502
   vertex -32.500000 7.998472 -11.511779
  endloop
 endfacet
 facet normal 1.0 0.0 0.0
  outer loop
   vertex 32.500000 10.366667 -20.350000
   vertex 32.500000 7.998472 -11.511779
   vertex 32.500000 6.865113 -11.896502
  endloop
 endfacet
 facet normal 0.0 -0.4422886902190011 0.8968727415326884
  outer loop
   vertex -32.500000 6.865113 -11.896502
   vertex -32.500000 5.791667 -12.425868
   vertex 32.500000 5.791667 -12.425868
  endloop
 endfacet
 facet normal 0.0 -0.4422886902190011 0.8968727415326884
  outer loop
   vertex -32.500000 6.865113 -11.896502
   vertex 32.500000 5.791667 -12.425868
   vertex 32.500000 6.865113 -11.896502
  endloop
 endfacet
 facet normal -1.0 0.0 0.0
  outer loop
   vertex -32.500000 10.366667 -20.350000
   vertex -32.500000 5.791667 -12.425868
   vertex -32.500000 6.865113 -11.896502
  endloop
 endfacet
 facet normal 1.0 0.0 0.0
  outer loop
   vertex 32.500000 10.366667 -20.350000
   vertex 32.500000 6.865113 -11.896502
   vertex 32.500000 5.791667 -12.425868
  endloop
 endfacet
 facet normal 0.0 -0.5555702330196012 0.8314696123025459
  outer loop
   vertex -32.500000 5.791667 -12.425868
   vertex -32.500000 4.796500 -13.090817
   vertex 32.500000 4.796500 -13.090817
  endloop
 endfacet
 facet normal 0.0 -0.5555702330196012 0.8314696123025459
  outer loop
   vertex -32.500000 5.791667 -12.425868
   vertex 32.500000 4.796500 -13.090817
   vertex 32.500000 5.791667 -12.425868
  endloop
 endfacet
 facet normal -1.0 0.0 0.0
  outer loop
   vertex -32.500000 10.366667 -20.350000
   vertex -32.500000 4.796500 -13.090817
   vertex -32.500000 5.791667 -12.425868
  endloop
 endfacet
 facet normal 1.0 0.0 0.0
  outer loop
   vertex 32.500000 10.366667 -20.350000
   vertex 32.500000 5.791667 -12.425868
   vertex 32.500000 4.796500 -13.090817
  endloop
 endfacet
 facet normal 0.0 -0.6593458151000702 0.7518398074789763
  outer loop
   vertex -32.500000 4.796500 -13.090817
   vertex -32.500000 3.896640 -13.879973
   vertex 32.500000 3.896640 -13.879973
  endloop
 endfacet
 facet normal 0.0 -0.6593458151000702 0.7518398074789763
  outer loop
   vertex -32.500000 4.796500 -13.090817
   vertex 32.500000 3.896640 -13.879973
   vertex 32.500000 4.796500 -13.090817
  endloop
 endfacet
 facet normal -1.0 0.0 0.0
  outer loop
   vertex -32.500000 10.366667 -20.350000
   vertex -32.500000 3.896640 -13.879973
   vertex -32.500000 4.796500 -13.090817
  endloop
 endfacet
 facet normal 1.0 0.0 0.0
  outer loop
   vertex 32.500000 10.366667 -20.350000
   vertex 32.500000 4.796500 -13.090817
   vertex 32.500000 3.896640 -13.879973
  endloop
 endfacet
 facet normal 0.0 -0.7518398074789763 0.6593458151000701
  outer loop
   vertex -32.500000 3.896640 -13.879973
   vertex -32.500000 3.107484 -14.779833
   vertex 32.500000 3.107484 -14.779833
  endloop
 endfacet
 facet normal 0.0 -0.7518398074789763 0.6593458151000701
  outer loop
   vertex -32.500000 3.896640 -13.879973
   vertex 32.500000 3.107484 -14.779833
   vertex 32.500000 3.896640 -13.879973
  endloop
 endfacet
 facet normal -1.0 0.0 0.0
  outer loop
   vertex -32.500000 10.366667 -20.350000
   vertex -32.500000 3.107484 -14.779833
   vertex -32.500000 3.896640 -13.879973
  endloop
 endfacet
 facet normal 1.0 0.0 0.0
  outer loop
   vertex 32.500000 10.366667 -20.350000
   vertex 32.500000 3.896640 -13.879973
   vertex 32.500000 3.107484 -14.779833
  endloop
 endfacet
 facet normal 0.0 -0.8314696123025453 0.555570233019602
  outer loop
   vertex -32.500000 3.107484 -14.779833
   vertex -32.500000 2.442534 -15.775000
   vertex 32.500000 2.442534 -15.775000
  endloop
 endfacet
 facet normal 0.0 -0.8314696123025453 0.555570233019602
  outer loop
   vertex -32.500000 3.107484 -14.779833
   vertex 32.500000 2.442534 -15.775000
   vertex 32.500000 3.107484 -14.779833
  endloop
 endfacet
 facet normal -1.0 0.0 0.0
  outer loop
   vertex -32.500000 10.366667 -20.350000
   vertex -32.500000 2.442534 -15.775000
   vertex -32.500000 3.107484 -14.779833
  endloop
 endfacet
 facet normal 1.0 0.0 0.0
  outer loop
   vertex 32.500000 10.366667 -20.350000
   vertex 32.500000 3.107484 -14.779833
   vertex 32.500000 2.442534 -15.775000
  endloop
 endfacet
 facet normal 0.0 -0.8968727415326886 0.44228869021900086
  outer loop
   vertex -32.500000 2.442534 -15.775000
   vertex -32.500000 1.913169 -16.848447
   vertex 32.500000 1.913169 -16.848447
  endloop
 endfacet
 facet normal 0.0 -0.8968727415326886 0.44228869021900086
  outer loop
   vertex -32.500000 2.442534 -15.775000
   vertex 32.500000 1.913169 -16.848447
   vertex 32.500000 2.442534 -15.775000
  endloop
 endfacet
 facet normal -1.0 0.0 0.0
  outer loop
   vertex -32.500000 10.366667 -20.350000
   vertex -32.500000 1.913169 -16.848447
   vertex -32.500000 2.442534 -15.775000
  endloop
 endfacet
 facet normal 1.0 0.0 0.0
  outer loop
   vertex 32.500000 10.366667 -20.350000
   vertex 32.500000 2.442534 -15.775000
   vertex 32.500000 1.913169 -16.848447
  endloop
 endfacet
 facet normal 0.0 -0.9469301294951058 0.32143946530316136
  outer loop
   vertex -32.500000 1.913169 -16.848447
   vertex -32.500000 1.528445 -17.981806
   vertex 32.500000 1.528445 -17.981806
  endloop
 endfacet
 facet normal 0.0 -0.9469301294951058 0.32143946530316136
  outer loop
   vertex -32.500000 1.913169 -16.848447
   vertex 32.500000 1.528445 -17.981806
   vertex 32.500000 1.913169 -16.848447
  endloop
 endfacet
 facet normal -1.0 0.0 0.0
  outer loop
   vertex -32.500000 10.366667 -20.350000
   vertex -32.500000 1.528445 -17.981806
   vertex -32.500000 1.913169 -16.848447
  endloop
 endfacet
 facet normal 1.0 0.0 0.0
  outer loop
   vertex 32.500000 10.366667 -20.350000
   vertex 32.500000 1.913169 -16.848447
   vertex 32.500000 1.528445 -17.981806
  endloop
 endfacet
 facet normal 0.0 -0.9807852804032302 0.19509032201612903
  outer loop
   vertex -32.500000 1.528445 -17.981806
   vertex -32.500000 1.294946 -19.155685
   vertex 32.500000 1.294946 -19.155685
  endloop
 endfacet
 facet normal 0.0 -0.9807852804032302 0.19509032201612903
  outer loop
   vertex -32.500000 1.528445 -17.981806
   vertex 32.500000 1.294946 -19.155685
   vertex 32.500000 1.528445 -17.981806
  endloop
 endfacet
 facet normal -1.0 0.0 0.0
  outer loop
   vertex -32.500000 10.366667 -20.350000
   vertex -32.500000 1.294946 -19.155685
   vertex -32.500000 1.528445 -17.981806
  endloop
 endfacet
 facet normal 1.0 0.0 0.0
  outer loop
   vertex 32.500000 10.366667 -20.350000
   vertex 32.500000 1.528445 -17.981806
   vertex 32.500000 1.294946 -19.155685
  endloop
 endfacet
 facet normal 0.0 -0.9978589232386035 0.06540312923014346
  outer loop
   vertex -32.500000 1.294946 -19.155685
   vertex -32.500000 1.216667 -20.350000
   vertex 32.500000 1.216667 -20.350000
  endloop
 endfacet
 facet normal 0.0 -0.9978589232386035 0.06540312923014346
  outer loop
   vertex -32.500000 1.294946 -19.155685
   vertex 32.500000 1.216667 -20.350000
   vertex 32.500000 1.294946 -19.155685
  endloop
 endfacet
 facet normal -1.0 0.0 0.0
  outer loop
   vertex -32.500000 10.366667 -20.350000
   vertex -32.500000 1.216667 -20.350000
   vertex -32.500000 1.294946 -19.155685
  endloop
 endfacet
 facet normal 1.0 0.0 0.0
  outer loop
   vertex 32.500000 10.366667 -20.350000
   vertex 32.500000 1.294946 -19.155685
   vertex 32.500000 1.216667 -20.350000
  endloop
 endfacet
 facet normal 0.0 -0.9978589232386035 -0.06540312923014346
  outer loop
   vertex -32.500000 1.216667 -20.350000
   vertex -32.500000 1.294946 -21.544315
   vertex 32.500000 1.294946 -21.544315
  endloop
 endfacet
 facet normal 0.0 -0.9978589232386035 -0.06540312923014346
  outer loop
   vertex -32.500000 1.216667 -20.350000
   vertex 32.500000 1.294946 -21.544315
   vertex 32.500000 1.216667 -20.350000
  endloop
 endfacet
 facet normal -1.0 -0.0 0.0
  outer loop
   vertex -32.500000 10.366667 -20.350000
   vertex -32.500000 1.294946 -21.544315
   vertex -32.500000 1.216667 -20.350000
  endloop
 endfacet
 facet normal 1.0 0.0 0.0
  outer loop
   vertex 32.500000 10.366667 -20.350000
   vertex 32.500000 1.216667 -20.350000
   vertex 32.500000 1.294946 -21.544315
  endloop
 endfacet
 facet normal 0.0 -0.9807852804032305 -0.19509032201612822
  outer loop
   vertex -32.500000 1.294946 -21.544315
   vertex -32.500000 1.528445 -22.718194
   vertex 32.500000 1.528445 -22.718194
  endloop
 endfacet
 facet normal 0.0 -0.9807852804032305 -0.19509032201612822
  outer loop
   vertex -32.500000 1.294946 -21.544315
   vertex 32.500000 1.528445 -22.718194
   vertex 32.500000 1.294946 -21.544315
  endloop
 endfacet
 facet normal -1.0 0.0 0.0
  outer loop
   vertex -32.500000 10.366667 -20.350000
   vertex -32.500000 1.528445 -22.718194
   vertex -32.500000 1.294946 -21.544315
  endloop
 endfacet
 facet normal 1.0 0.0 0.0
  outer loop
   vertex 32.500000 10.366667 -20.350000
   vertex 32.500000 1.294946 -21.544315
   vertex 32.500000 1.528445 -22.718194
  endloop
 endfacet
 facet normal 0.0 -0.9469301294951058 -0.32143946530316136
  outer loop
   vertex -32.500000 1.528445 -22.718194
   vertex -32.500000 1.913169 -23.851553
   vertex 32.500000 1.913169 -23.851553
  endloop
 endfacet
 facet normal 0.0 -0.9469301294951058 -0.32143946530316136
  outer loop
   vertex -32.500000 1.528445 -22.718194
   vertex 32.500000 1.913169 -23.851553
   vertex 32.500000 1.528445 -22.718194
  endloop
 endfacet
 facet normal -1.0 0.0 0.0
  outer loop
   vertex -32.500000 10.366667 -20.350000
   vertex -32.500000 1.913169 -23.851553
   vertex -32.500000 1.528445 -22.718194
  endloop
 endfacet
 facet normal 1.0 0.0 0.0
  outer loop
   vertex 32.500000 10.366667 -20.350000
   vertex 32.500000 1.528445 -22.718194
   vertex 32.500000 1.913169 -23.851553
  endloop
 endfacet
 facet normal 0.0 -0.8968727415326883 -0.4422886902190014
  outer loop
   vertex -32.500000 1.913169 -23.851553
   vertex -32.500000 2.442534 -24.925000
   vertex 32.500000 2.442534 -24.925000
  endloop
 endfacet
 facet normal 0.0 -0.8968727415326883 -0.4422886902190014
  outer loop
   vertex -32.500000 1.913169 -23.851553
   vertex 32.500000 2.442534 -24.925000
   vertex 32.500000 1.913169 -23.851553
  endloop
 endfacet
 facet normal -1.0 0.0 0.0
  outer loop
   vertex -32.500000 10.366667 -20.350000
   vertex -32.500000 2.442534 -24.925000
   vertex -32.500000 1.913169 -23.851553
  endloop
 endfacet
 facet normal 1.0 0.0 0.0
  outer loop
   vertex 32.500000 10.366667 -20.350000
   vertex 32.500000 1.913169 -23.851553
   vertex 32.500000 2.442534 -24.925000
  endloop
 endfacet
 facet normal 0.0 -0.8314696123025458 -0.5555702330196014
  outer loop
   vertex -32.500000 2.442534 -24.925000
   vertex -32.500000 3.107484 -25.920167
   vertex 32.500000 3.107484 -25.920167
  endloop
 endfacet
 facet normal 0.0 -0.8314696123025458 -0.5555702330196014
  outer loop
   vertex -32.500000 2.442534 -24.925000
   vertex 32.500000 3.107484 -25.920167
   vertex 32.500000 2.442534 -24.925000
  endloop
 endfacet
 facet normal -1.0 0.0 0.0
  outer loop
   vertex -32.500000 10.366667 -20.350000
   vertex -32.500000 3.107484 -25.920167
   vertex -32.500000 2.442534 -24.925000
  endloop
 endfacet
 facet normal 1.0 0.0 0.0
  outer loop
   vertex 32.500000 10.366667 -20.350000
   vertex 32.500000 2.442534 -24.925000
   vertex 32.500000 3.107484 -25.920167
  endloop
 endfacet
 facet normal 0.0 -0.7518398074789774 -0.6593458151000688
  outer loop
   vertex -32.500000 3.107484 -25.920167
   vertex -32.500000 3.896640 -26.820027
   vertex 32.500000 3.896640 -26.820027
  endloop
 endfacet
 facet normal 0.0 -0.7518398074789774 -0.6593458151000688
  outer loop
   vertex -32.500000 3.107484 -25.920167
   vertex 32.500000 3.896640 -26.820027
   vertex 32.500000 3.107484 -25.920167
  endloop
 endfacet
 facet normal -1.0 0.0 0.0
  outer loop
   vertex -32.500000 10.366667 -20.350000
   vertex -32.500000 3.896640 -26.820027
   vertex -32.500000 3.107484 -25.920167
  endloop
 endfacet
 facet normal 1.0 0.0 0.0
  outer loop
   vertex 32.500000 10.366667 -20.350000
   vertex 32.500000 3.107484 -25.920167
   vertex 32.500000 3.896640 -26.820027
  endloop
 endfacet
 facet normal 0.0 -0.6593458151000691 -0.7518398074789773
  outer loop
   vertex -32.500000 3.896640 -26.820027
   vertex -32.500000 4.796500 -27.609183
   vertex 32.500000 4.796500 -27.609183
  endloop
 endfacet
 facet normal 0.0 -0.6593458151000691 -0.7518398074789773
  outer loop
   vertex -32.500000 3.896640 -26.820027
   vertex 32.500000 4.796500 -27.609183
   vertex 32.500000 3.896640 -26.820027
  endloop
 endfacet
 facet normal -1.0 0.0 0.0
  outer loop
   vertex -32.500000 10.366667 -20.350000
   vertex -32.500000 4.796500 -27.609183
   vertex -32.500000 3.896640 -26.820027
  endloop
 endfacet
 facet normal 1.0 0.0 0.0
  outer loop
   vertex 32.500000 10.366667 -20.350000
   vertex 32.500000 3.896640 -26.820027
   vertex 32.500000 4.796500 -27.609183
  endloop
 endfacet
 facet normal 0.0 -0.5555702330196018 -0.8314696123025455
  outer loop
   vertex -32.500000 4.796500 -27.609183
   vertex -32.500000 5.791667 -28.274132
   vertex 32.500000 5.791667 -28.274132
  endloop
 endfacet
 facet normal 0.0 -0.5555702330196018 -0.8314696123025455
  outer loop
   vertex -32.500000 4.796500 -27.609183
   vertex 32.500000 5.791667 -28.274132
   vertex 32.500000 4.796500 -27.609183
  endloop
 endfacet
 facet normal -1.0 0.0 0.0
  outer loop
   vertex -32.500000 10.366667 -20.350000
   vertex -32.500000 5.791667 -28.274132
   vertex -32.500000 4.796500 -27.609183
  endloop
 endfacet
 facet normal 1.0 0.0 0.0
  outer loop
   vertex 32.500000 10.366667 -20.350000
   vertex 32.500000 4.796500 -27.609183
   vertex 32.500000 5.791667 -28.274132
  endloop
 endfacet
 facet normal 0.0 -0.44228869021900274 -0.8968727415326877
  outer loop
   vertex -32.500000 5.791667 -28.274132
   vertex -32.500000 6.865113 -28.803498
   vertex 32.500000 6.865113 -28.803498
  endloop
 endfacet
 facet normal 0.0 -0.44228869021900274 -0.8968727415326877
  outer loop
   vertex -32.500000 5.791667 -28.274132
   vertex 32.500000 6.865113 -28.803498
   vertex 32.500000 5.791667 -28.274132
  endloop
 endfacet
 facet normal -1.0 0.0 0.0
  outer loop
   vertex -32.500000 10.366667 -20.350000
   vertex -32.500000 6.865113 -28.803498
   vertex -32.500000 5.791667 -28.274132
  endloop
 endfacet
 facet normal 1.0 0.0 0.0
  outer loop
   vertex 32.500000 10.366667 -20.350000
   vertex 32.500000 5.791667 -28.274132
   vertex 32.500000 6.865113 -28.803498
  endloop
 endfacet
 facet normal 0.0 -0.32143946530316003 -0.9469301294951062
  outer loop
   vertex -32.500000 6.865113 -28.803498
   vertex -32.500000 7.998472 -29.188221
   vertex 32.500000 7.998472 -29.188221
  endloop
 endfacet
 facet normal 0.0 -0.32143946530316003 -0.9469301294951062
  outer loop
   vertex -32.500000 6.865113 -28.803498
   vertex 32.500000 7.998472 -29.188221
   vertex 32.500000 6.865113 -28.803498
  endloop
 endfacet
 facet normal -1.0 0.0 0.0
  outer loop
   vertex -32.500000 10.366667 -20.350000
   vertex -32.500000 7.998472 -29.188221
   vertex -32.500000 6.865113 -28.803498
  endloop
 endfacet
 facet normal 1.0 0.0 0.0
  outer loop
   vertex 32.500000 10.366667 -20.350000
   vertex 32.500000 6.865113 -28.803498
   vertex 32.500000 7.998472 -29.188221
  endloop
 endfacet
 facet normal 0.0 -0.19509032201613075 -0.98078528040323
  outer loop
   vertex -32.500000 7.998472 -29.188221
   vertex -32.500000 9.172352 -29.421720
   vertex 32.500000 9.172352 -29.421720
  endloop
 endfacet
 facet normal 0.0 -0.19509032201613075 -0.98078528040323
  outer loop
   vertex -32.500000 7.998472 -29.188221
   vertex 32.500000 9.172352 -29.421720
   vertex 32.500000 7.998472 -29.188221
  endloop
 endfacet
 facet normal -1.0 0.0 0.0
  outer loop
   vertex -32.500000 10.366667 -20.350000
   vertex -32.500000 9.172352 -29.421720
   vertex -32.500000 7.998472 -29.188221
  endloop
 endfacet
 facet normal 1.0 0.0 0.0
  outer loop
   vertex 32.500000 10.366667 -20.350000
   vertex 32.500000 7.998472 -29.188221
   vertex 32.500000 9.172352 -29.421720
  endloop
 endfacet
 facet normal 0.0 -0.0654031292301407 -0.9978589232386036
  outer loop
   vertex -32.500000 9.172352 -29.421720
   vertex -32.500000 10.366667 -29.500000
   vertex 32.500000 10.366667 -29.500000
  endloop
 endfacet
 facet normal 0.0 -0.0654031292301407 -0.9978589232386036
  outer loop
   vertex -32.500000 9.172352 -29.421720
   vertex 32.500000 10.366667 -29.500000
   vertex 32.500000 9.172352 -29.421720
  endloop
 endfacet
 facet normal -1.0 0.0 0.0
  outer loop
   vertex -32.500000 10.366667 -20.350000
   vertex -32.500000 10.366667 -29.500000
   vertex -32.500000 9.172352 -29.421720
  endloop
 endfacet
 facet normal 1.0 0.0 0.0
  outer loop
   vertex 32.500000 10.366667 -20.350000
   vertex 32.500000 9.172352 -29.421720
   vertex 32.500000 10.366667 -29.500000
  endloop
 endfacet
 facet normal 0.0 0.0654031292301407 -0.9978589232386036
  outer loop
   vertex -32.500000 10.366667 -29.500000
   vertex -32.500000 11.560981 -29.421720
   vertex 32.500000 11.560981 -29.421720
  endloop
 endfacet
 facet normal 0.0 0.0654031292301407 -0.9978589232386036
  outer loop
   vertex -32.500000 10.366667 -29.500000
   vertex 32.500000 11.560981 -29.421720
   vertex 32.500000 10.366667 -29.500000
  endloop
 endfacet
 facet normal -1.0 0.0 -0.0
  outer loop
   vertex -32.500000 10.366667 -20.350000
   vertex -32.500000 11.560981 -29.421720
   vertex -32.500000 10.366667 -29.500000
  endloop
 endfacet
 facet normal 1.0 0.0 0.0
  outer loop
   vertex 32.500000 10.366667 -20.350000
   vertex 32.500000 10.366667 -29.500000
   vertex 32.500000 11.560981 -29.421720
  endloop
 endfacet
 facet normal 0.0 0.1950903220161279 -0.9807852804032305
  outer loop
   vertex -32.500000 11.560981 -29.421720
   vertex -32.500000 12.734861 -29.188221
   vertex 32.500000 12.734861 -29.188221
  endloop
 endfacet
 facet normal 0.0 0.1950903220161279 -0.9807852804032305
  outer loop
   vertex -32.500000 11.560981 -29.421720
   vertex 32.500000 12.734861 -29.188221
   vertex 32.500000 11.560981 -29.421720
  endloop
 endfacet
 facet normal -1.0 0.0 0.0
  outer loop
   vertex -32.500000 10.366667 -20.350000
   vertex -32.500000 12.734861 -29.188221
   vertex -32.500000 11.560981 -29.421720
  endloop
 endfacet
 facet normal 1.0 0.0 0.0
  outer loop
   vertex 32.500000 10.366667 -20.350000
   vertex 32.500000 11.560981 -29.421720
   vertex 32.500000 12.734861 -29.188221
  endloop
 endfacet
 facet normal 0.0 0.3214394653031627 -0.9469301294951054
  outer loop
   vertex -32.500000 12.734861 -29.188221
   vertex -32.500000 13.868220 -28.803498
   vertex 32.500000 13.868220 -28.803498
  endloop
 endfacet
 facet normal 0.0 0.3214394653031627 -0.9469301294951054
  outer loop
   vertex -32.500000 12.734861 -29.188221
   vertex 32.500000 13.868220 -28.803498
   vertex 32.500000 12.734861 -29.188221
  endloop
 endfacet
 facet normal -1.0 0.0 0.0
  outer loop
   vertex -32.500000 10.366667 -20.350000
   vertex -32.500000 13.868220 -28.803498
   vertex -32.500000 12.734861 -29.188221
  endloop
 endfacet
 facet normal 1.0 0.0 0.0
  outer loop
   vertex 32.500000 10.366667 -20.350000
   vertex 32.500000 12.734861 -29.188221
   vertex 32.500000 13.868220 -28.803498
  endloop
 endfacet
 facet normal 0.0 0.4422886902190003 -0.8968727415326888
  outer loop
   vertex -32.500000 13.868220 -28.803498
   vertex -32.500000 14.941667 -28.274132
   vertex 32.500000 14.941667 -28.274132
  endloop
 endfacet
 facet normal 0.0 0.4422886902190003 -0.8968727415326888
  outer loop
   vertex -32.500000 13.868220 -28.803498
   vertex 32.500000 14.941667 -28.274132
   vertex 32.500000 13.868220 -28.803498
  endloop
 endfacet
 facet normal -1.0 0.0 0.0
  outer loop
   vertex -32.500000 10.366667 -20.350000
   vertex -32.500000 14.941667 -28.274132
   vertex -32.500000 13.868220 -28.803498
  endloop
 endfacet
 facet normal 1.0 0.0 0.0
  outer loop
   vertex 32.500000 10.366667 -20.350000
   vertex 32.500000 13.868220 -28.803498
   vertex 32.500000 14.941667 -28.274132
  endloop
 endfacet
 facet normal 0.0 0.5555702330196015 -0.8314696123025458
  outer loop
   vertex -32.500000 14.941667 -28.274132
   vertex -32.500000 15.936834 -27.609183
   vertex 32.500000 15.936834 -27.609183
  endloop
 endfacet
 facet normal 0.0 0.5555702330196015 -0.8314696123025458
  outer loop
   vertex -32.500000 14.941667 -28.274132
   vertex 32.500000 15.936834 -27.609183
   vertex 32.500000 14.941667 -28.274132
  endloop
 endfacet
 facet normal -1.0 0.0 0.0
  outer loop
   vertex -32.500000 10.366667 -20.350000
   vertex -32.500000 15.936834 -27.609183
   vertex -32.500000 14.941667 -28.274132
  endloop
 endfacet
 facet normal 1.0 0.0 0.0
  outer loop
   vertex 32.500000 10.366667 -20.350000
   vertex 32.500000 14.941667 -28.274132
   vertex 32.500000 15.936834 -27.609183
  endloop
 endfacet
 facet normal 0.0 0.6593458151000701 -0.7518398074789764
  outer loop
   vertex -32.500000 15.936834 -27.609183
   vertex -32.500000 16.836694 -26.820027
   vertex 32.500000 16.836694 -26.820027
  endloop
 endfacet
 facet normal 0.0 0.6593458151000701 -0.7518398074789764
  outer loop
   vertex -32.500000 15.936834 -27.609183
   vertex 32.500000 16.836694 -26.820027
   vertex 32.500000 15.936834 -27.609183
  endloop
 endfacet
 facet normal -1.0 0.0 0.0
  outer loop
   vertex -32.500000 10.366667 -20.350000
   vertex -32.500000 16.836694 -26.820027
   vertex -32.500000 15.936834 -27.609183
  endloop
 endfacet
 facet normal 1.0 0.0 0.0
  outer loop
   vertex 32.500000 10.366667 -20.350000
   vertex 32.500000 15.936834 -27.609183
   vertex 32.500000 16.836694 -26.820027
  endloop
 endfacet
 facet normal 0.0 0.7518398074789752 -0.6593458151000713
  outer loop
   vertex -32.500000 16.836694 -26.820027
   vertex -32.500000 17.625850 -25.920167
   vertex 32.500000 17.625850 -25.920167
  endloop
 endfacet
 facet normal 0.0 0.7518398074789752 -0.6593458151000713
  outer loop
   vertex -32.500000 16.836694 -26.820027
   vertex 32.500000 17.625850 -25.920167
   vertex 32.500000 16.836694 -26.820027
  endloop
 endfacet
 facet normal -1.0 0.0 0.0
  outer loop
   vertex -32.500000 10.366667 -20.350000
   vertex -32.500000 17.625850 -25.920167
   vertex -32.500000 16.836694 -26.820027
  endloop
 endfacet
 facet normal 1.0 0.0 0.0
  outer loop
   vertex 32.500000 10.366667 -20.350000
   vertex 32.500000 16.836694 -26.820027
   vertex 32.500000 17.625850 -25.920167
  endloop
 endfacet
 facet normal 0.0 0.8314696123025461 -0.5555702330196008
  outer loop
   vertex -32.500000 17.625850 -25.920167
   vertex -32.500000 18.290799 -24.925000
   vertex 32.500000 18.290799 -24.925000
  endloop
 endfacet
 facet normal 0.0 0.8314696123025461 -0.5555702330196008
  outer loop
   vertex -32.500000 17.625850 -25.920167
   vertex 32.500000 18.290799 -24.925000
   vertex 32.500000 17.625850 -25.920167
  endloop
 endfacet
 facet normal -1.0 0.0 0.0
  outer loop
   vertex -32.500000 10.366667 -20.350000
   vertex -32.500000 18.290799 -24.925000
   vertex -32.500000 17.625850 -25.920167
  endloop
 endfacet
 facet normal 1.0 0.0 0.0
  outer loop
   vertex 32.500000 10.366667 -20.350000
   vertex 32.500000 17.625850 -25.920167
   vertex 32.500000 18.290799 -24.925000
  endloop
 endfacet
 facet normal 0.0 0.8968727415326874 -0.4422886902190033
  outer loop
   vertex -32.500000 18.290799 -24.925000
   vertex -32.500000 18.820164 -23.851553
   vertex 32.500000 18.820164 -23.851553
  endloop
 endfacet
 facet normal 0.0 0.8968727415326874 -0.4422886902190033
  outer loop
   vertex -32.500000 18.290799 -24.925000
   vertex 32.500000 18.820164 -23.851553
   vertex 32.500000 18.290799 -24.925000
  endloop
 endfacet
 facet normal -1.0 0.0 0.0
  outer loop
   vertex -32.500000 10.366667 -20.350000
   vertex -32.500000 18.820164 -23.851553
   vertex -32.500000 18.290799 -24.925000
  endloop
 endfacet
 facet normal 1.0 0.0 0.0
  outer loop
   vertex 32.500000 10.366667 -20.350000
   vertex 32.500000 18.290799 -24.925000
   vertex 32.500000 18.820164 -23.851553
  endloop
 endfacet
 facet normal 0.0 0.9469301294951056 -0.32143946530316186
  outer loop
   vertex -32.500000 18.820164 -23.851553
   vertex -32.500000 19.204888 -22.718194
   vertex 32.500000 19.204888 -22.718194
  endloop
 endfacet
 facet normal 0.0 0.9469301294951056 -0.32143946530316186
  outer loop
   vertex -32.500000 18.820164 -23.851553
   vertex 32.500000 19.204888 -22.718194
   vertex 32.500000 18.820164 -23.851553
  endloop
 endfacet
 facet normal -1.0 0.0 0.0
  outer loop
   vertex -32.500000 10.366667 -20.350000
   vertex -32.500000 19.204888 -22.718194
   vertex -32.500000 18.820164 -23.851553
  endloop
 endfacet
 facet normal 1.0 0.0 0.0
  outer loop
   vertex 32.500000 10.366667 -20.350000
   vertex 32.500000 18.820164 -23.851553
   vertex 32.500000 19.204888 -22.718194
  endloop
 endfacet
 facet normal 0.0 0.9807852804032309 -0.1950903220161265
  outer loop
   vertex -32.500000 19.204888 -22.718194
   vertex -32.500000 19.438387 -21.544315
   vertex 32.500000 19.438387 -21.544315
  endloop
 endfacet
 facet normal 0.0 0.9807852804032309 -0.1950903220161265
  outer loop
   vertex -32.500000 19.204888 -22.718194
   vertex 32.500000 19.438387 -21.544315
   vertex 32.500000 19.204888 -22.718194
  endloop
 endfacet
 facet normal -1.0 0.0 0.0
  outer loop
   vertex -32.500000 10.366667 -20.350000
   vertex -32.500000 19.438387 -21.544315
   vertex -32.500000 19.204888 -22.718194
  endloop
 endfacet
 facet normal 1.0 0.0 0.0
  outer loop
   vertex 32.500000 10.366667 -20.350000
   vertex 32.500000 19.204888 -22.718194
   vertex 32.500000 19.438387 -21.544315
  endloop
 endfacet
 facet normal 0.0 0.9978589232386034 -0.06540312923014385
  outer loop
   vertex -32.500000 19.438387 -21.544315
   vertex -32.500000 19.516667 -20.350000
   vertex 32.500000 19.516667 -20.350000
  endloop
 endfacet
 facet normal 0.0 0.9978589232386034 -0.06540312923014385
  outer loop
   vertex -32.500000 19.438387 -21.544315
   vertex 32.500000 19.516667 -20.350000
   vertex 32.500000 19.438387 -21.544315
  endloop
 endfacet
 facet normal -1.0 0.0 0.0
  outer loop
   vertex -32.500000 10.366667 -20.350000
   vertex -32.500000 19.516667 -20.350000
   vertex -32.500000 19.438387 -21.544315
  endloop
 endfacet
 facet normal 1.0 0.0 0.0
  outer loop
   vertex 32.500000 10.366667 -20.350000
   vertex 32.500000 19.438387 -21.544315
   vertex 32.500000 19.516667 -20.350000
  endloop
 endfacet
 facet normal 0.0 0.9978589232386034 0.06540312923014366
  outer loop
   vertex -32.500000 -1.216667 0.000000
   vertex -32.500000 -1.294946 1.194315
   vertex 32.500000 -1.294946 1.194315
  endloop
 endfacet
 facet normal -0.0 0.9978589232386034 0.06540312923014366
  outer loop
   vertex -32.500000 -1.216667 0.000000
   vertex 32.500000 -1.294946 1.194315
   vertex 32.500000 -1.216667 0.000000
  endloop
 endfacet
 facet normal -1.0 0.0 0.0
  outer loop
   vertex -32.500000 -10.366667 0.000000
   vertex -32.500000 -1.294946 1.194315
   vertex -32.500000 -1.216667 0.000000
  endloop
 endfacet
 facet normal 1.0 0.0 0.0
  outer loop
   vertex 32.500000 -10.366667 0.000000
   vertex 32.500000 -1.216667 0.000000
   vertex 32.500000 -1.294946 1.194315
  endloop
 endfacet
 facet normal 0.0 0.9807852804032305 0.1950903220161275
  outer loop
   vertex -32.500000 -1.294946 1.194315
   vertex -32.500000 -1.528445 2.368194
   vertex 32.500000 -1.528445 2.368194
  endloop
 endfacet
 facet normal -0.0 0.9807852804032305 0.1950903220161275
  outer loop
   vertex -32.500000 -1.294946 1.194315
   vertex 32.500000 -1.528445 2.368194
   vertex 32.500000 -1.294946 1.194315
  endloop
 endfacet
 facet normal -1.0 0.0 0.0
  outer loop
   vertex -32.500000 -10.366667 0.000000
   vertex -32.500000 -1.528445 2.368194
   vertex -32.500000 -1.294946 1.194315
  endloop
 endfacet
 facet normal 1.0 0.0 0.0
  outer loop
   vertex 32.500000 -10.366667 0.000000
   vertex 32.500000 -1.294946 1.194315
   vertex 32.500000 -1.528445 2.368194
  endloop
 endfacet
 facet normal 0.0 0.9469301294951054 0.32143946530316236
  outer loop
   vertex -32.500000 -1.528445 2.368194
   vertex -32.500000 -1.913169 3.501553
   vertex 32.500000 -1.913169 3.501553
  endloop
 endfacet
 facet normal -0.0 0.9469301294951054 0.32143946530316236
  outer loop
   vertex -32.500000 -1.528445 2.368194
   vertex 32.500000 -1.913169 3.501553
   vertex 32.500000 -1.528445 2.368194
  endloop
 endfacet
 facet normal -1.0 0.0 0.0
  outer loop
   vertex -32.500000 -10.366667 0.000000
   vertex -32.500000 -1.913169 3.501553
   vertex -32.500000 -1.528445 2.368194
  endloop
 endfacet
 facet normal 1.0 0.0 0.0
  outer loop
   vertex 32.500000 -10.366667 0.000000
   vertex 32.500000 -1.528445 2.368194
   vertex 32.500000 -1.913169 3.501553
  endloop
 endfacet
 facet normal 0.0 0.8968727415326887 0.44228869021900036
  outer loop
   vertex -32.500000 -1.913169 3.501553
   vertex -32.500000 -2.442534 4.575000
   vertex 32.500000 -2.442534 4.575000
  endloop
 endfacet
 facet normal -0.0 0.8968727415326887 0.44228869021900036
  outer loop
   vertex -32.500000 -1.913169 3.501553
   vertex 32.500000 -2.442534 4.575000
   vertex 32.500000 -1.913169 3.501553
  endloop
 endfacet
 facet normal -1.0 0.0 0.0
  outer loop
   vertex -32.500000 -10.366667 0.000000
   vertex -32.500000 -2.442534 4.575000
   vertex -32.500000 -1.913169 3.501553
  endloop
 endfacet
 facet normal 1.0 0.0 0.0
  outer loop
   vertex 32.500000 -10.366667 0.000000
   vertex 32.500000 -1.913169 3.501553
   vertex 32.500000 -2.442534 4.575000
  endloop
 endfacet
 facet normal 0.0 0.8314696123025453 0.5555702330196021
  outer loop
   vertex -32.500000 -2.442534 4.575000
   vertex -32.500000 -3.107484 5.570167
   vertex 32.500000 -3.107484 5.570167
  endloop
 endfacet
 facet normal -0.0 0.8314696123025453 0.5555702330196021
  outer loop
   vertex -32.500000 -2.442534 4.575000
   vertex 32.500000 -3.107484 5.570167
   vertex 32.500000 -2.442534 4.575000
  endloop
 endfacet
 facet normal -1.0 0.0 0.0
  outer loop
   vertex -32.500000 -10.366667 0.000000
   vertex -32.500000 -3.107484 5.570167
   vertex -32.500000 -2.442534 4.575000
  endloop
 endfacet
 facet normal 1.0 0.0 0.0
  outer loop
   vertex 32.500000 -10.366667 0.000000
   vertex 32.500000 -2.442534 4.575000
   vertex 32.500000 -3.107484 5.570167
  endloop
 endfacet
 facet normal 0.0 0.7518398074789769 0.6593458151000693
  outer loop
   vertex -32.500000 -3.107484 5.570167
   vertex -32.500000 -3.896640 6.470027
   vertex 32.500000 -3.896640 6.470027
  endloop
 endfacet
 facet normal -0.0 0.7518398074789769 0.6593458151000693
  outer loop
   vertex -32.500000 -3.107484 5.570167
   vertex 32.500000 -3.896640 6.470027
   vertex 32.500000 -3.107484 5.570167
  endloop
 endfacet
 facet normal -1.0 0.0 0.0
  outer loop
   vertex -32.500000 -10.366667 0.000000
   vertex -32.500000 -3.896640 6.470027
   vertex -32.500000 -3.107484 5.570167
  endloop
 endfacet
 facet normal 1.0 0.0 0.0
  outer loop
   vertex 32.500000 -10.366667 0.000000
   vertex 32.500000 -3.107484 5.570167
   vertex 32.500000 -3.896640 6.470027
  endloop
 endfacet
 facet normal 0.0 0.6593458151000694 0.751839807478977
  outer loop
   vertex -32.500000 -3.896640 6.470027
   vertex -32.500000 -4.796500 7.259183
   vertex 32.500000 -4.796500 7.259183
  endloop
 endfacet
 facet normal -0.0 0.6593458151000694 0.751839807478977
  outer loop
   vertex -32.500000 -3.896640 6.470027
   vertex 32.500000 -4.796500 7.259183
   vertex 32.500000 -3.896640 6.470027
  endloop
 endfacet
 facet normal -1.0 0.0 0.0
  outer loop
   vertex -32.500000 -10.366667 0.000000
   vertex -32.500000 -4.796500 7.259183
   vertex -32.500000 -3.896640 6.470027
  endloop
 endfacet
 facet normal 1.0 0.0 0.0
  outer loop
   vertex 32.500000 -10.366667 0.000000
   vertex 32.500000 -3.896640 6.470027
   vertex 32.500000 -4.796500 7.259183
  endloop
 endfacet
 facet normal 0.0 0.5555702330196016 0.8314696123025456
  outer loop
   vertex -32.500000 -4.796500 7.259183
   vertex -32.500000 -5.791667 7.924132
   vertex 32.500000 -5.791667 7.924132
  endloop
 endfacet
 facet normal -0.0 0.5555702330196016 0.8314696123025456
  outer loop
   vertex -32.500000 -4.796500 7.259183
   vertex 32.500000 -5.791667 7.924132
   vertex 32.500000 -4.796500 7.259183
  endloop
 endfacet
 facet normal -1.0 0.0 0.0
  outer loop
   vertex -32.500000 -10.366667 0.000000
   vertex -32.500000 -5.791667 7.924132
   vertex -32.500000 -4.796500 7.259183
  endloop
 endfacet
 facet normal 1.0 0.0 0.0
  outer loop
   vertex 32.500000 -10.366667 0.000000
   vertex 32.500000 -4.796500 7.259183
   vertex 32.500000 -5.791667 7.924132
  endloop
 endfacet
 facet normal 0.0 0.4422886902190011 0.8968727415326884
  outer loop
   vertex -32.500000 -5.791667 7.924132
   vertex -32.500000 -6.865113 8.453498
   vertex 32.500000 -6.865113 8.453498
  endloop
 endfacet
 facet normal -0.0 0.4422886902190011 0.8968727415326884
  outer loop
   vertex -32.500000 -5.791667 7.924132
   vertex 32.500000 -6.865113 8.453498
   vertex 32.500000 -5.791667 7.924132
  endloop
 endfacet
 facet normal -1.0 0.0 0.0
  outer loop
   vertex -32.500000 -10.366667 0.000000
   vertex -32.500000 -6.865113 8.453498
   vertex -32.500000 -5.791667 7.924132
  endloop
 endfacet
 facet normal 1.0 0.0 0.0
  outer loop
   vertex 32.500000 -10.366667 0.000000
   vertex 32.500000 -5.791667 7.924132
   vertex 32.500000 -6.865113 8.453498
  endloop
 endfacet
 facet normal 0.0 0.3214394653031622 0.9469301294951054
  outer loop
   vertex -32.500000 -6.865113 8.453498
   vertex -32.500000 -7.998472 8.838221
   vertex 32.500000 -7.998472 8.838221
  endloop
 endfacet
 facet normal -0.0 0.3214394653031622 0.9469301294951054
  outer loop
   vertex -32.500000 -6.865113 8.453498
   vertex 32.500000 -7.998472 8.838221
   vertex 32.500000 -6.865113 8.453498
  endloop
 endfacet
 facet normal -1.0 0.0 0.0
  outer loop
   vertex -32.500000 -10.366667 0.000000
   vertex -32.500000 -7.998472 8.838221
   vertex -32.500000 -6.865113 8.453498
  endloop
 endfacet
 facet normal 1.0 0.0 0.0
  outer loop
   vertex 32.500000 -10.366667 0.000000
   vertex 32.500000 -6.865113 8.453498
   vertex 32.500000 -7.998472 8.838221
  endloop
 endfacet
 facet normal 0.0 0.19509032201612775 0.9807852804032305
  outer loop
   vertex -32.500000 -7.998472 8.838221
   vertex -32.500000 -9.172352 9.071720
   vertex 32.500000 -9.172352 9.071720
  endloop
 endfacet
 facet normal -0.0 0.19509032201612775 0.9807852804032305
  outer loop
   vertex -32.500000 -7.998472 8.838221
   vertex 32.500000 -9.172352 9.071720
   vertex 32.500000 -7.998472 8.838221
  endloop
 endfacet
 facet normal -1.0 0.0 0.0
  outer loop
   vertex -32.500000 -10.366667 0.000000
   vertex -32.500000 -9.172352 9.071720
   vertex -32.500000 -7.998472 8.838221
  endloop
 endfacet
 facet normal 1.0 0.0 0.0
  outer loop
   vertex 32.500000 -10.366667 0.000000
   vertex 32.500000 -7.998472 8.838221
   vertex 32.500000 -9.172352 9.071720
  endloop
 endfacet
 facet normal 0.0 0.06540312923014358 0.9978589232386034
  outer loop
   vertex -32.500000 -9.172352 9.071720
   vertex -32.500000 -10.366667 9.150000
   vertex 32.500000 -10.366667 9.150000
  endloop
 endfacet
 facet normal -0.0 0.06540312923014358 0.9978589232386034
  outer loop
   vertex -32.500000 -9.172352 9.071720
   vertex 32.500000 -10.366667 9.150000
   vertex 32.500000 -9.172352 9.071720
  endloop
 endfacet
 facet normal -1.0 0.0 0.0
  outer loop
   vertex -32.500000 -10.366667 0.000000
   vertex -32.500000 -10.366667 9.150000
   vertex -32.500000 -9.172352 9.071720
  endloop
 endfacet
 facet normal 1.0 0.0 0.0
  outer loop
   vertex 32.500000 -10.366667 0.000000
   vertex 32.500000 -9.172352 9.071720
   vertex 32.500000 -10.366667 9.150000
  endloop
 endfacet
 facet normal 0.0 -0.06540312923014366 0.9978589232386034
  outer loop
   vertex -32.500000 -10.366667 9.150000
   vertex -32.500000 -11.560981 9.071720
   vertex 32.500000 -11.560981 9.071720
  endloop
 endfacet
 facet normal 0.0 -0.06540312923014366 0.9978589232386034
  outer loop
   vertex -32.500000 -10.366667 9.150000
   vertex 32.500000 -11.560981 9.071720
   vertex 32.500000 -10.366667 9.150000
  endloop
 endfacet
 facet normal -1.0 0.0 0.0
  outer loop
   vertex -32.500000 -10.366667 0.000000
   vertex -32.500000 -11.560981 9.071720
   vertex -32.500000 -10.366667 9.150000
  endloop
 endfacet
 facet normal 1.0 0.0 -0.0
  outer loop
   vertex 32.500000 -10.366667 0.000000
   vertex 32.500000 -10.366667 9.150000
   vertex 32.500000 -11.560981 9.071720
  endloop
 endfacet
 facet normal 0.0 -0.1950903220161276 0.9807852804032305
  outer loop
   vertex -32.500000 -11.560981 9.071720
   vertex -32.500000 -12.734861 8.838221
   vertex 32.500000 -12.734861 8.838221
  endloop
 endfacet
 facet normal 0.0 -0.1950903220161276 0.9807852804032305
  outer loop
   vertex -32.500000 -11.560981 9.071720
   vertex 32.500000 -12.734861 8.838221
   vertex 32.500000 -11.560981 9.071720
  endloop
 endfacet
 facet normal -1.0 0.0 0.0
  outer loop
   vertex -32.500000 -10.366667 0.000000
   vertex -32.500000 -12.734861 8.838221
   vertex -32.500000 -11.560981 9.071720
  endloop
 endfacet
 facet normal 1.0 0.0 0.0
  outer loop
   vertex 32.500000 -10.366667 0.000000
   vertex 32.500000 -11.560981 9.071720
   vertex 32.500000 -12.734861 8.838221
  endloop
 endfacet
 facet normal 0.0 -0.32143946530316136 0.9469301294951058
  outer loop
   vertex -32.500000 -12.734861 8.838221
   vertex -32.500000 -13.868220 8.453498
   vertex 32.500000 -13.868220 8.453498
  endloop
 endfacet
 facet normal 0.0 -0.32143946530316136 0.9469301294951058
  outer loop
   vertex -32.500000 -12.734861 8.838221
   vertex 32.500000 -13.868220 8.453498
   vertex 32.500000 -12.734861 8.838221
  endloop
 endfacet
 facet normal -1.0 0.0 0.0
  outer loop
   vertex -32.500000 -10.366667 0.000000
   vertex -32.500000 -13.868220 8.453498
   vertex -32.500000 -12.734861 8.838221
  endloop
 endfacet
 facet normal 1.0 0.0 0.0
  outer loop
   vertex 32.500000 -10.366667 0.000000
   vertex 32.500000 -12.734861 8.838221
   vertex 32.500000 -13.868220 8.453498
  endloop
 endfacet
 facet normal 0.0 -0.4422886902190014 0.8968727415326883
  outer loop
   vertex -32.500000 -13.868220 8.453498
   vertex -32.500000 -14.941667 7.924132
   vertex 32.500000 -14.941667 7.924132
  endloop
 endfacet
 facet normal 0.0 -0.4422886902190014 0.8968727415326883
  outer loop
   vertex -32.500000 -13.868220 8.453498
   vertex 32.500000 -14.941667 7.924132
   vertex 32.500000 -13.868220 8.453498
  endloop
 endfacet
 facet normal -1.0 0.0 0.0
  outer loop
   vertex -32.500000 -10.366667 0.000000
   vertex -32.500000 -14.941667 7.924132
   vertex -32.500000 -13.868220 8.453498
  endloop
 endfacet
 facet normal 1.0 0.0 0.0
  outer loop
   vertex 32.500000 -10.366667 0.000000
   vertex 32.500000 -13.868220 8.453498
   vertex 32.500000 -14.941667 7.924132
  endloop
 endfacet
 facet normal 0.0 -0.5555702330196008 0.831469612302546
  outer loop
   vertex -32.500000 -14.941667 7.924132
   vertex -32.500000 -15.936834 7.259183
   vertex 32.500000 -15.936834 7.259183
  endloop
 endfacet
 facet normal 0.0 -0.5555702330196008 0.831469612302546
  outer loop
   vertex -32.500000 -14.941667 7.924132
   vertex 32.500000 -15.936834 7.259183
   vertex 32.500000 -14.941667 7.924132
  endloop
 endfacet
 facet normal -1.0 0.0 0.0
  outer loop
   vertex -32.500000 -10.366667 0.000000
   vertex -32.500000 -15.936834 7.259183
   vertex -32.500000 -14.941667 7.924132
  endloop
 endfacet
 facet normal 1.0 0.0 0.0
  outer loop
   vertex 32.500000 -10.366667 0.000000
   vertex 32.500000 -14.941667 7.924132
   vertex 32.500000 -15.936834 7.259183
  endloop
 endfacet
 facet normal 0.0 -0.6593458151000691 0.7518398074789774
  outer loop
   vertex -32.500000 -15.936834 7.259183
   vertex -32.500000 -16.836694 6.470027
   vertex 32.500000 -16.836694 6.470027
  endloop
 endfacet
 facet normal 0.0 -0.6593458151000691 0.7518398074789774
  outer loop
   vertex -32.500000 -15.936834 7.259183
   vertex 32.500000 -16.836694 6.470027
   vertex 32.500000 -15.936834 7.259183
  endloop
 endfacet
 facet normal -1.0 0.0 0.0
  outer loop
   vertex -32.500000 -10.366667 0.000000
   vertex -32.500000 -16.836694 6.470027
   vertex -32.500000 -15.936834 7.259183
  endloop
 endfacet
 facet normal 1.0 0.0 0.0
  outer loop
   vertex 32.500000 -10.366667 0.000000
   vertex 32.500000 -15.936834 7.259183
   vertex 32.500000 -16.836694 6.470027
  endloop
 endfacet
 facet normal 0.0 -0.7518398074789773 0.6593458151000688
  outer loop
   vertex -32.500000 -16.836694 6.470027
   vertex -32.500000 -17.625850 5.570167
   vertex 32.500000 -17.625850 5.570167
  endloop
 endfacet
 facet normal 0.0 -0.7518398074789773 0.6593458151000688
  outer loop
   vertex -32.500000 -16.836694 6.470027
   vertex 32.500000 -17.625850 5.570167
   vertex 32.500000 -16.836694 6.470027
  endloop
 endfacet
 facet normal -1.0 0.0 0.0
  outer loop
   vertex -32.500000 -10.366667 0.000000
   vertex -32.500000 -17.625850 5.570167
   vertex -32.500000 -16.836694 6.470027
  endloop
 endfacet
 facet normal 1.0 0.0 0.0
  outer loop
   vertex 32.500000 -10.366667 0.000000
   vertex 32.500000 -16.836694 6.470027
   vertex 32.500000 -17.625850 5.570167
  endloop
 endfacet
 facet normal 0.0 -0.8314696123025455 0.5555702330196018
  outer loop
   vertex -32.500000 -17.625850 5.570167
   vertex -32.500000 -18.290799 4.575000
   vertex 32.500000 -18.290799 4.575000
  endloop
 endfacet
 facet normal 0.0 -0.8314696123025455 0.5555702330196018
  outer loop
   vertex -32.500000 -17.625850 5.570167
   vertex 32.500000 -18.290799 4.575000
   vertex 32.500000 -17.625850 5.570167
  endloop
 endfacet
 facet normal -1.0 0.0 0.0
  outer loop
   vertex -32.500000 -10.366667 0.000000
   vertex -32.500000 -18.290799 4.575000
   vertex -32.500000 -17.625850 5.570167
  endloop
 endfacet
 facet normal 1.0 0.0 0.0
  outer loop
   vertex 32.500000 -10.366667 0.000000
   vertex 32.500000 -17.625850 5.570167
   vertex 32.500000 -18.290799 4.575000
  endloop
 endfacet
 facet normal 0.0 -0.8968727415326886 0.4422886902190007
  outer loop
   vertex -32.500000 -18.290799 4.575000
   vertex -32.500000 -18.820164 3.501553
   vertex 32.500000 -18.820164 3.501553
  endloop
 endfacet
 facet normal 0.0 -0.8968727415326886 0.4422886902190007
  outer loop
   vertex -32.500000 -18.290799 4.575000
   vertex 32.500000 -18.820164 3.501553
   vertex 32.500000 -18.290799 4.575000
  endloop
 endfacet
 facet normal -1.0 0.0 0.0
  outer loop
   vertex -32.500000 -10.366667 0.000000
   vertex -32.500000 -18.820164 3.501553
   vertex -32.500000 -18.290799 4.575000
  endloop
 endfacet
 facet normal 1.0 0.0 0.0
  outer loop
   vertex 32.500000 -10.366667 0.000000
   vertex 32.500000 -18.290799 4.575000
   vertex 32.500000 -18.820164 3.501553
  endloop
 endfacet
 facet normal 0.0 -0.9469301294951054 0.3214394653031627
  outer loop
   vertex -32.500000 -18.820164 3.501553
   vertex -32.500000 -19.204888 2.368194
   vertex 32.500000 -19.204888 2.368194
  endloop
 endfacet
 facet normal 0.0 -0.9469301294951054 0.3214394653031627
  outer loop
   vertex -32.500000 -18.820164 3.501553
   vertex 32.500000 -19.204888 2.368194
   vertex 32.500000 -18.820164 3.501553
  endloop
 endfacet
 facet normal -1.0 0.0 0.0
  outer loop
   vertex -32.500000 -10.366667 0.000000
   vertex -32.500000 -19.204888 2.368194
   vertex -32.500000 -18.820164 3.501553
  endloop
 endfacet
 facet normal 1.0 0.0 0.0
  outer loop
   vertex 32.500000 -10.366667 0.000000
   vertex 32.500000 -18.820164 3.501553
   vertex 32.500000 -19.204888 2.368194
  endloop
 endfacet
 facet normal 0.0 -0.9807852804032305 0.19509032201612775
  outer loop
   vertex -32.500000 -19.204888 2.368194
   vertex -32.500000 -19.438387 1.194315
   vertex 32.500000 -19.438387 1.194315
  endloop
 endfacet
 facet normal 0.0 -0.9807852804032305 0.19509032201612775
  outer loop
   vertex -32.500000 -19.204888 2.368194
   vertex 32.500000 -19.438387 1.194315
   vertex 32.500000 -19.204888 2.368194
  endloop
 endfacet
 facet normal -1.0 0.0 0.0
  outer loop
   vertex -32.500000 -10.366667 0.000000
   vertex -32.500000 -19.438387 1.194315
   vertex -32.500000 -19.204888 2.368194
  endloop
 endfacet
 facet normal 1.0 0.0 0.0
  outer loop
   vertex 32.500000 -10.366667 0.000000
   vertex 32.500000 -19.204888 2.368194
   vertex 32.500000 -19.438387 1.194315
  endloop
 endfacet
 facet normal 0.0 -0.9978589232386034 0.0654031292301435
  outer loop
   vertex -32.500000 -19.438387 1.194315
   vertex -32.500000 -19.516667 0.000000
   vertex 32.500000 -19.516667 0.000000
  endloop
 endfacet
 facet normal 0.0 -0.9978589232386034 0.0654031292301435
  outer loop
   vertex -32.500000 -19.438387 1.194315
   vertex 32.500000 -19.516667 0.000000
   vertex 32.500000 -19.438387 1.194315
  endloop
 endfacet
 facet normal -1.0 0.0 0.0
  outer loop
   vertex -32.500000 -10.366667 0.000000
   vertex -32.500000 -19.516667 0.000000
   vertex -32.500000 -19.438387 1.194315
  endloop
 endfacet
 facet normal 1.0 0.0 0.0
  outer loop
   vertex 32.500000 -10.366667 0.000000
   vertex 32.500000 -19.438387 1.194315
   vertex 32.500000 -19.516667 0.000000
  endloop
 endfacet
 facet normal 0.0 -0.9978589232386035 -0.06540312923014349
  outer loop
   vertex -32.500000 -19.516667 0.000000
   vertex -32.500000 -19.438387 -1.194315
   vertex 32.500000 -19.438387 -1.194315
  endloop
 endfacet
 facet normal 0.0 -0.9978589232386035 -0.06540312923014349
  outer loop
   vertex -32.500000 -19.516667 0.000000
   vertex 32.500000 -19.438387 -1.194315
   vertex 32.500000 -19.516667 0.000000
  endloop
 endfacet
 facet normal -1.0 -0.0 0.0
  outer loop
   vertex -32.500000 -10.366667 0.000000
   vertex -32.500000 -19.438387 -1.194315
   vertex -32.500000 -19.516667 0.000000
  endloop
 endfacet
 facet normal 1.0 0.0 0.0
  outer loop
   vertex 32.500000 -10.366667 0.000000
   vertex 32.500000 -19.516667 0.000000
   vertex 32.500000 -19.438387 -1.194315
  endloop
 endfacet
 facet normal 0.0 -0.9807852804032305 -0.19509032201612772
  outer loop
   vertex -32.500000 -19.438387 -1.194315
   vertex -32.500000 -19.204888 -2.368194
   vertex 32.500000 -19.204888 -2.368194
  endloop
 endfacet
 facet normal 0.0 -0.9807852804032305 -0.19509032201612772
  outer loop
   vertex -32.500000 -19.438387 -1.194315
   vertex 32.500000 -19.204888 -2.368194
   vertex 32.500000 -19.438387 -1.194315
  endloop
 endfacet
 facet normal -1.0 0.0 0.0
  outer loop
   vertex -32.500000 -10.366667 0.000000
   vertex -32.500000 -19.204888 -2.368194
   vertex -32.500000 -19.438387 -1.194315
  endloop
 endfacet
 facet normal 1.0 0.0 0.0
  outer loop
   vertex 32.500000 -10.366667 0.000000
   vertex 32.500000 -19.438387 -1.194315
   vertex 32.500000 -19.204888 -2.368194
  endloop
 endfacet
 facet normal 0.0 -0.9469301294951061 -0.32143946530316014
  outer loop
   vertex -32.500000 -19.204888 -2.368194
   vertex -32.500000 -18.820164 -3.501553
   vertex 32.500000 -18.820164 -3.501553
  endloop
 endfacet
 facet normal 0.0 -0.9469301294951061 -0.32143946530316014
  outer loop
   vertex -32.500000 -19.204888 -2.368194
   vertex 32.500000 -18.820164 -3.501553
   vertex 32.500000 -19.204888 -2.368194
  endloop
 endfacet
 facet normal -1.0 0.0 0.0
  outer loop
   vertex -32.500000 -10.366667 0.000000
   vertex -32.500000 -18.820164 -3.501553
   vertex -32.500000 -19.204888 -2.368194
  endloop
 endfacet
 facet normal 1.0 0.0 0.0
  outer loop
   vertex 32.500000 -10.366667 0.000000
   vertex 32.500000 -19.204888 -2.368194
   vertex 32.500000 -18.820164 -3.501553
  endloop
 endfacet
 facet normal 0.0 -0.8968727415326875 -0.44228869021900286
  outer loop
   vertex -32.500000 -18.820164 -3.501553
   vertex -32.500000 -18.290799 -4.575000
   vertex 32.500000 -18.290799 -4.575000
  endloop
 endfacet
 facet normal 0.0 -0.8968727415326875 -0.44228869021900286
  outer loop
   vertex -32.500000 -18.820164 -3.501553
   vertex 32.500000 -18.290799 -4.575000
   vertex 32.500000 -18.820164 -3.501553
  endloop
 endfacet
 facet normal -1.0 0.0 0.0
  outer loop
   vertex -32.500000 -10.366667 0.000000
   vertex -32.500000 -18.290799 -4.575000
   vertex -32.500000 -18.820164 -3.501553
  endloop
 endfacet
 facet normal 1.0 0.0 0.0
  outer loop
   vertex 32.500000 -10.366667 0.000000
   vertex 32.500000 -18.820164 -3.501553
   vertex 32.500000 -18.290799 -4.575000
  endloop
 endfacet
 facet normal 0.0 -0.8314696123025455 -0.5555702330196018
  outer loop
   vertex -32.500000 -18.290799 -4.575000
   vertex -32.500000 -17.625850 -5.570167
   vertex 32.500000 -17.625850 -5.570167
  endloop
 endfacet
 facet normal 0.0 -0.8314696123025455 -0.5555702330196018
  outer loop
   vertex -32.500000 -18.290799 -4.575000
   vertex 32.500000 -17.625850 -5.570167
   vertex 32.500000 -18.290799 -4.575000
  endloop
 endfacet
 facet normal -1.0 0.0 0.0
  outer loop
   vertex -32.500000 -10.366667 0.000000
   vertex -32.500000 -17.625850 -5.570167
   vertex -32.500000 -18.290799 -4.575000
  endloop
 endfacet
 facet normal 1.0 0.0 0.0
  outer loop
   vertex 32.500000 -10.366667 0.000000
   vertex 32.500000 -18.290799 -4.575000
   vertex 32.500000 -17.625850 -5.570167
  endloop
 endfacet
 facet normal 0.0 -0.7518398074789783 -0.6593458151000681
  outer loop
   vertex -32.500000 -17.625850 -5.570167
   vertex -32.500000 -16.836694 -6.470027
   vertex 32.500000 -16.836694 -6.470027
  endloop
 endfacet
 facet normal 0.0 -0.7518398074789783 -0.6593458151000681
  outer loop
   vertex -32.500000 -17.625850 -5.570167
   vertex 32.500000 -16.836694 -6.470027
   vertex 32.500000 -17.625850 -5.570167
  endloop
 endfacet
 facet normal -1.0 0.0 0.0
  outer loop
   vertex -32.500000 -10.366667 0.000000
   vertex -32.500000 -16.836694 -6.470027
   vertex -32.500000 -17.625850 -5.570167
  endloop
 endfacet
 facet normal 1.0 0.0 0.0
  outer loop
   vertex 32.500000 -10.366667 0.000000
   vertex 32.500000 -17.625850 -5.570167
   vertex 32.500000 -16.836694 -6.470027
  endloop
 endfacet
 facet normal 0.0 -0.6593458151000678 -0.7518398074789783
  outer loop
   vertex -32.500000 -16.836694 -6.470027
   vertex -32.500000 -15.936834 -7.259183
   vertex 32.500000 -15.936834 -7.259183
  endloop
 endfacet
 facet normal 0.0 -0.6593458151000678 -0.7518398074789783
  outer loop
   vertex -32.500000 -16.836694 -6.470027
   vertex 32.500000 -15.936834 -7.259183
   vertex 32.500000 -16.836694 -6.470027
  endloop
 endfacet
 facet normal -1.0 0.0 0.0
  outer loop
   vertex -32.500000 -10.366667 0.000000
   vertex -32.500000 -15.936834 -7.259183
   vertex -32.500000 -16.836694 -6.470027
  endloop
 endfacet
 facet normal 1.0 0.0 0.0
  outer loop
   vertex 32.500000 -10.366667 0.000000
   vertex 32.500000 -16.836694 -6.470027
   vertex 32.500000 -15.936834 -7.259183
  endloop
 endfacet
 facet normal 0.0 -0.5555702330196032 -0.8314696123025446
  outer loop
   vertex -32.500000 -15.936834 -7.259183
   vertex -32.500000 -14.941667 -7.924132
   vertex 32.500000 -14.941667 -7.924132
  endloop
 endfacet
 facet normal 0.0 -0.5555702330196032 -0.8314696123025446
  outer loop
   vertex -32.500000 -15.936834 -7.259183
   vertex 32.500000 -14.941667 -7.924132
   vertex 32.500000 -15.936834 -7.259183
  endloop
 endfacet
 facet normal -1.0 0.0 0.0
  outer loop
   vertex -32.500000 -10.366667 0.000000
   vertex -32.500000 -14.941667 -7.924132
   vertex -32.500000 -15.936834 -7.259183
  endloop
 endfacet
 facet normal 1.0 0.0 0.0
  outer loop
   vertex 32.500000 -10.366667 0.000000
   vertex 32.500000 -15.936834 -7.259183
   vertex 32.500000 -14.941667 -7.924132
  endloop
 endfacet
 facet normal 0.0 -0.4422886902190015 -0.8968727415326881
  outer loop
   vertex -32.500000 -14.941667 -7.924132
   vertex -32.500000 -13.868220 -8.453498
   vertex 32.500000 -13.868220 -8.453498
  endloop
 endfacet
 facet normal 0.0 -0.4422886902190015 -0.8968727415326881
  outer loop
   vertex -32.500000 -14.941667 -7.924132
   vertex 32.500000 -13.868220 -8.453498
   vertex 32.500000 -14.941667 -7.924132
  endloop
 endfacet
 facet normal -1.0 0.0 0.0
  outer loop
   vertex -32.500000 -10.366667 0.000000
   vertex -32.500000 -13.868220 -8.453498
   vertex -32.500000 -14.941667 -7.924132
  endloop
 endfacet
 facet normal 1.0 0.0 0.0
  outer loop
   vertex 32.500000 -10.366667 0.000000
   vertex 32.500000 -14.941667 -7.924132
   vertex 32.500000 -13.868220 -8.453498
  endloop
 endfacet
 facet normal 0.0 -0.32143946530316136 -0.9469301294951058
  outer loop
   vertex -32.500000 -13.868220 -8.453498
   vertex -32.500000 -12.734861 -8.838221
   vertex 32.500000 -12.734861 -8.838221
  endloop
 endfacet
 facet normal 0.0 -0.32143946530316136 -0.9469301294951058
  outer loop
   vertex -32.500000 -13.868220 -8.453498
   vertex 32.500000 -12.734861 -8.838221
   vertex 32.500000 -13.868220 -8.453498
  endloop
 endfacet
 facet normal -1.0 0.0 0.0
  outer loop
   vertex -32.500000 -10.366667 0.000000
   vertex -32.500000 -12.734861 -8.838221
   vertex -32.500000 -13.868220 -8.453498
  endloop
 endfacet
 facet normal 1.0 0.0 0.0
  outer loop
   vertex 32.500000 -10.366667 0.000000
   vertex 32.500000 -13.868220 -8.453498
   vertex 32.500000 -12.734861 -8.838221
  endloop
 endfacet
 facet normal 0.0 -0.1950903220161279 -0.9807852804032305
  outer loop
   vertex -32.500000 -12.734861 -8.838221
   vertex -32.500000 -11.560981 -9.071720
   vertex 32.500000 -11.560981 -9.071720
  endloop
 endfacet
 facet normal 0.0 -0.1950903220161279 -0.9807852804032305
  outer loop
   vertex -32.500000 -12.734861 -8.838221
   vertex 32.500000 -11.560981 -9.071720
   vertex 32.500000 -12.734861 -8.838221
  endloop
 endfacet
 facet normal -1.0 0.0 0.0
  outer loop
   vertex -32.500000 -10.366667 0.000000
   vertex -32.500000 -11.560981 -9.071720
   vertex -32.500000 -12.734861 -8.838221
  endloop
 endfacet
 facet normal 1.0 0.0 0.0
  outer loop
   vertex 32.500000 -10.366667 0.000000
   vertex 32.500000 -12.734861 -8.838221
   vertex 32.500000 -11.560981 -9.071720
  endloop
 endfacet
 facet normal 0.0 -0.06540312923014366 -0.9978589232386034
  outer loop
   vertex -32.500000 -11.560981 -9.071720
   vertex -32.500000 -10.366667 -9.150000
   vertex 32.500000 -10.366667 -9.150000
  endloop
 endfacet
 facet normal 0.0 -0.06540312923014366 -0.9978589232386034
  outer loop
   vertex -32.500000 -11.560981 -9.071720
   vertex 32.500000 -10.366667 -9.150000
   vertex 32.500000 -11.560981 -9.071720
  endloop
 endfacet
 facet normal -1.0 0.0 0.0
  outer loop
   vertex -32.500000 -10.366667 0.000000
   vertex -32.500000 -10.366667 -9.150000
   vertex -32.500000 -11.560981 -9.071720
  endloop
 endfacet
 facet normal 1.0 0.0 0.0
  outer loop
   vertex 32.500000 -10.366667 0.000000
   vertex 32.500000 -11.560981 -9.071720
   vertex 32.500000 -10.366667 -9.150000
  endloop
 endfacet
 facet normal 0.0 0.06540312923014219 -0.9978589232386036
  outer loop
   vertex -32.500000 -10.366667 -9.150000
   vertex -32.500000 -9.172352 -9.071720
   vertex 32.500000 -9.172352 -9.071720
  endloop
 endfacet
 facet normal 0.0 0.06540312923014219 -0.9978589232386036
  outer loop
   vertex -32.500000 -10.366667 -9.150000
   vertex 32.500000 -9.172352 -9.071720
   vertex 32.500000 -10.366667 -9.150000
  endloop
 endfacet
 facet normal -1.0 0.0 -0.0
  outer loop
   vertex -32.500000 -10.366667 0.000000
   vertex -32.500000 -9.172352 -9.071720
   vertex -32.500000 -10.366667 -9.150000
  endloop
 endfacet
 facet normal 1.0 0.0 0.0
  outer loop
   vertex 32.500000 -10.366667 0.000000
   vertex 32.500000 -10.366667 -9.150000
   vertex 32.500000 -9.172352 -9.071720
  endloop
 endfacet
 facet normal 0.0 0.1950903220161279 -0.9807852804032305
  outer loop
   vertex -32.500000 -9.172352 -9.071720
   vertex -32.500000 -7.998472 -8.838221
   vertex 32.500000 -7.998472 -8.838221
  endloop
 endfacet
 facet normal 0.0 0.1950903220161279 -0.9807852804032305
  outer loop
   vertex -32.500000 -9.172352 -9.071720
   vertex 32.500000 -7.998472 -8.838221
   vertex 32.500000 -9.172352 -9.071720
  endloop
 endfacet
 facet normal -1.0 0.0 0.0
  outer loop
   vertex -32.500000 -10.366667 0.000000
   vertex -32.500000 -7.998472 -8.838221
   vertex -32.500000 -9.172352 -9.071720
  endloop
 endfacet
 facet normal 1.0 0.0 0.0
  outer loop
   vertex 32.500000 -10.366667 0.000000
   vertex 32.500000 -9.172352 -9.071720
   vertex 32.500000 -7.998472 -8.838221
  endloop
 endfacet
 facet normal 0.0 0.32143946530316136 -0.9469301294951058
  outer loop
   vertex -32.500000 -7.998472 -8.838221
   vertex -32.500000 -6.865113 -8.453498
   vertex 32.500000 -6.865113 -8.453498
  endloop
 endfacet
 facet normal 0.0 0.32143946530316136 -0.9469301294951058
  outer loop
   vertex -32.500000 -7.998472 -8.838221
   vertex 32.500000 -6.865113 -8.453498
   vertex 32.500000 -7.998472 -8.838221
  endloop
 endfacet
 facet normal -1.0 0.0 0.0
  outer loop
   vertex -32.500000 -10.366667 0.000000
   vertex -32.500000 -6.865113 -8.453498
   vertex -32.500000 -7.998472 -8.838221
  endloop
 endfacet
 facet normal 1.0 0.0 0.0
  outer loop
   vertex 32.500000 -10.366667 0.000000
   vertex 32.500000 -7.998472 -8.838221
   vertex 32.500000 -6.865113 -8.453498
  endloop
 endfacet
 facet normal 0.0 0.4422886902190015 -0.8968727415326881
  outer loop
   vertex -32.500000 -6.865113 -8.453498
   vertex -32.500000 -5.791667 -7.924132
   vertex 32.500000 -5.791667 -7.924132
  endloop
 endfacet
 facet normal 0.0 0.4422886902190015 -0.8968727415326881
  outer loop
   vertex -32.500000 -6.865113 -8.453498
   vertex 32.500000 -5.791667 -7.924132
   vertex 32.500000 -6.865113 -8.453498
  endloop
 endfacet
 facet normal -1.0 0.0 0.0
  outer loop
   vertex -32.500000 -10.366667 0.000000
   vertex -32.500000 -5.791667 -7.924132
   vertex -32.500000 -6.865113 -8.453498
  endloop
 endfacet
 facet normal 1.0 0.0 0.0
  outer loop
   vertex 32.500000 -10.366667 0.000000
   vertex 32.500000 -6.865113 -8.453498
   vertex 32.500000 -5.791667 -7.924132
  endloop
 endfacet
 facet normal 0.0 0.5555702330196018 -0.8314696123025455
  outer loop
   vertex -32.500000 -5.791667 -7.924132
   vertex -32.500000 -4.796500 -7.259183
   vertex 32.500000 -4.796500 -7.259183
  endloop
 endfacet
 facet normal 0.0 0.5555702330196018 -0.8314696123025455
  outer loop
   vertex -32.500000 -5.791667 -7.924132
   vertex 32.500000 -4.796500 -7.259183
   vertex 32.500000 -5.791667 -7.924132
  endloop
 endfacet
 facet normal -1.0 0.0 0.0
  outer loop
   vertex -32.500000 -10.366667 0.000000
   vertex -32.500000 -4.796500 -7.259183
   vertex -32.500000 -5.791667 -7.924132
  endloop
 endfacet
 facet normal 1.0 0.0 0.0
  outer loop
   vertex 32.500000 -10.366667 0.000000
   vertex 32.500000 -5.791667 -7.924132
   vertex 32.500000 -4.796500 -7.259183
  endloop
 endfacet
 facet normal 0.0 0.6593458151000685 -0.7518398074789777
  outer loop
   vertex -32.500000 -4.796500 -7.259183
   vertex -32.500000 -3.896640 -6.470027
   vertex 32.500000 -3.896640 -6.470027
  endloop
 endfacet
 facet normal 0.0 0.6593458151000685 -0.7518398074789777
  outer loop
   vertex -32.500000 -4.796500 -7.259183
   vertex 32.500000 -3.896640 -6.470027
   vertex 32.500000 -4.796500 -7.259183
  endloop
 endfacet
 facet normal -1.0 0.0 0.0
  outer loop
   vertex -32.500000 -10.366667 0.000000
   vertex -32.500000 -3.896640 -6.470027
   vertex -32.500000 -4.796500 -7.259183
  endloop
 endfacet
 facet normal 1.0 0.0 0.0
  outer loop
   vertex 32.500000 -10.366667 0.000000
   vertex 32.500000 -4.796500 -7.259183
   vertex 32.500000 -3.896640 -6.470027
  endloop
 endfacet
 facet normal 0.0 0.7518398074789774 -0.659345815100069
  outer loop
   vertex -32.500000 -3.896640 -6.470027
   vertex -32.500000 -3.107484 -5.570167
   vertex 32.500000 -3.107484 -5.570167
  endloop
 endfacet
 facet normal 0.0 0.7518398074789774 -0.659345815100069
  outer loop
   vertex -32.500000 -3.896640 -6.470027
   vertex 32.500000 -3.107484 -5.570167
   vertex 32.500000 -3.896640 -6.470027
  endloop
 endfacet
 facet normal -1.0 0.0 0.0
  outer loop
   vertex -32.500000 -10.366667 0.000000
   vertex -32.500000 -3.107484 -5.570167
   vertex -32.500000 -3.896640 -6.470027
  endloop
 endfacet
 facet normal 1.0 0.0 0.0
  outer loop
   vertex 32.500000 -10.366667 0.000000
   vertex 32.500000 -3.896640 -6.470027
   vertex 32.500000 -3.107484 -5.570167
  endloop
 endfacet
 facet normal 0.0 0.8314696123025449 -0.555570233019603
  outer loop
   vertex -32.500000 -3.107484 -5.570167
   vertex -32.500000 -2.442534 -4.575000
   vertex 32.500000 -2.442534 -4.575000
  endloop
 endfacet
 facet normal 0.0 0.8314696123025449 -0.555570233019603
  outer loop
   vertex -32.500000 -3.107484 -5.570167
   vertex 32.500000 -2.442534 -4.575000
   vertex 32.500000 -3.107484 -5.570167
  endloop
 endfacet
 facet normal -1.0 0.0 0.0
  outer loop
   vertex -32.500000 -10.366667 0.000000
   vertex -32.500000 -2.442534 -4.575000
   vertex -32.500000 -3.107484 -5.570167
  endloop
 endfacet
 facet normal 1.0 0.0 0.0
  outer loop
   vertex 32.500000 -10.366667 0.000000
   vertex 32.500000 -3.107484 -5.570167
   vertex 32.500000 -2.442534 -4.575000
  endloop
 endfacet
 facet normal 0.0 0.8968727415326881 -0.4422886902190015
  outer loop
   vertex -32.500000 -2.442534 -4.575000
   vertex -32.500000 -1.913169 -3.501553
   vertex 32.500000 -1.913169 -3.501553
  endloop
 endfacet
 facet normal 0.0 0.8968727415326881 -0.4422886902190015
  outer loop
   vertex -32.500000 -2.442534 -4.575000
   vertex 32.500000 -1.913169 -3.501553
   vertex 32.500000 -2.442534 -4.575000
  endloop
 endfacet
 facet normal -1.0 0.0 0.0
  outer loop
   vertex -32.500000 -10.366667 0.000000
   vertex -32.500000 -1.913169 -3.501553
   vertex -32.500000 -2.442534 -4.575000
  endloop
 endfacet
 facet normal 1.0 0.0 0.0
  outer loop
   vertex 32.500000 -10.366667 0.000000
   vertex 32.500000 -2.442534 -4.575000
   vertex 32.500000 -1.913169 -3.501553
  endloop
 endfacet
 facet normal 0.0 0.9469301294951055 -0.3214394653031622
  outer loop
   vertex -32.500000 -1.913169 -3.501553
   vertex -32.500000 -1.528445 -2.368194
   vertex 32.500000 -1.528445 -2.368194
  endloop
 endfacet
 facet normal 0.0 0.9469301294951055 -0.3214394653031622
  outer loop
   vertex -32.500000 -1.913169 -3.501553
   vertex 32.500000 -1.528445 -2.368194
   vertex 32.500000 -1.913169 -3.501553
  endloop
 endfacet
 facet normal -1.0 0.0 0.0
  outer loop
   vertex -32.500000 -10.366667 0.000000
   vertex -32.500000 -1.528445 -2.368194
   vertex -32.500000 -1.913169 -3.501553
  endloop
 endfacet
 facet normal 1.0 0.0 0.0
  outer loop
   vertex 32.500000 -10.366667 0.000000
   vertex 32.500000 -1.913169 -3.501553
   vertex 32.500000 -1.528445 -2.368194
  endloop
 endfacet
 facet normal 0.0 0.9807852804032305 -0.19509032201612792
  outer loop
   vertex -32.500000 -1.528445 -2.368194
   vertex -32.500000 -1.294946 -1.194315
   vertex 32.500000 -1.294946 -1.194315
  endloop
 endfacet
 facet normal 0.0 0.9807852804032305 -0.19509032201612792
  outer loop
   vertex -32.500000 -1.528445 -2.368194
   vertex 32.500000 -1.294946 -1.194315
   vertex 32.500000 -1.528445 -2.368194
  endloop
 endfacet
 facet normal -1.0 0.0 0.0
  outer loop
   vertex -32.500000 -10.366667 0.000000
   vertex -32.500000 -1.294946 -1.194315
   vertex -32.500000 -1.528445 -2.368194
  endloop
 endfacet
 facet normal 1.0 0.0 0.0
  outer loop
   vertex 32.500000 -10.366667 0.000000
   vertex 32.500000 -1.528445 -2.368194
   vertex 32.500000 -1.294946 -1.194315
  endloop
 endfacet
 facet normal 0.0 0.9978589232386034 -0.06540312923014371
  outer loop
   vertex -32.500000 -1.294946 -1.194315
   vertex -32.500000 -1.216667 -0.000000
   vertex 32.500000 -1.216667 -0.000000
  endloop
 endfacet
 facet normal 0.0 0.9978589232386034 -0.06540312923014371
  outer loop
   vertex -32.500000 -1.294946 -1.194315
   vertex 32.500000 -1.216667 -0.000000
   vertex 32.500000 -1.294946 -1.194315
  endloop
 endfacet
 facet normal -1.0 0.0 0.0
  outer loop
   vertex -32.500000 -10.366667 0.000000
   vertex -32.500000 -1.216667 -0.000000
   vertex -32.500000 -1.294946 -1.194315
  endloop
 endfacet
 facet normal 1.0 0.0 0.0
  outer loop
   vertex 32.500000 -10.366667 0.000000
   vertex 32.500000 -1.294946 -1.194315
   vertex 32.500000 -1.216667 -0.000000
  endloop
 endfacet
 facet normal 0.0 0.9978589232386034 0.06540312923014366
  outer loop
   vertex -32.500000 19.516667 0.000000
   vertex -32.500000 19.438387 1.194315
   vertex 32.500000 19.438387 1.194315
  endloop
 endfacet
 facet normal -0.0 0.9978589232386034 0.06540312923014366
  outer loop
   vertex -32.500000 19.516667 0.000000
   vertex 32.500000 19.438387 1.194315
   vertex 32.500000 19.516667 0.000000
  endloop
 endfacet
 facet normal -1.0 0.0 0.0
  outer loop
   vertex -32.500000 10.366667 0.000000
   vertex -32.500000 19.438387 1.194315
   vertex -32.500000 19.516667 0.000000
  endloop
 endfacet
 facet normal 1.0 0.0 0.0
  outer loop
   vertex 32.500000 10.366667 0.000000
   vertex 32.500000 19.516667 0.000000
   vertex 32.500000 19.438387 1.194315
  endloop
 endfacet
 facet normal 0.0 0.9807852804032305 0.1950903220161275
  outer loop
   vertex -32.500000 19.438387 1.194315
   vertex -32.500000 19.204888 2.368194
   vertex 32.500000 19.204888 2.368194
  endloop
 endfacet
 facet normal -0.0 0.9807852804032305 0.1950903220161275
  outer loop
   vertex -32.500000 19.438387 1.194315
   vertex 32.500000 19.204888 2.368194
   vertex 32.500000 19.438387 1.194315
  endloop
 endfacet
 facet normal -1.0 0.0 0.0
  outer loop
   vertex -32.500000 10.366667 0.000000
   vertex -32.500000 19.204888 2.368194
   vertex -32.500000 19.438387 1.194315
  endloop
 endfacet
 facet normal 1.0 0.0 0.0
  outer loop
   vertex 32.500000 10.366667 0.000000
   vertex 32.500000 19.438387 1.194315
   vertex 32.500000 19.204888 2.368194
  endloop
 endfacet
 facet normal 0.0 0.9469301294951054 0.32143946530316236
  outer loop
   vertex -32.500000 19.204888 2.368194
   vertex -32.500000 18.820164 3.501553
   vertex 32.500000 18.820164 3.501553
  endloop
 endfacet
 facet normal -0.0 0.9469301294951054 0.32143946530316236
  outer loop
   vertex -32.500000 19.204888 2.368194
   vertex 32.500000 18.820164 3.501553
   vertex 32.500000 19.204888 2.368194
  endloop
 endfacet
 facet normal -1.0 0.0 0.0
  outer loop
   vertex -32.500000 10.366667 0.000000
   vertex -32.500000 18.820164 3.501553
   vertex -32.500000 19.204888 2.368194
  endloop
 endfacet
 facet normal 1.0 0.0 0.0
  outer loop
   vertex 32.500000 10.366667 0.000000
   vertex 32.500000 19.204888 2.368194
   vertex 32.500000 18.820164 3.501553
  endloop
 endfacet
 facet normal 0.0 0.8968727415326887 0.44228869021900036
  outer loop
   vertex -32.500000 18.820164 3.501553
   vertex -32.500000 18.290799 4.575000
   vertex 32.500000 18.290799 4.575000
  endloop
 endfacet
 facet normal -0.0 0.8968727415326887 0.44228869021900036
  outer loop
   vertex -32.500000 18.820164 3.501553
   vertex 32.500000 18.290799 4.575000
   vertex 32.500000 18.820164 3.501553
  endloop
 endfacet
 facet normal -1.0 0.0 0.0
  outer loop
   vertex -32.500000 10.366667 0.000000
   vertex -32.500000 18.290799 4.575000
   vertex -32.500000 18.820164 3.501553
  endloop
 endfacet
 facet normal 1.0 0.0 0.0
  outer loop
   vertex 32.500000 10.366667 0.000000
   vertex 32.500000 18.820164 3.501553
   vertex 32.500000 18.290799 4.575000
  endloop
 endfacet
 facet normal 0.0 0.831469612302545 0.5555702330196025
  outer loop
   vertex -32.500000 18.290799 4.575000
   vertex -32.500000 17.625850 5.570167
   vertex 32.500000 17.625850 5.570167
  endloop
 endfacet
 facet normal -0.0 0.831469612302545 0.5555702330196025
  outer loop
   vertex -32.500000 18.290799 4.575000
   vertex 32.500000 17.625850 5.570167
   vertex 32.500000 18.290799 4.575000
  endloop
 endfacet
 facet normal -1.0 0.0 0.0
  outer loop
   vertex -32.500000 10.366667 0.000000
   vertex -32.500000 17.625850 5.570167
   vertex -32.500000 18.290799 4.575000
  endloop
 endfacet
 facet normal 1.0 0.0 0.0
  outer loop
   vertex 32.500000 10.366667 0.000000
   vertex 32.500000 18.290799 4.575000
   vertex 32.500000 17.625850 5.570167
  endloop
 endfacet
 facet normal 0.0 0.7518398074789776 0.6593458151000684
  outer loop
   vertex -32.500000 17.625850 5.570167
   vertex -32.500000 16.836694 6.470027
   vertex 32.500000 16.836694 6.470027
  endloop
 endfacet
 facet normal -0.0 0.7518398074789776 0.6593458151000684
  outer loop
   vertex -32.500000 17.625850 5.570167
   vertex 32.500000 16.836694 6.470027
   vertex 32.500000 17.625850 5.570167
  endloop
 endfacet
 facet normal -1.0 0.0 0.0
  outer loop
   vertex -32.500000 10.366667 0.000000
   vertex -32.500000 16.836694 6.470027
   vertex -32.500000 17.625850 5.570167
  endloop
 endfacet
 facet normal 1.0 0.0 0.0
  outer loop
   vertex 32.500000 10.366667 0.000000
   vertex 32.500000 17.625850 5.570167
   vertex 32.500000 16.836694 6.470027
  endloop
 endfacet
 facet normal 0.0 0.6593458151000694 0.751839807478977
  outer loop
   vertex -32.500000 16.836694 6.470027
   vertex -32.500000 15.936834 7.259183
   vertex 32.500000 15.936834 7.259183
  endloop
 endfacet
 facet normal -0.0 0.6593458151000694 0.751839807478977
  outer loop
   vertex -32.500000 16.836694 6.470027
   vertex 32.500000 15.936834 7.259183
   vertex 32.500000 16.836694 6.470027
  endloop
 endfacet
 facet normal -1.0 0.0 0.0
  outer loop
   vertex -32.500000 10.366667 0.000000
   vertex -32.500000 15.936834 7.259183
   vertex -32.500000 16.836694 6.470027
  endloop
 endfacet
 facet normal 1.0 0.0 0.0
  outer loop
   vertex 32.500000 10.366667 0.000000
   vertex 32.500000 16.836694 6.470027
   vertex 32.500000 15.936834 7.259183
  endloop
 endfacet
 facet normal 0.0 0.5555702330196014 0.8314696123025458
  outer loop
   vertex -32.500000 15.936834 7.259183
   vertex -32.500000 14.941667 7.924132
   vertex 32.500000 14.941667 7.924132
  endloop
 endfacet
 facet normal -0.0 0.5555702330196014 0.8314696123025458
  outer loop
   vertex -32.500000 15.936834 7.259183
   vertex 32.500000 14.941667 7.924132
   vertex 32.500000 15.936834 7.259183
  endloop
 endfacet
 facet normal -1.0 0.0 0.0
  outer loop
   vertex -32.500000 10.366667 0.000000
   vertex -32.500000 14.941667 7.924132
   vertex -32.500000 15.936834 7.259183
  endloop
 endfacet
 facet normal 1.0 0.0 0.0
  outer loop
   vertex 32.500000 10.366667 0.000000
   vertex 32.500000 15.936834 7.259183
   vertex 32.500000 14.941667 7.924132
  endloop
 endfacet
 facet normal 0.0 0.44228869021900086 0.8968727415326886
  outer loop
   vertex -32.500000 14.941667 7.924132
   vertex -32.500000 13.868220 8.453498
   vertex 32.500000 13.868220 8.453498
  endloop
 endfacet
 facet normal -0.0 0.44228869021900086 0.8968727415326886
  outer loop
   vertex -32.500000 14.941667 7.924132
   vertex 32.500000 13.868220 8.453498
   vertex 32.500000 14.941667 7.924132
  endloop
 endfacet
 facet normal -1.0 0.0 0.0
  outer loop
   vertex -32.500000 10.366667 0.000000
   vertex -32.500000 13.868220 8.453498
   vertex -32.500000 14.941667 7.924132
  endloop
 endfacet
 facet normal 1.0 0.0 0.0
  outer loop
   vertex 32.500000 10.366667 0.000000
   vertex 32.500000 14.941667 7.924132
   vertex 32.500000 13.868220 8.453498
  endloop
 endfacet
 facet normal 0.0 0.3214394653031627 0.9469301294951054
  outer loop
   vertex -32.500000 13.868220 8.453498
   vertex -32.500000 12.734861 8.838221
   vertex 32.500000 12.734861 8.838221
  endloop
 endfacet
 facet normal -0.0 0.3214394653031627 0.9469301294951054
  outer loop
   vertex -32.500000 13.868220 8.453498
   vertex 32.500000 12.734861 8.838221
   vertex 32.500000 13.868220 8.453498
  endloop
 endfacet
 facet normal -1.0 0.0 0.0
  outer loop
   vertex -32.500000 10.366667 0.000000
   vertex -32.500000 12.734861 8.838221
   vertex -32.500000 13.868220 8.453498
  endloop
 endfacet
 facet normal 1.0 0.0 0.0
  outer loop
   vertex 32.500000 10.366667 0.000000
   vertex 32.500000 13.868220 8.453498
   vertex 32.500000 12.734861 8.838221
  endloop
 endfacet
 facet normal 0.0 0.1950903220161276 0.9807852804032305
  outer loop
   vertex -32.500000 12.734861 8.838221
   vertex -32.500000 11.560981 9.071720
   vertex 32.500000 11.560981 9.071720
  endloop
 endfacet
 facet normal -0.0 0.1950903220161276 0.9807852804032305
  outer loop
   vertex -32.500000 12.734861 8.838221
   vertex 32.500000 11.560981 9.071720
   vertex 32.500000 12.734861 8.838221
  endloop
 endfacet
 facet normal -1.0 0.0 0.0
  outer loop
   vertex -32.500000 10.366667 0.000000
   vertex -32.500000 11.560981 9.071720
   vertex -32.500000 12.734861 8.838221
  endloop
 endfacet
 facet normal 1.0 0.0 0.0
  outer loop
   vertex 32.500000 10.366667 0.000000
   vertex 32.500000 12.734861 8.838221
   vertex 32.500000 11.560981 9.071720
  endloop
 endfacet
 facet normal 0.0 0.06540312923014358 0.9978589232386034
  outer loop
   vertex -32.500000 11.560981 9.071720
   vertex -32.500000 10.366667 9.150000
   vertex 32.500000 10.366667 9.150000
  endloop
 endfacet
 facet normal -0.0 0.06540312923014358 0.9978589232386034
  outer loop
   vertex -32.500000 11.560981 9.071720
   vertex 32.500000 10.366667 9.150000
   vertex 32.500000 11.560981 9.071720
  endloop
 endfacet
 facet normal -1.0 0.0 0.0
  outer loop
   vertex -32.500000 10.366667 0.000000
   vertex -32.500000 10.366667 9.150000
   vertex -32.500000 11.560981 9.071720
  endloop
 endfacet
 facet normal 1.0 0.0 0.0
  outer loop
   vertex 32.500000 10.366667 0.000000
   vertex 32.500000 11.560981 9.071720
   vertex 32.500000 10.366667 9.150000
  endloop
 endfacet
 facet normal 0.0 -0.06540312923014366 0.9978589232386034
  outer loop
   vertex -32.500000 10.366667 9.150000
   vertex -32.500000 9.172352 9.071720
   vertex 32.500000 9.172352 9.071720
  endloop
 endfacet
 facet normal 0.0 -0.06540312923014366 0.9978589232386034
  outer loop
   vertex -32.500000 10.366667 9.150000
   vertex 32.500000 9.172352 9.071720
   vertex 32.500000 10.366667 9.150000
  endloop
 endfacet
 facet normal -1.0 0.0 0.0
  outer loop
   vertex -32.500000 10.366667 0.000000
   vertex -32.500000 9.172352 9.071720
   vertex -32.500000 10.366667 9.150000
  endloop
 endfacet
 facet normal 1.0 0.0 -0.0
  outer loop
   vertex 32.500000 10.366667 0.000000
   vertex 32.500000 10.366667 9.150000
   vertex 32.500000 9.172352 9.071720
  endloop
 endfacet
 facet normal 0.0 -0.1950903220161276 0.9807852804032305
  outer loop
   vertex -32.500000 9.172352 9.071720
   vertex -32.500000 7.998472 8.838221
   vertex 32.500000 7.998472 8.838221
  endloop
 endfacet
 facet normal 0.0 -0.1950903220161276 0.9807852804032305
  outer loop
   vertex -32.500000 9.172352 9.071720
   vertex 32.500000 7.998472 8.838221
   vertex 32.500000 9.172352 9.071720
  endloop
 endfacet
 facet normal -1.0 0.0 0.0
  outer loop
   vertex -32.500000 10.366667 0.000000
   vertex -32.500000 7.998472 8.838221
   vertex -32.500000 9.172352 9.071720
  endloop
 endfacet
 facet normal 1.0 0.0 0.0
  outer loop
   vertex 32.500000 10.366667 0.000000
   vertex 32.500000 9.172352 9.071720
   vertex 32.500000 7.998472 8.838221
  endloop
 endfacet
 facet normal 0.0 -0.32143946530316136 0.9469301294951058
  outer loop
   vertex -32.500000 7.998472 8.838221
   vertex -32.500000 6.865113 8.453498
   vertex 32.500000 6.865113 8.453498
  endloop
 endfacet
 facet normal 0.0 -0.32143946530316136 0.9469301294951058
  outer loop
   vertex -32.500000 7.998472 8.838221
   vertex 32.500000 6.865113 8.453498
   vertex 32.500000 7.998472 8.838221
  endloop
 endfacet
 facet normal -1.0 0.0 0.0
  outer loop
   vertex -32.500000 10.366667 0.000000
   vertex -32.500000 6.865113 8.453498
   vertex -32.500000 7.998472 8.838221
  endloop
 endfacet
 facet normal 1.0 0.0 0.0
  outer loop
   vertex 32.500000 10.366667 0.000000
   vertex 32.500000 7.998472 8.838221
   vertex 32.500000 6.865113 8.453498
  endloop
 endfacet
 facet normal 0.0 -0.4422886902190011 0.8968727415326884
  outer loop
   vertex -32.500000 6.865113 8.453498
   vertex -32.500000 5.791667 7.924132
   vertex 32.500000 5.791667 7.924132
  endloop
 endfacet
 facet normal 0.0 -0.4422886902190011 0.8968727415326884
  outer loop
   vertex -32.500000 6.865113 8.453498
   vertex 32.500000 5.791667 7.924132
   vertex 32.500000 6.865113 8.453498
  endloop
 endfacet
 facet normal -1.0 0.0 0.0
  outer loop
   vertex -32.500000 10.366667 0.000000
   vertex -32.500000 5.791667 7.924132
   vertex -32.500000 6.865113 8.453498
  endloop
 endfacet
 facet normal 1.0 0.0 0.0
  outer loop
   vertex 32.500000 10.366667 0.000000
   vertex 32.500000 6.865113 8.453498
   vertex 32.500000 5.791667 7.924132
  endloop
 endfacet
 facet normal 0.0 -0.5555702330196017 0.8314696123025457
  outer loop
   vertex -32.500000 5.791667 7.924132
   vertex -32.500000 4.796500 7.259183
   vertex 32.500000 4.796500 7.259183
  endloop
 endfacet
 facet normal 0.0 -0.5555702330196017 0.8314696123025457
  outer loop
   vertex -32.500000 5.791667 7.924132
   vertex 32.500000 4.796500 7.259183
   vertex 32.500000 5.791667 7.924132
  endloop
 endfacet
 facet normal -1.0 0.0 0.0
  outer loop
   vertex -32.500000 10.366667 0.000000
   vertex -32.500000 4.796500 7.259183
   vertex -32.500000 5.791667 7.924132
  endloop
 endfacet
 facet normal 1.0 0.0 0.0
  outer loop
   vertex 32.500000 10.366667 0.000000
   vertex 32.500000 5.791667 7.924132
   vertex 32.500000 4.796500 7.259183
  endloop
 endfacet
 facet normal 0.0 -0.6593458151000693 0.7518398074789769
  outer loop
   vertex -32.500000 4.796500 7.259183
   vertex -32.500000 3.896640 6.470027
   vertex 32.500000 3.896640 6.470027
  endloop
 endfacet
 facet normal 0.0 -0.6593458151000693 0.7518398074789769
  outer loop
   vertex -32.500000 4.796500 7.259183
   vertex 32.500000 3.896640 6.470027
   vertex 32.500000 4.796500 7.259183
  endloop
 endfacet
 facet normal -1.0 0.0 0.0
  outer loop
   vertex -32.500000 10.366667 0.000000
   vertex -32.500000 3.896640 6.470027
   vertex -32.500000 4.796500 7.259183
  endloop
 endfacet
 facet normal 1.0 0.0 0.0
  outer loop
   vertex 32.500000 10.366667 0.000000
   vertex 32.500000 4.796500 7.259183
   vertex 32.500000 3.896640 6.470027
  endloop
 endfacet
 facet normal 0.0 -0.751839807478977 0.6593458151000693
  outer loop
   vertex -32.500000 3.896640 6.470027
   vertex -32.500000 3.107484 5.570167
   vertex 32.500000 3.107484 5.570167
  endloop
 endfacet
 facet normal 0.0 -0.751839807478977 0.6593458151000693
  outer loop
   vertex -32.500000 3.896640 6.470027
   vertex 32.500000 3.107484 5.570167
   vertex 32.500000 3.896640 6.470027
  endloop
 endfacet
 facet normal -1.0 0.0 0.0
  outer loop
   vertex -32.500000 10.366667 0.000000
   vertex -32.500000 3.107484 5.570167
   vertex -32.500000 3.896640 6.470027
  endloop
 endfacet
 facet normal 1.0 0.0 0.0
  outer loop
   vertex 32.500000 10.366667 0.000000
   vertex 32.500000 3.896640 6.470027
   vertex 32.500000 3.107484 5.570167
  endloop
 endfacet
 facet normal 0.0 -0.8314696123025451 0.5555702330196024
  outer loop
   vertex -32.500000 3.107484 5.570167
   vertex -32.500000 2.442534 4.575000
   vertex 32.500000 2.442534 4.575000
  endloop
 endfacet
 facet normal 0.0 -0.8314696123025451 0.5555702330196024
  outer loop
   vertex -32.500000 3.107484 5.570167
   vertex 32.500000 2.442534 4.575000
   vertex 32.500000 3.107484 5.570167
  endloop
 endfacet
 facet normal -1.0 0.0 0.0
  outer loop
   vertex -32.500000 10.366667 0.000000
   vertex -32.500000 2.442534 4.575000
   vertex -32.500000 3.107484 5.570167
  endloop
 endfacet
 facet normal 1.0 0.0 0.0
  outer loop
   vertex 32.500000 10.366667 0.000000
   vertex 32.500000 3.107484 5.570167
   vertex 32.500000 2.442534 4.575000
  endloop
 endfacet
 facet normal 0.0 -0.8968727415326886 0.4422886902190007
  outer loop
   vertex -32.500000 2.442534 4.575000
   vertex -32.500000 1.913169 3.501553
   vertex 32.500000 1.913169 3.501553
  endloop
 endfacet
 facet normal 0.0 -0.8968727415326886 0.4422886902190007
  outer loop
   vertex -32.500000 2.442534 4.575000
   vertex 32.500000 1.913169 3.501553
   vertex 32.500000 2.442534 4.575000
  endloop
 endfacet
 facet normal -1.0 0.0 0.0
  outer loop
   vertex -32.500000 10.366667 0.000000
   vertex -32.500000 1.913169 3.501553
   vertex -32.500000 2.442534 4.575000
  endloop
 endfacet
 facet normal 1.0 0.0 0.0
  outer loop
   vertex 32.500000 10.366667 0.000000
   vertex 32.500000 2.442534 4.575000
   vertex 32.500000 1.913169 3.501553
  endloop
 endfacet
 facet normal 0.0 -0.9469301294951058 0.32143946530316136
  outer loop
   vertex -32.500000 1.913169 3.501553
   vertex -32.500000 1.528445 2.368194
   vertex 32.500000 1.528445 2.368194
  endloop
 endfacet
 facet normal 0.0 -0.9469301294951058 0.32143946530316136
  outer loop
   vertex -32.500000 1.913169 3.501553
   vertex 32.500000 1.528445 2.368194
   vertex 32.500000 1.913169 3.501553
  endloop
 endfacet
 facet normal -1.0 0.0 0.0
  outer loop
   vertex -32.500000 10.366667 0.000000
   vertex -32.500000 1.528445 2.368194
   vertex -32.500000 1.913169 3.501553
  endloop
 endfacet
 facet normal 1.0 0.0 0.0
  outer loop
   vertex 32.500000 10.366667 0.000000
   vertex 32.500000 1.913169 3.501553
   vertex 32.500000 1.528445 2.368194
  endloop
 endfacet
 facet normal 0.0 -0.9807852804032304 0.1950903220161292
  outer loop
   vertex -32.500000 1.528445 2.368194
   vertex -32.500000 1.294946 1.194315
   vertex 32.500000 1.294946 1.194315
  endloop
 endfacet
 facet normal 0.0 -0.9807852804032304 0.1950903220161292
  outer loop
   vertex -32.500000 1.528445 2.368194
   vertex 32.500000 1.294946 1.194315
   vertex 32.500000 1.528445 2.368194
  endloop
 endfacet
 facet normal -1.0 0.0 0.0
  outer loop
   vertex -32.500000 10.366667 0.000000
   vertex -32.500000 1.294946 1.194315
   vertex -32.500000 1.528445 2.368194
  endloop
 endfacet
 facet normal 1.0 0.0 0.0
  outer loop
   vertex 32.500000 10.366667 0.000000
   vertex 32.500000 1.528445 2.368194
   vertex 32.500000 1.294946 1.194315
  endloop
 endfacet
 facet normal 0.0 -0.9978589232386034 0.0654031292301435
  outer loop
   vertex -32.500000 1.294946 1.194315
   vertex -32.500000 1.216667 0.000000
   vertex 32.500000 1.216667 0.000000
  endloop
 endfacet
 facet normal 0.0 -0.9978589232386034 0.0654031292301435
  outer loop
   vertex -32.500000 1.294946 1.194315
   vertex 32.500000 1.216667 0.000000
   vertex 32.500000 1.294946 1.194315
  endloop
 endfacet
 facet normal -1.0 0.0 0.0
  outer loop
   vertex -32.500000 10.366667 0.000000
   vertex -32.500000 1.216667 0.000000
   vertex -32.500000 1.294946 1.194315
  endloop
 endfacet
 facet normal 1.0 0.0 0.0
  outer loop
   vertex 32.500000 10.366667 0.000000
   vertex 32.500000 1.294946 1.194315
   vertex 32.500000 1.216667 0.000000
  endloop
 endfacet
 facet normal 0.0 -0.9978589232386035 -0.06540312923014349
  outer loop
   vertex -32.500000 1.216667 0.000000
   vertex -32.500000 1.294946 -1.194315
   vertex 32.500000 1.294946 -1.194315
  endloop
 endfacet
 facet normal 0.0 -0.9978589232386035 -0.06540312923014349
  outer loop
   vertex -32.500000 1.216667 0.000000
   vertex 32.500000 1.294946 -1.194315
   vertex 32.500000 1.216667 0.000000
  endloop
 endfacet
 facet normal -1.0 -0.0 0.0
  outer loop
   vertex -32.500000 10.366667 0.000000
   vertex -32.500000 1.294946 -1.194315
   vertex -32.500000 1.216667 0.000000
  endloop
 endfacet
 facet normal 1.0 0.0 0.0
  outer loop
   vertex 32.500000 10.366667 0.000000
   vertex 32.500000 1.216667 0.000000
   vertex 32.500000 1.294946 -1.194315
  endloop
 endfacet
 facet normal 0.0 -0.9807852804032305 -0.19509032201612772
  outer loop
   vertex -32.500000 1.294946 -1.194315
   vertex -32.500000 1.528445 -2.368194
   vertex 32.500000 1.528445 -2.368194
  endloop
 endfacet
 facet normal 0.0 -0.9807852804032305 -0.19509032201612772
  outer loop
   vertex -32.500000 1.294946 -1.194315
   vertex 32.500000 1.528445 -2.368194
   vertex 32.500000 1.294946 -1.194315
  endloop
 endfacet
 facet normal -1.0 0.0 0.0
  outer loop
   vertex -32.500000 10.366667 0.000000
   vertex -32.500000 1.528445 -2.368194
   vertex -32.500000 1.294946 -1.194315
  endloop
 endfacet
 facet normal 1.0 0.0 0.0
  outer loop
   vertex 32.500000 10.366667 0.000000
   vertex 32.500000 1.294946 -1.194315
   vertex 32.500000 1.528445 -2.368194
  endloop
 endfacet
 facet normal 0.0 -0.9469301294951058 -0.3214394653031615
  outer loop
   vertex -32.500000 1.528445 -2.368194
   vertex -32.500000 1.913169 -3.501553
   vertex 32.500000 1.913169 -3.501553
  endloop
 endfacet
 facet normal 0.0 -0.9469301294951058 -0.3214394653031615
  outer loop
   vertex -32.500000 1.528445 -2.368194
   vertex 32.500000 1.913169 -3.501553
   vertex 32.500000 1.528445 -2.368194
  endloop
 endfacet
 facet normal -1.0 0.0 0.0
  outer loop
   vertex -32.500000 10.366667 0.000000
   vertex -32.500000 1.913169 -3.501553
   vertex -32.500000 1.528445 -2.368194
  endloop
 endfacet
 facet normal 1.0 0.0 0.0
  outer loop
   vertex 32.500000 10.366667 0.000000
   vertex 32.500000 1.528445 -2.368194
   vertex 32.500000 1.913169 -3.501553
  endloop
 endfacet
 facet normal 0.0 -0.8968727415326884 -0.4422886902190011
  outer loop
   vertex -32.500000 1.913169 -3.501553
   vertex -32.500000 2.442534 -4.575000
   vertex 32.500000 2.442534 -4.575000
  endloop
 endfacet
 facet normal 0.0 -0.8968727415326884 -0.4422886902190011
  outer loop
   vertex -32.500000 1.913169 -3.501553
   vertex 32.500000 2.442534 -4.575000
   vertex 32.500000 1.913169 -3.501553
  endloop
 endfacet
 facet normal -1.0 0.0 0.0
  outer loop
   vertex -32.500000 10.366667 0.000000
   vertex -32.500000 2.442534 -4.575000
   vertex -32.500000 1.913169 -3.501553
  endloop
 endfacet
 facet normal 1.0 0.0 0.0
  outer loop
   vertex 32.500000 10.366667 0.000000
   vertex 32.500000 1.913169 -3.501553
   vertex 32.500000 2.442534 -4.575000
  endloop
 endfacet
 facet normal 0.0 -0.8314696123025455 -0.5555702330196018
  outer loop
   vertex -32.500000 2.442534 -4.575000
   vertex -32.500000 3.107484 -5.570167
   vertex 32.500000 3.107484 -5.570167
  endloop
 endfacet
 facet normal 0.0 -0.8314696123025455 -0.5555702330196018
  outer loop
   vertex -32.500000 2.442534 -4.575000
   vertex 32.500000 3.107484 -5.570167
   vertex 32.500000 2.442534 -4.575000
  endloop
 endfacet
 facet normal -1.0 0.0 0.0
  outer loop
   vertex -32.500000 10.366667 0.000000
   vertex -32.500000 3.107484 -5.570167
   vertex -32.500000 2.442534 -4.575000
  endloop
 endfacet
 facet normal 1.0 0.0 0.0
  outer loop
   vertex 32.500000 10.366667 0.000000
   vertex 32.500000 2.442534 -4.575000
   vertex 32.500000 3.107484 -5.570167
  endloop
 endfacet
 facet normal 0.0 -0.7518398074789774 -0.6593458151000688
  outer loop
   vertex -32.500000 3.107484 -5.570167
   vertex -32.500000 3.896640 -6.470027
   vertex 32.500000 3.896640 -6.470027
  endloop
 endfacet
 facet normal 0.0 -0.7518398074789774 -0.6593458151000688
  outer loop
   vertex -32.500000 3.107484 -5.570167
   vertex 32.500000 3.896640 -6.470027
   vertex 32.500000 3.107484 -5.570167
  endloop
 endfacet
 facet normal -1.0 0.0 0.0
  outer loop
   vertex -32.500000 10.366667 0.000000
   vertex -32.500000 3.896640 -6.470027
   vertex -32.500000 3.107484 -5.570167
  endloop
 endfacet
 facet normal 1.0 0.0 0.0
  outer loop
   vertex 32.500000 10.366667 0.000000
   vertex 32.500000 3.107484 -5.570167
   vertex 32.500000 3.896640 -6.470027
  endloop
 endfacet
 facet normal 0.0 -0.6593458151000687 -0.7518398074789776
  outer loop
   vertex -32.500000 3.896640 -6.470027
   vertex -32.500000 4.796500 -7.259183
   vertex 32.500000 4.796500 -7.259183
  endloop
 endfacet
 facet normal 0.0 -0.6593458151000687 -0.7518398074789776
  outer loop
   vertex -32.500000 3.896640 -6.470027
   vertex 32.500000 4.796500 -7.259183
   vertex 32.500000 3.896640 -6.470027
  endloop
 endfacet
 facet normal -1.0 0.0 0.0
  outer loop
   vertex -32.500000 10.366667 0.000000
   vertex -32.500000 4.796500 -7.259183
   vertex -32.500000 3.896640 -6.470027
  endloop
 endfacet
 facet normal 1.0 0.0 0.0
  outer loop
   vertex 32.500000 10.366667 0.000000
   vertex 32.500000 3.896640 -6.470027
   vertex 32.500000 4.796500 -7.259183
  endloop
 endfacet
 facet normal 0.0 -0.555570233019603 -0.8314696123025449
  outer loop
   vertex -32.500000 4.796500 -7.259183
   vertex -32.500000 5.791667 -7.924132
   vertex 32.500000 5.791667 -7.924132
  endloop
 endfacet
 facet normal 0.0 -0.555570233019603 -0.8314696123025449
  outer loop
   vertex -32.500000 4.796500 -7.259183
   vertex 32.500000 5.791667 -7.924132
   vertex 32.500000 4.796500 -7.259183
  endloop
 endfacet
 facet normal -1.0 0.0 0.0
  outer loop
   vertex -32.500000 10.366667 0.000000
   vertex -32.500000 5.791667 -7.924132
   vertex -32.500000 4.796500 -7.259183
  endloop
 endfacet
 facet normal 1.0 0.0 0.0
  outer loop
   vertex 32.500000 10.366667 0.000000
   vertex 32.500000 4.796500 -7.259183
   vertex 32.500000 5.791667 -7.924132
  endloop
 endfacet
 facet normal 0.0 -0.4422886902190015 -0.8968727415326881
  outer loop
   vertex -32.500000 5.791667 -7.924132
   vertex -32.500000 6.865113 -8.453498
   vertex 32.500000 6.865113 -8.453498
  endloop
 endfacet
 facet normal 0.0 -0.4422886902190015 -0.8968727415326881
  outer loop
   vertex -32.500000 5.791667 -7.924132
   vertex 32.500000 6.865113 -8.453498
   vertex 32.500000 5.791667 -7.924132
  endloop
 endfacet
 facet normal -1.0 0.0 0.0
  outer loop
   vertex -32.500000 10.366667 0.000000
   vertex -32.500000 6.865113 -8.453498
   vertex -32.500000 5.791667 -7.924132
  endloop
 endfacet
 facet normal 1.0 0.0 0.0
  outer loop
   vertex 32.500000 10.366667 0.000000
   vertex 32.500000 5.791667 -7.924132
   vertex 32.500000 6.865113 -8.453498
  endloop
 endfacet
 facet normal 0.0 -0.32143946530316136 -0.9469301294951058
  outer loop
   vertex -32.500000 6.865113 -8.453498
   vertex -32.500000 7.998472 -8.838221
   vertex 32.500000 7.998472 -8.838221
  endloop
 endfacet
 facet normal 0.0 -0.32143946530316136 -0.9469301294951058
  outer loop
   vertex -32.500000 6.865113 -8.453498
   vertex 32.500000 7.998472 -8.838221
   vertex 32.500000 6.865113 -8.453498
  endloop
 endfacet
 facet normal -1.0 0.0 0.0
  outer loop
   vertex -32.500000 10.366667 0.000000
   vertex -32.500000 7.998472 -8.838221
   vertex -32.500000 6.865113 -8.453498
  endloop
 endfacet
 facet normal 1.0 0.0 0.0
  outer loop
   vertex 32.500000 10.366667 0.000000
   vertex 32.500000 6.865113 -8.453498
   vertex 32.500000 7.998472 -8.838221
  endloop
 endfacet
 facet normal 0.0 -0.1950903220161279 -0.9807852804032305
  outer loop
   vertex -32.500000 7.998472 -8.838221
   vertex -32.500000 9.172352 -9.071720
   vertex 32.500000 9.172352 -9.071720
  endloop
 endfacet
 facet normal 0.0 -0.1950903220161279 -0.9807852804032305
  outer loop
   vertex -32.500000 7.998472 -8.838221
   vertex 32.500000 9.172352 -9.071720
   vertex 32.500000 7.998472 -8.838221
  endloop
 endfacet
 facet normal -1.0 0.0 0.0
  outer loop
   vertex -32.500000 10.366667 0.000000
   vertex -32.500000 9.172352 -9.071720
   vertex -32.500000 7.998472 -8.838221
  endloop
 endfacet
 facet normal 1.0 0.0 0.0
  outer loop
   vertex 32.500000 10.366667 0.000000
   vertex 32.500000 7.998472 -8.838221
   vertex 32.500000 9.172352 -9.071720
  endloop
 endfacet
 facet normal 0.0 -0.06540312923014366 -0.9978589232386034
  outer loop
   vertex -32.500000 9.172352 -9.071720
   vertex -32.500000 10.366667 -9.150000
   vertex 32.500000 10.366667 -9.150000
  endloop
 endfacet
 facet normal 0.0 -0.06540312923014366 -0.9978589232386034
  outer loop
   vertex -32.500000 9.172352 -9.071720
   vertex 32.500000 10.366667 -9.150000
   vertex 32.500000 9.172352 -9.071720
  endloop
 endfacet
 facet normal -1.0 0.0 0.0
  outer loop
   vertex -32.500000 10.366667 0.000000
   vertex -32.500000 10.366667 -9.150000
   vertex -32.500000 9.172352 -9.071720
  endloop
 endfacet
 facet normal 1.0 0.0 0.0
  outer loop
   vertex 32.500000 10.366667 0.000000
   vertex 32.500000 9.172352 -9.071720
   vertex 32.500000 10.366667 -9.150000
  endloop
 endfacet
 facet normal 0.0 0.06540312923014219 -0.9978589232386036
  outer loop
   vertex -32.500000 10.366667 -9.150000
   vertex -32.500000 11.560981 -9.071720
   vertex 32.500000 11.560981 -9.071720
  endloop
 endfacet
 facet normal 0.0 0.06540312923014219 -0.9978589232386036
  outer loop
   vertex -32.500000 10.366667 -9.150000
   vertex 32.500000 11.560981 -9.071720
   vertex 32.500000 10.366667 -9.150000
  endloop
 endfacet
 facet normal -1.0 0.0 -0.0
  outer loop
   vertex -32.500000 10.366667 0.000000
   vertex -32.500000 11.560981 -9.071720
   vertex -32.500000 10.366667 -9.150000
  endloop
 endfacet
 facet normal 1.0 0.0 0.0
  outer loop
   vertex 32.500000 10.366667 0.000000
   vertex 32.500000 10.366667 -9.150000
   vertex 32.500000 11.560981 -9.071720
  endloop
 endfacet
 facet normal 0.0 0.1950903220161279 -0.9807852804032305
  outer loop
   vertex -32.500000 11.560981 -9.071720
   vertex -32.500000 12.734861 -8.838221
   vertex 32.500000 12.734861 -8.838221
  endloop
 endfacet
 facet normal 0.0 0.1950903220161279 -0.9807852804032305
  outer loop
   vertex -32.500000 11.560981 -9.071720
   vertex 32.500000 12.734861 -8.838221
   vertex 32.500000 11.560981 -9.071720
  endloop
 endfacet
 facet normal -1.0 0.0 0.0
  outer loop
   vertex -32.500000 10.366667 0.000000
   vertex -32.500000 12.734861 -8.838221
   vertex -32.500000 11.560981 -9.071720
  endloop
 endfacet
 facet normal 1.0 0.0 0.0
  outer loop
   vertex 32.500000 10.366667 0.000000
   vertex 32.500000 11.560981 -9.071720
   vertex 32.500000 12.734861 -8.838221
  endloop
 endfacet
 facet normal 0.0 0.32143946530316136 -0.9469301294951058
  outer loop
   vertex -32.500000 12.734861 -8.838221
   vertex -32.500000 13.868220 -8.453498
   vertex 32.500000 13.868220 -8.453498
  endloop
 endfacet
 facet normal 0.0 0.32143946530316136 -0.9469301294951058
  outer loop
   vertex -32.500000 12.734861 -8.838221
   vertex 32.500000 13.868220 -8.453498
   vertex 32.500000 12.734861 -8.838221
  endloop
 endfacet
 facet normal -1.0 0.0 0.0
  outer loop
   vertex -32.500000 10.366667 0.000000
   vertex -32.500000 13.868220 -8.453498
   vertex -32.500000 12.734861 -8.838221
  endloop
 endfacet
 facet normal 1.0 0.0 0.0
  outer loop
   vertex 32.500000 10.366667 0.000000
   vertex 32.500000 12.734861 -8.838221
   vertex 32.500000 13.868220 -8.453498
  endloop
 endfacet
 facet normal 0.0 0.4422886902190015 -0.8968727415326881
  outer loop
   vertex -32.500000 13.868220 -8.453498
   vertex -32.500000 14.941667 -7.924132
   vertex 32.500000 14.941667 -7.924132
  endloop
 endfacet
 facet normal 0.0 0.4422886902190015 -0.8968727415326881
  outer loop
   vertex -32.500000 13.868220 -8.453498
   vertex 32.500000 14.941667 -7.924132
   vertex 32.500000 13.868220 -8.453498
  endloop
 endfacet
 facet normal -1.0 0.0 0.0
  outer loop
   vertex -32.500000 10.366667 0.000000
   vertex -32.500000 14.941667 -7.924132
   vertex -32.500000 13.868220 -8.453498
  endloop
 endfacet
 facet normal 1.0 0.0 0.0
  outer loop
   vertex 32.500000 10.366667 0.000000
   vertex 32.500000 13.868220 -8.453498
   vertex 32.500000 14.941667 -7.924132
  endloop
 endfacet
 facet normal 0.0 0.5555702330196015 -0.8314696123025458
  outer loop
   vertex -32.500000 14.941667 -7.924132
   vertex -32.500000 15.936834 -7.259183
   vertex 32.500000 15.936834 -7.259183
  endloop
 endfacet
 facet normal 0.0 0.5555702330196015 -0.8314696123025458
  outer loop
   vertex -32.500000 14.941667 -7.924132
   vertex 32.500000 15.936834 -7.259183
   vertex 32.500000 14.941667 -7.924132
  endloop
 endfacet
 facet normal -1.0 0.0 0.0
  outer loop
   vertex -32.500000 10.366667 0.000000
   vertex -32.500000 15.936834 -7.259183
   vertex -32.500000 14.941667 -7.924132
  endloop
 endfacet
 facet normal 1.0 0.0 0.0
  outer loop
   vertex 32.500000 10.366667 0.000000
   vertex 32.500000 14.941667 -7.924132
   vertex 32.500000 15.936834 -7.259183
  endloop
 endfacet
 facet normal 0.0 0.6593458151000692 -0.7518398074789772
  outer loop
   vertex -32.500000 15.936834 -7.259183
   vertex -32.500000 16.836694 -6.470027
   vertex 32.500000 16.836694 -6.470027
  endloop
 endfacet
 facet normal 0.0 0.6593458151000692 -0.7518398074789772
  outer loop
   vertex -32.500000 15.936834 -7.259183
   vertex 32.500000 16.836694 -6.470027
   vertex 32.500000 15.936834 -7.259183
  endloop
 endfacet
 facet normal -1.0 0.0 0.0
  outer loop
   vertex -32.500000 10.366667 0.000000
   vertex -32.500000 16.836694 -6.470027
   vertex -32.500000 15.936834 -7.259183
  endloop
 endfacet
 facet normal 1.0 0.0 0.0
  outer loop
   vertex 32.500000 10.366667 0.000000
   vertex 32.500000 15.936834 -7.259183
   vertex 32.500000 16.836694 -6.470027
  endloop
 endfacet
 facet normal 0.0 0.7518398074789763 -0.6593458151000702
  outer loop
   vertex -32.500000 16.836694 -6.470027
   vertex -32.500000 17.625850 -5.570167
   vertex 32.500000 17.625850 -5.570167
  endloop
 endfacet
 facet normal 0.0 0.7518398074789763 -0.6593458151000702
  outer loop
   vertex -32.500000 16.836694 -6.470027
   vertex 32.500000 17.625850 -5.570167
   vertex 32.500000 16.836694 -6.470027
  endloop
 endfacet
 facet normal -1.0 0.0 0.0
  outer loop
   vertex -32.500000 10.366667 0.000000
   vertex -32.500000 17.625850 -5.570167
   vertex -32.500000 16.836694 -6.470027
  endloop
 endfacet
 facet normal 1.0 0.0 0.0
  outer loop
   vertex 32.500000 10.366667 0.000000
   vertex 32.500000 16.836694 -6.470027
   vertex 32.500000 17.625850 -5.570167
  endloop
 endfacet
 facet normal 0.0 0.8314696123025455 -0.5555702330196018
  outer loop
   vertex -32.500000 17.625850 -5.570167
   vertex -32.500000 18.290799 -4.575000
   vertex 32.500000 18.290799 -4.575000
  endloop
 endfacet
 facet normal 0.0 0.8314696123025455 -0.5555702330196018
  outer loop
   vertex -32.500000 17.625850 -5.570167
   vertex 32.500000 18.290799 -4.575000
   vertex 32.500000 17.625850 -5.570167
  endloop
 endfacet
 facet normal -1.0 0.0 0.0
  outer loop
   vertex -32.500000 10.366667 0.000000
   vertex -32.500000 18.290799 -4.575000
   vertex -32.500000 17.625850 -5.570167
  endloop
 endfacet
 facet normal 1.0 0.0 0.0
  outer loop
   vertex 32.500000 10.366667 0.000000
   vertex 32.500000 17.625850 -5.570167
   vertex 32.500000 18.290799 -4.575000
  endloop
 endfacet
 facet normal 0.0 0.8968727415326877 -0.44228869021900274
  outer loop
   vertex -32.500000 18.290799 -4.575000
   vertex -32.500000 18.820164 -3.501553
   vertex 32.500000 18.820164 -3.501553
  endloop
 endfacet
 facet normal 0.0 0.8968727415326877 -0.44228869021900274
  outer loop
   vertex -32.500000 18.290799 -4.575000
   vertex 32.500000 18.820164 -3.501553
   vertex 32.500000 18.290799 -4.575000
  endloop
 endfacet
 facet normal -1.0 0.0 0.0
  outer loop
   vertex -32.500000 10.366667 0.000000
   vertex -32.500000 18.820164 -3.501553
   vertex -32.500000 18.290799 -4.575000
  endloop
 endfacet
 facet normal 1.0 0.0 0.0
  outer loop
   vertex 32.500000 10.366667 0.000000
   vertex 32.500000 18.290799 -4.575000
   vertex 32.500000 18.820164 -3.501553
  endloop
 endfacet
 facet normal 0.0 0.9469301294951055 -0.3214394653031622
  outer loop
   vertex -32.500000 18.820164 -3.501553
   vertex -32.500000 19.204888 -2.368194
   vertex 32.500000 19.204888 -2.368194
  endloop
 endfacet
 facet normal 0.0 0.9469301294951055 -0.3214394653031622
  outer loop
   vertex -32.500000 18.820164 -3.501553
   vertex 32.500000 19.204888 -2.368194
   vertex 32.500000 18.820164 -3.501553
  endloop
 endfacet
 facet normal -1.0 0.0 0.0
  outer loop
   vertex -32.500000 10.366667 0.000000
   vertex -32.500000 19.204888 -2.368194
   vertex -32.500000 18.820164 -3.501553
  endloop
 endfacet
 facet normal 1.0 0.0 0.0
  outer loop
   vertex 32.500000 10.366667 0.000000
   vertex 32.500000 18.820164 -3.501553
   vertex 32.500000 19.204888 -2.368194
  endloop
 endfacet
 facet normal 0.0 0.9807852804032309 -0.1950903220161265
  outer loop
   vertex -32.500000 19.204888 -2.368194
   vertex -32.500000 19.438387 -1.194315
   vertex 32.500000 19.438387 -1.194315
  endloop
 endfacet
 facet normal 0.0 0.9807852804032309 -0.1950903220161265
  outer loop
   vertex -32.500000 19.204888 -2.368194
   vertex 32.500000 19.438387 -1.194315
   vertex 32.500000 19.204888 -2.368194
  endloop
 endfacet
 facet normal -1.0 0.0 0.0
  outer loop
   vertex -32.500000 10.366667 0.000000
   vertex -32.500000 19.438387 -1.194315
   vertex -32.500000 19.204888 -2.368194
  endloop
 endfacet
 facet normal 1.0 0.0 0.0
  outer loop
   vertex 32.500000 10.366667 0.000000
   vertex 32.500000 19.204888 -2.368194
   vertex 32.500000 19.438387 -1.194315
  endloop
 endfacet
 facet normal 0.0 0.9978589232386034 -0.06540312923014371
  outer loop
   vertex -32.500000 19.438387 -1.194315
   vertex -32.500000 19.516667 -0.000000
   vertex 32.500000 19.516667 -0.000000
  endloop
 endfacet
 facet normal 0.0 0.9978589232386034 -0.06540312923014371
  outer loop
   vertex -32.500000 19.438387 -1.194315
   vertex 32.500000 19.516667 -0.000000
   vertex 32.500000 19.438387 -1.194315
  endloop
 endfacet
 facet normal -1.0 0.0 0.0
  outer loop
   vertex -32.500000 10.366667 0.000000
   vertex -32.500000 19.516667 -0.000000
   vertex -32.500000 19.438387 -1.194315
  endloop
 endfacet
 facet normal 1.0 0.0 0.0
  outer loop
   vertex 32.500000 10.366667 0.000000
   vertex 32.500000 19.438387 -1.194315
   vertex 32.500000 19.516667 -0.000000
  endloop
 endfacet
 facet normal 0.0 0.9978589232386034 0.06540312923014366
  outer loop
   vertex -32.500000 -1.216667 20.350000
   vertex -32.500000 -1.294946 21.544315
   vertex 32.500000 -1.294946 21.544315
  endloop
 endfacet
 facet normal -0.0 0.9978589232386034 0.06540312923014366
  outer loop
   vertex -32.500000 -1.216667 20.350000
   vertex 32.500000 -1.294946 21.544315
   vertex 32.500000 -1.216667 20.350000
  endloop
 endfacet
 facet normal -1.0 0.0 0.0
  outer loop
   vertex -32.500000 -10.366667 20.350000
   vertex -32.500000 -1.294946 21.544315
   vertex -32.500000 -1.216667 20.350000
  endloop
 endfacet
 facet normal 1.0 0.0 0.0
  outer loop
   vertex 32.500000 -10.366667 20.350000
   vertex 32.500000 -1.216667 20.350000
   vertex 32.500000 -1.294946 21.544315
  endloop
 endfacet
 facet normal 0.0 0.9807852804032305 0.1950903220161276
  outer loop
   vertex -32.500000 -1.294946 21.544315
   vertex -32.500000 -1.528445 22.718194
   vertex 32.500000 -1.528445 22.718194
  endloop
 endfacet
 facet normal -0.0 0.9807852804032305 0.1950903220161276
  outer loop
   vertex -32.500000 -1.294946 21.544315
   vertex 32.500000 -1.528445 22.718194
   vertex 32.500000 -1.294946 21.544315
  endloop
 endfacet
 facet normal -1.0 0.0 0.0
  outer loop
   vertex -32.500000 -10.366667 20.350000
   vertex -32.500000 -1.528445 22.718194
   vertex -32.500000 -1.294946 21.544315
  endloop
 endfacet
 facet normal 1.0 0.0 0.0
  outer loop
   vertex 32.500000 -10.366667 20.350000
   vertex 32.500000 -1.294946 21.544315
   vertex 32.500000 -1.528445 22.718194
  endloop
 endfacet
 facet normal 0.0 0.9469301294951055 0.32143946530316175
  outer loop
   vertex -32.500000 -1.528445 22.718194
   vertex -32.500000 -1.913169 23.851553
   vertex 32.500000 -1.913169 23.851553
  endloop
 endfacet
 facet normal -0.0 0.9469301294951055 0.32143946530316175
  outer loop
   vertex -32.500000 -1.528445 22.718194
   vertex 32.500000 -1.913169 23.851553
   vertex 32.500000 -1.528445 22.718194
  endloop
 endfacet
 facet normal -1.0 0.0 0.0
  outer loop
   vertex -32.500000 -10.366667 20.350000
   vertex -32.500000 -1.913169 23.851553
   vertex -32.500000 -1.528445 22.718194
  endloop
 endfacet
 facet normal 1.0 0.0 0.0
  outer loop
   vertex 32.500000 -10.366667 20.350000
   vertex 32.500000 -1.528445 22.718194
   vertex 32.500000 -1.913169 23.851553
  endloop
 endfacet
 facet normal 0.0 0.8968727415326886 0.44228869021900086
  outer loop
   vertex -32.500000 -1.913169 23.851553
   vertex -32.500000 -2.442534 24.925000
   vertex 32.500000 -2.442534 24.925000
  endloop
 endfacet
 facet normal -0.0 0.8968727415326886 0.44228869021900086
  outer loop
   vertex -32.500000 -1.913169 23.851553
   vertex 32.500000 -2.442534 24.925000
   vertex 32.500000 -1.913169 23.851553
  endloop
 endfacet
 facet normal -1.0 0.0 0.0
  outer loop
   vertex -32.500000 -10.366667 20.350000
   vertex -32.500000 -2.442534 24.925000
   vertex -32.500000 -1.913169 23.851553
  endloop
 endfacet
 facet normal 1.0 0.0 0.0
  outer loop
   vertex 32.500000 -10.366667 20.350000
   vertex 32.500000 -1.913169 23.851553
   vertex 32.500000 -2.442534 24.925000
  endloop
 endfacet
 facet normal 0.0 0.8314696123025451 0.5555702330196023
  outer loop
   vertex -32.500000 -2.442534 24.925000
   vertex -32.500000 -3.107484 25.920167
   vertex 32.500000 -3.107484 25.920167
  endloop
 endfacet
 facet normal -0.0 0.8314696123025451 0.5555702330196023
  outer loop
   vertex -32.500000 -2.442534 24.925000
   vertex 32.500000 -3.107484 25.920167
   vertex 32.500000 -2.442534 24.925000
  endloop
 endfacet
 facet normal -1.0 0.0 0.0
  outer loop
   vertex -32.500000 -10.366667 20.350000
   vertex -32.500000 -3.107484 25.920167
   vertex -32.500000 -2.442534 24.925000
  endloop
 endfacet
 facet normal 1.0 0.0 0.0
  outer loop
   vertex 32.500000 -10.366667 20.350000
   vertex 32.500000 -2.442534 24.925000
   vertex 32.500000 -3.107484 25.920167
  endloop
 endfacet
 facet normal 0.0 0.7518398074789774 0.6593458151000691
  outer loop
   vertex -32.500000 -3.107484 25.920167
   vertex -32.500000 -3.896640 26.820027
   vertex 32.500000 -3.896640 26.820027
  endloop
 endfacet
 facet normal -0.0 0.7518398074789774 0.6593458151000691
  outer loop
   vertex -32.500000 -3.107484 25.920167
   vertex 32.500000 -3.896640 26.820027
   vertex 32.500000 -3.107484 25.920167
  endloop
 endfacet
 facet normal -1.0 0.0 0.0
  outer loop
   vertex -32.500000 -10.366667 20.350000
   vertex -32.500000 -3.896640 26.820027
   vertex -32.500000 -3.107484 25.920167
  endloop
 endfacet
 facet normal 1.0 0.0 0.0
  outer loop
   vertex 32.500000 -10.366667 20.350000
   vertex 32.500000 -3.107484 25.920167
   vertex 32.500000 -3.896640 26.820027
  endloop
 endfacet
 facet normal 0.0 0.6593458151000698 0.7518398074789766
  outer loop
   vertex -32.500000 -3.896640 26.820027
   vertex -32.500000 -4.796500 27.609183
   vertex 32.500000 -4.796500 27.609183
  endloop
 endfacet
 facet normal -0.0 0.6593458151000698 0.7518398074789766
  outer loop
   vertex -32.500000 -3.896640 26.820027
   vertex 32.500000 -4.796500 27.609183
   vertex 32.500000 -3.896640 26.820027
  endloop
 endfacet
 facet normal -1.0 0.0 0.0
  outer loop
   vertex -32.500000 -10.366667 20.350000
   vertex -32.500000 -4.796500 27.609183
   vertex -32.500000 -3.896640 26.820027
  endloop
 endfacet
 facet normal 1.0 0.0 0.0
  outer loop
   vertex 32.500000 -10.366667 20.350000
   vertex 32.500000 -3.896640 26.820027
   vertex 32.500000 -4.796500 27.609183
  endloop
 endfacet
 facet normal 0.0 0.5555702330196012 0.8314696123025459
  outer loop
   vertex -32.500000 -4.796500 27.609183
   vertex -32.500000 -5.791667 28.274132
   vertex 32.500000 -5.791667 28.274132
  endloop
 endfacet
 facet normal -0.0 0.5555702330196012 0.8314696123025459
  outer loop
   vertex -32.500000 -4.796500 27.609183
   vertex 32.500000 -5.791667 28.274132
   vertex 32.500000 -4.796500 27.609183
  endloop
 endfacet
 facet normal -1.0 0.0 0.0
  outer loop
   vertex -32.500000 -10.366667 20.350000
   vertex -32.500000 -5.791667 28.274132
   vertex -32.500000 -4.796500 27.609183
  endloop
 endfacet
 facet normal 1.0 0.0 0.0
  outer loop
   vertex 32.500000 -10.366667 20.350000
   vertex 32.500000 -4.796500 27.609183
   vertex 32.500000 -5.791667 28.274132
  endloop
 endfacet
 facet normal 0.0 0.4422886902190023 0.8968727415326878
  outer loop
   vertex -32.500000 -5.791667 28.274132
   vertex -32.500000 -6.865113 28.803498
   vertex 32.500000 -6.865113 28.803498
  endloop
 endfacet
 facet normal -0.0 0.4422886902190023 0.8968727415326878
  outer loop
   vertex -32.500000 -5.791667 28.274132
   vertex 32.500000 -6.865113 28.803498
   vertex 32.500000 -5.791667 28.274132
  endloop
 endfacet
 facet normal -1.0 0.0 0.0
  outer loop
   vertex -32.500000 -10.366667 20.350000
   vertex -32.500000 -6.865113 28.803498
   vertex -32.500000 -5.791667 28.274132
  endloop
 endfacet
 facet normal 1.0 0.0 0.0
  outer loop
   vertex 32.500000 -10.366667 20.350000
   vertex 32.500000 -5.791667 28.274132
   vertex 32.500000 -6.865113 28.803498
  endloop
 endfacet
 facet normal 0.0 0.3214394653031596 0.9469301294951065
  outer loop
   vertex -32.500000 -6.865113 28.803498
   vertex -32.500000 -7.998472 29.188221
   vertex 32.500000 -7.998472 29.188221
  endloop
 endfacet
 facet normal -0.0 0.3214394653031596 0.9469301294951065
  outer loop
   vertex -32.500000 -6.865113 28.803498
   vertex 32.500000 -7.998472 29.188221
   vertex 32.500000 -6.865113 28.803498
  endloop
 endfacet
 facet normal -1.0 0.0 0.0
  outer loop
   vertex -32.500000 -10.366667 20.350000
   vertex -32.500000 -7.998472 29.188221
   vertex -32.500000 -6.865113 28.803498
  endloop
 endfacet
 facet normal 1.0 0.0 0.0
  outer loop
   vertex 32.500000 -10.366667 20.350000
   vertex 32.500000 -6.865113 28.803498
   vertex 32.500000 -7.998472 29.188221
  endloop
 endfacet
 facet normal 0.0 0.1950903220161306 0.98078528040323
  outer loop
   vertex -32.500000 -7.998472 29.188221
   vertex -32.500000 -9.172352 29.421720
   vertex 32.500000 -9.172352 29.421720
  endloop
 endfacet
 facet normal -0.0 0.1950903220161306 0.98078528040323
  outer loop
   vertex -32.500000 -7.998472 29.188221
   vertex 32.500000 -9.172352 29.421720
   vertex 32.500000 -7.998472 29.188221
  endloop
 endfacet
 facet normal -1.0 0.0 0.0
  outer loop
   vertex -32.500000 -10.366667 20.350000
   vertex -32.500000 -9.172352 29.421720
   vertex -32.500000 -7.998472 29.188221
  endloop
 endfacet
 facet normal 1.0 0.0 0.0
  outer loop
   vertex 32.500000 -10.366667 20.350000
   vertex 32.500000 -7.998472 29.188221
   vertex 32.500000 -9.172352 29.421720
  endloop
 endfacet
 facet normal 0.0 0.06540312923014062 0.9978589232386036
  outer loop
   vertex -32.500000 -9.172352 29.421720
   vertex -32.500000 -10.366667 29.500000
   vertex 32.500000 -10.366667 29.500000
  endloop
 endfacet
 facet normal -0.0 0.06540312923014062 0.9978589232386036
  outer loop
   vertex -32.500000 -9.172352 29.421720
   vertex 32.500000 -10.366667 29.500000
   vertex 32.500000 -9.172352 29.421720
  endloop
 endfacet
 facet normal -1.0 0.0 0.0
  outer loop
   vertex -32.500000 -10.366667 20.350000
   vertex -32.500000 -10.366667 29.500000
   vertex -32.500000 -9.172352 29.421720
  endloop
 endfacet
 facet normal 1.0 0.0 0.0
  outer loop
   vertex 32.500000 -10.366667 20.350000
   vertex 32.500000 -9.172352 29.421720
   vertex 32.500000 -10.366667 29.500000
  endloop
 endfacet
 facet normal 0.0 -0.0654031292301407 0.9978589232386036
  outer loop
   vertex -32.500000 -10.366667 29.500000
   vertex -32.500000 -11.560981 29.421720
   vertex 32.500000 -11.560981 29.421720
  endloop
 endfacet
 facet normal 0.0 -0.0654031292301407 0.9978589232386036
  outer loop
   vertex -32.500000 -10.366667 29.500000
   vertex 32.500000 -11.560981 29.421720
   vertex 32.500000 -10.366667 29.500000
  endloop
 endfacet
 facet normal -1.0 0.0 0.0
  outer loop
   vertex -32.500000 -10.366667 20.350000
   vertex -32.500000 -11.560981 29.421720
   vertex -32.500000 -10.366667 29.500000
  endloop
 endfacet
 facet normal 1.0 0.0 -0.0
  outer loop
   vertex 32.500000 -10.366667 20.350000
   vertex 32.500000 -10.366667 29.500000
   vertex 32.500000 -11.560981 29.421720
  endloop
 endfacet
 facet normal 0.0 -0.19509032201613047 0.9807852804032301
  outer loop
   vertex -32.500000 -11.560981 29.421720
   vertex -32.500000 -12.734861 29.188221
   vertex 32.500000 -12.734861 29.188221
  endloop
 endfacet
 facet normal 0.0 -0.19509032201613047 0.9807852804032301
  outer loop
   vertex -32.500000 -11.560981 29.421720
   vertex 32.500000 -12.734861 29.188221
   vertex 32.500000 -11.560981 29.421720
  endloop
 endfacet
 facet normal -1.0 0.0 0.0
  outer loop
   vertex -32.500000 -10.366667 20.350000
   vertex -32.500000 -12.734861 29.188221
   vertex -32.500000 -11.560981 29.421720
  endloop
 endfacet
 facet normal 1.0 0.0 0.0
  outer loop
   vertex 32.500000 -10.366667 20.350000
   vertex 32.500000 -11.560981 29.421720
   vertex 32.500000 -12.734861 29.188221
  endloop
 endfacet
 facet normal 0.0 -0.32143946530316003 0.9469301294951062
  outer loop
   vertex -32.500000 -12.734861 29.188221
   vertex -32.500000 -13.868220 28.803498
   vertex 32.500000 -13.868220 28.803498
  endloop
 endfacet
 facet normal 0.0 -0.32143946530316003 0.9469301294951062
  outer loop
   vertex -32.500000 -12.734861 29.188221
   vertex 32.500000 -13.868220 28.803498
   vertex 32.500000 -12.734861 29.188221
  endloop
 endfacet
 facet normal -1.0 0.0 0.0
  outer loop
   vertex -32.500000 -10.366667 20.350000
   vertex -32.500000 -13.868220 28.803498
   vertex -32.500000 -12.734861 29.188221
  endloop
 endfacet
 facet normal 1.0 0.0 0.0
  outer loop
   vertex 32.500000 -10.366667 20.350000
   vertex 32.500000 -12.734861 29.188221
   vertex 32.500000 -13.868220 28.803498
  endloop
 endfacet
 facet normal 0.0 -0.44228869021900025 0.8968727415326889
  outer loop
   vertex -32.500000 -13.868220 28.803498
   vertex -32.500000 -14.941667 28.274132
   vertex 32.500000 -14.941667 28.274132
  endloop
 endfacet
 facet normal 0.0 -0.44228869021900025 0.8968727415326889
  outer loop
   vertex -32.500000 -13.868220 28.803498
   vertex 32.500000 -14.941667 28.274132
   vertex 32.500000 -13.868220 28.803498
  endloop
 endfacet
 facet normal -1.0 0.0 0.0
  outer loop
   vertex -32.500000 -10.366667 20.350000
   vertex -32.500000 -14.941667 28.274132
   vertex -32.500000 -13.868220 28.803498
  endloop
 endfacet
 facet normal 1.0 0.0 0.0
  outer loop
   vertex 32.500000 -10.366667 20.350000
   vertex 32.500000 -13.868220 28.803498
   vertex 32.500000 -14.941667 28.274132
  endloop
 endfacet
 facet normal 0.0 -0.5555702330196014 0.8314696123025458
  outer loop
   vertex -32.500000 -14.941667 28.274132
   vertex -32.500000 -15.936834 27.609183
   vertex 32.500000 -15.936834 27.609183
  endloop
 endfacet
 facet normal 0.0 -0.5555702330196014 0.8314696123025458
  outer loop
   vertex -32.500000 -14.941667 28.274132
   vertex 32.500000 -15.936834 27.609183
   vertex 32.500000 -14.941667 28.274132
  endloop
 endfacet
 facet normal -1.0 0.0 0.0
  outer loop
   vertex -32.500000 -10.366667 20.350000
   vertex -32.500000 -15.936834 27.609183
   vertex -32.500000 -14.941667 28.274132
  endloop
 endfacet
 facet normal 1.0 0.0 0.0
  outer loop
   vertex 32.500000 -10.366667 20.350000
   vertex 32.500000 -14.941667 28.274132
   vertex 32.500000 -15.936834 27.609183
  endloop
 endfacet
 facet normal 0.0 -0.6593458151000698 0.7518398074789766
  outer loop
   vertex -32.500000 -15.936834 27.609183
   vertex -32.500000 -16.836694 26.820027
   vertex 32.500000 -16.836694 26.820027
  endloop
 endfacet
 facet normal 0.0 -0.6593458151000698 0.7518398074789766
  outer loop
   vertex -32.500000 -15.936834 27.609183
   vertex 32.500000 -16.836694 26.820027
   vertex 32.500000 -15.936834 27.609183
  endloop
 endfacet
 facet normal -1.0 0.0 0.0
  outer loop
   vertex -32.500000 -10.366667 20.350000
   vertex -32.500000 -16.836694 26.820027
   vertex -32.500000 -15.936834 27.609183
  endloop
 endfacet
 facet normal 1.0 0.0 0.0
  outer loop
   vertex 32.500000 -10.366667 20.350000
   vertex 32.500000 -15.936834 27.609183
   vertex 32.500000 -16.836694 26.820027
  endloop
 endfacet
 facet normal 0.0 -0.7518398074789767 0.6593458151000696
  outer loop
   vertex -32.500000 -16.836694 26.820027
   vertex -32.500000 -17.625850 25.920167
   vertex 32.500000 -17.625850 25.920167
  endloop
 endfacet
 facet normal 0.0 -0.7518398074789767 0.6593458151000696
  outer loop
   vertex -32.500000 -16.836694 26.820027
   vertex 32.500000 -17.625850 25.920167
   vertex 32.500000 -16.836694 26.820027
  endloop
 endfacet
 facet normal -1.0 0.0 0.0
  outer loop
   vertex -32.500000 -10.366667 20.350000
   vertex -32.500000 -17.625850 25.920167
   vertex -32.500000 -16.836694 26.820027
  endloop
 endfacet
 facet normal 1.0 0.0 0.0
  outer loop
   vertex 32.500000 -10.366667 20.350000
   vertex 32.500000 -16.836694 26.820027
   vertex 32.500000 -17.625850 25.920167
  endloop
 endfacet
 facet normal 0.0 -0.8314696123025458 0.5555702330196014
  outer loop
   vertex -32.500000 -17.625850 25.920167
   vertex -32.500000 -18.290799 24.925000
   vertex 32.500000 -18.290799 24.925000
  endloop
 endfacet
 facet normal 0.0 -0.8314696123025458 0.5555702330196014
  outer loop
   vertex -32.500000 -17.625850 25.920167
   vertex 32.500000 -18.290799 24.925000
   vertex 32.500000 -17.625850 25.920167
  endloop
 endfacet
 facet normal -1.0 0.0 0.0
  outer loop
   vertex -32.500000 -10.366667 20.350000
   vertex -32.500000 -18.290799 24.925000
   vertex -32.500000 -17.625850 25.920167
  endloop
 endfacet
 facet normal 1.0 0.0 0.0
  outer loop
   vertex 32.500000 -10.366667 20.350000
   vertex 32.500000 -17.625850 25.920167
   vertex 32.500000 -18.290799 24.925000
  endloop
 endfacet
 facet normal 0.0 -0.8968727415326886 0.44228869021900086
  outer loop
   vertex -32.500000 -18.290799 24.925000
   vertex -32.500000 -18.820164 23.851553
   vertex 32.500000 -18.820164 23.851553
  endloop
 endfacet
 facet normal 0.0 -0.8968727415326886 0.44228869021900086
  outer loop
   vertex -32.500000 -18.290799 24.925000
   vertex 32.500000 -18.820164 23.851553
   vertex 32.500000 -18.290799 24.925000
  endloop
 endfacet
 facet normal -1.0 0.0 0.0
  outer loop
   vertex -32.500000 -10.366667 20.350000
   vertex -32.500000 -18.820164 23.851553
   vertex -32.500000 -18.290799 24.925000
  endloop
 endfacet
 facet normal 1.0 0.0 0.0
  outer loop
   vertex 32.500000 -10.366667 20.350000
   vertex 32.500000 -18.290799 24.925000
   vertex 32.500000 -18.820164 23.851553
  endloop
 endfacet
 facet normal 0.0 -0.9469301294951054 0.3214394653031627
  outer loop
   vertex -32.500000 -18.820164 23.851553
   vertex -32.500000 -19.204888 22.718194
   vertex 32.500000 -19.204888 22.718194
  endloop
 endfacet
 facet normal 0.0 -0.9469301294951054 0.3214394653031627
  outer loop
   vertex -32.500000 -18.820164 23.851553
   vertex 32.500000 -19.204888 22.718194
   vertex 32.500000 -18.820164 23.851553
  endloop
 endfacet
 facet normal -1.0 0.0 0.0
  outer loop
   vertex -32.500000 -10.366667 20.350000
   vertex -32.500000 -19.204888 22.718194
   vertex -32.500000 -18.820164 23.851553
  endloop
 endfacet
 facet normal 1.0 0.0 0.0
  outer loop
   vertex 32.500000 -10.366667 20.350000
   vertex 32.500000 -18.820164 23.851553
   vertex 32.500000 -19.204888 22.718194
  endloop
 endfacet
 facet normal 0.0 -0.9807852804032305 0.1950903220161276
  outer loop
   vertex -32.500000 -19.204888 22.718194
   vertex -32.500000 -19.438387 21.544315
   vertex 32.500000 -19.438387 21.544315
  endloop
 endfacet
 facet normal 0.0 -0.9807852804032305 0.1950903220161276
  outer loop
   vertex -32.500000 -19.204888 22.718194
   vertex 32.500000 -19.438387 21.544315
   vertex 32.500000 -19.204888 22.718194
  endloop
 endfacet
 facet normal -1.0 0.0 0.0
  outer loop
   vertex -32.500000 -10.366667 20.350000
   vertex -32.500000 -19.438387 21.544315
   vertex -32.500000 -19.204888 22.718194
  endloop
 endfacet
 facet normal 1.0 0.0 0.0
  outer loop
   vertex 32.500000 -10.366667 20.350000
   vertex 32.500000 -19.204888 22.718194
   vertex 32.500000 -19.438387 21.544315
  endloop
 endfacet
 facet normal 0.0 -0.9978589232386035 0.06540312923014346
  outer loop
   vertex -32.500000 -19.438387 21.544315
   vertex -32.500000 -19.516667 20.350000
   vertex 32.500000 -19.516667 20.350000
  endloop
 endfacet
 facet normal 0.0 -0.9978589232386035 0.06540312923014346
  outer loop
   vertex -32.500000 -19.438387 21.544315
   vertex 32.500000 -19.516667 20.350000
   vertex 32.500000 -19.438387 21.544315
  endloop
 endfacet
 facet normal -1.0 0.0 0.0
  outer loop
   vertex -32.500000 -10.366667 20.350000
   vertex -32.500000 -19.516667 20.350000
   vertex -32.500000 -19.438387 21.544315
  endloop
 endfacet
 facet normal 1.0 0.0 0.0
  outer loop
   vertex 32.500000 -10.366667 20.350000
   vertex 32.500000 -19.438387 21.544315
   vertex 32.500000 -19.516667 20.350000
  endloop
 endfacet
 facet normal 0.0 -0.9978589232386035 -0.06540312923014346
  outer loop
   vertex -32.500000 -19.516667 20.350000
   vertex -32.500000 -19.438387 19.155685
   vertex 32.500000 -19.438387 19.155685
  endloop
 endfacet
 facet normal 0.0 -0.9978589232386035 -0.06540312923014346
  outer loop
   vertex -32.500000 -19.516667 20.350000
   vertex 32.500000 -19.438387 19.155685
   vertex 32.500000 -19.516667 20.350000
  endloop
 endfacet
 facet normal -1.0 -0.0 0.0
  outer loop
   vertex -32.500000 -10.366667 20.350000
   vertex -32.500000 -19.438387 19.155685
   vertex -32.500000 -19.516667 20.350000
  endloop
 endfacet
 facet normal 1.0 0.0 0.0
  outer loop
   vertex 32.500000 -10.366667 20.350000
   vertex 32.500000 -19.516667 20.350000
   vertex 32.500000 -19.438387 19.155685
  endloop
 endfacet
 facet normal 0.0 -0.9807852804032305 -0.19509032201612822
  outer loop
   vertex -32.500000 -19.438387 19.155685
   vertex -32.500000 -19.204888 17.981806
   vertex 32.500000 -19.204888 17.981806
  endloop
 endfacet
 facet normal 0.0 -0.9807852804032305 -0.19509032201612822
  outer loop
   vertex -32.500000 -19.438387 19.155685
   vertex 32.500000 -19.204888 17.981806
   vertex 32.500000 -19.438387 19.155685
  endloop
 endfacet
 facet normal -1.0 0.0 0.0
  outer loop
   vertex -32.500000 -10.366667 20.350000
   vertex -32.500000 -19.204888 17.981806
   vertex -32.500000 -19.438387 19.155685
  endloop
 endfacet
 facet normal 1.0 0.0 0.0
  outer loop
   vertex 32.500000 -10.366667 20.350000
   vertex 32.500000 -19.438387 19.155685
   vertex 32.500000 -19.204888 17.981806
  endloop
 endfacet
 facet normal 0.0 -0.9469301294951062 -0.32143946530316003
  outer loop
   vertex -32.500000 -19.204888 17.981806
   vertex -32.500000 -18.820164 16.848447
   vertex 32.500000 -18.820164 16.848447
  endloop
 endfacet
 facet normal 0.0 -0.9469301294951062 -0.32143946530316003
  outer loop
   vertex -32.500000 -19.204888 17.981806
   vertex 32.500000 -18.820164 16.848447
   vertex 32.500000 -19.204888 17.981806
  endloop
 endfacet
 facet normal -1.0 0.0 0.0
  outer loop
   vertex -32.500000 -10.366667 20.350000
   vertex -32.500000 -18.820164 16.848447
   vertex -32.500000 -19.204888 17.981806
  endloop
 endfacet
 facet normal 1.0 0.0 0.0
  outer loop
   vertex 32.500000 -10.366667 20.350000
   vertex 32.500000 -19.204888 17.981806
   vertex 32.500000 -18.820164 16.848447
  endloop
 endfacet
 facet normal 0.0 -0.8968727415326878 -0.44228869021900263
  outer loop
   vertex -32.500000 -18.820164 16.848447
   vertex -32.500000 -18.290799 15.775000
   vertex 32.500000 -18.290799 15.775000
  endloop
 endfacet
 facet normal 0.0 -0.8968727415326878 -0.44228869021900263
  outer loop
   vertex -32.500000 -18.820164 16.848447
   vertex 32.500000 -18.290799 15.775000
   vertex 32.500000 -18.820164 16.848447
  endloop
 endfacet
 facet normal -1.0 0.0 0.0
  outer loop
   vertex -32.500000 -10.366667 20.350000
   vertex -32.500000 -18.290799 15.775000
   vertex -32.500000 -18.820164 16.848447
  endloop
 endfacet
 facet normal 1.0 0.0 0.0
  outer loop
   vertex 32.500000 -10.366667 20.350000
   vertex 32.500000 -18.820164 16.848447
   vertex 32.500000 -18.290799 15.775000
  endloop
 endfacet
 facet normal 0.0 -0.8314696123025453 -0.5555702330196023
  outer loop
   vertex -32.500000 -18.290799 15.775000
   vertex -32.500000 -17.625850 14.779833
   vertex 32.500000 -17.625850 14.779833
  endloop
 endfacet
 facet normal 0.0 -0.8314696123025453 -0.5555702330196023
  outer loop
   vertex -32.500000 -18.290799 15.775000
   vertex 32.500000 -17.625850 14.779833
   vertex 32.500000 -18.290799 15.775000
  endloop
 endfacet
 facet normal -1.0 0.0 0.0
  outer loop
   vertex -32.500000 -10.366667 20.350000
   vertex -32.500000 -17.625850 14.779833
   vertex -32.500000 -18.290799 15.775000
  endloop
 endfacet
 facet normal 1.0 0.0 0.0
  outer loop
   vertex 32.500000 -10.366667 20.350000
   vertex 32.500000 -18.290799 15.775000
   vertex 32.500000 -17.625850 14.779833
  endloop
 endfacet
 facet normal 0.0 -0.7518398074789783 -0.6593458151000681
  outer loop
   vertex -32.500000 -17.625850 14.779833
   vertex -32.500000 -16.836694 13.879973
   vertex 32.500000 -16.836694 13.879973
  endloop
 endfacet
 facet normal 0.0 -0.7518398074789783 -0.6593458151000681
  outer loop
   vertex -32.500000 -17.625850 14.779833
   vertex 32.500000 -16.836694 13.879973
   vertex 32.500000 -17.625850 14.779833
  endloop
 endfacet
 facet normal -1.0 0.0 0.0
  outer loop
   vertex -32.500000 -10.366667 20.350000
   vertex -32.500000 -16.836694 13.879973
   vertex -32.500000 -17.625850 14.779833
  endloop
 endfacet
 facet normal 1.0 0.0 0.0
  outer loop
   vertex 32.500000 -10.366667 20.350000
   vertex 32.500000 -17.625850 14.779833
   vertex 32.500000 -16.836694 13.879973
  endloop
 endfacet
 facet normal 0.0 -0.6593458151000684 -0.7518398074789779
  outer loop
   vertex -32.500000 -16.836694 13.879973
   vertex -32.500000 -15.936834 13.090817
   vertex 32.500000 -15.936834 13.090817
  endloop
 endfacet
 facet normal 0.0 -0.6593458151000684 -0.7518398074789779
  outer loop
   vertex -32.500000 -16.836694 13.879973
   vertex 32.500000 -15.936834 13.090817
   vertex 32.500000 -16.836694 13.879973
  endloop
 endfacet
 facet normal -1.0 0.0 0.0
  outer loop
   vertex -32.500000 -10.366667 20.350000
   vertex -32.500000 -15.936834 13.090817
   vertex -32.500000 -16.836694 13.879973
  endloop
 endfacet
 facet normal 1.0 0.0 0.0
  outer loop
   vertex 32.500000 -10.366667 20.350000
   vertex 32.500000 -16.836694 13.879973
   vertex 32.500000 -15.936834 13.090817
  endloop
 endfacet
 facet normal 0.0 -0.5555702330196032 -0.8314696123025446
  outer loop
   vertex -32.500000 -15.936834 13.090817
   vertex -32.500000 -14.941667 12.425868
   vertex 32.500000 -14.941667 12.425868
  endloop
 endfacet
 facet normal 0.0 -0.5555702330196032 -0.8314696123025446
  outer loop
   vertex -32.500000 -15.936834 13.090817
   vertex 32.500000 -14.941667 12.425868
   vertex 32.500000 -15.936834 13.090817
  endloop
 endfacet
 facet normal -1.0 0.0 0.0
  outer loop
   vertex -32.500000 -10.366667 20.350000
   vertex -32.500000 -14.941667 12.425868
   vertex -32.500000 -15.936834 13.090817
  endloop
 endfacet
 facet normal 1.0 0.0 0.0
  outer loop
   vertex 32.500000 -10.366667 20.350000
   vertex 32.500000 -15.936834 13.090817
   vertex 32.500000 -14.941667 12.425868
  endloop
 endfacet
 facet normal 0.0 -0.4422886902190015 -0.8968727415326881
  outer loop
   vertex -32.500000 -14.941667 12.425868
   vertex -32.500000 -13.868220 11.896502
   vertex 32.500000 -13.868220 11.896502
  endloop
 endfacet
 facet normal 0.0 -0.4422886902190015 -0.8968727415326881
  outer loop
   vertex -32.500000 -14.941667 12.425868
   vertex 32.500000 -13.868220 11.896502
   vertex 32.500000 -14.941667 12.425868
  endloop
 endfacet
 facet normal -1.0 0.0 0.0
  outer loop
   vertex -32.500000 -10.366667 20.350000
   vertex -32.500000 -13.868220 11.896502
   vertex -32.500000 -14.941667 12.425868
  endloop
 endfacet
 facet normal 1.0 0.0 0.0
  outer loop
   vertex 32.500000 -10.366667 20.350000
   vertex 32.500000 -14.941667 12.425868
   vertex 32.500000 -13.868220 11.896502
  endloop
 endfacet
 facet normal 0.0 -0.32143946530316136 -0.9469301294951058
  outer loop
   vertex -32.500000 -13.868220 11.896502
   vertex -32.500000 -12.734861 11.511779
   vertex 32.500000 -12.734861 11.511779
  endloop
 endfacet
 facet normal 0.0 -0.32143946530316136 -0.9469301294951058
  outer loop
   vertex -32.500000 -13.868220 11.896502
   vertex 32.500000 -12.734861 11.511779
   vertex 32.500000 -13.868220 11.896502
  endloop
 endfacet
 facet normal -1.0 0.0 0.0
  outer loop
   vertex -32.500000 -10.366667 20.350000
   vertex -32.500000 -12.734861 11.511779
   vertex -32.500000 -13.868220 11.896502
  endloop
 endfacet
 facet normal 1.0 0.0 0.0
  outer loop
   vertex 32.500000 -10.366667 20.350000
   vertex 32.500000 -13.868220 11.896502
   vertex 32.500000 -12.734861 11.511779
  endloop
 endfacet
 facet normal 0.0 -0.1950903220161279 -0.9807852804032305
  outer loop
   vertex -32.500000 -12.734861 11.511779
   vertex -32.500000 -11.560981 11.278280
   vertex 32.500000 -11.560981 11.278280
  endloop
 endfacet
 facet normal 0.0 -0.1950903220161279 -0.9807852804032305
  outer loop
   vertex -32.500000 -12.734861 11.511779
   vertex 32.500000 -11.560981 11.278280
   vertex 32.500000 -12.734861 11.511779
  endloop
 endfacet
 facet normal -1.0 0.0 0.0
  outer loop
   vertex -32.500000 -10.366667 20.350000
   vertex -32.500000 -11.560981 11.278280
   vertex -32.500000 -12.734861 11.511779
  endloop
 endfacet
 facet normal 1.0 0.0 0.0
  outer loop
   vertex 32.500000 -10.366667 20.350000
   vertex 32.500000 -12.734861 11.511779
   vertex 32.500000 -11.560981 11.278280
  endloop
 endfacet
 facet normal 0.0 -0.06540312923014366 -0.9978589232386034
  outer loop
   vertex -32.500000 -11.560981 11.278280
   vertex -32.500000 -10.366667 11.200000
   vertex 32.500000 -10.366667 11.200000
  endloop
 endfacet
 facet normal 0.0 -0.06540312923014366 -0.9978589232386034
  outer loop
   vertex -32.500000 -11.560981 11.278280
   vertex 32.500000 -10.366667 11.200000
   vertex 32.500000 -11.560981 11.278280
  endloop
 endfacet
 facet normal -1.0 0.0 0.0
  outer loop
   vertex -32.500000 -10.366667 20.350000
   vertex -32.500000 -10.366667 11.200000
   vertex -32.500000 -11.560981 11.278280
  endloop
 endfacet
 facet normal 1.0 0.0 0.0
  outer loop
   vertex 32.500000 -10.366667 20.350000
   vertex 32.500000 -11.560981 11.278280
   vertex 32.500000 -10.366667 11.200000
  endloop
 endfacet
 facet normal 0.0 0.06540312923014219 -0.9978589232386036
  outer loop
   vertex -32.500000 -10.366667 11.200000
   vertex -32.500000 -9.172352 11.278280
   vertex 32.500000 -9.172352 11.278280
  endloop
 endfacet
 facet normal 0.0 0.06540312923014219 -0.9978589232386036
  outer loop
   vertex -32.500000 -10.366667 11.200000
   vertex 32.500000 -9.172352 11.278280
   vertex 32.500000 -10.366667 11.200000
  endloop
 endfacet
 facet normal -1.0 0.0 -0.0
  outer loop
   vertex -32.500000 -10.366667 20.350000
   vertex -32.500000 -9.172352 11.278280
   vertex -32.500000 -10.366667 11.200000
  endloop
 endfacet
 facet normal 1.0 0.0 0.0
  outer loop
   vertex 32.500000 -10.366667 20.350000
   vertex 32.500000 -10.366667 11.200000
   vertex 32.500000 -9.172352 11.278280
  endloop
 endfacet
 facet normal 0.0 0.1950903220161279 -0.9807852804032305
  outer loop
   vertex -32.500000 -9.172352 11.278280
   vertex -32.500000 -7.998472 11.511779
   vertex 32.500000 -7.998472 11.511779
  endloop
 endfacet
 facet normal 0.0 0.1950903220161279 -0.9807852804032305
  outer loop
   vertex -32.500000 -9.172352 11.278280
   vertex 32.500000 -7.998472 11.511779
   vertex 32.500000 -9.172352 11.278280
  endloop
 endfacet
 facet normal -1.0 0.0 0.0
  outer loop
   vertex -32.500000 -10.366667 20.350000
   vertex -32.500000 -7.998472 11.511779
   vertex -32.500000 -9.172352 11.278280
  endloop
 endfacet
 facet normal 1.0 0.0 0.0
  outer loop
   vertex 32.500000 -10.366667 20.350000
   vertex 32.500000 -9.172352 11.278280
   vertex 32.500000 -7.998472 11.511779
  endloop
 endfacet
 facet normal 0.0 0.32143946530316136 -0.9469301294951058
  outer loop
   vertex -32.500000 -7.998472 11.511779
   vertex -32.500000 -6.865113 11.896502
   vertex 32.500000 -6.865113 11.896502
  endloop
 endfacet
 facet normal 0.0 0.32143946530316136 -0.9469301294951058
  outer loop
   vertex -32.500000 -7.998472 11.511779
   vertex 32.500000 -6.865113 11.896502
   vertex 32.500000 -7.998472 11.511779
  endloop
 endfacet
 facet normal -1.0 0.0 0.0
  outer loop
   vertex -32.500000 -10.366667 20.350000
   vertex -32.500000 -6.865113 11.896502
   vertex -32.500000 -7.998472 11.511779
  endloop
 endfacet
 facet normal 1.0 0.0 0.0
  outer loop
   vertex 32.500000 -10.366667 20.350000
   vertex 32.500000 -7.998472 11.511779
   vertex 32.500000 -6.865113 11.896502
  endloop
 endfacet
 facet normal 0.0 0.4422886902190015 -0.8968727415326881
  outer loop
   vertex -32.500000 -6.865113 11.896502
   vertex -32.500000 -5.791667 12.425868
   vertex 32.500000 -5.791667 12.425868
  endloop
 endfacet
 facet normal 0.0 0.4422886902190015 -0.8968727415326881
  outer loop
   vertex -32.500000 -6.865113 11.896502
   vertex 32.500000 -5.791667 12.425868
   vertex 32.500000 -6.865113 11.896502
  endloop
 endfacet
 facet normal -1.0 0.0 0.0
  outer loop
   vertex -32.500000 -10.366667 20.350000
   vertex -32.500000 -5.791667 12.425868
   vertex -32.500000 -6.865113 11.896502
  endloop
 endfacet
 facet normal 1.0 0.0 0.0
  outer loop
   vertex 32.500000 -10.366667 20.350000
   vertex 32.500000 -6.865113 11.896502
   vertex 32.500000 -5.791667 12.425868
  endloop
 endfacet
 facet normal 0.0 0.5555702330196018 -0.8314696123025455
  outer loop
   vertex -32.500000 -5.791667 12.425868
   vertex -32.500000 -4.796500 13.090817
   vertex 32.500000 -4.796500 13.090817
  endloop
 endfacet
 facet normal 0.0 0.5555702330196018 -0.8314696123025455
  outer loop
   vertex -32.500000 -5.791667 12.425868
   vertex 32.500000 -4.796500 13.090817
   vertex 32.500000 -5.791667 12.425868
  endloop
 endfacet
 facet normal -1.0 0.0 0.0
  outer loop
   vertex -32.500000 -10.366667 20.350000
   vertex -32.500000 -4.796500 13.090817
   vertex -32.500000 -5.791667 12.425868
  endloop
 endfacet
 facet normal 1.0 0.0 0.0
  outer loop
   vertex 32.500000 -10.366667 20.350000
   vertex 32.500000 -5.791667 12.425868
   vertex 32.500000 -4.796500 13.090817
  endloop
 endfacet
 facet normal 0.0 0.6593458151000685 -0.7518398074789777
  outer loop
   vertex -32.500000 -4.796500 13.090817
   vertex -32.500000 -3.896640 13.879973
   vertex 32.500000 -3.896640 13.879973
  endloop
 endfacet
 facet normal 0.0 0.6593458151000685 -0.7518398074789777
  outer loop
   vertex -32.500000 -4.796500 13.090817
   vertex 32.500000 -3.896640 13.879973
   vertex 32.500000 -4.796500 13.090817
  endloop
 endfacet
 facet normal -1.0 0.0 0.0
  outer loop
   vertex -32.500000 -10.366667 20.350000
   vertex -32.500000 -3.896640 13.879973
   vertex -32.500000 -4.796500 13.090817
  endloop
 endfacet
 facet normal 1.0 0.0 0.0
  outer loop
   vertex 32.500000 -10.366667 20.350000
   vertex 32.500000 -4.796500 13.090817
   vertex 32.500000 -3.896640 13.879973
  endloop
 endfacet
 facet normal 0.0 0.751839807478977 -0.6593458151000693
  outer loop
   vertex -32.500000 -3.896640 13.879973
   vertex -32.500000 -3.107484 14.779833
   vertex 32.500000 -3.107484 14.779833
  endloop
 endfacet
 facet normal 0.0 0.751839807478977 -0.6593458151000693
  outer loop
   vertex -32.500000 -3.896640 13.879973
   vertex 32.500000 -3.107484 14.779833
   vertex 32.500000 -3.896640 13.879973
  endloop
 endfacet
 facet normal -1.0 0.0 0.0
  outer loop
   vertex -32.500000 -10.366667 20.350000
   vertex -32.500000 -3.107484 14.779833
   vertex -32.500000 -3.896640 13.879973
  endloop
 endfacet
 facet normal 1.0 0.0 0.0
  outer loop
   vertex 32.500000 -10.366667 20.350000
   vertex 32.500000 -3.896640 13.879973
   vertex 32.500000 -3.107484 14.779833
  endloop
 endfacet
 facet normal 0.0 0.831469612302545 -0.5555702330196025
  outer loop
   vertex -32.500000 -3.107484 14.779833
   vertex -32.500000 -2.442534 15.775000
   vertex 32.500000 -2.442534 15.775000
  endloop
 endfacet
 facet normal 0.0 0.831469612302545 -0.5555702330196025
  outer loop
   vertex -32.500000 -3.107484 14.779833
   vertex 32.500000 -2.442534 15.775000
   vertex 32.500000 -3.107484 14.779833
  endloop
 endfacet
 facet normal -1.0 0.0 0.0
  outer loop
   vertex -32.500000 -10.366667 20.350000
   vertex -32.500000 -2.442534 15.775000
   vertex -32.500000 -3.107484 14.779833
  endloop
 endfacet
 facet normal 1.0 0.0 0.0
  outer loop
   vertex 32.500000 -10.366667 20.350000
   vertex 32.500000 -3.107484 14.779833
   vertex 32.500000 -2.442534 15.775000
  endloop
 endfacet
 facet normal 0.0 0.8968727415326881 -0.4422886902190015
  outer loop
   vertex -32.500000 -2.442534 15.775000
   vertex -32.500000 -1.913169 16.848447
   vertex 32.500000 -1.913169 16.848447
  endloop
 endfacet
 facet normal 0.0 0.8968727415326881 -0.4422886902190015
  outer loop
   vertex -32.500000 -2.442534 15.775000
   vertex 32.500000 -1.913169 16.848447
   vertex 32.500000 -2.442534 15.775000
  endloop
 endfacet
 facet normal -1.0 0.0 0.0
  outer loop
   vertex -32.500000 -10.366667 20.350000
   vertex -32.500000 -1.913169 16.848447
   vertex -32.500000 -2.442534 15.775000
  endloop
 endfacet
 facet normal 1.0 0.0 0.0
  outer loop
   vertex 32.500000 -10.366667 20.350000
   vertex 32.500000 -2.442534 15.775000
   vertex 32.500000 -1.913169 16.848447
  endloop
 endfacet
 facet normal 0.0 0.9469301294951056 -0.32143946530316186
  outer loop
   vertex -32.500000 -1.913169 16.848447
   vertex -32.500000 -1.528445 17.981806
   vertex 32.500000 -1.528445 17.981806
  endloop
 endfacet
 facet normal 0.0 0.9469301294951056 -0.32143946530316186
  outer loop
   vertex -32.500000 -1.913169 16.848447
   vertex 32.500000 -1.528445 17.981806
   vertex 32.500000 -1.913169 16.848447
  endloop
 endfacet
 facet normal -1.0 0.0 0.0
  outer loop
   vertex -32.500000 -10.366667 20.350000
   vertex -32.500000 -1.528445 17.981806
   vertex -32.500000 -1.913169 16.848447
  endloop
 endfacet
 facet normal 1.0 0.0 0.0
  outer loop
   vertex 32.500000 -10.366667 20.350000
   vertex 32.500000 -1.913169 16.848447
   vertex 32.500000 -1.528445 17.981806
  endloop
 endfacet
 facet normal 0.0 0.9807852804032305 -0.19509032201612792
  outer loop
   vertex -32.500000 -1.528445 17.981806
   vertex -32.500000 -1.294946 19.155685
   vertex 32.500000 -1.294946 19.155685
  endloop
 endfacet
 facet normal 0.0 0.9807852804032305 -0.19509032201612792
  outer loop
   vertex -32.500000 -1.528445 17.981806
   vertex 32.500000 -1.294946 19.155685
   vertex 32.500000 -1.528445 17.981806
  endloop
 endfacet
 facet normal -1.0 0.0 0.0
  outer loop
   vertex -32.500000 -10.366667 20.350000
   vertex -32.500000 -1.294946 19.155685
   vertex -32.500000 -1.528445 17.981806
  endloop
 endfacet
 facet normal 1.0 0.0 0.0
  outer loop
   vertex 32.500000 -10.366667 20.350000
   vertex 32.500000 -1.528445 17.981806
   vertex 32.500000 -1.294946 19.155685
  endloop
 endfacet
 facet normal 0.0 0.9978589232386034 -0.06540312923014385
  outer loop
   vertex -32.500000 -1.294946 19.155685
   vertex -32.500000 -1.216667 20.350000
   vertex 32.500000 -1.216667 20.350000
  endloop
 endfacet
 facet normal 0.0 0.9978589232386034 -0.06540312923014385
  outer loop
   vertex -32.500000 -1.294946 19.155685
   vertex 32.500000 -1.216667 20.350000
   vertex 32.500000 -1.294946 19.155685
  endloop
 endfacet
 facet normal -1.0 0.0 0.0
  outer loop
   vertex -32.500000 -10.366667 20.350000
   vertex -32.500000 -1.216667 20.350000
   vertex -32.500000 -1.294946 19.155685
  endloop
 endfacet
 facet normal 1.0 0.0 0.0
  outer loop
   vertex 32.500000 -10.366667 20.350000
   vertex 32.500000 -1.294946 19.155685
   vertex 32.500000 -1.216667 20.350000
  endloop
 endfacet
 facet normal 0.0 0.9978589232386034 0.06540312923014366
  outer loop
   vertex -32.500000 19.516667 20.350000
   vertex -32.500000 19.438387 21.544315
   vertex 32.500000 19.438387 21.544315
  endloop
 endfacet
 facet normal -0.0 0.9978589232386034 0.06540312923014366
  outer loop
   vertex -32.500000 19.516667 20.350000
   vertex 32.500000 19.438387 21.544315
   vertex 32.500000 19.516667 20.350000
  endloop
 endfacet
 facet normal -1.0 0.0 0.0
  outer loop
   vertex -32.500000 10.366667 20.350000
   vertex -32.500000 19.438387 21.544315
   vertex -32.500000 19.516667 20.350000
  endloop
 endfacet
 facet normal 1.0 0.0 0.0
  outer loop
   vertex 32.500000 10.366667 20.350000
   vertex 32.500000 19.516667 20.350000
   vertex 32.500000 19.438387 21.544315
  endloop
 endfacet
 facet normal 0.0 0.9807852804032305 0.1950903220161276
  outer loop
   vertex -32.500000 19.438387 21.544315
   vertex -32.500000 19.204888 22.718194
   vertex 32.500000 19.204888 22.718194
  endloop
 endfacet
 facet normal -0.0 0.9807852804032305 0.1950903220161276
  outer loop
   vertex -32.500000 19.438387 21.544315
   vertex 32.500000 19.204888 22.718194
   vertex 32.500000 19.438387 21.544315
  endloop
 endfacet
 facet normal -1.0 0.0 0.0
  outer loop
   vertex -32.500000 10.366667 20.350000
   vertex -32.500000 19.204888 22.718194
   vertex -32.500000 19.438387 21.544315
  endloop
 endfacet
 facet normal 1.0 0.0 0.0
  outer loop
   vertex 32.500000 10.366667 20.350000
   vertex 32.500000 19.438387 21.544315
   vertex 32.500000 19.204888 22.718194
  endloop
 endfacet
 facet normal 0.0 0.9469301294951055 0.32143946530316175
  outer loop
   vertex -32.500000 19.204888 22.718194
   vertex -32.500000 18.820164 23.851553
   vertex 32.500000 18.820164 23.851553
  endloop
 endfacet
 facet normal -0.0 0.9469301294951055 0.32143946530316175
  outer loop
   vertex -32.500000 19.204888 22.718194
   vertex 32.500000 18.820164 23.851553
   vertex 32.500000 19.204888 22.718194
  endloop
 endfacet
 facet normal -1.0 0.0 0.0
  outer loop
   vertex -32.500000 10.366667 20.350000
   vertex -32.500000 18.820164 23.851553
   vertex -32.500000 19.204888 22.718194
  endloop
 endfacet
 facet normal 1.0 0.0 0.0
  outer loop
   vertex 32.500000 10.366667 20.350000
   vertex 32.500000 19.204888 22.718194
   vertex 32.500000 18.820164 23.851553
  endloop
 endfacet
 facet normal 0.0 0.8968727415326886 0.44228869021900086
  outer loop
   vertex -32.500000 18.820164 23.851553
   vertex -32.500000 18.290799 24.925000
   vertex 32.500000 18.290799 24.925000
  endloop
 endfacet
 facet normal -0.0 0.8968727415326886 0.44228869021900086
  outer loop
   vertex -32.500000 18.820164 23.851553
   vertex 32.500000 18.290799 24.925000
   vertex 32.500000 18.820164 23.851553
  endloop
 endfacet
 facet normal -1.0 0.0 0.0
  outer loop
   vertex -32.500000 10.366667 20.350000
   vertex -32.500000 18.290799 24.925000
   vertex -32.500000 18.820164 23.851553
  endloop
 endfacet
 facet normal 1.0 0.0 0.0
  outer loop
   vertex 32.500000 10.366667 20.350000
   vertex 32.500000 18.820164 23.851553
   vertex 32.500000 18.290799 24.925000
  endloop
 endfacet
 facet normal 0.0 0.8314696123025448 0.5555702330196028
  outer loop
   vertex -32.500000 18.290799 24.925000
   vertex -32.500000 17.625850 25.920167
   vertex 32.500000 17.625850 25.920167
  endloop
 endfacet
 facet normal -0.0 0.8314696123025448 0.5555702330196028
  outer loop
   vertex -32.500000 18.290799 24.925000
   vertex 32.500000 17.625850 25.920167
   vertex 32.500000 18.290799 24.925000
  endloop
 endfacet
 facet normal -1.0 0.0 0.0
  outer loop
   vertex -32.500000 10.366667 20.350000
   vertex -32.500000 17.625850 25.920167
   vertex -32.500000 18.290799 24.925000
  endloop
 endfacet
 facet normal 1.0 0.0 0.0
  outer loop
   vertex 32.500000 10.366667 20.350000
   vertex 32.500000 18.290799 24.925000
   vertex 32.500000 17.625850 25.920167
  endloop
 endfacet
 facet normal 0.0 0.751839807478978 0.6593458151000682
  outer loop
   vertex -32.500000 17.625850 25.920167
   vertex -32.500000 16.836694 26.820027
   vertex 32.500000 16.836694 26.820027
  endloop
 endfacet
 facet normal -0.0 0.751839807478978 0.6593458151000682
  outer loop
   vertex -32.500000 17.625850 25.920167
   vertex 32.500000 16.836694 26.820027
   vertex 32.500000 17.625850 25.920167
  endloop
 endfacet
 facet normal -1.0 0.0 0.0
  outer loop
   vertex -32.500000 10.366667 20.350000
   vertex -32.500000 16.836694 26.820027
   vertex -32.500000 17.625850 25.920167
  endloop
 endfacet
 facet normal 1.0 0.0 0.0
  outer loop
   vertex 32.500000 10.366667 20.350000
   vertex 32.500000 17.625850 25.920167
   vertex 32.500000 16.836694 26.820027
  endloop
 endfacet
 facet normal 0.0 0.6593458151000698 0.7518398074789766
  outer loop
   vertex -32.500000 16.836694 26.820027
   vertex -32.500000 15.936834 27.609183
   vertex 32.500000 15.936834 27.609183
  endloop
 endfacet
 facet normal -0.0 0.6593458151000698 0.7518398074789766
  outer loop
   vertex -32.500000 16.836694 26.820027
   vertex 32.500000 15.936834 27.609183
   vertex 32.500000 16.836694 26.820027
  endloop
 endfacet
 facet normal -1.0 0.0 0.0
  outer loop
   vertex -32.500000 10.366667 20.350000
   vertex -32.500000 15.936834 27.609183
   vertex -32.500000 16.836694 26.820027
  endloop
 endfacet
 facet normal 1.0 0.0 0.0
  outer loop
   vertex 32.500000 10.366667 20.350000
   vertex 32.500000 16.836694 26.820027
   vertex 32.500000 15.936834 27.609183
  endloop
 endfacet
 facet normal 0.0 0.5555702330196008 0.8314696123025461
  outer loop
   vertex -32.500000 15.936834 27.609183
   vertex -32.500000 14.941667 28.274132
   vertex 32.500000 14.941667 28.274132
  endloop
 endfacet
 facet normal -0.0 0.5555702330196008 0.8314696123025461
  outer loop
   vertex -32.500000 15.936834 27.609183
   vertex 32.500000 14.941667 28.274132
   vertex 32.500000 15.936834 27.609183
  endloop
 endfacet
 facet normal -1.0 0.0 0.0
  outer loop
   vertex -32.500000 10.366667 20.350000
   vertex -32.500000 14.941667 28.274132
   vertex -32.500000 15.936834 27.609183
  endloop
 endfacet
 facet normal 1.0 0.0 0.0
  outer loop
   vertex 32.500000 10.366667 20.350000
   vertex 32.500000 15.936834 27.609183
   vertex 32.500000 14.941667 28.274132
  endloop
 endfacet
 facet normal 0.0 0.44228869021900197 0.8968727415326879
  outer loop
   vertex -32.500000 14.941667 28.274132
   vertex -32.500000 13.868220 28.803498
   vertex 32.500000 13.868220 28.803498
  endloop
 endfacet
 facet normal -0.0 0.44228869021900197 0.8968727415326879
  outer loop
   vertex -32.500000 14.941667 28.274132
   vertex 32.500000 13.868220 28.803498
   vertex 32.500000 14.941667 28.274132
  endloop
 endfacet
 facet normal -1.0 0.0 0.0
  outer loop
   vertex -32.500000 10.366667 20.350000
   vertex -32.500000 13.868220 28.803498
   vertex -32.500000 14.941667 28.274132
  endloop
 endfacet
 facet normal 1.0 0.0 0.0
  outer loop
   vertex 32.500000 10.366667 20.350000
   vertex 32.500000 14.941667 28.274132
   vertex 32.500000 13.868220 28.803498
  endloop
 endfacet
 facet normal 0.0 0.32143946530316003 0.9469301294951062
  outer loop
   vertex -32.500000 13.868220 28.803498
   vertex -32.500000 12.734861 29.188221
   vertex 32.500000 12.734861 29.188221
  endloop
 endfacet
 facet normal -0.0 0.32143946530316003 0.9469301294951062
  outer loop
   vertex -32.500000 13.868220 28.803498
   vertex 32.500000 12.734861 29.188221
   vertex 32.500000 13.868220 28.803498
  endloop
 endfacet
 facet normal -1.0 0.0 0.0
  outer loop
   vertex -32.500000 10.366667 20.350000
   vertex -32.500000 12.734861 29.188221
   vertex -32.500000 13.868220 28.803498
  endloop
 endfacet
 facet normal 1.0 0.0 0.0
  outer loop
   vertex 32.500000 10.366667 20.350000
   vertex 32.500000 13.868220 28.803498
   vertex 32.500000 12.734861 29.188221
  endloop
 endfacet
 facet normal 0.0 0.19509032201613047 0.9807852804032301
  outer loop
   vertex -32.500000 12.734861 29.188221
   vertex -32.500000 11.560981 29.421720
   vertex 32.500000 11.560981 29.421720
  endloop
 endfacet
 facet normal -0.0 0.19509032201613047 0.9807852804032301
  outer loop
   vertex -32.500000 12.734861 29.188221
   vertex 32.500000 11.560981 29.421720
   vertex 32.500000 12.734861 29.188221
  endloop
 endfacet
 facet normal -1.0 0.0 0.0
  outer loop
   vertex -32.500000 10.366667 20.350000
   vertex -32.500000 11.560981 29.421720
   vertex -32.500000 12.734861 29.188221
  endloop
 endfacet
 facet normal 1.0 0.0 0.0
  outer loop
   vertex 32.500000 10.366667 20.350000
   vertex 32.500000 12.734861 29.188221
   vertex 32.500000 11.560981 29.421720
  endloop
 endfacet
 facet normal 0.0 0.06540312923014062 0.9978589232386036
  outer loop
   vertex -32.500000 11.560981 29.421720
   vertex -32.500000 10.366667 29.500000
   vertex 32.500000 10.366667 29.500000
  endloop
 endfacet
 facet normal -0.0 0.06540312923014062 0.9978589232386036
  outer loop
   vertex -32.500000 11.560981 29.421720
   vertex 32.500000 10.366667 29.500000
   vertex 32.500000 11.560981 29.421720
  endloop
 endfacet
 facet normal -1.0 0.0 0.0
  outer loop
   vertex -32.500000 10.366667 20.350000
   vertex -32.500000 10.366667 29.500000
   vertex -32.500000 11.560981 29.421720
  endloop
 endfacet
 facet normal 1.0 0.0 0.0
  outer loop
   vertex 32.500000 10.366667 20.350000
   vertex 32.500000 11.560981 29.421720
   vertex 32.500000 10.366667 29.500000
  endloop
 endfacet
 facet normal 0.0 -0.0654031292301407 0.9978589232386036
  outer loop
   vertex -32.500000 10.366667 29.500000
   vertex -32.500000 9.172352 29.421720
   vertex 32.500000 9.172352 29.421720
  endloop
 endfacet
 facet normal 0.0 -0.0654031292301407 0.9978589232386036
  outer loop
   vertex -32.500000 10.366667 29.500000
   vertex 32.500000 9.172352 29.421720
   vertex 32.500000 10.366667 29.500000
  endloop
 endfacet
 facet normal -1.0 0.0 0.0
  outer loop
   vertex -32.500000 10.366667 20.350000
   vertex -32.500000 9.172352 29.421720
   vertex -32.500000 10.366667 29.500000
  endloop
 endfacet
 facet normal 1.0 0.0 -0.0
  outer loop
   vertex 32.500000 10.366667 20.350000
   vertex 32.500000 10.366667 29.500000
   vertex 32.500000 9.172352 29.421720
  endloop
 endfacet
 facet normal 0.0 -0.19509032201613047 0.9807852804032301
  outer loop
   vertex -32.500000 9.172352 29.421720
   vertex -32.500000 7.998472 29.188221
   vertex 32.500000 7.998472 29.188221
  endloop
 endfacet
 facet normal 0.0 -0.19509032201613047 0.9807852804032301
  outer loop
   vertex -32.500000 9.172352 29.421720
   vertex 32.500000 7.998472 29.188221
   vertex 32.500000 9.172352 29.421720
  endloop
 endfacet
 facet normal -1.0 0.0 0.0
  outer loop
   vertex -32.500000 10.366667 20.350000
   vertex -32.500000 7.998472 29.188221
   vertex -32.500000 9.172352 29.421720
  endloop
 endfacet
 facet normal 1.0 0.0 0.0
  outer loop
   vertex 32.500000 10.366667 20.350000
   vertex 32.500000 9.172352 29.421720
   vertex 32.500000 7.998472 29.188221
  endloop
 endfacet
 facet normal 0.0 -0.32143946530316003 0.9469301294951062
  outer loop
   vertex -32.500000 7.998472 29.188221
   vertex -32.500000 6.865113 28.803498
   vertex 32.500000 6.865113 28.803498
  endloop
 endfacet
 facet normal 0.0 -0.32143946530316003 0.9469301294951062
  outer loop
   vertex -32.500000 7.998472 29.188221
   vertex 32.500000 6.865113 28.803498
   vertex 32.500000 7.998472 29.188221
  endloop
 endfacet
 facet normal -1.0 0.0 0.0
  outer loop
   vertex -32.500000 10.366667 20.350000
   vertex -32.500000 6.865113 28.803498
   vertex -32.500000 7.998472 29.188221
  endloop
 endfacet
 facet normal 1.0 0.0 0.0
  outer loop
   vertex 32.500000 10.366667 20.350000
   vertex 32.500000 7.998472 29.188221
   vertex 32.500000 6.865113 28.803498
  endloop
 endfacet
 facet normal 0.0 -0.44228869021899997 0.896872741532689
  outer loop
   vertex -32.500000 6.865113 28.803498
   vertex -32.500000 5.791667 28.274132
   vertex 32.500000 5.791667 28.274132
  endloop
 endfacet
 facet normal 0.0 -0.44228869021899997 0.896872741532689
  outer loop
   vertex -32.500000 6.865113 28.803498
   vertex 32.500000 5.791667 28.274132
   vertex 32.500000 6.865113 28.803498
  endloop
 endfacet
 facet normal -1.0 0.0 0.0
  outer loop
   vertex -32.500000 10.366667 20.350000
   vertex -32.500000 5.791667 28.274132
   vertex -32.500000 6.865113 28.803498
  endloop
 endfacet
 facet normal 1.0 0.0 0.0
  outer loop
   vertex 32.500000 10.366667 20.350000
   vertex 32.500000 6.865113 28.803498
   vertex 32.500000 5.791667 28.274132
  endloop
 endfacet
 facet normal 0.0 -0.5555702330196023 0.8314696123025453
  outer loop
   vertex -32.500000 5.791667 28.274132
   vertex -32.500000 4.796500 27.609183
   vertex 32.500000 4.796500 27.609183
  endloop
 endfacet
 facet normal 0.0 -0.5555702330196023 0.8314696123025453
  outer loop
   vertex -32.500000 5.791667 28.274132
   vertex 32.500000 4.796500 27.609183
   vertex 32.500000 5.791667 28.274132
  endloop
 endfacet
 facet normal -1.0 0.0 0.0
  outer loop
   vertex -32.500000 10.366667 20.350000
   vertex -32.500000 4.796500 27.609183
   vertex -32.500000 5.791667 28.274132
  endloop
 endfacet
 facet normal 1.0 0.0 0.0
  outer loop
   vertex 32.500000 10.366667 20.350000
   vertex 32.500000 5.791667 28.274132
   vertex 32.500000 4.796500 27.609183
  endloop
 endfacet
 facet normal 0.0 -0.6593458151000702 0.7518398074789763
  outer loop
   vertex -32.500000 4.796500 27.609183
   vertex -32.500000 3.896640 26.820027
   vertex 32.500000 3.896640 26.820027
  endloop
 endfacet
 facet normal 0.0 -0.6593458151000702 0.7518398074789763
  outer loop
   vertex -32.500000 4.796500 27.609183
   vertex 32.500000 3.896640 26.820027
   vertex 32.500000 4.796500 27.609183
  endloop
 endfacet
 facet normal -1.0 0.0 0.0
  outer loop
   vertex -32.500000 10.366667 20.350000
   vertex -32.500000 3.896640 26.820027
   vertex -32.500000 4.796500 27.609183
  endloop
 endfacet
 facet normal 1.0 0.0 0.0
  outer loop
   vertex 32.500000 10.366667 20.350000
   vertex 32.500000 4.796500 27.609183
   vertex 32.500000 3.896640 26.820027
  endloop
 endfacet
 facet normal 0.0 -0.7518398074789763 0.6593458151000701
  outer loop
   vertex -32.500000 3.896640 26.820027
   vertex -32.500000 3.107484 25.920167
   vertex 32.500000 3.107484 25.920167
  endloop
 endfacet
 facet normal 0.0 -0.7518398074789763 0.6593458151000701
  outer loop
   vertex -32.500000 3.896640 26.820027
   vertex 32.500000 3.107484 25.920167
   vertex 32.500000 3.896640 26.820027
  endloop
 endfacet
 facet normal -1.0 0.0 0.0
  outer loop
   vertex -32.500000 10.366667 20.350000
   vertex -32.500000 3.107484 25.920167
   vertex -32.500000 3.896640 26.820027
  endloop
 endfacet
 facet normal 1.0 0.0 0.0
  outer loop
   vertex 32.500000 10.366667 20.350000
   vertex 32.500000 3.896640 26.820027
   vertex 32.500000 3.107484 25.920167
  endloop
 endfacet
 facet normal 0.0 -0.8314696123025453 0.555570233019602
  outer loop
   vertex -32.500000 3.107484 25.920167
   vertex -32.500000 2.442534 24.925000
   vertex 32.500000 2.442534 24.925000
  endloop
 endfacet
 facet normal 0.0 -0.8314696123025453 0.555570233019602
  outer loop
   vertex -32.500000 3.107484 25.920167
   vertex 32.500000 2.442534 24.925000
   vertex 32.500000 3.107484 25.920167
  endloop
 endfacet
 facet normal -1.0 0.0 0.0
  outer loop
   vertex -32.500000 10.366667 20.350000
   vertex -32.500000 2.442534 24.925000
   vertex -32.500000 3.107484 25.920167
  endloop
 endfacet
 facet normal 1.0 0.0 0.0
  outer loop
   vertex 32.500000 10.366667 20.350000
   vertex 32.500000 3.107484 25.920167
   vertex 32.500000 2.442534 24.925000
  endloop
 endfacet
 facet normal 0.0 -0.8968727415326886 0.44228869021900086
  outer loop
   vertex -32.500000 2.442534 24.925000
   vertex -32.500000 1.913169 23.851553
   vertex 32.500000 1.913169 23.851553
  endloop
 endfacet
 facet normal 0.0 -0.8968727415326886 0.44228869021900086
  outer loop
   vertex -32.500000 2.442534 24.925000
   vertex 32.500000 1.913169 23.851553
   vertex 32.500000 2.442534 24.925000
  endloop
 endfacet
 facet normal -1.0 0.0 0.0
  outer loop
   vertex -32.500000 10.366667 20.350000
   vertex -32.500000 1.913169 23.851553
   vertex -32.500000 2.442534 24.925000
  endloop
 endfacet
 facet normal 1.0 0.0 0.0
  outer loop
   vertex 32.500000 10.366667 20.350000
   vertex 32.500000 2.442534 24.925000
   vertex 32.500000 1.913169 23.851553
  endloop
 endfacet
 facet normal 0.0 -0.9469301294951058 0.32143946530316136
  outer loop
   vertex -32.500000 1.913169 23.851553
   vertex -32.500000 1.528445 22.718194
   vertex 32.500000 1.528445 22.718194
  endloop
 endfacet
 facet normal 0.0 -0.9469301294951058 0.32143946530316136
  outer loop
   vertex -32.500000 1.913169 23.851553
   vertex 32.500000 1.528445 22.718194
   vertex 32.500000 1.913169 23.851553
  endloop
 endfacet
 facet normal -1.0 0.0 0.0
  outer loop
   vertex -32.500000 10.366667 20.350000
   vertex -32.500000 1.528445 22.718194
   vertex -32.500000 1.913169 23.851553
  endloop
 endfacet
 facet normal 1.0 0.0 0.0
  outer loop
   vertex 32.500000 10.366667 20.350000
   vertex 32.500000 1.913169 23.851553
   vertex 32.500000 1.528445 22.718194
  endloop
 endfacet
 facet normal 0.0 -0.9807852804032302 0.19509032201612903
  outer loop
   vertex -32.500000 1.528445 22.718194
   vertex -32.500000 1.294946 21.544315
   vertex 32.500000 1.294946 21.544315
  endloop
 endfacet
 facet normal 0.0 -0.9807852804032302 0.19509032201612903
  outer loop
   vertex -32.500000 1.528445 22.718194
   vertex 32.500000 1.294946 21.544315
   vertex 32.500000 1.528445 22.718194
  endloop
 endfacet
 facet normal -1.0 0.0 0.0
  outer loop
   vertex -32.500000 10.366667 20.350000
   vertex -32.500000 1.294946 21.544315
   vertex -32.500000 1.528445 22.718194
  endloop
 endfacet
 facet normal 1.0 0.0 0.0
  outer loop
   vertex 32.500000 10.366667 20.350000
   vertex 32.500000 1.528445 22.718194
   vertex 32.500000 1.294946 21.544315
  endloop
 endfacet
 facet normal 0.0 -0.9978589232386035 0.06540312923014346
  outer loop
   vertex -32.500000 1.294946 21.544315
   vertex -32.500000 1.216667 20.350000
   vertex 32.500000 1.216667 20.350000
  endloop
 endfacet
 facet normal 0.0 -0.9978589232386035 0.06540312923014346
  outer loop
   vertex -32.500000 1.294946 21.544315
   vertex 32.500000 1.216667 20.350000
   vertex 32.500000 1.294946 21.544315
  endloop
 endfacet
 facet normal -1.0 0.0 0.0
  outer loop
   vertex -32.500000 10.366667 20.350000
   vertex -32.500000 1.216667 20.350000
   vertex -32.500000 1.294946 21.544315
  endloop
 endfacet
 facet normal 1.0 0.0 0.0
  outer loop
   vertex 32.500000 10.366667 20.350000
   vertex 32.500000 1.294946 21.544315
   vertex 32.500000 1.216667 20.350000
  endloop
 endfacet
 facet normal 0.0 -0.9978589232386035 -0.06540312923014346
  outer loop
   vertex -32.500000 1.216667 20.350000
   vertex -32.500000 1.294946 19.155685
   vertex 32.500000 1.294946 19.155685
  endloop
 endfacet
 facet normal 0.0 -0.9978589232386035 -0.06540312923014346
  outer loop
   vertex -32.500000 1.216667 20.350000
   vertex 32.500000 1.294946 19.155685
   vertex 32.500000 1.216667 20.350000
  endloop
 endfacet
 facet normal -1.0 -0.0 0.0
  outer loop
   vertex -32.500000 10.366667 20.350000
   vertex -32.500000 1.294946 19.155685
   vertex -32.500000 1.216667 20.350000
  endloop
 endfacet
 facet normal 1.0 0.0 0.0
  outer loop
   vertex 32.500000 10.366667 20.350000
   vertex 32.500000 1.216667 20.350000
   vertex 32.500000 1.294946 19.155685
  endloop
 endfacet
 facet normal 0.0 -0.9807852804032305 -0.19509032201612822
  outer loop
   vertex -32.500000 1.294946 19.155685
   vertex -32.500000 1.528445 17.981806
   vertex 32.500000 1.528445 17.981806
  endloop
 endfacet
 facet normal 0.0 -0.9807852804032305 -0.19509032201612822
  outer loop
   vertex -32.500000 1.294946 19.155685
   vertex 32.500000 1.528445 17.981806
   vertex 32.500000 1.294946 19.155685
  endloop
 endfacet
 facet normal -1.0 0.0 0.0
  outer loop
   vertex -32.500000 10.366667 20.350000
   vertex -32.500000 1.528445 17.981806
   vertex -32.500000 1.294946 19.155685
  endloop
 endfacet
 facet normal 1.0 0.0 0.0
  outer loop
   vertex 32.500000 10.366667 20.350000
   vertex 32.500000 1.294946 19.155685
   vertex 32.500000 1.528445 17.981806
  endloop
 endfacet
 facet normal 0.0 -0.9469301294951058 -0.32143946530316136
  outer loop
   vertex -32.500000 1.528445 17.981806
   vertex -32.500000 1.913169 16.848447
   vertex 32.500000 1.913169 16.848447
  endloop
 endfacet
 facet normal 0.0 -0.9469301294951058 -0.32143946530316136
  outer loop
   vertex -32.500000 1.528445 17.981806
   vertex 32.500000 1.913169 16.848447
   vertex 32.500000 1.528445 17.981806
  endloop
 endfacet
 facet normal -1.0 0.0 0.0
  outer loop
   vertex -32.500000 10.366667 20.350000
   vertex -32.500000 1.913169 16.848447
   vertex -32.500000 1.528445 17.981806
  endloop
 endfacet
 facet normal 1.0 0.0 0.0
  outer loop
   vertex 32.500000 10.366667 20.350000
   vertex 32.500000 1.528445 17.981806
   vertex 32.500000 1.913169 16.848447
  endloop
 endfacet
 facet normal 0.0 -0.8968727415326886 -0.44228869021900086
  outer loop
   vertex -32.500000 1.913169 16.848447
   vertex -32.500000 2.442534 15.775000
   vertex 32.500000 2.442534 15.775000
  endloop
 endfacet
 facet normal 0.0 -0.8968727415326886 -0.44228869021900086
  outer loop
   vertex -32.500000 1.913169 16.848447
   vertex 32.500000 2.442534 15.775000
   vertex 32.500000 1.913169 16.848447
  endloop
 endfacet
 facet normal -1.0 0.0 0.0
  outer loop
   vertex -32.500000 10.366667 20.350000
   vertex -32.500000 2.442534 15.775000
   vertex -32.500000 1.913169 16.848447
  endloop
 endfacet
 facet normal 1.0 0.0 0.0
  outer loop
   vertex 32.500000 10.366667 20.350000
   vertex 32.500000 1.913169 16.848447
   vertex 32.500000 2.442534 15.775000
  endloop
 endfacet
 facet normal 0.0 -0.8314696123025453 -0.5555702330196023
  outer loop
   vertex -32.500000 2.442534 15.775000
   vertex -32.500000 3.107484 14.779833
   vertex 32.500000 3.107484 14.779833
  endloop
 endfacet
 facet normal 0.0 -0.8314696123025453 -0.5555702330196023
  outer loop
   vertex -32.500000 2.442534 15.775000
   vertex 32.500000 3.107484 14.779833
   vertex 32.500000 2.442534 15.775000
  endloop
 endfacet
 facet normal -1.0 0.0 0.0
  outer loop
   vertex -32.500000 10.366667 20.350000
   vertex -32.500000 3.107484 14.779833
   vertex -32.500000 2.442534 15.775000
  endloop
 endfacet
 facet normal 1.0 0.0 0.0
  outer loop
   vertex 32.500000 10.366667 20.350000
   vertex 32.500000 2.442534 15.775000
   vertex 32.500000 3.107484 14.779833
  endloop
 endfacet
 facet normal 0.0 -0.7518398074789774 -0.6593458151000688
  outer loop
   vertex -32.500000 3.107484 14.779833
   vertex -32.500000 3.896640 13.879973
   vertex 32.500000 3.896640 13.879973
  endloop
 endfacet
 facet normal 0.0 -0.7518398074789774 -0.6593458151000688
  outer loop
   vertex -32.500000 3.107484 14.779833
   vertex 32.500000 3.896640 13.879973
   vertex 32.500000 3.107484 14.779833
  endloop
 endfacet
 facet normal -1.0 0.0 0.0
  outer loop
   vertex -32.500000 10.366667 20.350000
   vertex -32.500000 3.896640 13.879973
   vertex -32.500000 3.107484 14.779833
  endloop
 endfacet
 facet normal 1.0 0.0 0.0
  outer loop
   vertex 32.500000 10.366667 20.350000
   vertex 32.500000 3.107484 14.779833
   vertex 32.500000 3.896640 13.879973
  endloop
 endfacet
 facet normal 0.0 -0.6593458151000691 -0.7518398074789773
  outer loop
   vertex -32.500000 3.896640 13.879973
   vertex -32.500000 4.796500 13.090817
   vertex 32.500000 4.796500 13.090817
  endloop
 endfacet
 facet normal 0.0 -0.6593458151000691 -0.7518398074789773
  outer loop
   vertex -32.500000 3.896640 13.879973
   vertex 32.500000 4.796500 13.090817
   vertex 32.500000 3.896640 13.879973
  endloop
 endfacet
 facet normal -1.0 0.0 0.0
  outer loop
   vertex -32.500000 10.366667 20.350000
   vertex -32.500000 4.796500 13.090817
   vertex -32.500000 3.896640 13.879973
  endloop
 endfacet
 facet normal 1.0 0.0 0.0
  outer loop
   vertex 32.500000 10.366667 20.350000
   vertex 32.500000 3.896640 13.879973
   vertex 32.500000 4.796500 13.090817
  endloop
 endfacet
 facet normal 0.0 -0.555570233019603 -0.8314696123025449
  outer loop
   vertex -32.500000 4.796500 13.090817
   vertex -32.500000 5.791667 12.425868
   vertex 32.500000 5.791667 12.425868
  endloop
 endfacet
 facet normal 0.0 -0.555570233019603 -0.8314696123025449
  outer loop
   vertex -32.500000 4.796500 13.090817
   vertex 32.500000 5.791667 12.425868
   vertex 32.500000 4.796500 13.090817
  endloop
 endfacet
 facet normal -1.0 0.0 0.0
  outer loop
   vertex -32.500000 10.366667 20.350000
   vertex -32.500000 5.791667 12.425868
   vertex -32.500000 4.796500 13.090817
  endloop
 endfacet
 facet normal 1.0 0.0 0.0
  outer loop
   vertex 32.500000 10.366667 20.350000
   vertex 32.500000 4.796500 13.090817
   vertex 32.500000 5.791667 12.425868
  endloop
 endfacet
 facet normal 0.0 -0.4422886902190015 -0.8968727415326881
  outer loop
   vertex -32.500000 5.791667 12.425868
   vertex -32.500000 6.865113 11.896502
   vertex 32.500000 6.865113 11.896502
  endloop
 endfacet
 facet normal 0.0 -0.4422886902190015 -0.8968727415326881
  outer loop
   vertex -32.500000 5.791667 12.425868
   vertex 32.500000 6.865113 11.896502
   vertex 32.500000 5.791667 12.425868
  endloop
 endfacet
 facet normal -1.0 0.0 0.0
  outer loop
   vertex -32.500000 10.366667 20.350000
   vertex -32.500000 6.865113 11.896502
   vertex -32.500000 5.791667 12.425868
  endloop
 endfacet
 facet normal 1.0 0.0 0.0
  outer loop
   vertex 32.500000 10.366667 20.350000
   vertex 32.500000 5.791667 12.425868
   vertex 32.500000 6.865113 11.896502
  endloop
 endfacet
 facet normal 0.0 -0.32143946530316136 -0.9469301294951058
  outer loop
   vertex -32.500000 6.865113 11.896502
   vertex -32.500000 7.998472 11.511779
   vertex 32.500000 7.998472 11.511779
  endloop
 endfacet
 facet normal 0.0 -0.32143946530316136 -0.9469301294951058
  outer loop
   vertex -32.500000 6.865113 11.896502
   vertex 32.500000 7.998472 11.511779
   vertex 32.500000 6.865113 11.896502
  endloop
 endfacet
 facet normal -1.0 0.0 0.0
  outer loop
   vertex -32.500000 10.366667 20.350000
   vertex -32.500000 7.998472 11.511779
   vertex -32.500000 6.865113 11.896502
  endloop
 endfacet
 facet normal 1.0 0.0 0.0
  outer loop
   vertex 32.500000 10.366667 20.350000
   vertex 32.500000 6.865113 11.896502
   vertex 32.500000 7.998472 11.511779
  endloop
 endfacet
 facet normal 0.0 -0.1950903220161279 -0.9807852804032305
  outer loop
   vertex -32.500000 7.998472 11.511779
   vertex -32.500000 9.172352 11.278280
   vertex 32.500000 9.172352 11.278280
  endloop
 endfacet
 facet normal 0.0 -0.1950903220161279 -0.9807852804032305
  outer loop
   vertex -32.500000 7.998472 11.511779
   vertex 32.500000 9.172352 11.278280
   vertex 32.500000 7.998472 11.511779
  endloop
 endfacet
 facet normal -1.0 0.0 0.0
  outer loop
   vertex -32.500000 10.366667 20.350000
   vertex -32.500000 9.172352 11.278280
   vertex -32.500000 7.998472 11.511779
  endloop
 endfacet
 facet normal 1.0 0.0 0.0
  outer loop
   vertex 32.500000 10.366667 20.350000
   vertex 32.500000 7.998472 11.511779
   vertex 32.500000 9.172352 11.278280
  endloop
 endfacet
 facet normal 0.0 -0.06540312923014366 -0.9978589232386034
  outer loop
   vertex -32.500000 9.172352 11.278280
   vertex -32.500000 10.366667 11.200000
   vertex 32.500000 10.366667 11.200000
  endloop
 endfacet
 facet normal 0.0 -0.06540312923014366 -0.9978589232386034
  outer loop
   vertex -32.500000 9.172352 11.278280
   vertex 32.500000 10.366667 11.200000
   vertex 32.500000 9.172352 11.278280
  endloop
 endfacet
 facet normal -1.0 0.0 0.0
  outer loop
   vertex -32.500000 10.366667 20.350000
   vertex -32.500000 10.366667 11.200000
   vertex -32.500000 9.172352 11.278280
  endloop
 endfacet
 facet normal 1.0 0.0 0.0
  outer loop
   vertex 32.500000 10.366667 20.350000
   vertex 32.500000 9.172352 11.278280
   vertex 32.500000 10.366667 11.200000
  endloop
 endfacet
 facet normal 0.0 0.06540312923014219 -0.9978589232386036
  outer loop
   vertex -32.500000 10.366667 11.200000
   vertex -32.500000 11.560981 11.278280
   vertex 32.500000 11.560981 11.278280
  endloop
 endfacet
 facet normal 0.0 0.06540312923014219 -0.9978589232386036
  outer loop
   vertex -32.500000 10.366667 11.200000
   vertex 32.500000 11.560981 11.278280
   vertex 32.500000 10.366667 11.200000
  endloop
 endfacet
 facet normal -1.0 0.0 -0.0
  outer loop
   vertex -32.500000 10.366667 20.350000
   vertex -32.500000 11.560981 11.278280
   vertex -32.500000 10.366667 11.200000
  endloop
 endfacet
 facet normal 1.0 0.0 0.0
  outer loop
   vertex 32.500000 10.366667 20.350000
   vertex 32.500000 10.366667 11.200000
   vertex 32.500000 11.560981 11.278280
  endloop
 endfacet
 facet normal 0.0 0.1950903220161279 -0.9807852804032305
  outer loop
   vertex -32.500000 11.560981 11.278280
   vertex -32.500000 12.734861 11.511779
   vertex 32.500000 12.734861 11.511779
  endloop
 endfacet
 facet normal 0.0 0.1950903220161279 -0.9807852804032305
  outer loop
   vertex -32.500000 11.560981 11.278280
   vertex 32.500000 12.734861 11.511779
   vertex 32.500000 11.560981 11.278280
  endloop
 endfacet
 facet normal -1.0 0.0 0.0
  outer loop
   vertex -32.500000 10.366667 20.350000
   vertex -32.500000 12.734861 11.511779
   vertex -32.500000 11.560981 11.278280
  endloop
 endfacet
 facet normal 1.0 0.0 0.0
  outer loop
   vertex 32.500000 10.366667 20.350000
   vertex 32.500000 11.560981 11.278280
   vertex 32.500000 12.734861 11.511779
  endloop
 endfacet
 facet normal 0.0 0.32143946530316136 -0.9469301294951058
  outer loop
   vertex -32.500000 12.734861 11.511779
   vertex -32.500000 13.868220 11.896502
   vertex 32.500000 13.868220 11.896502
  endloop
 endfacet
 facet normal 0.0 0.32143946530316136 -0.9469301294951058
  outer loop
   vertex -32.500000 12.734861 11.511779
   vertex 32.500000 13.868220 11.896502
   vertex 32.500000 12.734861 11.511779
  endloop
 endfacet
 facet normal -1.0 0.0 0.0
  outer loop
   vertex -32.500000 10.366667 20.350000
   vertex -32.500000 13.868220 11.896502
   vertex -32.500000 12.734861 11.511779
  endloop
 endfacet
 facet normal 1.0 0.0 0.0
  outer loop
   vertex 32.500000 10.366667 20.350000
   vertex 32.500000 12.734861 11.511779
   vertex 32.500000 13.868220 11.896502
  endloop
 endfacet
 facet normal 0.0 0.4422886902190015 -0.8968727415326881
  outer loop
   vertex -32.500000 13.868220 11.896502
   vertex -32.500000 14.941667 12.425868
   vertex 32.500000 14.941667 12.425868
  endloop
 endfacet
 facet normal 0.0 0.4422886902190015 -0.8968727415326881
  outer loop
   vertex -32.500000 13.868220 11.896502
   vertex 32.500000 14.941667 12.425868
   vertex 32.500000 13.868220 11.896502
  endloop
 endfacet
 facet normal -1.0 0.0 0.0
  outer loop
   vertex -32.500000 10.366667 20.350000
   vertex -32.500000 14.941667 12.425868
   vertex -32.500000 13.868220 11.896502
  endloop
 endfacet
 facet normal 1.0 0.0 0.0
  outer loop
   vertex 32.500000 10.366667 20.350000
   vertex 32.500000 13.868220 11.896502
   vertex 32.500000 14.941667 12.425868
  endloop
 endfacet
 facet normal 0.0 0.5555702330196015 -0.8314696123025458
  outer loop
   vertex -32.500000 14.941667 12.425868
   vertex -32.500000 15.936834 13.090817
   vertex 32.500000 15.936834 13.090817
  endloop
 endfacet
 facet normal 0.0 0.5555702330196015 -0.8314696123025458
  outer loop
   vertex -32.500000 14.941667 12.425868
   vertex 32.500000 15.936834 13.090817
   vertex 32.500000 14.941667 12.425868
  endloop
 endfacet
 facet normal -1.0 0.0 0.0
  outer loop
   vertex -32.500000 10.366667 20.350000
   vertex -32.500000 15.936834 13.090817
   vertex -32.500000 14.941667 12.425868
  endloop
 endfacet
 facet normal 1.0 0.0 0.0
  outer loop
   vertex 32.500000 10.366667 20.350000
   vertex 32.500000 14.941667 12.425868
   vertex 32.500000 15.936834 13.090817
  endloop
 endfacet
 facet normal 0.0 0.6593458151000692 -0.7518398074789772
  outer loop
   vertex -32.500000 15.936834 13.090817
   vertex -32.500000 16.836694 13.879973
   vertex 32.500000 16.836694 13.879973
  endloop
 endfacet
 facet normal 0.0 0.6593458151000692 -0.7518398074789772
  outer loop
   vertex -32.500000 15.936834 13.090817
   vertex 32.500000 16.836694 13.879973
   vertex 32.500000 15.936834 13.090817
  endloop
 endfacet
 facet normal -1.0 0.0 0.0
  outer loop
   vertex -32.500000 10.366667 20.350000
   vertex -32.500000 16.836694 13.879973
   vertex -32.500000 15.936834 13.090817
  endloop
 endfacet
 facet normal 1.0 0.0 0.0
  outer loop
   vertex 32.500000 10.366667 20.350000
   vertex 32.500000 15.936834 13.090817
   vertex 32.500000 16.836694 13.879973
  endloop
 endfacet
 facet normal 0.0 0.7518398074789759 -0.6593458151000705
  outer loop
   vertex -32.500000 16.836694 13.879973
   vertex -32.500000 17.625850 14.779833
   vertex 32.500000 17.625850 14.779833
  endloop
 endfacet
 facet normal 0.0 0.7518398074789759 -0.6593458151000705
  outer loop
   vertex -32.500000 16.836694 13.879973
   vertex 32.500000 17.625850 14.779833
   vertex 32.500000 16.836694 13.879973
  endloop
 endfacet
 facet normal -1.0 0.0 0.0
  outer loop
   vertex -32.500000 10.366667 20.350000
   vertex -32.500000 17.625850 14.779833
   vertex -32.500000 16.836694 13.879973
  endloop
 endfacet
 facet normal 1.0 0.0 0.0
  outer loop
   vertex 32.500000 10.366667 20.350000
   vertex 32.500000 16.836694 13.879973
   vertex 32.500000 17.625850 14.779833
  endloop
 endfacet
 facet normal 0.0 0.8314696123025456 -0.5555702330196014
  outer loop
   vertex -32.500000 17.625850 14.779833
   vertex -32.500000 18.290799 15.775000
   vertex 32.500000 18.290799 15.775000
  endloop
 endfacet
 facet normal 0.0 0.8314696123025456 -0.5555702330196014
  outer loop
   vertex -32.500000 17.625850 14.779833
   vertex 32.500000 18.290799 15.775000
   vertex 32.500000 17.625850 14.779833
  endloop
 endfacet
 facet normal -1.0 0.0 0.0
  outer loop
   vertex -32.500000 10.366667 20.350000
   vertex -32.500000 18.290799 15.775000
   vertex -32.500000 17.625850 14.779833
  endloop
 endfacet
 facet normal 1.0 0.0 0.0
  outer loop
   vertex 32.500000 10.366667 20.350000
   vertex 32.500000 17.625850 14.779833
   vertex 32.500000 18.290799 15.775000
  endloop
 endfacet
 facet normal 0.0 0.8968727415326877 -0.44228869021900274
  outer loop
   vertex -32.500000 18.290799 15.775000
   vertex -32.500000 18.820164 16.848447
   vertex 32.500000 18.820164 16.848447
  endloop
 endfacet
 facet normal 0.0 0.8968727415326877 -0.44228869021900274
  outer loop
   vertex -32.500000 18.290799 15.775000
   vertex 32.500000 18.820164 16.848447
   vertex 32.500000 18.290799 15.775000
  endloop
 endfacet
 facet normal -1.0 0.0 0.0
  outer loop
   vertex -32.500000 10.366667 20.350000
   vertex -32.500000 18.820164 16.848447
   vertex -32.500000 18.290799 15.775000
  endloop
 endfacet
 facet normal 1.0 0.0 0.0
  outer loop
   vertex 32.500000 10.366667 20.350000
   vertex 32.500000 18.290799 15.775000
   vertex 32.500000 18.820164 16.848447
  endloop
 endfacet
 facet normal 0.0 0.9469301294951056 -0.32143946530316186
  outer loop
   vertex -32.500000 18.820164 16.848447
   vertex -32.500000 19.204888 17.981806
   vertex 32.500000 19.204888 17.981806
  endloop
 endfacet
 facet normal 0.0 0.9469301294951056 -0.32143946530316186
  outer loop
   vertex -32.500000 18.820164 16.848447
   vertex 32.500000 19.204888 17.981806
   vertex 32.500000 18.820164 16.848447
  endloop
 endfacet
 facet normal -1.0 0.0 0.0
  outer loop
   vertex -32.500000 10.366667 20.350000
   vertex -32.500000 19.204888 17.981806
   vertex -32.500000 18.820164 16.848447
  endloop
 endfacet
 facet normal 1.0 0.0 0.0
  outer loop
   vertex 32.500000 10.366667 20.350000
   vertex 32.500000 18.820164 16.848447
   vertex 32.500000 19.204888 17.981806
  endloop
 endfacet
 facet normal 0.0 0.9807852804032309 -0.1950903220161265
  outer loop
   vertex -32.500000 19.204888 17.981806
   vertex -32.500000 19.438387 19.155685
   vertex 32.500000 19.438387 19.155685
  endloop
 endfacet
 facet normal 0.0 0.9807852804032309 -0.1950903220161265
  outer loop
   vertex -32.500000 19.204888 17.981806
   vertex 32.500000 19.438387 19.155685
   vertex 32.500000 19.204888 17.981806
  endloop
 endfacet
 facet normal -1.0 0.0 0.0
  outer loop
   vertex -32.500000 10.366667 20.350000
   vertex -32.500000 19.438387 19.155685
   vertex -32.500000 19.204888 17.981806
  endloop
 endfacet
 facet normal 1.0 0.0 0.0
  outer loop
   vertex 32.500000 10.366667 20.350000
   vertex 32.500000 19.204888 17.981806
   vertex 32.500000 19.438387 19.155685
  endloop
 endfacet
 facet normal 0.0 0.9978589232386034 -0.06540312923014385
  outer loop
   vertex -32.500000 19.438387 19.155685
   vertex -32.500000 19.516667 20.350000
   vertex 32.500000 19.516667 20.350000
  endloop
 endfacet
 facet normal 0.0 0.9978589232386034 -0.06540312923014385
  outer loop
   vertex -32.500000 19.438387 19.155685
   vertex 32.500000 19.516667 20.350000
   vertex 32.500000 19.438387 19.155685
  endloop
 endfacet
 facet normal -1.0 0.0 0.0
  outer loop
   vertex -32.500000 10.366667 20.350000
   vertex -32.500000 19.516667 20.350000
   vertex -32.500000 19.438387 19.155685
  endloop
 endfacet
 facet normal 1.0 0.0 0.0
  outer loop
   vertex 32.500000 10.366667 20.350000
   vertex 32.500000 19.438387 19.155685
   vertex 32.500000 19.516667 20.350000
  endloop
 endfacet
 facet normal 0.0 0.0 -1.0
  outer loop
   vertex -34.100000 -21.950000 -31.550000
   vertex -32.500000 21.950000 -31.550000
   vertex -32.500000 -21.950000 -31.550000
  endloop
 endfacet
 facet normal 0.0 0.0 -1.0
  outer loop
   vertex -34.100000 -21.950000 -31.550000
   vertex -34.100000 21.950000 -31.550000
   vertex -32.500000 21.950000 -31.550000
  endloop
 endfacet
 facet normal 0.0 0.0 1.0
  outer loop
   vertex -34.100000 -21.950000 31.550000
   vertex -32.500000 -21.950000 31.550000
   vertex -32.500000 21.950000 31.550000
  endloop
 endfacet
 facet normal 0.0 0.0 1.0
  outer loop
   vertex -34.100000 -21.950000 31.550000
   vertex -32.500000 21.950000 31.550000
   vertex -34.100000 21.950000 31.550000
  endloop
 endfacet
 facet normal 0.0 -1.0 0.0
  outer loop
   vertex -34.100000 -21.950000 -31.550000
   vertex -32.500000 -21.950000 -31.550000
   vertex -32.500000 -21.950000 31.550000
  endloop
 endfacet
 facet normal 0.0 -1.0 0.0
  outer loop
   vertex -34.100000 -21.950000 -31.550000
   vertex -32.500000 -21.950000 31.550000
   vertex -34.100000 -21.950000 31.550000
  endloop
 endfacet
 facet normal 1.0 0.0 0.0
  outer loop
   vertex -32.500000 -21.950000 -31.550000
   vertex -32.500000 21.950000 -31.550000
   vertex -32.500000 21.950000 31.550000
  endloop
 endfacet
 facet normal 1.0 0.0 0.0
  outer loop
   vertex -32.500000 -21.950000 -31.550000
   vertex -32.500000 21.950000 31.550000
   vertex -32.500000 -21.950000 31.550000
  endloop
 endfacet
 facet normal 0.0 1.0 0.0
  outer loop
   vertex -32.500000 21.950000 -31.550000
   vertex -34.100000 21.950000 -31.550000
   vertex -34.100000 21.950000 31.550000
  endloop
 endfacet
 facet normal 0.0 1.0 -0.0
  outer loop
   vertex -32.500000 21.950000 -31.550000
   vertex -34.100000 21.950000 31.550000
   vertex -32.500000 21.950000 31.550000
  endloop
 endfacet
 facet normal -1.0 0.0 0.0
  outer loop
   vertex -34.100000 21.950000 -31.550000
   vertex -34.100000 -21.950000 -31.550000
   vertex -34.100000 -21.950000 31.550000
  endloop
 endfacet
 facet normal -1.0 0.0 0.0
  outer loop
   vertex -34.100000 21.950000 -31.550000
   vertex -34.100000 -21.950000 31.550000
   vertex -34.100000 21.950000 31.550000
  endloop
 endfacet
 facet normal 0.0 0.0 -1.0
  outer loop
   vertex 32.500000 -21.950000 -31.550000
   vertex 34.100000 21.950000 -31.550000
   vertex 34.100000 -21.950000 -31.550000
  endloop
 endfacet
 facet normal 0.0 0.0 -1.0
  outer loop
   vertex 32.500000 -21.950000 -31.550000
   vertex 32.500000 21.950000 -31.550000
   vertex 34.100000 21.950000 -31.550000
  endloop
 endfacet
 facet normal 0.0 0.0 1.0
  outer loop
   vertex 32.500000 -21.950000 31.550000
   vertex 34.100000 -21.950000 31.550000
   vertex 34.100000 21.950000 31.550000
  endloop
 endfacet
 facet normal 0.0 0.0 1.0
  outer loop
   vertex 32.500000 -21.950000 31.550000
   vertex 34.100000 21.950000 31.550000
   vertex 32.500000 21.950000 31.550000
  endloop
 endfacet
 facet normal 0.0 -1.0 0.0
  outer loop
   vertex 32.500000 -21.950000 -31.550000
   vertex 34.100000 -21.950000 -31.550000
   vertex 34.100000 -21.950000 31.550000
  endloop
 endfacet
 facet normal 0.0 -1.0 0.0
  outer loop
   vertex 32.500000 -21.950000 -31.550000
   vertex 34.100000 -21.950000 31.550000
   vertex 32.500000 -21.950000 31.550000
  endloop
 endfacet
 facet normal 1.0 0.0 0.0
  outer loop
   vertex 34.100000 -21.950000 -31.550000
   vertex 34.100000 21.950000 -31.550000
   vertex 34.100000 21.950000 31.550000
  endloop
 endfacet
 facet normal 1.0 0.0 0.0
  outer loop
   vertex 34.100000 -21.950000 -31.550000
   vertex 34.100000 21.950000 31.550000
   vertex 34.100000 -21.950000 31.550000
  endloop
 endfacet
 facet normal 0.0 1.0 0.0
  outer loop
   vertex 34.100000 21.950000 -31.550000
   vertex 32.500000 21.950000 -31.550000
   vertex 32.500000 21.950000 31.550000
  endloop
 endfacet
 facet normal 0.0 1.0 -0.0
  outer loop
   vertex 34.100000 21.950000 -31.550000
   vertex 32.500000 21.950000 31.550000
   vertex 34.100000 21.950000 31.550000
  endloop
 endfacet
 facet normal -1.0 0.0 0.0
  outer loop
   vertex 32.500000 21.950000 -31.550000
   vertex 32.500000 -21.950000 -31.550000
   vertex 32.500000 -21.950000 31.550000
  endloop
 endfacet
 facet normal -1.0 0.0 0.0
  outer loop
   vertex 32.500000 21.950000 -31.550000
   vertex 32.500000 -21.950000 31.550000
   vertex 32.500000 21.950000 31.550000
  endloop
 endfacet
 facet normal 0.0 0.0 -1.0
  outer loop
   vertex -32.500000 -1.000000 -31.550000
   vertex 32.500000 1.000000 -31.550000
   vertex 32.500000 -1.000000 -31.550000
  endloop
 endfacet
 facet normal 0.0 0.0 -1.0
  outer loop
   vertex -32.500000 -1.000000 -31.550000
   vertex -32.500000 1.000000 -31.550000
   vertex 32.500000 1.000000 -31.550000
  endloop
 endfacet
 facet normal 0.0 0.0 1.0
  outer loop
   vertex -32.500000 -1.000000 -29.550000
   vertex 32.500000 -1.000000 -29.550000
   vertex 32.500000 1.000000 -29.550000
  endloop
 endfacet
 facet normal 0.0 0.0 1.0
  outer loop
   vertex -32.500000 -1.000000 -29.550000
   vertex 32.500000 1.000000 -29.550000
   vertex -32.500000 1.000000 -29.550000
  endloop
 endfacet
 facet normal 0.0 -1.0 0.0
  outer loop
   vertex -32.500000 -1.000000 -31.550000
   vertex 32.500000 -1.000000 -31.550000
   vertex 32.500000 -1.000000 -29.550000
  endloop
 endfacet
 facet normal 0.0 -1.0 0.0
  outer loop
   vertex -32.500000 -1.000000 -31.550000
   vertex 32.500000 -1.000000 -29.550000
   vertex -32.500000 -1.000000 -29.550000
  endloop
 endfacet
 facet normal 1.0 0.0 0.0
  outer loop
   vertex 32.500000 -1.000000 -31.550000
   vertex 32.500000 1.000000 -31.550000
   vertex 32.500000 1.000000 -29.550000
  endloop
 endfacet
 facet normal 1.0 0.0 0.0
  outer loop
   vertex 32.500000 -1.000000 -31.550000
   vertex 32.500000 1.000000 -29.550000
   vertex 32.500000 -1.000000 -29.550000
  endloop
 endfacet
 facet normal 0.0 1.0 0.0
  outer loop
   vertex 32.500000 1.000000 -31.550000
   vertex -32.500000 1.000000 -31.550000
   vertex -32.500000 1.000000 -29.550000
  endloop
 endfacet
 facet normal 0.0 1.0 -0.0
  outer loop
   vertex 32.500000 1.000000 -31.550000
   vertex -32.500000 1.000000 -29.550000
   vertex 32.500000 1.000000 -29.550000
  endloop
 endfacet
 facet normal -1.0 0.0 0.0
  outer loop
   vertex -32.500000 1.000000 -31.550000
   vertex -32.500000 -1.000000 -31.550000
   vertex -32.500000 -1.000000 -29.550000
  endloop
 endfacet
 facet normal -1.0 0.0 0.0
  outer loop
   vertex -32.500000 1.000000 -31.550000
   vertex -32.500000 -1.000000 -29.550000
   vertex -32.500000 1.000000 -29.550000
  endloop
 endfacet
 facet normal 0.0 0.0 -1.0
  outer loop
   vertex -32.500000 -1.000000 29.550000
   vertex 32.500000 1.000000 29.550000
   vertex 32.500000 -1.000000 29.550000
  endloop
 endfacet
 facet normal 0.0 0.0 -1.0
  outer loop
   vertex -32.500000 -1.000000 29.550000
   vertex -32.500000 1.000000 29.550000
   vertex 32.500000 1.000000 29.550000
  endloop
 endfacet
 facet normal 0.0 0.0 1.0
  outer loop
   vertex -32.500000 -1.000000 31.550000
   vertex 32.500000 -1.000000 31.550000
   vertex 32.500000 1.000000 31.550000
  endloop
 endfacet
 facet normal 0.0 0.0 1.0
  outer loop
   vertex -32.500000 -1.000000 31.550000
   vertex 32.500000 1.000000 31.550000
   vertex -32.500000 1.000000 31.550000
  endloop
 endfacet
 facet normal 0.0 -1.0 0.0
  outer loop
   vertex -32.500000 -1.000000 29.550000
   vertex 32.500000 -1.000000 29.550000
   vertex 32.500000 -1.000000 31.550000
  endloop
 endfacet
 facet normal 0.0 -1.0 0.0
  outer loop
   vertex -32.500000 -1.000000 29.550000
   vertex 32.500000 -1.000000 31.550000
   vertex -32.500000 -1.000000 31.550000
  endloop
 endfacet
 facet normal 1.0 0.0 0.0
  outer loop
   vertex 32.500000 -1.000000 29.550000
   vertex 32.500000 1.000000 29.550000
   vertex 32.500000 1.000000 31.550000
  endloop
 endfacet
 facet normal 1.0 0.0 0.0
  outer loop
   vertex 32.500000 -1.000000 29.550000
   vertex 32.500000 1.000000 31.550000
   vertex 32.500000 -1.000000 31.550000
  endloop
 endfacet
 facet normal 0.0 1.0 0.0
  outer loop
   vertex 32.500000 1.000000 29.550000
   vertex -32.500000 1.000000 29.550000
   vertex -32.500000 1.000000 31.550000
  endloop
 endfacet
 facet normal 0.0 1.0 -0.0
  outer loop
   vertex 32.500000 1.000000 29.550000
   vertex -32.500000 1.000000 31.550000
   vertex 32.500000 1.000000 31.550000
  endloop
 endfacet
 facet normal -1.0 0.0 0.0
  outer loop
   vertex -32.500000 1.000000 29.550000
   vertex -32.500000 -1.000000 29.550000
   vertex -32.500000 -1.000000 31.550000
  endloop
 endfacet
 facet normal -1.0 0.0 0.0
  outer loop
   vertex -32.500000 1.000000 29.550000
   vertex -32.500000 -1.000000 31.550000
   vertex -32.500000 1.000000 31.550000
  endloop
 endfacet
 facet normal 0.0 0.0 -1.0
  outer loop
   vertex -32.500000 -21.950000 -31.550000
   vertex 32.500000 -19.950000 -31.550000
   vertex 32.500000 -21.950000 -31.550000
  endloop
 endfacet
 facet normal 0.0 0.0 -1.0
  outer loop
   vertex -32.500000 -21.950000 -31.550000
   vertex -32.500000 -19.950000 -31.550000
   vertex 32.500000 -19.950000 -31.550000
  endloop
 endfacet
 facet normal 0.0 0.0 1.0
  outer loop
   vertex -32.500000 -21.950000 31.550000
   vertex 32.500000 -21.950000 31.550000
   vertex 32.500000 -19.950000 31.550000
  endloop
 endfacet
 facet normal 0.0 0.0 1.0
  outer loop
   vertex -32.500000 -21.950000 31.550000
   vertex 32.500000 -19.950000 31.550000
   vertex -32.500000 -19.950000 31.550000
  endloop
 endfacet
 facet normal 0.0 -1.0 0.0
  outer loop
   vertex -32.500000 -21.950000 -31.550000
   vertex 32.500000 -21.950000 -31.550000
   vertex 32.500000 -21.950000 31.550000
  endloop
 endfacet
 facet normal 0.0 -1.0 0.0
  outer loop
   vertex -32.500000 -21.950000 -31.550000
   vertex 32.500000 -21.950000 31.550000
   vertex -32.500000 -21.950000 31.550000
  endloop
 endfacet
 facet normal 1.0 0.0 0.0
  outer loop
   vertex 32.500000 -21.950000 -31.550000
   vertex 32.500000 -19.950000 -31.550000
   vertex 32.500000 -19.950000 31.550000
  endloop
 endfacet
 facet normal 1.0 0.0 0.0
  outer loop
   vertex 32.500000 -21.950000 -31.550000
   vertex 32.500000 -19.950000 31.550000
   vertex 32.500000 -21.950000 31.550000
  endloop
 endfacet
 facet normal 0.0 1.0 0.0
  outer loop
   vertex 32.500000 -19.950000 -31.550000
   vertex -32.500000 -19.950000 -31.550000
   vertex -32.500000 -19.950000 31.550000
  endloop
 endfacet
 facet normal 0.0 1.0 -0.0
  outer loop
   vertex 32.500000 -19.950000 -31.550000
   vertex -32.500000 -19.950000 31.550000
   vertex 32.500000 -19.950000 31.550000
  endloop
 endfacet
 facet normal -1.0 0.0 0.0
  outer loop
   vertex -32.500000 -19.950000 -31.550000
   vertex -32.500000 -21.950000 -31.550000
   vertex -32.500000 -21.950000 31.550000
  endloop
 endfacet
 facet normal -1.0 0.0 0.0
  outer loop
   vertex -32.500000 -19.950000 -31.550000
   vertex -32.500000 -21.950000 31.550000
   vertex -32.500000 -19.950000 31.550000
  endloop
 endfacet
 facet normal 0.0 0.0 -1.0
  outer loop
   vertex -32.500000 19.950000 -31.550000
   vertex 32.500000 21.950000 -31.550000
   vertex 32.500000 19.950000 -31.550000
  endloop
 endfacet
 facet normal 0.0 0.0 -1.0
  outer loop
   vertex -32.500000 19.950000 -31.550000
   vertex -32.500000 21.950000 -31.550000
   vertex 32.500000 21.950000 -31.550000
  endloop
 endfacet
 facet normal 0.0 0.0 1.0
  outer loop
   vertex -32.500000 19.950000 31.550000
   vertex 32.500000 19.950000 31.550000
   vertex 32.500000 21.950000 31.550000
  endloop
 endfacet
 facet normal 0.0 0.0 1.0
  outer loop
   vertex -32.500000 19.950000 31.550000
   vertex 32.500000 21.950000 31.550000
   vertex -32.500000 21.950000 31.550000
  endloop
 endfacet
 facet normal 0.0 -1.0 0.0
  outer loop
   vertex -32.500000 19.950000 -31.550000
   vertex 32.500000 19.950000 -31.550000
   vertex 32.500000 19.950000 31.550000
  endloop
 endfacet
 facet normal 0.0 -1.0 0.0
  outer loop
   vertex -32.500000 19.950000 -31.550000
   vertex 32.500000 19.950000 31.550000
   vertex -32.500000 19.950000 31.550000
  endloop
 endfacet
 facet normal 1.0 0.0 0.0
  outer loop
   vertex 32.500000 19.950000 -31.550000
   vertex 32.500000 21.950000 -31.550000
   vertex 32.500000 21.950000 31.550000
  endloop
 endfacet
 facet normal 1.0 0.0 0.0
  outer loop
   vertex 32.500000 19.950000 -31.550000
   vertex 32.500000 21.950000 31.550000
   vertex 32.500000 19.950000 31.550000
  endloop
 endfacet
 facet normal 0.0 1.0 0.0
  outer loop
   vertex 32.500000 21.950000 -31.550000
   vertex -32.500000 21.950000 -31.550000
   vertex -32.500000 21.950000 31.550000
  endloop
 endfacet
 facet normal 0.0 1.0 -0.0
  outer loop
   vertex 32.500000 21.950000 -31.550000
   vertex -32.500000 21.950000 31.550000
   vertex 32.500000 21.950000 31.550000
  endloop
 endfacet
 facet normal -1.0 0.0 0.0
  outer loop
   vertex -32.500000 21.950000 -31.550000
   vertex -32.500000 19.950000 -31.550000
   vertex -32.500000 19.950000 31.550000
  endloop
 endfacet
 facet normal -1.0 0.0 0.0
  outer loop
   vertex -32.500000 21.950000 -31.550000
   vertex -32.500000 19.950000 31.550000
   vertex -32.500000 21.950000 31.550000
  endloop
 endfacet
 facet normal 0.0 0.0 -1.0
  outer loop
   vertex -32.500000 -21.950000 -11.175000
   vertex 32.500000 21.950000 -11.175000
   vertex 32.500000 -21.950000 -11.175000
  endloop
 endfacet
 facet normal 0.0 0.0 -1.0
  outer loop
   vertex -32.500000 -21.950000 -11.175000
   vertex -32.500000 21.950000 -11.175000
   vertex 32.500000 21.950000 -11.175000
  endloop
 endfacet
 facet normal 0.0 0.0 1.0
  outer loop
   vertex -32.500000 -21.950000 -9.175000
   vertex 32.500000 -21.950000 -9.175000
   vertex 32.500000 21.950000 -9.175000
  endloop
 endfacet
 facet normal 0.0 0.0 1.0
  outer loop
   vertex -32.500000 -21.950000 -9.175000
   vertex 32.500000 21.950000 -9.175000
   vertex -32.500000 21.950000 -9.175000
  endloop
 endfacet
 facet normal 0.0 -1.0 0.0
  outer loop
   vertex -32.500000 -21.950000 -11.175000
   vertex 32.500000 -21.950000 -11.175000
   vertex 32.500000 -21.950000 -9.175000
  endloop
 endfacet
 facet normal 0.0 -1.0 0.0
  outer loop
   vertex -32.500000 -21.950000 -11.175000
   vertex 32.500000 -21.950000 -9.175000
   vertex -32.500000 -21.950000 -9.175000
  endloop
 endfacet
 facet normal 1.0 0.0 0.0
  outer loop
   vertex 32.500000 -21.950000 -11.175000
   vertex 32.500000 21.950000 -11.175000
   vertex 32.500000 21.950000 -9.175000
  endloop
 endfacet
 facet normal 1.0 0.0 0.0
  outer loop
   vertex 32.500000 -21.950000 -11.175000
   vertex 32.500000 21.950000 -9.175000
   vertex 32.500000 -21.950000 -9.175000
  endloop
 endfacet
 facet normal 0.0 1.0 0.0
  outer loop
   vertex 32.500000 21.950000 -11.175000
   vertex -32.500000 21.950000 -11.175000
   vertex -32.500000 21.950000 -9.175000
  endloop
 endfacet
 facet normal 0.0 1.0 -0.0
  outer loop
   vertex 32.500000 21.950000 -11.175000
   vertex -32.500000 21.950000 -9.175000
   vertex 32.500000 21.950000 -9.175000
  endloop
 endfacet
 facet normal -1.0 0.0 0.0
  outer loop
   vertex -32.500000 21.950000 -11.175000
   vertex -32.500000 -21.950000 -11.175000
   vertex -32.500000 -21.950000 -9.175000
  endloop
 endfacet
 facet normal -1.0 0.0 0.0
  outer loop
   vertex -32.500000 21.950000 -11.175000
   vertex -32.500000 -21.950000 -9.175000
   vertex -32.500000 21.950000 -9.175000
  endloop
 endfacet
 facet normal 0.0 0.0 -1.0
  outer loop
   vertex -32.500000 -21.950000 9.175000
   vertex 32.500000 21.950000 9.175000
   vertex 32.500000 -21.950000 9.175000
  endloop
 endfacet
 facet normal 0.0 0.0 -1.0
  outer loop
   vertex -32.500000 -21.950000 9.175000
   vertex -32.500000 21.950000 9.175000
   vertex 32.500000 21.950000 9.175000
  endloop
 endfacet
 facet normal 0.0 0.0 1.0
  outer loop
   vertex -32.500000 -21.950000 11.175000
   vertex 32.500000 -21.950000 11.175000
   vertex 32.500000 21.950000 11.175000
  endloop
 endfacet
 facet normal 0.0 0.0 1.0
  outer loop
   vertex -32.500000 -21.950000 11.175000
   vertex 32.500000 21.950000 11.175000
   vertex -32.500000 21.950000 11.175000
  endloop
 endfacet
 facet normal 0.0 -1.0 0.0
  outer loop
   vertex -32.500000 -21.950000 9.175000
   vertex 32.500000 -21.950000 9.175000
   vertex 32.500000 -21.950000 11.175000
  endloop
 endfacet
 facet normal 0.0 -1.0 0.0
  outer loop
   vertex -32.500000 -21.950000 9.175000
   vertex 32.500000 -21.950000 11.175000
   vertex -32.500000 -21.950000 11.175000
  endloop
 endfacet
 facet normal 1.0 0.0 0.0
  outer loop
   vertex 32.500000 -21.950000 9.175000
   vertex 32.500000 21.950000 9.175000
   vertex 32.500000 21.950000 11.175000
  endloop
 endfacet
 facet normal 1.0 0.0 0.0
  outer loop
   vertex 32.500000 -21.950000 9.175000
   vertex 32.500000 21.950000 11.175000
   vertex 32.500000 -21.950000 11.175000
  endloop
 endfacet
 facet normal 0.0 1.0 0.0
  outer loop
   vertex 32.500000 21.950000 9.175000
   vertex -32.500000 21.950000 9.175000
   vertex -32.500000 21.950000 11.175000
  endloop
 endfacet
 facet normal 0.0 1.0 -0.0
  outer loop
   vertex 32.500000 21.950000 9.175000
   vertex -32.500000 21.950000 11.175000
   vertex 32.500000 21.950000 11.175000
  endloop
 endfacet
 facet normal -1.0 0.0 0.0
  outer loop
   vertex -32.500000 21.950000 9.175000
   vertex -32.500000 -21.950000 9.175000
   vertex -32.500000 -21.950000 11.175000
  endloop
 endfacet
 facet normal -1.0 0.0 0.0
  outer loop
   vertex -32.500000 21.950000 9.175000
   vertex -32.500000 -21.950000 11.175000
   vertex -32.500000 21.950000 11.175000
  endloop
 endfacet
 facet normal 0.0 0.0 -1.0
  outer loop
   vertex -26.650000 -10.966667 -11.200000
   vertex 26.650000 -9.766667 -11.200000
   vertex 26.650000 -10.966667 -11.200000
  endloop
 endfacet
 facet normal 0.0 0.0 -1.0
  outer loop
   vertex -26.650000 -10.966667 -11.200000
   vertex -26.650000 -9.766667 -11.200000
   vertex 26.650000 -9.766667 -11.200000
  endloop
 endfacet
 facet normal 0.0 0.0 1.0
  outer loop
   vertex -26.650000 -10.966667 -10.000000
   vertex 26.650000 -10.966667 -10.000000
   vertex 26.650000 -9.766667 -10.000000
  endloop
 endfacet
 facet normal 0.0 0.0 1.0
  outer loop
   vertex -26.650000 -10.966667 -10.000000
   vertex 26.650000 -9.766667 -10.000000
   vertex -26.650000 -9.766667 -10.000000
  endloop
 endfacet
 facet normal 0.0 -1.0 0.0
  outer loop
   vertex -26.650000 -10.966667 -11.200000
   vertex 26.650000 -10.966667 -11.200000
   vertex 26.650000 -10.966667 -10.000000
  endloop
 endfacet
 facet normal 0.0 -1.0 0.0
  outer loop
   vertex -26.650000 -10.966667 -11.200000
   vertex 26.650000 -10.966667 -10.000000
   vertex -26.650000 -10.966667 -10.000000
  endloop
 endfacet
 facet normal 1.0 0.0 0.0
  outer loop
   vertex 26.650000 -10.966667 -11.200000
   vertex 26.650000 -9.766667 -11.200000
   vertex 26.650000 -9.766667 -10.000000
  endloop
 endfacet
 facet normal 1.0 0.0 0.0
  outer loop
   vertex 26.650000 -10.966667 -11.200000
   vertex 26.650000 -9.766667 -10.000000
   vertex 26.650000 -10.966667 -10.000000
  endloop
 endfacet
 facet normal 0.0 1.0 0.0
  outer loop
   vertex 26.650000 -9.766667 -11.200000
   vertex -26.650000 -9.766667 -11.200000
   vertex -26.650000 -9.766667 -10.000000
  endloop
 endfacet
 facet normal 0.0 1.0 -0.0
  outer loop
   vertex 26.650000 -9.766667 -11.200000
   vertex -26.650000 -9.766667 -10.000000
   vertex 26.650000 -9.766667 -10.000000
  endloop
 endfacet
 facet normal -1.0 0.0 0.0
  outer loop
   vertex -26.650000 -9.766667 -11.200000
   vertex -26.650000 -10.966667 -11.200000
   vertex -26.650000 -10.966667 -10.000000
  endloop
 endfacet
 facet normal -1.0 0.0 0.0
  outer loop
   vertex -26.650000 -9.766667 -11.200000
   vertex -26.650000 -10.966667 -10.000000
   vertex -26.650000 -9.766667 -10.000000
  endloop
 endfacet
 facet normal 0.0 0.0 -1.0
  outer loop
   vertex -26.650000 -10.966667 9.150000
   vertex 26.650000 -9.766667 9.150000
   vertex 26.650000 -10.966667 9.150000
  endloop
 endfacet
 facet normal 0.0 0.0 -1.0
  outer loop
   vertex -26.650000 -10.966667 9.150000
   vertex -26.650000 -9.766667 9.150000
   vertex 26.650000 -9.766667 9.150000
  endloop
 endfacet
 facet normal 0.0 0.0 1.0
  outer loop
   vertex -26.650000 -10.966667 10.350000
   vertex 26.650000 -10.966667 10.350000
   vertex 26.650000 -9.766667 10.350000
  endloop
 endfacet
 facet normal 0.0 0.0 1.0
  outer loop
   vertex -26.650000 -10.966667 10.350000
   vertex 26.650000 -9.766667 10.350000
   vertex -26.650000 -9.766667 10.350000
  endloop
 endfacet
 facet normal 0.0 -1.0 0.0
  outer loop
   vertex -26.650000 -10.966667 9.150000
   vertex 26.650000 -10.966667 9.150000
   vertex 26.650000 -10.966667 10.350000
  endloop
 endfacet
 facet normal 0.0 -1.0 0.0
  outer loop
   vertex -26.650000 -10.966667 9.150000
   vertex 26.650000 -10.966667 10.350000
   vertex -26.650000 -10.966667 10.350000
  endloop
 endfacet
 facet normal 1.0 0.0 0.0
  outer loop
   vertex 26.650000 -10.966667 9.150000
   vertex 26.650000 -9.766667 9.150000
   vertex 26.650000 -9.766667 10.350000
  endloop
 endfacet
 facet normal 1.0 0.0 0.0
  outer loop
   vertex 26.650000 -10.966667 9.150000
   vertex 26.650000 -9.766667 10.350000
   vertex 26.650000 -10.966667 10.350000
  endloop
 endfacet
 facet normal 0.0 1.0 0.0
  outer loop
   vertex 26.650000 -9.766667 9.150000
   vertex -26.650000 -9.766667 9.150000
   vertex -26.650000 -9.766667 10.350000
  endloop
 endfacet
 facet normal 0.0 1.0 -0.0
  outer loop
   vertex 26.650000 -9.766667 9.150000
   vertex -26.650000 -9.766667 10.350000
   vertex 26.650000 -9.766667 10.350000
  endloop
 endfacet
 facet normal -1.0 0.0 0.0
  outer loop
   vertex -26.650000 -9.766667 9.150000
   vertex -26.650000 -10.966667 9.150000
   vertex -26.650000 -10.966667 10.350000
  endloop
 endfacet
 facet normal -1.0 0.0 0.0
  outer loop
   vertex -26.650000 -9.766667 9.150000
   vertex -26.650000 -10.966667 10.350000
   vertex -26.650000 -9.766667 10.350000
  endloop
 endfacet
 facet normal 0.0 0.0 -1.0
  outer loop
   vertex -26.650000 -10.966667 29.500000
   vertex 26.650000 -9.766667 29.500000
   vertex 26.650000 -10.966667 29.500000
  endloop
 endfacet
 facet normal 0.0 0.0 -1.0
  outer loop
   vertex -26.650000 -10.966667 29.500000
   vertex -26.650000 -9.766667 29.500000
   vertex 26.650000 -9.766667 29.500000
  endloop
 endfacet
 facet normal 0.0 0.0 1.0
  outer loop
   vertex -26.650000 -10.966667 30.700000
   vertex 26.650000 -10.966667 30.700000
   vertex 26.650000 -9.766667 30.700000
  endloop
 endfacet
 facet normal 0.0 0.0 1.0
  outer loop
   vertex -26.650000 -10.966667 30.700000
   vertex 26.650000 -9.766667 30.700000
   vertex -26.650000 -9.766667 30.700000
  endloop
 endfacet
 facet normal 0.0 -1.0 0.0
  outer loop
   vertex -26.650000 -10.966667 29.500000
   vertex 26.650000 -10.966667 29.500000
   vertex 26.650000 -10.966667 30.700000
  endloop
 endfacet
 facet normal 0.0 -1.0 0.0
  outer loop
   vertex -26.650000 -10.966667 29.500000
   vertex 26.650000 -10.966667 30.700000
   vertex -26.650000 -10.966667 30.700000
  endloop
 endfacet
 facet normal 1.0 0.0 0.0
  outer loop
   vertex 26.650000 -10.966667 29.500000
   vertex 26.650000 -9.766667 29.500000
   vertex 26.650000 -9.766667 30.700000
  endloop
 endfacet
 facet normal 1.0 0.0 0.0
  outer loop
   vertex 26.650000 -10.966667 29.500000
   vertex 26.650000 -9.766667 30.700000
   vertex 26.650000 -10.966667 30.700000
  endloop
 endfacet
 facet normal 0.0 1.0 0.0
  outer loop
   vertex 26.650000 -9.766667 29.500000
   vertex -26.650000 -9.766667 29.500000
   vertex -26.650000 -9.766667 30.700000
  endloop
 endfacet
 facet normal 0.0 1.0 -0.0
  outer loop
   vertex 26.650000 -9.766667 29.500000
   vertex -26.650000 -9.766667 30.700000
   vertex 26.650000 -9.766667 30.700000
  endloop
 endfacet
 facet normal -1.0 0.0 0.0
  outer loop
   vertex -26.650000 -9.766667 29.500000
   vertex -26.650000 -10.966667 29.500000
   vertex -26.650000 -10.966667 30.700000
  endloop
 endfacet
 facet normal -1.0 0.0 0.0
  outer loop
   vertex -26.650000 -9.766667 29.500000
   vertex -26.650000 -10.966667 30.700000
   vertex -26.650000 -9.766667 30.700000
  endloop
 endfacet
 facet normal 0.0 0.0 -1.0
  outer loop
   vertex -26.650000 9.766667 -11.200000
   vertex 26.650000 10.966667 -11.200000
   vertex 26.650000 9.766667 -11.200000
  endloop
 endfacet
 facet normal 0.0 0.0 -1.0
  outer loop
   vertex -26.650000 9.766667 -11.200000
   vertex -26.650000 10.966667 -11.200000
   vertex 26.650000 10.966667 -11.200000
  endloop
 endfacet
 facet normal 0.0 0.0 1.0
  outer loop
   vertex -26.650000 9.766667 -10.000000
   vertex 26.650000 9.766667 -10.000000
   vertex 26.650000 10.966667 -10.000000
  endloop
 endfacet
 facet normal 0.0 0.0 1.0
  outer loop
   vertex -26.650000 9.766667 -10.000000
   vertex 26.650000 10.966667 -10.000000
   vertex -26.650000 10.966667 -10.000000
  endloop
 endfacet
 facet normal 0.0 -1.0 0.0
  outer loop
   vertex -26.650000 9.766667 -11.200000
   vertex 26.650000 9.766667 -11.200000
   vertex 26.650000 9.766667 -10.000000
  endloop
 endfacet
 facet normal 0.0 -1.0 0.0
  outer loop
   vertex -26.650000 9.766667 -11.200000
   vertex 26.650000 9.766667 -10.000000
   vertex -26.650000 9.766667 -10.000000
  endloop
 endfacet
 facet normal 1.0 0.0 0.0
  outer loop
   vertex 26.650000 9.766667 -11.200000
   vertex 26.650000 10.966667 -11.200000
   vertex 26.650000 10.966667 -10.000000
  endloop
 endfacet
 facet normal 1.0 0.0 0.0
  outer loop
   vertex 26.650000 9.766667 -11.200000
   vertex 26.650000 10.966667 -10.000000
   vertex 26.650000 9.766667 -10.000000
  endloop
 endfacet
 facet normal 0.0 1.0 0.0
  outer loop
   vertex 26.650000 10.966667 -11.200000
   vertex -26.650000 10.966667 -11.200000
   vertex -26.650000 10.966667 -10.000000
  endloop
 endfacet
 facet normal 0.0 1.0 -0.0
  outer loop
   vertex 26.650000 10.966667 -11.200000
   vertex -26.650000 10.966667 -10.000000
   vertex 26.650000 10.966667 -10.000000
  endloop
 endfacet
 facet normal -1.0 0.0 0.0
  outer loop
   vertex -26.650000 10.966667 -11.200000
   vertex -26.650000 9.766667 -11.200000
   vertex -26.650000 9.766667 -10.000000
  endloop
 endfacet
 facet normal -1.0 0.0 0.0
  outer loop
   vertex -26.650000 10.966667 -11.200000
   vertex -26.650000 9.766667 -10.000000
   vertex -26.650000 10.966667 -10.000000
  endloop
 endfacet
 facet normal 0.0 0.0 -1.0
  outer loop
   vertex -26.650000 9.766667 9.150000
   vertex 26.650000 10.966667 9.150000
   vertex 26.650000 9.766667 9.150000
  endloop
 endfacet
 facet normal 0.0 0.0 -1.0
  outer loop
   vertex -26.650000 9.766667 9.150000
   vertex -26.650000 10.966667 9.150000
   vertex 26.650000 10.966667 9.150000
  endloop
 endfacet
 facet normal 0.0 0.0 1.0
  outer loop
   vertex -26.650000 9.766667 10.350000
   vertex 26.650000 9.766667 10.350000
   vertex 26.650000 10.966667 10.350000
  endloop
 endfacet
 facet normal 0.0 0.0 1.0
  outer loop
   vertex -26.650000 9.766667 10.350000
   vertex 26.650000 10.966667 10.350000
   vertex -26.650000 10.966667 10.350000
  endloop
 endfacet
 facet normal 0.0 -1.0 0.0
  outer loop
   vertex -26.650000 9.766667 9.150000
   vertex 26.650000 9.766667 9.150000
   vertex 26.650000 9.766667 10.350000
  endloop
 endfacet
 facet normal 0.0 -1.0 0.0
  outer loop
   vertex -26.650000 9.766667 9.150000
   vertex 26.650000 9.766667 10.350000
   vertex -26.650000 9.766667 10.350000
  endloop
 endfacet
 facet normal 1.0 0.0 0.0
  outer loop
   vertex 26.650000 9.766667 9.150000
   vertex 26.650000 10.966667 9.150000
   vertex 26.650000 10.966667 10.350000
  endloop
 endfacet
 facet normal 1.0 0.0 0.0
  outer loop
   vertex 26.650000 9.766667 9.150000
   vertex 26.650000 10.966667 10.350000
   vertex 26.650000 9.766667 10.350000
  endloop
 endfacet
 facet normal 0.0 1.0 0.0
  outer loop
   vertex 26.650000 10.966667 9.150000
   vertex -26.650000 10.966667 9.150000
   vertex -26.650000 10.966667 10.350000
  endloop
 endfacet
 facet normal 0.0 1.0 -0.0
  outer loop
   vertex 26.650000 10.966667 9.150000
   vertex -26.650000 10.966667 10.350000
   vertex 26.650000 10.966667 10.350000
  endloop
 endfacet
 facet normal -1.0 0.0 0.0
  outer loop
   vertex -26.650000 10.966667 9.150000
   vertex -26.650000 9.766667 9.150000
   vertex -26.650000 9.766667 10.350000
  endloop
 endfacet
 facet normal -1.0 0.0 0.0
  outer loop
   vertex -26.650000 10.966667 9.150000
   vertex -26.650000 9.766667 10.350000
   vertex -26.650000 10.966667 10.350000
  endloop
 endfacet
 facet normal 0.0 0.0 -1.0
  outer loop
   vertex -26.650000 9.766667 29.500000
   vertex 26.650000 10.966667 29.500000
   vertex 26.650000 9.766667 29.500000
  endloop
 endfacet
 facet normal 0.0 0.0 -1.0
  outer loop
   vertex -26.650000 9.766667 29.500000
   vertex -26.650000 10.966667 29.500000
   vertex 26.650000 10.966667 29.500000
  endloop
 endfacet
 facet normal 0.0 0.0 1.0
  outer loop
   vertex -26.650000 9.766667 30.700000
   vertex 26.650000 9.766667 30.700000
   vertex 26.650000 10.966667 30.700000
  endloop
 endfacet
 facet normal 0.0 0.0 1.0
  outer loop
   vertex -26.650000 9.766667 30.700000
   vertex 26.650000 10.966667 30.700000
   vertex -26.650000 10.966667 30.700000
  endloop
 endfacet
 facet normal 0.0 -1.0 0.0
  outer loop
   vertex -26.650000 9.766667 29.500000
   vertex 26.650000 9.766667 29.500000
   vertex 26.650000 9.766667 30.700000
  endloop
 endfacet
 facet normal 0.0 -1.0 0.0
  outer loop
   vertex -26.650000 9.766667 29.500000
   vertex 26.650000 9.766667 30.700000
   vertex -26.650000 9.766667 30.700000
  endloop
 endfacet
 facet normal 1.0 0.0 0.0
  outer loop
   vertex 26.650000 9.766667 29.500000
   vertex 26.650000 10.966667 29.500000
   vertex 26.650000 10.966667 30.700000
  endloop
 endfacet
 facet normal 1.0 0.0 0.0
  outer loop
   vertex 26.650000 9.766667 29.500000
   vertex 26.650000 10.966667 30.700000
   vertex 26.650000 9.766667 30.700000
  endloop
 endfacet
 facet normal 0.0 1.0 0.0
  outer loop
   vertex 26.650000 10.966667 29.500000
   vertex -26.650000 10.966667 29.500000
   vertex -26.650000 10.966667 30.700000
  endloop
 endfacet
 facet normal 0.0 1.0 -0.0
  outer loop
   vertex 26.650000 10.966667 29.500000
   vertex -26.650000 10.966667 30.700000
   vertex 26.650000 10.966667 30.700000
  endloop
 endfacet
 facet normal -1.0 0.0 0.0
  outer loop
   vertex -26.650000 10.966667 29.500000
   vertex -26.650000 9.766667 29.500000
   vertex -26.650000 9.766667 30.700000
  endloop
 endfacet
 facet normal -1.0 0.0 0.0
  outer loop
   vertex -26.650000 10.966667 29.500000
   vertex -26.650000 9.766667 30.700000
   vertex -26.650000 10.966667 30.700000
  endloop
 endfacet
 facet normal 0.0 0.0 -1.0
  outer loop
   vertex -47.500000 -23.090000 -20.300000
   vertex 47.500000 -21.950000 -20.300000
   vertex 47.500000 -23.090000 -20.300000
  endloop
 endfacet
 facet normal 0.0 0.0 -1.0
  outer loop
   vertex -47.500000 -23.090000 -20.300000
   vertex -47.500000 -21.950000 -20.300000
   vertex 47.500000 -21.950000 -20.300000
  endloop
 endfacet
 facet normal 0.0 0.0 1.0
  outer loop
   vertex -47.500000 -23.090000 20.300000
   vertex 47.500000 -23.090000 20.300000
   vertex 47.500000 -21.950000 20.300000
  endloop
 endfacet
 facet normal 0.0 0.0 1.0
  outer loop
   vertex -47.500000 -23.090000 20.300000
   vertex 47.500000 -21.950000 20.300000
   vertex -47.500000 -21.950000 20.300000
  endloop
 endfacet
 facet normal 0.0 -1.0 0.0
  outer loop
   vertex -47.500000 -23.090000 -20.300000
   vertex 47.500000 -23.090000 -20.300000
   vertex 47.500000 -23.090000 20.300000
  endloop
 endfacet
 facet normal 0.0 -1.0 0.0
  outer loop
   vertex -47.500000 -23.090000 -20.300000
   vertex 47.500000 -23.090000 20.300000
   vertex -47.500000 -23.090000 20.300000
  endloop
 endfacet
 facet normal 1.0 0.0 0.0
  outer loop
   vertex 47.500000 -23.090000 -20.300000
   vertex 47.500000 -21.950000 -20.300000
   vertex 47.500000 -21.950000 20.300000
  endloop
 endfacet
 facet normal 1.0 0.0 0.0
  outer loop
   vertex 47.500000 -23.090000 -20.300000
   vertex 47.500000 -21.950000 20.300000
   vertex 47.500000 -23.090000 20.300000
  endloop
 endfacet
 facet normal 0.0 1.0 0.0
  outer loop
   vertex 47.500000 -21.950000 -20.300000
   vertex -47.500000 -21.950000 -20.300000
   vertex -47.500000 -21.950000 20.300000
  endloop
 endfacet
 facet normal 0.0 1.0 -0.0
  outer loop
   vertex 47.500000 -21.950000 -20.300000
   vertex -47.500000 -21.950000 20.300000
   vertex 47.500000 -21.950000 20.300000
  endloop
 endfacet
 facet normal -1.0 0.0 0.0
  outer loop
   vertex -47.500000 -21.950000 -20.300000
   vertex -47.500000 -23.090000 -20.300000
   vertex -47.500000 -23.090000 20.300000
  endloop
 endfacet
 facet normal -1.0 0.0 0.0
  outer loop
   vertex -47.500000 -21.950000 -20.300000
   vertex -47.500000 -23.090000 20.300000
   vertex -47.500000 -21.950000 20.300000
  endloop
 endfacet
 facet normal 0.0 0.0 -1.0
  outer loop
   vertex -10.400000 21.950000 -26.650000
   vertex 10.400000 23.090000 -26.650000
   vertex 10.400000 21.950000 -26.650000
  endloop
 endfacet
 facet normal 0.0 0.0 -1.0
  outer loop
   vertex -10.400000 21.950000 -26.650000
   vertex -10.400000 23.090000 -26.650000
   vertex 10.400000 23.090000 -26.650000
  endloop
 endfacet
 facet normal 0.0 0.0 1.0
  outer loop
   vertex -10.400000 21.950000 26.650000
   vertex 10.400000 21.950000 26.650000
   vertex 10.400000 23.090000 26.650000
  endloop
 endfacet
 facet normal 0.0 0.0 1.0
  outer loop
   vertex -10.400000 21.950000 26.650000
   vertex 10.400000 23.090000 26.650000
   vertex -10.400000 23.090000 26.650000
  endloop
 endfacet
 facet normal 0.0 -1.0 0.0
  outer loop
   vertex -10.400000 21.950000 -26.650000
   vertex 10.400000 21.950000 -26.650000
   vertex 10.400000 21.950000 26.650000
  endloop
 endfacet
 facet normal 0.0 -1.0 0.0
  outer loop
   vertex -10.400000 21.950000 -26.650000
   vertex 10.400000 21.950000 26.650000
   vertex -10.400000 21.950000 26.650000
  endloop
 endfacet
 facet normal 1.0 0.0 0.0
  outer loop
   vertex 10.400000 21.950000 -26.650000
   vertex 10.400000 23.090000 -26.650000
   vertex 10.400000 23.090000 26.650000
  endloop
 endfacet
 facet normal 1.0 0.0 0.0
  outer loop
   vertex 10.400000 21.950000 -26.650000
   vertex 10.400000 23.090000 26.650000
   vertex 10.400000 21.950000 26.650000
  endloop
 endfacet
 facet normal 0.0 1.0 0.0
  outer loop
   vertex 10.400000 23.090000 -26.650000
   vertex -10.400000 23.090000 -26.650000
   vertex -10.400000 23.090000 26.650000
  endloop
 endfacet
 facet normal 0.0 1.0 -0.0
  outer loop
   vertex 10.400000 23.090000 -26.650000
   vertex -10.400000 23.090000 26.650000
   vertex 10.400000 23.090000 26.650000
  endloop
 endfacet
 facet normal -1.0 0.0 0.0
  outer loop
   vertex -10.400000 23.090000 -26.650000
   vertex -10.400000 21.950000 -26.650000
   vertex -10.400000 21.950000 26.650000
  endloop
 endfacet
 facet normal -1.0 0.0 0.0
  outer loop
   vertex -10.400000 23.090000 -26.650000
   vertex -10.400000 21.950000 26.650000
   vertex -10.400000 23.090000 26.650000
  endloop
 endfacet
 facet normal 0.0 0.0 -1.0
  outer loop
   vertex -39.970000 -29.870000 -1.630000
   vertex -31.030000 -22.520000 -1.630000
   vertex -31.030000 -29.870000 -1.630000
  endloop
 endfacet
 facet normal 0.0 0.0 -1.0
  outer loop
   vertex -39.970000 -29.870000 -1.630000
   vertex -39.970000 -22.520000 -1.630000
   vertex -31.030000 -22.520000 -1.630000
  endloop
 endfacet
 facet normal 0.0 0.0 1.0
  outer loop
   vertex -39.970000 -29.870000 1.630000
   vertex -31.030000 -29.870000 1.630000
   vertex -31.030000 -22.520000 1.630000
  endloop
 endfacet
 facet normal 0.0 0.0 1.0
  outer loop
   vertex -39.970000 -29.870000 1.630000
   vertex -31.030000 -22.520000 1.630000
   vertex -39.970000 -22.520000 1.630000
  endloop
 endfacet
 facet normal 0.0 -1.0 0.0
  outer loop
   vertex -39.970000 -29.870000 -1.630000
   vertex -31.030000 -29.870000 -1.630000
   vertex -31.030000 -29.870000 1.630000
  endloop
 endfacet
 facet normal 0.0 -1.0 0.0
  outer loop
   vertex -39.970000 -29.870000 -1.630000
   vertex -31.030000 -29.870000 1.630000
   vertex -39.970000 -29.870000 1.630000
  endloop
 endfacet
 facet normal 1.0 0.0 0.0
  outer loop
   vertex -31.030000 -29.870000 -1.630000
   vertex -31.030000 -22.520000 -1.630000
   vertex -31.030000 -22.520000 1.630000
  endloop
 endfacet
 facet normal 1.0 0.0 0.0
  outer loop
   vertex -31.030000 -29.870000 -1.630000
   vertex -31.030000 -22.520000 1.630000
   vertex -31.030000 -29.870000 1.630000
  endloop
 endfacet
 facet normal 0.0 1.0 0.0
  outer loop
   vertex -31.030000 -22.520000 -1.630000
   vertex -39.970000 -22.520000 -1.630000
   vertex -39.970000 -22.520000 1.630000
  endloop
 endfacet
 facet normal 0.0 1.0 -0.0
  outer loop
   vertex -31.030000 -22.520000 -1.630000
   vertex -39.970000 -22.520000 1.630000
   vertex -31.030000 -22.520000 1.630000
  endloop
 endfacet
 facet normal -1.0 0.0 0.0
  outer loop
   vertex -39.970000 -22.520000 -1.630000
   vertex -39.970000 -29.870000 -1.630000
   vertex -39.970000 -29.870000 1.630000
  endloop
 endfacet
 facet normal -1.0 0.0 0.0
  outer loop
   vertex -39.970000 -22.520000 -1.630000
   vertex -39.970000 -29.870000 1.630000
   vertex -39.970000 -22.520000 1.630000
  endloop
 endfacet
 facet normal 0.0 0.0 -1.0
  outer loop
   vertex 9.000000 22.520000 6.250000
   vertex 15.000000 25.020000 6.250000
   vertex 15.000000 22.520000 6.250000
  endloop
 endfacet
 facet normal 0.0 0.0 -1.0
  outer loop
   vertex 9.000000 22.520000 6.250000
   vertex 9.000000 25.020000 6.250000
   vertex 15.000000 25.020000 6.250000
  endloop
 endfacet
 facet normal 0.0 0.0 1.0
  outer loop
   vertex 9.000000 22.520000 9.750000
   vertex 15.000000 22.520000 9.750000
   vertex 15.000000 25.020000 9.750000
  endloop
 endfacet
 facet normal 0.0 0.0 1.0
  outer loop
   vertex 9.000000 22.520000 9.750000
   vertex 15.000000 25.020000 9.750000
   vertex 9.000000 25.020000 9.750000
  endloop
 endfacet
 facet normal 0.0 -1.0 0.0
  outer loop
   vertex 9.000000 22.520000 6.250000
   vertex 15.000000 22.520000 6.250000
   vertex 15.000000 22.520000 9.750000
  endloop
 endfacet
 facet normal 0.0 -1.0 0.0
  outer loop
   vertex 9.000000 22.520000 6.250000
   vertex 15.000000 22.520000 9.750000
   vertex 9.000000 22.520000 9.750000
  endloop
 endfacet
 facet normal 1.0 0.0 0.0
  outer loop
   vertex 15.000000 22.520000 6.250000
   vertex 15.000000 25.020000 6.250000
   vertex 15.000000 25.020000 9.750000
  endloop
 endfacet
 facet normal 1.0 0.0 0.0
  outer loop
   vertex 15.000000 22.520000 6.250000
   vertex 15.000000 25.020000 9.750000
   vertex 15.000000 22.520000 9.750000
  endloop
 endfacet
 facet normal 0.0 1.0 0.0
  outer loop
   vertex 15.000000 25.020000 6.250000
   vertex 9.000000 25.020000 6.250000
   vertex 9.000000 25.020000 9.750000
  endloop
 endfacet
 facet normal 0.0 1.0 -0.0
  outer loop
   vertex 15.000000 25.020000 6.250000
   vertex 9.000000 25.020000 9.750000
   vertex 15.000000 25.020000 9.750000
  endloop
 endfacet
 facet normal -1.0 0.0 0.0
  outer loop
   vertex 9.000000 25.020000 6.250000
   vertex 9.000000 22.520000 6.250000
   vertex 9.000000 22.520000 9.750000
  endloop
 endfacet
 facet normal -1.0 0.0 0.0
  outer loop
   vertex 9.000000 25.020000 6.250000
   vertex 9.000000 22.520000 9.750000
   vertex 9.000000 25.020000 9.750000
  endloop
 endfacet
 facet normal 0.9807852804032304 0.0 0.19509032201612858
  outer loop
   vertex -6.000000 22.520000 -8.000000
   vertex -6.114181 24.520000 -7.425975
   vertex -6.114181 22.520000 -7.425975
  endloop
 endfacet
 facet normal 0.9807852804032304 -0.0 0.19509032201612858
  outer loop
   vertex -6.000000 22.520000 -8.000000
   vertex -6.000000 24.520000 -8.000000
   vertex -6.114181 24.520000 -7.425975
  endloop
 endfacet
 facet normal 0.0 -1.0 0.0
  outer loop
   vertex -7.500000 22.520000 -8.000000
   vertex -6.000000 22.520000 -8.000000
   vertex -6.114181 22.520000 -7.425975
  endloop
 endfacet
 facet normal 0.0 1.0 0.0
  outer loop
   vertex -7.500000 24.520000 -8.000000
   vertex -6.114181 24.520000 -7.425975
   vertex -6.000000 24.520000 -8.000000
  endloop
 endfacet
 facet normal 0.8314696123025451 0.0 0.5555702330196025
  outer loop
   vertex -6.114181 22.520000 -7.425975
   vertex -6.439340 24.520000 -6.939340
   vertex -6.439340 22.520000 -6.939340
  endloop
 endfacet
 facet normal 0.8314696123025451 -0.0 0.5555702330196025
  outer loop
   vertex -6.114181 22.520000 -7.425975
   vertex -6.114181 24.520000 -7.425975
   vertex -6.439340 24.520000 -6.939340
  endloop
 endfacet
 facet normal 0.0 -1.0 0.0
  outer loop
   vertex -7.500000 22.520000 -8.000000
   vertex -6.114181 22.520000 -7.425975
   vertex -6.439340 22.520000 -6.939340
  endloop
 endfacet
 facet normal 0.0 1.0 0.0
  outer loop
   vertex -7.500000 24.520000 -8.000000
   vertex -6.439340 24.520000 -6.939340
   vertex -6.114181 24.520000 -7.425975
  endloop
 endfacet
 facet normal 0.5555702330196025 0.0 0.8314696123025451
  outer loop
   vertex -6.439340 22.520000 -6.939340
   vertex -6.925975 24.520000 -6.614181
   vertex -6.925975 22.520000 -6.614181
  endloop
 endfacet
 facet normal 0.5555702330196025 -0.0 0.8314696123025451
  outer loop
   vertex -6.439340 22.520000 -6.939340
   vertex -6.439340 24.520000 -6.939340
   vertex -6.925975 24.520000 -6.614181
  endloop
 endfacet
 facet normal 0.0 -1.0 0.0
  outer loop
   vertex -7.500000 22.520000 -8.000000
   vertex -6.439340 22.520000 -6.939340
   vertex -6.925975 22.520000 -6.614181
  endloop
 endfacet
 facet normal 0.0 1.0 0.0
  outer loop
   vertex -7.500000 24.520000 -8.000000
   vertex -6.925975 24.520000 -6.614181
   vertex -6.439340 24.520000 -6.939340
  endloop
 endfacet
 facet normal 0.19509032201612858 0.0 0.9807852804032304
  outer loop
   vertex -6.925975 22.520000 -6.614181
   vertex -7.500000 24.520000 -6.500000
   vertex -7.500000 22.520000 -6.500000
  endloop
 endfacet
 facet normal 0.19509032201612858 -0.0 0.9807852804032304
  outer loop
   vertex -6.925975 22.520000 -6.614181
   vertex -6.925975 24.520000 -6.614181
   vertex -7.500000 24.520000 -6.500000
  endloop
 endfacet
 facet normal 0.0 -1.0 0.0
  outer loop
   vertex -7.500000 22.520000 -8.000000
   vertex -6.925975 22.520000 -6.614181
   vertex -7.500000 22.520000 -6.500000
  endloop
 endfacet
 facet normal 0.0 1.0 0.0
  outer loop
   vertex -7.500000 24.520000 -8.000000
   vertex -7.500000 24.520000 -6.500000
   vertex -6.925975 24.520000 -6.614181
  endloop
 endfacet
 facet normal -0.19509032201612828 0.0 0.9807852804032304
  outer loop
   vertex -7.500000 22.520000 -6.500000
   vertex -8.074025 24.520000 -6.614181
   vertex -8.074025 22.520000 -6.614181
  endloop
 endfacet
 facet normal -0.19509032201612828 0.0 0.9807852804032304
  outer loop
   vertex -7.500000 22.520000 -6.500000
   vertex -7.500000 24.520000 -6.500000
   vertex -8.074025 24.520000 -6.614181
  endloop
 endfacet
 facet normal 0.0 -1.0 0.0
  outer loop
   vertex -7.500000 22.520000 -8.000000
   vertex -7.500000 22.520000 -6.500000
   vertex -8.074025 22.520000 -6.614181
  endloop
 endfacet
 facet normal 0.0 1.0 -0.0
  outer loop
   vertex -7.500000 24.520000 -8.000000
   vertex -8.074025 24.520000 -6.614181
   vertex -7.500000 24.520000 -6.500000
  endloop
 endfacet
 facet normal -0.5555702330196032 0.0 0.8314696123025446
  outer loop
   vertex -8.074025 22.520000 -6.614181
   vertex -8.560660 24.520000 -6.939340
   vertex -8.560660 22.520000 -6.939340
  endloop
 endfacet
 facet normal -0.5555702330196032 0.0 0.8314696123025446
  outer loop
   vertex -8.074025 22.520000 -6.614181
   vertex -8.074025 24.520000 -6.614181
   vertex -8.560660 24.520000 -6.939340
  endloop
 endfacet
 facet normal 0.0 -1.0 0.0
  outer loop
   vertex -7.500000 22.520000 -8.000000
   vertex -8.074025 22.520000 -6.614181
   vertex -8.560660 22.520000 -6.939340
  endloop
 endfacet
 facet normal 0.0 1.0 0.0
  outer loop
   vertex -7.500000 24.520000 -8.000000
   vertex -8.560660 24.520000 -6.939340
   vertex -8.074025 24.520000 -6.614181
  endloop
 endfacet
 facet normal -0.8314696123025451 0.0 0.5555702330196021
  outer loop
   vertex -8.560660 22.520000 -6.939340
   vertex -8.885819 24.520000 -7.425975
   vertex -8.885819 22.520000 -7.425975
  endloop
 endfacet
 facet normal -0.8314696123025451 0.0 0.5555702330196021
  outer loop
   vertex -8.560660 22.520000 -6.939340
   vertex -8.560660 24.520000 -6.939340
   vertex -8.885819 24.520000 -7.425975
  endloop
 endfacet
 facet normal 0.0 -1.0 0.0
  outer loop
   vertex -7.500000 22.520000 -8.000000
   vertex -8.560660 22.520000 -6.939340
   vertex -8.885819 22.520000 -7.425975
  endloop
 endfacet
 facet normal 0.0 1.0 0.0
  outer loop
   vertex -7.500000 24.520000 -8.000000
   vertex -8.885819 24.520000 -7.425975
   vertex -8.560660 24.520000 -6.939340
  endloop
 endfacet
 facet normal -0.9807852804032303 0.0 0.19509032201612977
  outer loop
   vertex -8.885819 22.520000 -7.425975
   vertex -9.000000 24.520000 -8.000000
   vertex -9.000000 22.520000 -8.000000
  endloop
 endfacet
 facet normal -0.9807852804032303 0.0 0.19509032201612977
  outer loop
   vertex -8.885819 22.520000 -7.425975
   vertex -8.885819 24.520000 -7.425975
   vertex -9.000000 24.520000 -8.000000
  endloop
 endfacet
 facet normal 0.0 -1.0 0.0
  outer loop
   vertex -7.500000 22.520000 -8.000000
   vertex -8.885819 22.520000 -7.425975
   vertex -9.000000 22.520000 -8.000000
  endloop
 endfacet
 facet normal 0.0 1.0 0.0
  outer loop
   vertex -7.500000 24.520000 -8.000000
   vertex -9.000000 24.520000 -8.000000
   vertex -8.885819 24.520000 -7.425975
  endloop
 endfacet
 facet normal -0.9807852804032309 0.0 -0.19509032201612683
  outer loop
   vertex -9.000000 22.520000 -8.000000
   vertex -8.885819 24.520000 -8.574025
   vertex -8.885819 22.520000 -8.574025
  endloop
 endfacet
 facet normal -0.9807852804032309 0.0 -0.19509032201612683
  outer loop
   vertex -9.000000 22.520000 -8.000000
   vertex -9.000000 24.520000 -8.000000
   vertex -8.885819 24.520000 -8.574025
  endloop
 endfacet
 facet normal -0.0 -1.0 0.0
  outer loop
   vertex -7.500000 22.520000 -8.000000
   vertex -9.000000 22.520000 -8.000000
   vertex -8.885819 22.520000 -8.574025
  endloop
 endfacet
 facet normal 0.0 1.0 0.0
  outer loop
   vertex -7.500000 24.520000 -8.000000
   vertex -8.885819 24.520000 -8.574025
   vertex -9.000000 24.520000 -8.000000
  endloop
 endfacet
 facet normal -0.8314696123025439 0.0 -0.5555702330196043
  outer loop
   vertex -8.885819 22.520000 -8.574025
   vertex -8.560660 24.520000 -9.060660
   vertex -8.560660 22.520000 -9.060660
  endloop
 endfacet
 facet normal -0.8314696123025439 0.0 -0.5555702330196043
  outer loop
   vertex -8.885819 22.520000 -8.574025
   vertex -8.885819 24.520000 -8.574025
   vertex -8.560660 24.520000 -9.060660
  endloop
 endfacet
 facet normal 0.0 -1.0 0.0
  outer loop
   vertex -7.500000 22.520000 -8.000000
   vertex -8.885819 22.520000 -8.574025
   vertex -8.560660 22.520000 -9.060660
  endloop
 endfacet
 facet normal 0.0 1.0 0.0
  outer loop
   vertex -7.500000 24.520000 -8.000000
   vertex -8.560660 24.520000 -9.060660
   vertex -8.885819 24.520000 -8.574025
  endloop
 endfacet
 facet normal -0.5555702330196021 0.0 -0.8314696123025451
  outer loop
   vertex -8.560660 22.520000 -9.060660
   vertex -8.074025 24.520000 -9.385819
   vertex -8.074025 22.520000 -9.385819
  endloop
 endfacet
 facet normal -0.5555702330196021 0.0 -0.8314696123025451
  outer loop
   vertex -8.560660 22.520000 -9.060660
   vertex -8.560660 24.520000 -9.060660
   vertex -8.074025 24.520000 -9.385819
  endloop
 endfacet
 facet normal 0.0 -1.0 0.0
  outer loop
   vertex -7.500000 22.520000 -8.000000
   vertex -8.560660 22.520000 -9.060660
   vertex -8.074025 22.520000 -9.385819
  endloop
 endfacet
 facet normal 0.0 1.0 0.0
  outer loop
   vertex -7.500000 24.520000 -8.000000
   vertex -8.074025 24.520000 -9.385819
   vertex -8.560660 24.520000 -9.060660
  endloop
 endfacet
 facet normal -0.19509032201612977 0.0 -0.9807852804032303
  outer loop
   vertex -8.074025 22.520000 -9.385819
   vertex -7.500000 24.520000 -9.500000
   vertex -7.500000 22.520000 -9.500000
  endloop
 endfacet
 facet normal -0.19509032201612977 0.0 -0.9807852804032303
  outer loop
   vertex -8.074025 22.520000 -9.385819
   vertex -8.074025 24.520000 -9.385819
   vertex -7.500000 24.520000 -9.500000
  endloop
 endfacet
 facet normal 0.0 -1.0 -0.0
  outer loop
   vertex -7.500000 22.520000 -8.000000
   vertex -8.074025 22.520000 -9.385819
   vertex -7.500000 22.520000 -9.500000
  endloop
 endfacet
 facet normal 0.0 1.0 0.0
  outer loop
   vertex -7.500000 24.520000 -8.000000
   vertex -7.500000 24.520000 -9.500000
   vertex -8.074025 24.520000 -9.385819
  endloop
 endfacet
 facet normal 0.19509032201612977 0.0 -0.9807852804032303
  outer loop
   vertex -7.500000 22.520000 -9.500000
   vertex -6.925975 24.520000 -9.385819
   vertex -6.925975 22.520000 -9.385819
  endloop
 endfacet
 facet normal 0.19509032201612977 0.0 -0.9807852804032303
  outer loop
   vertex -7.500000 22.520000 -9.500000
   vertex -7.500000 24.520000 -9.500000
   vertex -6.925975 24.520000 -9.385819
  endloop
 endfacet
 facet normal 0.0 -1.0 0.0
  outer loop
   vertex -7.500000 22.520000 -8.000000
   vertex -7.500000 22.520000 -9.500000
   vertex -6.925975 22.520000 -9.385819
  endloop
 endfacet
 facet normal 0.0 1.0 0.0
  outer loop
   vertex -7.500000 24.520000 -8.000000
   vertex -6.925975 24.520000 -9.385819
   vertex -7.500000 24.520000 -9.500000
  endloop
 endfacet
 facet normal 0.5555702330196021 0.0 -0.8314696123025451
  outer loop
   vertex -6.925975 22.520000 -9.385819
   vertex -6.439340 24.520000 -9.060660
   vertex -6.439340 22.520000 -9.060660
  endloop
 endfacet
 facet normal 0.5555702330196021 0.0 -0.8314696123025451
  outer loop
   vertex -6.925975 22.520000 -9.385819
   vertex -6.925975 24.520000 -9.385819
   vertex -6.439340 24.520000 -9.060660
  endloop
 endfacet
 facet normal 0.0 -1.0 0.0
  outer loop
   vertex -7.500000 22.520000 -8.000000
   vertex -6.925975 22.520000 -9.385819
   vertex -6.439340 22.520000 -9.060660
  endloop
 endfacet
 facet normal 0.0 1.0 0.0
  outer loop
   vertex -7.500000 24.520000 -8.000000
   vertex -6.439340 24.520000 -9.060660
   vertex -6.925975 24.520000 -9.385819
  endloop
 endfacet
 facet normal 0.8314696123025446 0.0 -0.5555702330196032
  outer loop
   vertex -6.439340 22.520000 -9.060660
   vertex -6.114181 24.520000 -8.574025
   vertex -6.114181 22.520000 -8.574025
  endloop
 endfacet
 facet normal 0.8314696123025446 0.0 -0.5555702330196032
  outer loop
   vertex -6.439340 22.520000 -9.060660
   vertex -6.439340 24.520000 -9.060660
   vertex -6.114181 24.520000 -8.574025
  endloop
 endfacet
 facet normal 0.0 -1.0 0.0
  outer loop
   vertex -7.500000 22.520000 -8.000000
   vertex -6.439340 22.520000 -9.060660
   vertex -6.114181 22.520000 -8.574025
  endloop
 endfacet
 facet normal 0.0 1.0 0.0
  outer loop
   vertex -7.500000 24.520000 -8.000000
   vertex -6.114181 24.520000 -8.574025
   vertex -6.439340 24.520000 -9.060660
  endloop
 endfacet
 facet normal 0.9807852804032304 0.0 -0.19509032201612828
  outer loop
   vertex -6.114181 22.520000 -8.574025
   vertex -6.000000 24.520000 -8.000000
   vertex -6.000000 22.520000 -8.000000
  endloop
 endfacet
 facet normal 0.9807852804032304 0.0 -0.19509032201612828
  outer loop
   vertex -6.114181 22.520000 -8.574025
   vertex -6.114181 24.520000 -8.574025
   vertex -6.000000 24.520000 -8.000000
  endloop
 endfacet
 facet normal 0.0 -1.0 0.0
  outer loop
   vertex -7.500000 22.520000 -8.000000
   vertex -6.114181 22.520000 -8.574025
   vertex -6.000000 22.520000 -8.000000
  endloop
 endfacet
 facet normal -0.0 1.0 0.0
  outer loop
   vertex -7.500000 24.520000 -8.000000
   vertex -6.000000 24.520000 -8.000000
   vertex -6.114181 24.520000 -8.574025
  endloop
 endfacet
 facet normal 0.9807852804032304 0.0 0.19509032201612858
  outer loop
   vertex -1.000000 22.520000 -8.000000
   vertex -1.114181 24.520000 -7.425975
   vertex -1.114181 22.520000 -7.425975
  endloop
 endfacet
 facet normal 0.9807852804032304 -0.0 0.19509032201612858
  outer loop
   vertex -1.000000 22.520000 -8.000000
   vertex -1.000000 24.520000 -8.000000
   vertex -1.114181 24.520000 -7.425975
  endloop
 endfacet
 facet normal 0.0 -1.0 0.0
  outer loop
   vertex -2.500000 22.520000 -8.000000
   vertex -1.000000 22.520000 -8.000000
   vertex -1.114181 22.520000 -7.425975
  endloop
 endfacet
 facet normal 0.0 1.0 0.0
  outer loop
   vertex -2.500000 24.520000 -8.000000
   vertex -1.114181 24.520000 -7.425975
   vertex -1.000000 24.520000 -8.000000
  endloop
 endfacet
 facet normal 0.8314696123025455 0.0 0.555570233019602
  outer loop
   vertex -1.114181 22.520000 -7.425975
   vertex -1.439340 24.520000 -6.939340
   vertex -1.439340 22.520000 -6.939340
  endloop
 endfacet
 facet normal 0.8314696123025455 -0.0 0.555570233019602
  outer loop
   vertex -1.114181 22.520000 -7.425975
   vertex -1.114181 24.520000 -7.425975
   vertex -1.439340 24.520000 -6.939340
  endloop
 endfacet
 facet normal 0.0 -1.0 0.0
  outer loop
   vertex -2.500000 22.520000 -8.000000
   vertex -1.114181 22.520000 -7.425975
   vertex -1.439340 22.520000 -6.939340
  endloop
 endfacet
 facet normal 0.0 1.0 0.0
  outer loop
   vertex -2.500000 24.520000 -8.000000
   vertex -1.439340 24.520000 -6.939340
   vertex -1.114181 24.520000 -7.425975
  endloop
 endfacet
 facet normal 0.5555702330196025 0.0 0.8314696123025451
  outer loop
   vertex -1.439340 22.520000 -6.939340
   vertex -1.925975 24.520000 -6.614181
   vertex -1.925975 22.520000 -6.614181
  endloop
 endfacet
 facet normal 0.5555702330196025 -0.0 0.8314696123025451
  outer loop
   vertex -1.439340 22.520000 -6.939340
   vertex -1.439340 24.520000 -6.939340
   vertex -1.925975 24.520000 -6.614181
  endloop
 endfacet
 facet normal 0.0 -1.0 0.0
  outer loop
   vertex -2.500000 22.520000 -8.000000
   vertex -1.439340 22.520000 -6.939340
   vertex -1.925975 22.520000 -6.614181
  endloop
 endfacet
 facet normal 0.0 1.0 0.0
  outer loop
   vertex -2.500000 24.520000 -8.000000
   vertex -1.925975 24.520000 -6.614181
   vertex -1.439340 24.520000 -6.939340
  endloop
 endfacet
 facet normal 0.19509032201612844 0.0 0.9807852804032304
  outer loop
   vertex -1.925975 22.520000 -6.614181
   vertex -2.500000 24.520000 -6.500000
   vertex -2.500000 22.520000 -6.500000
  endloop
 endfacet
 facet normal 0.19509032201612844 -0.0 0.9807852804032304
  outer loop
   vertex -1.925975 22.520000 -6.614181
   vertex -1.925975 24.520000 -6.614181
   vertex -2.500000 24.520000 -6.500000
  endloop
 endfacet
 facet normal 0.0 -1.0 0.0
  outer loop
   vertex -2.500000 22.520000 -8.000000
   vertex -1.925975 22.520000 -6.614181
   vertex -2.500000 22.520000 -6.500000
  endloop
 endfacet
 facet normal 0.0 1.0 0.0
  outer loop
   vertex -2.500000 24.520000 -8.000000
   vertex -2.500000 24.520000 -6.500000
   vertex -1.925975 24.520000 -6.614181
  endloop
 endfacet
 facet normal -0.19509032201612858 0.0 0.9807852804032304
  outer loop
   vertex -2.500000 22.520000 -6.500000
   vertex -3.074025 24.520000 -6.614181
   vertex -3.074025 22.520000 -6.614181
  endloop
 endfacet
 facet normal -0.19509032201612858 0.0 0.9807852804032304
  outer loop
   vertex -2.500000 22.520000 -6.500000
   vertex -2.500000 24.520000 -6.500000
   vertex -3.074025 24.520000 -6.614181
  endloop
 endfacet
 facet normal 0.0 -1.0 0.0
  outer loop
   vertex -2.500000 22.520000 -8.000000
   vertex -2.500000 22.520000 -6.500000
   vertex -3.074025 22.520000 -6.614181
  endloop
 endfacet
 facet normal 0.0 1.0 -0.0
  outer loop
   vertex -2.500000 24.520000 -8.000000
   vertex -3.074025 24.520000 -6.614181
   vertex -2.500000 24.520000 -6.500000
  endloop
 endfacet
 facet normal -0.5555702330196025 0.0 0.8314696123025451
  outer loop
   vertex -3.074025 22.520000 -6.614181
   vertex -3.560660 24.520000 -6.939340
   vertex -3.560660 22.520000 -6.939340
  endloop
 endfacet
 facet normal -0.5555702330196025 0.0 0.8314696123025451
  outer loop
   vertex -3.074025 22.520000 -6.614181
   vertex -3.074025 24.520000 -6.614181
   vertex -3.560660 24.520000 -6.939340
  endloop
 endfacet
 facet normal 0.0 -1.0 0.0
  outer loop
   vertex -2.500000 22.520000 -8.000000
   vertex -3.074025 22.520000 -6.614181
   vertex -3.560660 22.520000 -6.939340
  endloop
 endfacet
 facet normal 0.0 1.0 0.0
  outer loop
   vertex -2.500000 24.520000 -8.000000
   vertex -3.560660 24.520000 -6.939340
   vertex -3.074025 24.520000 -6.614181
  endloop
 endfacet
 facet normal -0.8314696123025446 0.0 0.5555702330196032
  outer loop
   vertex -3.560660 22.520000 -6.939340
   vertex -3.885819 24.520000 -7.425975
   vertex -3.885819 22.520000 -7.425975
  endloop
 endfacet
 facet normal -0.8314696123025446 0.0 0.5555702330196032
  outer loop
   vertex -3.560660 22.520000 -6.939340
   vertex -3.560660 24.520000 -6.939340
   vertex -3.885819 24.520000 -7.425975
  endloop
 endfacet
 facet normal 0.0 -1.0 0.0
  outer loop
   vertex -2.500000 22.520000 -8.000000
   vertex -3.560660 22.520000 -6.939340
   vertex -3.885819 22.520000 -7.425975
  endloop
 endfacet
 facet normal 0.0 1.0 0.0
  outer loop
   vertex -2.500000 24.520000 -8.000000
   vertex -3.885819 24.520000 -7.425975
   vertex -3.560660 24.520000 -6.939340
  endloop
 endfacet
 facet normal -0.9807852804032304 0.0 0.19509032201612828
  outer loop
   vertex -3.885819 22.520000 -7.425975
   vertex -4.000000 24.520000 -8.000000
   vertex -4.000000 22.520000 -8.000000
  endloop
 endfacet
 facet normal -0.9807852804032304 0.0 0.19509032201612828
  outer loop
   vertex -3.885819 22.520000 -7.425975
   vertex -3.885819 24.520000 -7.425975
   vertex -4.000000 24.520000 -8.000000
  endloop
 endfacet
 facet normal 0.0 -1.0 0.0
  outer loop
   vertex -2.500000 22.520000 -8.000000
   vertex -3.885819 22.520000 -7.425975
   vertex -4.000000 22.520000 -8.000000
  endloop
 endfacet
 facet normal 0.0 1.0 0.0
  outer loop
   vertex -2.500000 24.520000 -8.000000
   vertex -4.000000 24.520000 -8.000000
   vertex -3.885819 24.520000 -7.425975
  endloop
 endfacet
 facet normal -0.9807852804032304 0.0 -0.19509032201612828
  outer loop
   vertex -4.000000 22.520000 -8.000000
   vertex -3.885819 24.520000 -8.574025
   vertex -3.885819 22.520000 -8.574025
  endloop
 endfacet
 facet normal -0.9807852804032304 0.0 -0.19509032201612828
  outer loop
   vertex -4.000000 22.520000 -8.000000
   vertex -4.000000 24.520000 -8.000000
   vertex -3.885819 24.520000 -8.574025
  endloop
 endfacet
 facet normal -0.0 -1.0 0.0
  outer loop
   vertex -2.500000 22.520000 -8.000000
   vertex -4.000000 22.520000 -8.000000
   vertex -3.885819 22.520000 -8.574025
  endloop
 endfacet
 facet normal 0.0 1.0 0.0
  outer loop
   vertex -2.500000 24.520000 -8.000000
   vertex -3.885819 24.520000 -8.574025
   vertex -4.000000 24.520000 -8.000000
  endloop
 endfacet
 facet normal -0.831469612302545 0.0 -0.5555702330196027
  outer loop
   vertex -3.885819 22.520000 -8.574025
   vertex -3.560660 24.520000 -9.060660
   vertex -3.560660 22.520000 -9.060660
  endloop
 endfacet
 facet normal -0.831469612302545 0.0 -0.5555702330196027
  outer loop
   vertex -3.885819 22.520000 -8.574025
   vertex -3.885819 24.520000 -8.574025
   vertex -3.560660 24.520000 -9.060660
  endloop
 endfacet
 facet normal 0.0 -1.0 0.0
  outer loop
   vertex -2.500000 22.520000 -8.000000
   vertex -3.885819 22.520000 -8.574025
   vertex -3.560660 22.520000 -9.060660
  endloop
 endfacet
 facet normal 0.0 1.0 0.0
  outer loop
   vertex -2.500000 24.520000 -8.000000
   vertex -3.560660 24.520000 -9.060660
   vertex -3.885819 24.520000 -8.574025
  endloop
 endfacet
 facet normal -0.5555702330196017 0.0 -0.8314696123025455
  outer loop
   vertex -3.560660 22.520000 -9.060660
   vertex -3.074025 24.520000 -9.385819
   vertex -3.074025 22.520000 -9.385819
  endloop
 endfacet
 facet normal -0.5555702330196017 0.0 -0.8314696123025455
  outer loop
   vertex -3.560660 22.520000 -9.060660
   vertex -3.560660 24.520000 -9.060660
   vertex -3.074025 24.520000 -9.385819
  endloop
 endfacet
 facet normal 0.0 -1.0 0.0
  outer loop
   vertex -2.500000 22.520000 -8.000000
   vertex -3.560660 22.520000 -9.060660
   vertex -3.074025 22.520000 -9.385819
  endloop
 endfacet
 facet normal 0.0 1.0 0.0
  outer loop
   vertex -2.500000 24.520000 -8.000000
   vertex -3.074025 24.520000 -9.385819
   vertex -3.560660 24.520000 -9.060660
  endloop
 endfacet
 facet normal -0.19509032201612989 0.0 -0.9807852804032301
  outer loop
   vertex -3.074025 22.520000 -9.385819
   vertex -2.500000 24.520000 -9.500000
   vertex -2.500000 22.520000 -9.500000
  endloop
 endfacet
 facet normal -0.19509032201612989 0.0 -0.9807852804032301
  outer loop
   vertex -3.074025 22.520000 -9.385819
   vertex -3.074025 24.520000 -9.385819
   vertex -2.500000 24.520000 -9.500000
  endloop
 endfacet
 facet normal 0.0 -1.0 0.0
  outer loop
   vertex -2.500000 22.520000 -8.000000
   vertex -3.074025 22.520000 -9.385819
   vertex -2.500000 22.520000 -9.500000
  endloop
 endfacet
 facet normal 0.0 1.0 0.0
  outer loop
   vertex -2.500000 24.520000 -8.000000
   vertex -2.500000 24.520000 -9.500000
   vertex -3.074025 24.520000 -9.385819
  endloop
 endfacet
 facet normal 0.19509032201612977 0.0 -0.9807852804032303
  outer loop
   vertex -2.500000 22.520000 -9.500000
   vertex -1.925975 24.520000 -9.385819
   vertex -1.925975 22.520000 -9.385819
  endloop
 endfacet
 facet normal 0.19509032201612977 0.0 -0.9807852804032303
  outer loop
   vertex -2.500000 22.520000 -9.500000
   vertex -2.500000 24.520000 -9.500000
   vertex -1.925975 24.520000 -9.385819
  endloop
 endfacet
 facet normal 0.0 -1.0 -0.0
  outer loop
   vertex -2.500000 22.520000 -8.000000
   vertex -2.500000 22.520000 -9.500000
   vertex -1.925975 22.520000 -9.385819
  endloop
 endfacet
 facet normal 0.0 1.0 0.0
  outer loop
   vertex -2.500000 24.520000 -8.000000
   vertex -1.925975 24.520000 -9.385819
   vertex -2.500000 24.520000 -9.500000
  endloop
 endfacet
 facet normal 0.5555702330196017 0.0 -0.8314696123025455
  outer loop
   vertex -1.925975 22.520000 -9.385819
   vertex -1.439340 24.520000 -9.060660
   vertex -1.439340 22.520000 -9.060660
  endloop
 endfacet
 facet normal 0.5555702330196017 0.0 -0.8314696123025455
  outer loop
   vertex -1.925975 22.520000 -9.385819
   vertex -1.925975 24.520000 -9.385819
   vertex -1.439340 24.520000 -9.060660
  endloop
 endfacet
 facet normal 0.0 -1.0 0.0
  outer loop
   vertex -2.500000 22.520000 -8.000000
   vertex -1.925975 22.520000 -9.385819
   vertex -1.439340 22.520000 -9.060660
  endloop
 endfacet
 facet normal 0.0 1.0 0.0
  outer loop
   vertex -2.500000 24.520000 -8.000000
   vertex -1.439340 24.520000 -9.060660
   vertex -1.925975 24.520000 -9.385819
  endloop
 endfacet
 facet normal 0.8314696123025447 0.0 -0.5555702330196028
  outer loop
   vertex -1.439340 22.520000 -9.060660
   vertex -1.114181 24.520000 -8.574025
   vertex -1.114181 22.520000 -8.574025
  endloop
 endfacet
 facet normal 0.8314696123025447 0.0 -0.5555702330196028
  outer loop
   vertex -1.439340 22.520000 -9.060660
   vertex -1.439340 24.520000 -9.060660
   vertex -1.114181 24.520000 -8.574025
  endloop
 endfacet
 facet normal 0.0 -1.0 0.0
  outer loop
   vertex -2.500000 22.520000 -8.000000
   vertex -1.439340 22.520000 -9.060660
   vertex -1.114181 22.520000 -8.574025
  endloop
 endfacet
 facet normal 0.0 1.0 0.0
  outer loop
   vertex -2.500000 24.520000 -8.000000
   vertex -1.114181 24.520000 -8.574025
   vertex -1.439340 24.520000 -9.060660
  endloop
 endfacet
 facet normal 0.9807852804032304 0.0 -0.19509032201612866
  outer loop
   vertex -1.114181 22.520000 -8.574025
   vertex -1.000000 24.520000 -8.000000
   vertex -1.000000 22.520000 -8.000000
  endloop
 endfacet
 facet normal 0.9807852804032304 0.0 -0.19509032201612866
  outer loop
   vertex -1.114181 22.520000 -8.574025
   vertex -1.114181 24.520000 -8.574025
   vertex -1.000000 24.520000 -8.000000
  endloop
 endfacet
 facet normal 0.0 -1.0 0.0
  outer loop
   vertex -2.500000 22.520000 -8.000000
   vertex -1.114181 22.520000 -8.574025
   vertex -1.000000 22.520000 -8.000000
  endloop
 endfacet
 facet normal -0.0 1.0 0.0
  outer loop
   vertex -2.500000 24.520000 -8.000000
   vertex -1.000000 24.520000 -8.000000
   vertex -1.114181 24.520000 -8.574025
  endloop
 endfacet
 facet normal 0.9807852804032304 0.0 0.19509032201612858
  outer loop
   vertex 4.000000 22.520000 -8.000000
   vertex 3.885819 24.520000 -7.425975
   vertex 3.885819 22.520000 -7.425975
  endloop
 endfacet
 facet normal 0.9807852804032304 -0.0 0.19509032201612858
  outer loop
   vertex 4.000000 22.520000 -8.000000
   vertex 4.000000 24.520000 -8.000000
   vertex 3.885819 24.520000 -7.425975
  endloop
 endfacet
 facet normal 0.0 -1.0 0.0
  outer loop
   vertex 2.500000 22.520000 -8.000000
   vertex 4.000000 22.520000 -8.000000
   vertex 3.885819 22.520000 -7.425975
  endloop
 endfacet
 facet normal 0.0 1.0 0.0
  outer loop
   vertex 2.500000 24.520000 -8.000000
   vertex 3.885819 24.520000 -7.425975
   vertex 4.000000 24.520000 -8.000000
  endloop
 endfacet
 facet normal 0.8314696123025455 0.0 0.555570233019602
  outer loop
   vertex 3.885819 22.520000 -7.425975
   vertex 3.560660 24.520000 -6.939340
   vertex 3.560660 22.520000 -6.939340
  endloop
 endfacet
 facet normal 0.8314696123025455 -0.0 0.555570233019602
  outer loop
   vertex 3.885819 22.520000 -7.425975
   vertex 3.885819 24.520000 -7.425975
   vertex 3.560660 24.520000 -6.939340
  endloop
 endfacet
 facet normal 0.0 -1.0 0.0
  outer loop
   vertex 2.500000 22.520000 -8.000000
   vertex 3.885819 22.520000 -7.425975
   vertex 3.560660 22.520000 -6.939340
  endloop
 endfacet
 facet normal 0.0 1.0 0.0
  outer loop
   vertex 2.500000 24.520000 -8.000000
   vertex 3.560660 24.520000 -6.939340
   vertex 3.885819 24.520000 -7.425975
  endloop
 endfacet
 facet normal 0.5555702330196025 0.0 0.8314696123025451
  outer loop
   vertex 3.560660 22.520000 -6.939340
   vertex 3.074025 24.520000 -6.614181
   vertex 3.074025 22.520000 -6.614181
  endloop
 endfacet
 facet normal 0.5555702330196025 -0.0 0.8314696123025451
  outer loop
   vertex 3.560660 22.520000 -6.939340
   vertex 3.560660 24.520000 -6.939340
   vertex 3.074025 24.520000 -6.614181
  endloop
 endfacet
 facet normal 0.0 -1.0 0.0
  outer loop
   vertex 2.500000 22.520000 -8.000000
   vertex 3.560660 22.520000 -6.939340
   vertex 3.074025 22.520000 -6.614181
  endloop
 endfacet
 facet normal 0.0 1.0 0.0
  outer loop
   vertex 2.500000 24.520000 -8.000000
   vertex 3.074025 24.520000 -6.614181
   vertex 3.560660 24.520000 -6.939340
  endloop
 endfacet
 facet normal 0.19509032201612844 0.0 0.9807852804032304
  outer loop
   vertex 3.074025 22.520000 -6.614181
   vertex 2.500000 24.520000 -6.500000
   vertex 2.500000 22.520000 -6.500000
  endloop
 endfacet
 facet normal 0.19509032201612844 -0.0 0.9807852804032304
  outer loop
   vertex 3.074025 22.520000 -6.614181
   vertex 3.074025 24.520000 -6.614181
   vertex 2.500000 24.520000 -6.500000
  endloop
 endfacet
 facet normal 0.0 -1.0 0.0
  outer loop
   vertex 2.500000 22.520000 -8.000000
   vertex 3.074025 22.520000 -6.614181
   vertex 2.500000 22.520000 -6.500000
  endloop
 endfacet
 facet normal 0.0 1.0 0.0
  outer loop
   vertex 2.500000 24.520000 -8.000000
   vertex 2.500000 24.520000 -6.500000
   vertex 3.074025 24.520000 -6.614181
  endloop
 endfacet
 facet normal -0.1950903220161285 0.0 0.9807852804032304
  outer loop
   vertex 2.500000 22.520000 -6.500000
   vertex 1.925975 24.520000 -6.614181
   vertex 1.925975 22.520000 -6.614181
  endloop
 endfacet
 facet normal -0.1950903220161285 0.0 0.9807852804032304
  outer loop
   vertex 2.500000 22.520000 -6.500000
   vertex 2.500000 24.520000 -6.500000
   vertex 1.925975 24.520000 -6.614181
  endloop
 endfacet
 facet normal 0.0 -1.0 0.0
  outer loop
   vertex 2.500000 22.520000 -8.000000
   vertex 2.500000 22.520000 -6.500000
   vertex 1.925975 22.520000 -6.614181
  endloop
 endfacet
 facet normal 0.0 1.0 -0.0
  outer loop
   vertex 2.500000 24.520000 -8.000000
   vertex 1.925975 24.520000 -6.614181
   vertex 2.500000 24.520000 -6.500000
  endloop
 endfacet
 facet normal -0.5555702330196025 0.0 0.8314696123025451
  outer loop
   vertex 1.925975 22.520000 -6.614181
   vertex 1.439340 24.520000 -6.939340
   vertex 1.439340 22.520000 -6.939340
  endloop
 endfacet
 facet normal -0.5555702330196025 0.0 0.8314696123025451
  outer loop
   vertex 1.925975 22.520000 -6.614181
   vertex 1.925975 24.520000 -6.614181
   vertex 1.439340 24.520000 -6.939340
  endloop
 endfacet
 facet normal 0.0 -1.0 0.0
  outer loop
   vertex 2.500000 22.520000 -8.000000
   vertex 1.925975 22.520000 -6.614181
   vertex 1.439340 22.520000 -6.939340
  endloop
 endfacet
 facet normal 0.0 1.0 0.0
  outer loop
   vertex 2.500000 24.520000 -8.000000
   vertex 1.439340 24.520000 -6.939340
   vertex 1.925975 24.520000 -6.614181
  endloop
 endfacet
 facet normal -0.8314696123025447 0.0 0.5555702330196028
  outer loop
   vertex 1.439340 22.520000 -6.939340
   vertex 1.114181 24.520000 -7.425975
   vertex 1.114181 22.520000 -7.425975
  endloop
 endfacet
 facet normal -0.8314696123025447 0.0 0.5555702330196028
  outer loop
   vertex 1.439340 22.520000 -6.939340
   vertex 1.439340 24.520000 -6.939340
   vertex 1.114181 24.520000 -7.425975
  endloop
 endfacet
 facet normal 0.0 -1.0 0.0
  outer loop
   vertex 2.500000 22.520000 -8.000000
   vertex 1.439340 22.520000 -6.939340
   vertex 1.114181 22.520000 -7.425975
  endloop
 endfacet
 facet normal 0.0 1.0 0.0
  outer loop
   vertex 2.500000 24.520000 -8.000000
   vertex 1.114181 24.520000 -7.425975
   vertex 1.439340 24.520000 -6.939340
  endloop
 endfacet
 facet normal -0.9807852804032304 0.0 0.19509032201612828
  outer loop
   vertex 1.114181 22.520000 -7.425975
   vertex 1.000000 24.520000 -8.000000
   vertex 1.000000 22.520000 -8.000000
  endloop
 endfacet
 facet normal -0.9807852804032304 0.0 0.19509032201612828
  outer loop
   vertex 1.114181 22.520000 -7.425975
   vertex 1.114181 24.520000 -7.425975
   vertex 1.000000 24.520000 -8.000000
  endloop
 endfacet
 facet normal 0.0 -1.0 0.0
  outer loop
   vertex 2.500000 22.520000 -8.000000
   vertex 1.114181 22.520000 -7.425975
   vertex 1.000000 22.520000 -8.000000
  endloop
 endfacet
 facet normal 0.0 1.0 0.0
  outer loop
   vertex 2.500000 24.520000 -8.000000
   vertex 1.000000 24.520000 -8.000000
   vertex 1.114181 24.520000 -7.425975
  endloop
 endfacet
 facet normal -0.9807852804032304 0.0 -0.19509032201612792
  outer loop
   vertex 1.000000 22.520000 -8.000000
   vertex 1.114181 24.520000 -8.574025
   vertex 1.114181 22.520000 -8.574025
  endloop
 endfacet
 facet normal -0.9807852804032304 0.0 -0.19509032201612792
  outer loop
   vertex 1.000000 22.520000 -8.000000
   vertex 1.000000 24.520000 -8.000000
   vertex 1.114181 24.520000 -8.574025
  endloop
 endfacet
 facet normal -0.0 -1.0 0.0
  outer loop
   vertex 2.500000 22.520000 -8.000000
   vertex 1.000000 22.520000 -8.000000
   vertex 1.114181 22.520000 -8.574025
  endloop
 endfacet
 facet normal 0.0 1.0 0.0
  outer loop
   vertex 2.500000 24.520000 -8.000000
   vertex 1.114181 24.520000 -8.574025
   vertex 1.000000 24.520000 -8.000000
  endloop
 endfacet
 facet normal -0.8314696123025447 0.0 -0.5555702330196028
  outer loop
   vertex 1.114181 22.520000 -8.574025
   vertex 1.439340 24.520000 -9.060660
   vertex 1.439340 22.520000 -9.060660
  endloop
 endfacet
 facet normal -0.8314696123025447 0.0 -0.5555702330196028
  outer loop
   vertex 1.114181 22.520000 -8.574025
   vertex 1.114181 24.520000 -8.574025
   vertex 1.439340 24.520000 -9.060660
  endloop
 endfacet
 facet normal 0.0 -1.0 0.0
  outer loop
   vertex 2.500000 22.520000 -8.000000
   vertex 1.114181 22.520000 -8.574025
   vertex 1.439340 22.520000 -9.060660
  endloop
 endfacet
 facet normal 0.0 1.0 0.0
  outer loop
   vertex 2.500000 24.520000 -8.000000
   vertex 1.439340 24.520000 -9.060660
   vertex 1.114181 24.520000 -8.574025
  endloop
 endfacet
 facet normal -0.555570233019602 0.0 -0.8314696123025453
  outer loop
   vertex 1.439340 22.520000 -9.060660
   vertex 1.925975 24.520000 -9.385819
   vertex 1.925975 22.520000 -9.385819
  endloop
 endfacet
 facet normal -0.555570233019602 0.0 -0.8314696123025453
  outer loop
   vertex 1.439340 22.520000 -9.060660
   vertex 1.439340 24.520000 -9.060660
   vertex 1.925975 24.520000 -9.385819
  endloop
 endfacet
 facet normal 0.0 -1.0 0.0
  outer loop
   vertex 2.500000 22.520000 -8.000000
   vertex 1.439340 22.520000 -9.060660
   vertex 1.925975 22.520000 -9.385819
  endloop
 endfacet
 facet normal 0.0 1.0 0.0
  outer loop
   vertex 2.500000 24.520000 -8.000000
   vertex 1.925975 24.520000 -9.385819
   vertex 1.439340 24.520000 -9.060660
  endloop
 endfacet
 facet normal -0.1950903220161298 0.0 -0.9807852804032301
  outer loop
   vertex 1.925975 22.520000 -9.385819
   vertex 2.500000 24.520000 -9.500000
   vertex 2.500000 22.520000 -9.500000
  endloop
 endfacet
 facet normal -0.1950903220161298 0.0 -0.9807852804032301
  outer loop
   vertex 1.925975 22.520000 -9.385819
   vertex 1.925975 24.520000 -9.385819
   vertex 2.500000 24.520000 -9.500000
  endloop
 endfacet
 facet normal 0.0 -1.0 0.0
  outer loop
   vertex 2.500000 22.520000 -8.000000
   vertex 1.925975 22.520000 -9.385819
   vertex 2.500000 22.520000 -9.500000
  endloop
 endfacet
 facet normal 0.0 1.0 0.0
  outer loop
   vertex 2.500000 24.520000 -8.000000
   vertex 2.500000 24.520000 -9.500000
   vertex 1.925975 24.520000 -9.385819
  endloop
 endfacet
 facet normal 0.19509032201612977 0.0 -0.9807852804032303
  outer loop
   vertex 2.500000 22.520000 -9.500000
   vertex 3.074025 24.520000 -9.385819
   vertex 3.074025 22.520000 -9.385819
  endloop
 endfacet
 facet normal 0.19509032201612977 0.0 -0.9807852804032303
  outer loop
   vertex 2.500000 22.520000 -9.500000
   vertex 2.500000 24.520000 -9.500000
   vertex 3.074025 24.520000 -9.385819
  endloop
 endfacet
 facet normal 0.0 -1.0 -0.0
  outer loop
   vertex 2.500000 22.520000 -8.000000
   vertex 2.500000 22.520000 -9.500000
   vertex 3.074025 22.520000 -9.385819
  endloop
 endfacet
 facet normal 0.0 1.0 0.0
  outer loop
   vertex 2.500000 24.520000 -8.000000
   vertex 3.074025 24.520000 -9.385819
   vertex 2.500000 24.520000 -9.500000
  endloop
 endfacet
 facet normal 0.5555702330196017 0.0 -0.8314696123025455
  outer loop
   vertex 3.074025 22.520000 -9.385819
   vertex 3.560660 24.520000 -9.060660
   vertex 3.560660 22.520000 -9.060660
  endloop
 endfacet
 facet normal 0.5555702330196017 0.0 -0.8314696123025455
  outer loop
   vertex 3.074025 22.520000 -9.385819
   vertex 3.074025 24.520000 -9.385819
   vertex 3.560660 24.520000 -9.060660
  endloop
 endfacet
 facet normal 0.0 -1.0 0.0
  outer loop
   vertex 2.500000 22.520000 -8.000000
   vertex 3.074025 22.520000 -9.385819
   vertex 3.560660 22.520000 -9.060660
  endloop
 endfacet
 facet normal 0.0 1.0 0.0
  outer loop
   vertex 2.500000 24.520000 -8.000000
   vertex 3.560660 24.520000 -9.060660
   vertex 3.074025 24.520000 -9.385819
  endloop
 endfacet
 facet normal 0.8314696123025446 0.0 -0.5555702330196032
  outer loop
   vertex 3.560660 22.520000 -9.060660
   vertex 3.885819 24.520000 -8.574025
   vertex 3.885819 22.520000 -8.574025
  endloop
 endfacet
 facet normal 0.8314696123025446 0.0 -0.5555702330196032
  outer loop
   vertex 3.560660 22.520000 -9.060660
   vertex 3.560660 24.520000 -9.060660
   vertex 3.885819 24.520000 -8.574025
  endloop
 endfacet
 facet normal 0.0 -1.0 0.0
  outer loop
   vertex 2.500000 22.520000 -8.000000
   vertex 3.560660 22.520000 -9.060660
   vertex 3.885819 22.520000 -8.574025
  endloop
 endfacet
 facet normal 0.0 1.0 0.0
  outer loop
   vertex 2.500000 24.520000 -8.000000
   vertex 3.885819 24.520000 -8.574025
   vertex 3.560660 24.520000 -9.060660
  endloop
 endfacet
 facet normal 0.9807852804032304 0.0 -0.19509032201612828
  outer loop
   vertex 3.885819 22.520000 -8.574025
   vertex 4.000000 24.520000 -8.000000
   vertex 4.000000 22.520000 -8.000000
  endloop
 endfacet
 facet normal 0.9807852804032304 0.0 -0.19509032201612828
  outer loop
   vertex 3.885819 22.520000 -8.574025
   vertex 3.885819 24.520000 -8.574025
   vertex 4.000000 24.520000 -8.000000
  endloop
 endfacet
 facet normal 0.0 -1.0 0.0
  outer loop
   vertex 2.500000 22.520000 -8.000000
   vertex 3.885819 22.520000 -8.574025
   vertex 4.000000 22.520000 -8.000000
  endloop
 endfacet
 facet normal -0.0 1.0 0.0
  outer loop
   vertex 2.500000 24.520000 -8.000000
   vertex 4.000000 24.520000 -8.000000
   vertex 3.885819 24.520000 -8.574025
  endloop
 endfacet
 facet normal 0.9807852804032301 0.0 0.19509032201613002
  outer loop
   vertex 9.000000 22.520000 -8.000000
   vertex 8.885819 24.520000 -7.425975
   vertex 8.885819 22.520000 -7.425975
  endloop
 endfacet
 facet normal 0.9807852804032301 -0.0 0.19509032201613002
  outer loop
   vertex 9.000000 22.520000 -8.000000
   vertex 9.000000 24.520000 -8.000000
   vertex 8.885819 24.520000 -7.425975
  endloop
 endfacet
 facet normal 0.0 -1.0 0.0
  outer loop
   vertex 7.500000 22.520000 -8.000000
   vertex 9.000000 22.520000 -8.000000
   vertex 8.885819 22.520000 -7.425975
  endloop
 endfacet
 facet normal 0.0 1.0 0.0
  outer loop
   vertex 7.500000 24.520000 -8.000000
   vertex 8.885819 24.520000 -7.425975
   vertex 9.000000 24.520000 -8.000000
  endloop
 endfacet
 facet normal 0.8314696123025457 0.0 0.5555702330196014
  outer loop
   vertex 8.885819 22.520000 -7.425975
   vertex 8.560660 24.520000 -6.939340
   vertex 8.560660 22.520000 -6.939340
  endloop
 endfacet
 facet normal 0.8314696123025457 -0.0 0.5555702330196014
  outer loop
   vertex 8.885819 22.520000 -7.425975
   vertex 8.885819 24.520000 -7.425975
   vertex 8.560660 24.520000 -6.939340
  endloop
 endfacet
 facet normal 0.0 -1.0 0.0
  outer loop
   vertex 7.500000 22.520000 -8.000000
   vertex 8.885819 22.520000 -7.425975
   vertex 8.560660 22.520000 -6.939340
  endloop
 endfacet
 facet normal 0.0 1.0 0.0
  outer loop
   vertex 7.500000 24.520000 -8.000000
   vertex 8.560660 24.520000 -6.939340
   vertex 8.885819 24.520000 -7.425975
  endloop
 endfacet
 facet normal 0.5555702330196032 0.0 0.8314696123025446
  outer loop
   vertex 8.560660 22.520000 -6.939340
   vertex 8.074025 24.520000 -6.614181
   vertex 8.074025 22.520000 -6.614181
  endloop
 endfacet
 facet normal 0.5555702330196032 -0.0 0.8314696123025446
  outer loop
   vertex 8.560660 22.520000 -6.939340
   vertex 8.560660 24.520000 -6.939340
   vertex 8.074025 24.520000 -6.614181
  endloop
 endfacet
 facet normal 0.0 -1.0 0.0
  outer loop
   vertex 7.500000 22.520000 -8.000000
   vertex 8.560660 22.520000 -6.939340
   vertex 8.074025 22.520000 -6.614181
  endloop
 endfacet
 facet normal 0.0 1.0 0.0
  outer loop
   vertex 7.500000 24.520000 -8.000000
   vertex 8.074025 24.520000 -6.614181
   vertex 8.560660 24.520000 -6.939340
  endloop
 endfacet
 facet normal 0.19509032201612828 0.0 0.9807852804032304
  outer loop
   vertex 8.074025 22.520000 -6.614181
   vertex 7.500000 24.520000 -6.500000
   vertex 7.500000 22.520000 -6.500000
  endloop
 endfacet
 facet normal 0.19509032201612828 -0.0 0.9807852804032304
  outer loop
   vertex 8.074025 22.520000 -6.614181
   vertex 8.074025 24.520000 -6.614181
   vertex 7.500000 24.520000 -6.500000
  endloop
 endfacet
 facet normal 0.0 -1.0 0.0
  outer loop
   vertex 7.500000 22.520000 -8.000000
   vertex 8.074025 22.520000 -6.614181
   vertex 7.500000 22.520000 -6.500000
  endloop
 endfacet
 facet normal 0.0 1.0 0.0
  outer loop
   vertex 7.500000 24.520000 -8.000000
   vertex 7.500000 24.520000 -6.500000
   vertex 8.074025 24.520000 -6.614181
  endloop
 endfacet
 facet normal -0.19509032201612858 0.0 0.9807852804032304
  outer loop
   vertex 7.500000 22.520000 -6.500000
   vertex 6.925975 24.520000 -6.614181
   vertex 6.925975 22.520000 -6.614181
  endloop
 endfacet
 facet normal -0.19509032201612858 0.0 0.9807852804032304
  outer loop
   vertex 7.500000 22.520000 -6.500000
   vertex 7.500000 24.520000 -6.500000
   vertex 6.925975 24.520000 -6.614181
  endloop
 endfacet
 facet normal 0.0 -1.0 0.0
  outer loop
   vertex 7.500000 22.520000 -8.000000
   vertex 7.500000 22.520000 -6.500000
   vertex 6.925975 22.520000 -6.614181
  endloop
 endfacet
 facet normal 0.0 1.0 -0.0
  outer loop
   vertex 7.500000 24.520000 -8.000000
   vertex 6.925975 24.520000 -6.614181
   vertex 7.500000 24.520000 -6.500000
  endloop
 endfacet
 facet normal -0.5555702330196025 0.0 0.8314696123025451
  outer loop
   vertex 6.925975 22.520000 -6.614181
   vertex 6.439340 24.520000 -6.939340
   vertex 6.439340 22.520000 -6.939340
  endloop
 endfacet
 facet normal -0.5555702330196025 0.0 0.8314696123025451
  outer loop
   vertex 6.925975 22.520000 -6.614181
   vertex 6.925975 24.520000 -6.614181
   vertex 6.439340 24.520000 -6.939340
  endloop
 endfacet
 facet normal 0.0 -1.0 0.0
  outer loop
   vertex 7.500000 22.520000 -8.000000
   vertex 6.925975 22.520000 -6.614181
   vertex 6.439340 22.520000 -6.939340
  endloop
 endfacet
 facet normal 0.0 1.0 0.0
  outer loop
   vertex 7.500000 24.520000 -8.000000
   vertex 6.439340 24.520000 -6.939340
   vertex 6.925975 24.520000 -6.614181
  endloop
 endfacet
 facet normal -0.8314696123025446 0.0 0.5555702330196032
  outer loop
   vertex 6.439340 22.520000 -6.939340
   vertex 6.114181 24.520000 -7.425975
   vertex 6.114181 22.520000 -7.425975
  endloop
 endfacet
 facet normal -0.8314696123025446 0.0 0.5555702330196032
  outer loop
   vertex 6.439340 22.520000 -6.939340
   vertex 6.439340 24.520000 -6.939340
   vertex 6.114181 24.520000 -7.425975
  endloop
 endfacet
 facet normal 0.0 -1.0 0.0
  outer loop
   vertex 7.500000 22.520000 -8.000000
   vertex 6.439340 22.520000 -6.939340
   vertex 6.114181 22.520000 -7.425975
  endloop
 endfacet
 facet normal 0.0 1.0 0.0
  outer loop
   vertex 7.500000 24.520000 -8.000000
   vertex 6.114181 24.520000 -7.425975
   vertex 6.439340 24.520000 -6.939340
  endloop
 endfacet
 facet normal -0.9807852804032304 0.0 0.19509032201612828
  outer loop
   vertex 6.114181 22.520000 -7.425975
   vertex 6.000000 24.520000 -8.000000
   vertex 6.000000 22.520000 -8.000000
  endloop
 endfacet
 facet normal -0.9807852804032304 0.0 0.19509032201612828
  outer loop
   vertex 6.114181 22.520000 -7.425975
   vertex 6.114181 24.520000 -7.425975
   vertex 6.000000 24.520000 -8.000000
  endloop
 endfacet
 facet normal 0.0 -1.0 0.0
  outer loop
   vertex 7.500000 22.520000 -8.000000
   vertex 6.114181 22.520000 -7.425975
   vertex 6.000000 22.520000 -8.000000
  endloop
 endfacet
 facet normal 0.0 1.0 0.0
  outer loop
   vertex 7.500000 24.520000 -8.000000
   vertex 6.000000 24.520000 -8.000000
   vertex 6.114181 24.520000 -7.425975
  endloop
 endfacet
 facet normal -0.9807852804032304 0.0 -0.19509032201612828
  outer loop
   vertex 6.000000 22.520000 -8.000000
   vertex 6.114181 24.520000 -8.574025
   vertex 6.114181 22.520000 -8.574025
  endloop
 endfacet
 facet normal -0.9807852804032304 0.0 -0.19509032201612828
  outer loop
   vertex 6.000000 22.520000 -8.000000
   vertex 6.000000 24.520000 -8.000000
   vertex 6.114181 24.520000 -8.574025
  endloop
 endfacet
 facet normal -0.0 -1.0 0.0
  outer loop
   vertex 7.500000 22.520000 -8.000000
   vertex 6.000000 22.520000 -8.000000
   vertex 6.114181 22.520000 -8.574025
  endloop
 endfacet
 facet normal 0.0 1.0 0.0
  outer loop
   vertex 7.500000 24.520000 -8.000000
   vertex 6.114181 24.520000 -8.574025
   vertex 6.000000 24.520000 -8.000000
  endloop
 endfacet
 facet normal -0.8314696123025446 0.0 -0.5555702330196032
  outer loop
   vertex 6.114181 22.520000 -8.574025
   vertex 6.439340 24.520000 -9.060660
   vertex 6.439340 22.520000 -9.060660
  endloop
 endfacet
 facet normal -0.8314696123025446 0.0 -0.5555702330196032
  outer loop
   vertex 6.114181 22.520000 -8.574025
   vertex 6.114181 24.520000 -8.574025
   vertex 6.439340 24.520000 -9.060660
  endloop
 endfacet
 facet normal 0.0 -1.0 0.0
  outer loop
   vertex 7.500000 22.520000 -8.000000
   vertex 6.114181 22.520000 -8.574025
   vertex 6.439340 22.520000 -9.060660
  endloop
 endfacet
 facet normal 0.0 1.0 0.0
  outer loop
   vertex 7.500000 24.520000 -8.000000
   vertex 6.439340 24.520000 -9.060660
   vertex 6.114181 24.520000 -8.574025
  endloop
 endfacet
 facet normal -0.5555702330196021 0.0 -0.8314696123025451
  outer loop
   vertex 6.439340 22.520000 -9.060660
   vertex 6.925975 24.520000 -9.385819
   vertex 6.925975 22.520000 -9.385819
  endloop
 endfacet
 facet normal -0.5555702330196021 0.0 -0.8314696123025451
  outer loop
   vertex 6.439340 22.520000 -9.060660
   vertex 6.439340 24.520000 -9.060660
   vertex 6.925975 24.520000 -9.385819
  endloop
 endfacet
 facet normal 0.0 -1.0 0.0
  outer loop
   vertex 7.500000 22.520000 -8.000000
   vertex 6.439340 22.520000 -9.060660
   vertex 6.925975 22.520000 -9.385819
  endloop
 endfacet
 facet normal 0.0 1.0 0.0
  outer loop
   vertex 7.500000 24.520000 -8.000000
   vertex 6.925975 24.520000 -9.385819
   vertex 6.439340 24.520000 -9.060660
  endloop
 endfacet
 facet normal -0.19509032201612977 0.0 -0.9807852804032303
  outer loop
   vertex 6.925975 22.520000 -9.385819
   vertex 7.500000 24.520000 -9.500000
   vertex 7.500000 22.520000 -9.500000
  endloop
 endfacet
 facet normal -0.19509032201612977 0.0 -0.9807852804032303
  outer loop
   vertex 6.925975 22.520000 -9.385819
   vertex 6.925975 24.520000 -9.385819
   vertex 7.500000 24.520000 -9.500000
  endloop
 endfacet
 facet normal 0.0 -1.0 -0.0
  outer loop
   vertex 7.500000 22.520000 -8.000000
   vertex 6.925975 22.520000 -9.385819
   vertex 7.500000 22.520000 -9.500000
  endloop
 endfacet
 facet normal 0.0 1.0 0.0
  outer loop
   vertex 7.500000 24.520000 -8.000000
   vertex 7.500000 24.520000 -9.500000
   vertex 6.925975 24.520000 -9.385819
  endloop
 endfacet
 facet normal 0.19509032201612977 0.0 -0.9807852804032303
  outer loop
   vertex 7.500000 22.520000 -9.500000
   vertex 8.074025 24.520000 -9.385819
   vertex 8.074025 22.520000 -9.385819
  endloop
 endfacet
 facet normal 0.19509032201612977 0.0 -0.9807852804032303
  outer loop
   vertex 7.500000 22.520000 -9.500000
   vertex 7.500000 24.520000 -9.500000
   vertex 8.074025 24.520000 -9.385819
  endloop
 endfacet
 facet normal 0.0 -1.0 0.0
  outer loop
   vertex 7.500000 22.520000 -8.000000
   vertex 7.500000 22.520000 -9.500000
   vertex 8.074025 22.520000 -9.385819
  endloop
 endfacet
 facet normal 0.0 1.0 0.0
  outer loop
   vertex 7.500000 24.520000 -8.000000
   vertex 8.074025 24.520000 -9.385819
   vertex 7.500000 24.520000 -9.500000
  endloop
 endfacet
 facet normal 0.5555702330196021 0.0 -0.8314696123025451
  outer loop
   vertex 8.074025 22.520000 -9.385819
   vertex 8.560660 24.520000 -9.060660
   vertex 8.560660 22.520000 -9.060660
  endloop
 endfacet
 facet normal 0.5555702330196021 0.0 -0.8314696123025451
  outer loop
   vertex 8.074025 22.520000 -9.385819
   vertex 8.074025 24.520000 -9.385819
   vertex 8.560660 24.520000 -9.060660
  endloop
 endfacet
 facet normal 0.0 -1.0 0.0
  outer loop
   vertex 7.500000 22.520000 -8.000000
   vertex 8.074025 22.520000 -9.385819
   vertex 8.560660 22.520000 -9.060660
  endloop
 endfacet
 facet normal 0.0 1.0 0.0
  outer loop
   vertex 7.500000 24.520000 -8.000000
   vertex 8.560660 24.520000 -9.060660
   vertex 8.074025 24.520000 -9.385819
  endloop
 endfacet
 facet normal 0.8314696123025451 0.0 -0.5555702330196021
  outer loop
   vertex 8.560660 22.520000 -9.060660
   vertex 8.885819 24.520000 -8.574025
   vertex 8.885819 22.520000 -8.574025
  endloop
 endfacet
 facet normal 0.8314696123025451 0.0 -0.5555702330196021
  outer loop
   vertex 8.560660 22.520000 -9.060660
   vertex 8.560660 24.520000 -9.060660
   vertex 8.885819 24.520000 -8.574025
  endloop
 endfacet
 facet normal 0.0 -1.0 0.0
  outer loop
   vertex 7.500000 22.520000 -8.000000
   vertex 8.560660 22.520000 -9.060660
   vertex 8.885819 22.520000 -8.574025
  endloop
 endfacet
 facet normal 0.0 1.0 0.0
  outer loop
   vertex 7.500000 24.520000 -8.000000
   vertex 8.885819 24.520000 -8.574025
   vertex 8.560660 24.520000 -9.060660
  endloop
 endfacet
 facet normal 0.9807852804032303 0.0 -0.19509032201612977
  outer loop
   vertex 8.885819 22.520000 -8.574025
   vertex 9.000000 24.520000 -8.000000
   vertex 9.000000 22.520000 -8.000000
  endloop
 endfacet
 facet normal 0.9807852804032303 0.0 -0.19509032201612977
  outer loop
   vertex 8.885819 22.520000 -8.574025
   vertex 8.885819 24.520000 -8.574025
   vertex 9.000000 24.520000 -8.000000
  endloop
 endfacet
 facet normal 0.0 -1.0 0.0
  outer loop
   vertex 7.500000 22.520000 -8.000000
   vertex 8.885819 22.520000 -8.574025
   vertex 9.000000 22.520000 -8.000000
  endloop
 endfacet
 facet normal -0.0 1.0 0.0
  outer loop
   vertex 7.500000 24.520000 -8.000000
   vertex 9.000000 24.520000 -8.000000
   vertex 8.885819 24.520000 -8.574025
  endloop
 endfacet
 facet normal 0.0 0.0 -1.0
  outer loop
   vertex -5.000000 -23.090000 34.375000
   vertex 5.000000 23.090000 34.375000
   vertex 5.000000 -23.090000 34.375000
  endloop
 endfacet
 facet normal 0.0 0.0 -1.0
  outer loop
   vertex -5.000000 -23.090000 34.375000
   vertex -5.000000 23.090000 34.375000
   vertex 5.000000 23.090000 34.375000
  endloop
 endfacet
 facet normal 0.0 0.0 1.0
  outer loop
   vertex -5.000000 -23.090000 34.725000
   vertex 5.000000 -23.090000 34.725000
   vertex 5.000000 23.090000 34.725000
  endloop
 endfacet
 facet normal 0.0 0.0 1.0
  outer loop
   vertex -5.000000 -23.090000 34.725000
   vertex 5.000000 23.090000 34.725000
   vertex -5.000000 23.090000 34.725000
  endloop
 endfacet
 facet normal 0.0 -1.0 0.0
  outer loop
   vertex -5.000000 -23.090000 34.375000
   vertex 5.000000 -23.090000 34.375000
   vertex 5.000000 -23.090000 34.725000
  endloop
 endfacet
 facet normal 0.0 -1.0 0.0
  outer loop
   vertex -5.000000 -23.090000 34.375000
   vertex 5.000000 -23.090000 34.725000
   vertex -5.000000 -23.090000 34.725000
  endloop
 endfacet
 facet normal 1.0 0.0 0.0
  outer loop
   vertex 5.000000 -23.090000 34.375000
   vertex 5.000000 23.090000 34.375000
   vertex 5.000000 23.090000 34.725000
  endloop
 endfacet
 facet normal 1.0 0.0 0.0
  outer loop
   vertex 5.000000 -23.090000 34.375000
   vertex 5.000000 23.090000 34.725000
   vertex 5.000000 -23.090000 34.725000
  endloop
 endfacet
 facet normal 0.0 1.0 0.0
  outer loop
   vertex 5.000000 23.090000 34.375000
   vertex -5.000000 23.090000 34.375000
   vertex -5.000000 23.090000 34.725000
  endloop
 endfacet
 facet normal 0.0 1.0 -0.0
  outer loop
   vertex 5.000000 23.090000 34.375000
   vertex -5.000000 23.090000 34.725000
   vertex 5.000000 23.090000 34.725000
  endloop
 endfacet
 facet normal -1.0 0.0 0.0
  outer loop
   vertex -5.000000 23.090000 34.375000
   vertex -5.000000 -23.090000 34.375000
   vertex -5.000000 -23.090000 34.725000
  endloop
 endfacet
 facet normal -1.0 0.0 0.0
  outer loop
   vertex -5.000000 23.090000 34.375000
   vertex -5.000000 -23.090000 34.725000
   vertex -5.000000 23.090000 34.725000
  endloop
 endfacet
endsolid battery_pack
