solid battery_pack_v2
 facet normal 0 0.998795 0.0490677
  outer loop
   vertex -32.500000 -1.216667 -20.350000
   vertex -32.500000 -1.260726 -19.453143
   vertex 32.500000 -1.260726 -19.453143
  endloop
 endfacet
 facet normal -0 0.998795 0.0490677
  outer loop
   vertex -32.500000 -1.216667 -20.350000
   vertex 32.500000 -1.260726 -19.453143
   vertex 32.500000 -1.216667 -20.350000
  endloop
 endfacet
 facet normal -1 0 0
  outer loop
   vertex -32.500000 -10.366667 -20.350000
   vertex -32.500000 -1.260726 -19.453143
   vertex -32.500000 -1.216667 -20.350000
  endloop
 endfacet
 facet normal 1 0 0
  outer loop
   vertex 32.500000 -10.366667 -20.350000
   vertex 32.500000 -1.216667 -20.350000
   vertex 32.500000 -1.260726 -19.453143
  endloop
 endfacet
 facet normal 0 0.989177 0.14673
  outer loop
   vertex -32.500000 -1.260726 -19.453143
   vertex -32.500000 -1.392481 -18.564924
   vertex 32.500000 -1.392481 -18.564924
  endloop
 endfacet
 facet normal -0 0.989177 0.14673
  outer loop
   vertex -32.500000 -1.260726 -19.453143
   vertex 32.500000 -1.392481 -18.564924
   vertex 32.500000 -1.260726 -19.453143
  endloop
 endfacet
 facet normal -1 0 0
  outer loop
   vertex -32.500000 -10.366667 -20.350000
   vertex -32.500000 -1.392481 -18.564924
   vertex -32.500000 -1.260726 -19.453143
  endloop
 endfacet
 facet normal 1 0 0
  outer loop
   vertex 32.500000 -10.366667 -20.350000
   vertex 32.500000 -1.260726 -19.453143
   vertex 32.500000 -1.392481 -18.564924
  endloop
 endfacet
 facet normal 0 0.970031 0.24298
  outer loop
   vertex -32.500000 -1.392481 -18.564924
   vertex -32.500000 -1.610663 -17.693895
   vertex 32.500000 -1.610663 -17.693895
  endloop
 endfacet
 facet normal -0 0.970031 0.24298
  outer loop
   vertex -32.500000 -1.392481 -18.564924
   vertex 32.500000 -1.610663 -17.693895
   vertex 32.500000 -1.392481 -18.564924
  endloop
 endfacet
 facet normal -1 0 0
  outer loop
   vertex -32.500000 -10.366667 -20.350000
   vertex -32.500000 -1.610663 -17.693895
   vertex -32.500000 -1.392481 -18.564924
  endloop
 endfacet
 facet normal 1 0 0
  outer loop
   vertex 32.500000 -10.366667 -20.350000
   vertex 32.500000 -1.392481 -18.564924
   vertex 32.500000 -1.610663 -17.693895
  endloop
 endfacet
 facet normal 0 0.941544 0.33689
  outer loop
   vertex -32.500000 -1.610663 -17.693895
   vertex -32.500000 -1.913169 -16.848447
   vertex 32.500000 -1.913169 -16.848447
  endloop
 endfacet
 facet normal -0 0.941544 0.33689
  outer loop
   vertex -32.500000 -1.610663 -17.693895
   vertex 32.500000 -1.913169 -16.848447
   vertex 32.500000 -1.610663 -17.693895
  endloop
 endfacet
 facet normal -1 0 0
  outer loop
   vertex -32.500000 -10.366667 -20.350000
   vertex -32.500000 -1.913169 -16.848447
   vertex -32.500000 -1.610663 -17.693895
  endloop
 endfacet
 facet normal 1 0 0
  outer loop
   vertex 32.500000 -10.366667 -20.350000
   vertex 32.500000 -1.610663 -17.693895
   vertex 32.500000 -1.913169 -16.848447
  endloop
 endfacet
 facet normal 0 0.903989 0.427555
  outer loop
   vertex -32.500000 -1.913169 -16.848447
   vertex -32.500000 -2.297087 -16.036720
   vertex 32.500000 -2.297087 -16.036720
  endloop
 endfacet
 facet normal -0 0.903989 0.427555
  outer loop
   vertex -32.500000 -1.913169 -16.848447
   vertex 32.500000 -2.297087 -16.036720
   vertex 32.500000 -1.913169 -16.848447
  endloop
 endfacet
 facet normal -1 0 0
  outer loop
   vertex -32.500000 -10.366667 -20.350000
   vertex -32.500000 -2.297087 -16.036720
   vertex -32.500000 -1.913169 -16.848447
  endloop
 endfacet
 facet normal 1 0 0
  outer loop
   vertex 32.500000 -10.366667 -20.350000
   vertex 32.500000 -1.913169 -16.848447
   vertex 32.500000 -2.297087 -16.036720
  endloop
 endfacet
 facet normal 0 0.857729 0.514103
  outer loop
   vertex -32.500000 -2.297087 -16.036720
   vertex -32.500000 -2.758720 -15.266532
   vertex 32.500000 -2.758720 -15.266532
  endloop
 endfacet
 facet normal -0 0.857729 0.514103
  outer loop
   vertex -32.500000 -2.297087 -16.036720
   vertex 32.500000 -2.758720 -15.266532
   vertex 32.500000 -2.297087 -16.036720
  endloop
 endfacet
 facet normal -1 0 0
  outer loop
   vertex -32.500000 -10.366667 -20.350000
   vertex -32.500000 -2.758720 -15.266532
   vertex -32.500000 -2.297087 -16.036720
  endloop
 endfacet
 facet normal 1 0 0
  outer loop
   vertex 32.500000 -10.366667 -20.350000
   vertex 32.500000 -2.297087 -16.036720
   vertex 32.500000 -2.758720 -15.266532
  endloop
 endfacet
 facet normal 0 0.803208 0.595699
  outer loop
   vertex -32.500000 -2.758720 -15.266532
   vertex -32.500000 -3.293621 -14.545301
   vertex 32.500000 -3.293621 -14.545301
  endloop
 endfacet
 facet normal -0 0.803208 0.595699
  outer loop
   vertex -32.500000 -2.758720 -15.266532
   vertex 32.500000 -3.293621 -14.545301
   vertex 32.500000 -2.758720 -15.266532
  endloop
 endfacet
 facet normal -1 0 0
  outer loop
   vertex -32.500000 -10.366667 -20.350000
   vertex -32.500000 -3.293621 -14.545301
   vertex -32.500000 -2.758720 -15.266532
  endloop
 endfacet
 facet normal 1 0 0
  outer loop
   vertex 32.500000 -10.366667 -20.350000
   vertex 32.500000 -2.758720 -15.266532
   vertex 32.500000 -3.293621 -14.545301
  endloop
 endfacet
 facet normal 0 0.740951 0.671559
  outer loop
   vertex -32.500000 -3.293621 -14.545301
   vertex -32.500000 -3.896640 -13.879973
   vertex 32.500000 -3.896640 -13.879973
  endloop
 endfacet
 facet normal -0 0.740951 0.671559
  outer loop
   vertex -32.500000 -3.293621 -14.545301
   vertex 32.500000 -3.896640 -13.879973
   vertex 32.500000 -3.293621 -14.545301
  endloop
 endfacet
 facet normal -1 0 0
  outer loop
   vertex -32.500000 -10.366667 -20.350000
   vertex -32.500000 -3.896640 -13.879973
   vertex -32.500000 -3.293621 -14.545301
  endloop
 endfacet
 facet normal 1 0 0
  outer loop
   vertex 32.500000 -10.366667 -20.350000
   vertex 32.500000 -3.293621 -14.545301
   vertex 32.500000 -3.896640 -13.879973
  endloop
 endfacet
 facet normal 0 0.671559 0.740951
  outer loop
   vertex -32.500000 -3.896640 -13.879973
   vertex -32.500000 -4.561968 -13.276954
   vertex 32.500000 -4.561968 -13.276954
  endloop
 endfacet
 facet normal -0 0.671559 0.740951
  outer loop
   vertex -32.500000 -3.896640 -13.879973
   vertex 32.500000 -4.561968 -13.276954
   vertex 32.500000 -3.896640 -13.879973
  endloop
 endfacet
 facet normal -1 0 0
  outer loop
   vertex -32.500000 -10.366667 -20.350000
   vertex -32.500000 -4.561968 -13.276954
   vertex -32.500000 -3.896640 -13.879973
  endloop
 endfacet
 facet normal 1 0 0
  outer loop
   vertex 32.500000 -10.366667 -20.350000
   vertex 32.500000 -3.896640 -13.879973
   vertex 32.500000 -4.561968 -13.276954
  endloop
 endfacet
 facet normal 0 0.595699 0.803208
  outer loop
   vertex -32.500000 -4.561968 -13.276954
   vertex -32.500000 -5.283199 -12.742053
   vertex 32.500000 -5.283199 -12.742053
  endloop
 endfacet
 facet normal -0 0.595699 0.803208
  outer loop
   vertex -32.500000 -4.561968 -13.276954
   vertex 32.500000 -5.283199 -12.742053
   vertex 32.500000 -4.561968 -13.276954
  endloop
 endfacet
 facet normal -1 0 0
  outer loop
   vertex -32.500000 -10.366667 -20.350000
   vertex -32.500000 -5.283199 -12.742053
   vertex -32.500000 -4.561968 -13.276954
  endloop
 endfacet
 facet normal 1 0 0
  outer loop
   vertex 32.500000 -10.366667 -20.350000
   vertex 32.500000 -4.561968 -13.276954
   vertex 32.500000 -5.283199 -12.742053
  endloop
 endfacet
 facet normal 0 0.514103 0.857729
  outer loop
   vertex -32.500000 -5.283199 -12.742053
   vertex -32.500000 -6.053387 -12.280420
   vertex 32.500000 -6.053387 -12.280420
  endloop
 endfacet
 facet normal -0 0.514103 0.857729
  outer loop
   vertex -32.500000 -5.283199 -12.742053
   vertex 32.500000 -6.053387 -12.280420
   vertex 32.500000 -5.283199 -12.742053
  endloop
 endfacet
 facet normal -1 0 0
  outer loop
   vertex -32.500000 -10.366667 -20.350000
   vertex -32.500000 -6.053387 -12.280420
   vertex -32.500000 -5.283199 -12.742053
  endloop
 endfacet
 facet normal 1 0 0
  outer loop
   vertex 32.500000 -10.366667 -20.350000
   vertex 32.500000 -5.283199 -12.742053
   vertex 32.500000 -6.053387 -12.280420
  endloop
 endfacet
 facet normal 0 0.427555 0.903989
  outer loop
   vertex -32.500000 -6.053387 -12.280420
   vertex -32.500000 -6.865113 -11.896502
   vertex 32.500000 -6.865113 -11.896502
  endloop
 endfacet
 facet normal -0 0.427555 0.903989
  outer loop
   vertex -32.500000 -6.053387 -12.280420
   vertex 32.500000 -6.865113 -11.896502
   vertex 32.500000 -6.053387 -12.280420
  endloop
 endfacet
 facet normal -1 0 0
  outer loop
   vertex -32.500000 -10.366667 -20.350000
   vertex -32.500000 -6.865113 -11.896502
   vertex -32.500000 -6.053387 -12.280420
  endloop
 endfacet
 facet normal 1 0 0
  outer loop
   vertex 32.500000 -10.366667 -20.350000
   vertex 32.500000 -6.053387 -12.280420
   vertex 32.500000 -6.865113 -11.896502
  endloop
 endfacet
 facet normal 0 0.33689 0.941544
  outer loop
   vertex -32.500000 -6.865113 -11.896502
   vertex -32.500000 -7.710562 -11.593996
   vertex 32.500000 -7.710562 -11.593996
  endloop
 endfacet
 facet normal -0 0.33689 0.941544
  outer loop
   vertex -32.500000 -6.865113 -11.896502
   vertex 32.500000 -7.710562 -11.593996
   vertex 32.500000 -6.865113 -11.896502
  endloop
 endfacet
 facet normal -1 0 0
  outer loop
   vertex -32.500000 -10.366667 -20.350000
   vertex -32.500000 -7.710562 -11.593996
   vertex -32.500000 -6.865113 -11.896502
  endloop
 endfacet
 facet normal 1 0 0
  outer loop
   vertex 32.500000 -10.366667 -20.350000
   vertex 32.500000 -6.865113 -11.896502
   vertex 32.500000 -7.710562 -11.593996
  endloop
 endfacet
 facet normal 0 0.24298 0.970031
  outer loop
   vertex -32.500000 -7.710562 -11.593996
   vertex -32.500000 -8.581590 -11.375815
   vertex 32.500000 -8.581590 -11.375815
  endloop
 endfacet
 facet normal -0 0.24298 0.970031
  outer loop
   vertex -32.500000 -7.710562 -11.593996
   vertex 32.500000 -8.581590 -11.375815
   vertex 32.500000 -7.710562 -11.593996
  endloop
 endfacet
 facet normal -1 0 0
  outer loop
   vertex -32.500000 -10.366667 -20.350000
   vertex -32.500000 -8.581590 -11.375815
   vertex -32.500000 -7.710562 -11.593996
  endloop
 endfacet
 facet normal 1 0 0
  outer loop
   vertex 32.500000 -10.366667 -20.350000
   vertex 32.500000 -7.710562 -11.593996
   vertex 32.500000 -8.581590 -11.375815
  endloop
 endfacet
 facet normal 0 0.14673 0.989177
  outer loop
   vertex -32.500000 -8.581590 -11.375815
   vertex -32.500000 -9.469810 -11.244060
   vertex 32.500000 -9.469810 -11.244060
  endloop
 endfacet
 facet normal -0 0.14673 0.989177
  outer loop
   vertex -32.500000 -8.581590 -11.375815
   vertex 32.500000 -9.469810 -11.244060
   vertex 32.500000 -8.581590 -11.375815
  endloop
 endfacet
 facet normal -1 0 0
  outer loop
   vertex -32.500000 -10.366667 -20.350000
   vertex -32.500000 -9.469810 -11.244060
   vertex -32.500000 -8.581590 -11.375815
  endloop
 endfacet
 facet normal 1 0 0
  outer loop
   vertex 32.500000 -10.366667 -20.350000
   vertex 32.500000 -8.581590 -11.375815
   vertex 32.500000 -9.469810 -11.244060
  endloop
 endfacet
 facet normal 0 0.0490677 0.998795
  outer loop
   vertex -32.500000 -9.469810 -11.244060
   vertex -32.500000 -10.366667 -11.200000
   vertex 32.500000 -10.366667 -11.200000
  endloop
 endfacet
 facet normal -0 0.0490677 0.998795
  outer loop
   vertex -32.500000 -9.469810 -11.244060
   vertex 32.500000 -10.366667 -11.200000
   vertex 32.500000 -9.469810 -11.244060
  endloop
 endfacet
 facet normal -1 0 0
  outer loop
   vertex -32.500000 -10.366667 -20.350000
   vertex -32.500000 -10.366667 -11.200000
   vertex -32.500000 -9.469810 -11.244060
  endloop
 endfacet
 facet normal 1 0 0
  outer loop
   vertex 32.500000 -10.366667 -20.350000
   vertex 32.500000 -9.469810 -11.244060
   vertex 32.500000 -10.366667 -11.200000
  endloop
 endfacet
 facet normal 0 -0.0490677 0.998795
  outer loop
   vertex -32.500000 -10.366667 -11.200000
   vertex -32.500000 -11.263524 -11.244060
   vertex 32.500000 -11.263524 -11.244060
  endloop
 endfacet
 facet normal 0 -0.0490677 0.998795
  outer loop
   vertex -32.500000 -10.366667 -11.200000
   vertex 32.500000 -11.263524 -11.244060
   vertex 32.500000 -10.366667 -11.200000
  endloop
 endfacet
 facet normal -1 0 0
  outer loop
   vertex -32.500000 -10.366667 -20.350000
   vertex -32.500000 -11.263524 -11.244060
   vertex -32.500000 -10.366667 -11.200000
  endloop
 endfacet
 facet normal 1 0 -0
  outer loop
   vertex 32.500000 -10.366667 -20.350000
   vertex 32.500000 -10.366667 -11.200000
   vertex 32.500000 -11.263524 -11.244060
  endloop
 endfacet
 facet normal 0 -0.14673 0.989177
  outer loop
   vertex -32.500000 -11.263524 -11.244060
   vertex -32.500000 -12.151743 -11.375815
   vertex 32.500000 -12.151743 -11.375815
  endloop
 endfacet
 facet normal 0 -0.14673 0.989177
  outer loop
   vertex -32.500000 -11.263524 -11.244060
   vertex 32.500000 -12.151743 -11.375815
   vertex 32.500000 -11.263524 -11.244060
  endloop
 endfacet
 facet normal -1 0 0
  outer loop
   vertex -32.500000 -10.366667 -20.350000
   vertex -32.500000 -12.151743 -11.375815
   vertex -32.500000 -11.263524 -11.244060
  endloop
 endfacet
 facet normal 1 0 0
  outer loop
   vertex 32.500000 -10.366667 -20.350000
   vertex 32.500000 -11.263524 -11.244060
   vertex 32.500000 -12.151743 -11.375815
  endloop
 endfacet
 facet normal 0 -0.24298 0.970031
  outer loop
   vertex -32.500000 -12.151743 -11.375815
   vertex -32.500000 -13.022771 -11.593996
   vertex 32.500000 -13.022771 -11.593996
  endloop
 endfacet
 facet normal 0 -0.24298 0.970031
  outer loop
   vertex -32.500000 -12.151743 -11.375815
   vertex 32.500000 -13.022771 -11.593996
   vertex 32.500000 -12.151743 -11.375815
  endloop
 endfacet
 facet normal -1 0 0
  outer loop
   vertex -32.500000 -10.366667 -20.350000
   vertex -32.500000 -13.022771 -11.593996
   vertex -32.500000 -12.151743 -11.375815
  endloop
 endfacet
 facet normal 1 0 0
  outer loop
   vertex 32.500000 -10.366667 -20.350000
   vertex 32.500000 -12.151743 -11.375815
   vertex 32.500000 -13.022771 -11.593996
  endloop
 endfacet
 facet normal 0 -0.33689 0.941544
  outer loop
   vertex -32.500000 -13.022771 -11.593996
   vertex -32.500000 -13.868220 -11.896502
   vertex 32.500000 -13.868220 -11.896502
  endloop
 endfacet
 facet normal 0 -0.33689 0.941544
  outer loop
   vertex -32.500000 -13.022771 -11.593996
   vertex 32.500000 -13.868220 -11.896502
   vertex 32.500000 -13.022771 -11.593996
  endloop
 endfacet
 facet normal -1 0 0
  outer loop
   vertex -32.500000 -10.366667 -20.350000
   vertex -32.500000 -13.868220 -11.896502
   vertex -32.500000 -13.022771 -11.593996
  endloop
 endfacet
 facet normal 1 0 0
  outer loop
   vertex 32.500000 -10.366667 -20.350000
   vertex 32.500000 -13.022771 -11.593996
   vertex 32.500000 -13.868220 -11.896502
  endloop
 endfacet
 facet normal 0 -0.427555 0.903989
  outer loop
   vertex -32.500000 -13.868220 -11.896502
   vertex -32.500000 -14.679947 -12.280420
   vertex 32.500000 -14.679947 -12.280420
  endloop
 endfacet
 facet normal 0 -0.427555 0.903989
  outer loop
   vertex -32.500000 -13.868220 -11.896502
   vertex 32.500000 -14.679947 -12.280420
   vertex 32.500000 -13.868220 -11.896502
  endloop
 endfacet
 facet normal -1 0 0
  outer loop
   vertex -32.500000 -10.366667 -20.350000
   vertex -32.500000 -14.679947 -12.280420
   vertex -32.500000 -13.868220 -11.896502
  endloop
 endfacet
 facet normal 1 0 0
  outer loop
   vertex 32.500000 -10.366667 -20.350000
   vertex 32.500000 -13.868220 -11.896502
   vertex 32.500000 -14.679947 -12.280420
  endloop
 endfacet
 facet normal 0 -0.514103 0.857729
  outer loop
   vertex -32.500000 -14.679947 -12.280420
   vertex -32.500000 -15.450134 -12.742053
   vertex 32.500000 -15.450134 -12.742053
  endloop
 endfacet
 facet normal 0 -0.514103 0.857729
  outer loop
   vertex -32.500000 -14.679947 -12.280420
   vertex 32.500000 -15.450134 -12.742053
   vertex 32.500000 -14.679947 -12.280420
  endloop
 endfacet
 facet normal -1 0 0
  outer loop
   vertex -32.500000 -10.366667 -20.350000
   vertex -32.500000 -15.450134 -12.742053
   vertex -32.500000 -14.679947 -12.280420
  endloop
 endfacet
 facet normal 1 0 0
  outer loop
   vertex 32.500000 -10.366667 -20.350000
   vertex 32.500000 -14.679947 -12.280420
   vertex 32.500000 -15.450134 -12.742053
  endloop
 endfacet
 facet normal 0 -0.595699 0.803208
  outer loop
   vertex -32.500000 -15.450134 -12.742053
   vertex -32.500000 -16.171365 -13.276954
   vertex 32.500000 -16.171365 -13.276954
  endloop
 endfacet
 facet normal 0 -0.595699 0.803208
  outer loop
   vertex -32.500000 -15.450134 -12.742053
   vertex 32.500000 -16.171365 -13.276954
   vertex 32.500000 -15.450134 -12.742053
  endloop
 endfacet
 facet normal -1 0 0
  outer loop
   vertex -32.500000 -10.366667 -20.350000
   vertex -32.500000 -16.171365 -13.276954
   vertex -32.500000 -15.450134 -12.742053
  endloop
 endfacet
 facet normal 1 0 0
  outer loop
   vertex 32.500000 -10.366667 -20.350000
   vertex 32.500000 -15.450134 -12.742053
   vertex 32.500000 -16.171365 -13.276954
  endloop
 endfacet
 facet normal 0 -0.671559 0.740951
  outer loop
   vertex -32.500000 -16.171365 -13.276954
   vertex -32.500000 -16.836694 -13.879973
   vertex 32.500000 -16.836694 -13.879973
  endloop
 endfacet
 facet normal 0 -0.671559 0.740951
  outer loop
   vertex -32.500000 -16.171365 -13.276954
   vertex 32.500000 -16.836694 -13.879973
   vertex 32.500000 -16.171365 -13.276954
  endloop
 endfacet
 facet normal -1 0 0
  outer loop
   vertex -32.500000 -10.366667 -20.350000
   vertex -32.500000 -16.836694 -13.879973
   vertex -32.500000 -16.171365 -13.276954
  endloop
 endfacet
 facet normal 1 0 0
  outer loop
   vertex 32.500000 -10.366667 -20.350000
   vertex 32.500000 -16.171365 -13.276954
   vertex 32.500000 -16.836694 -13.879973
  endloop
 endfacet
 facet normal 0 -0.740951 0.671559
  outer loop
   vertex -32.500000 -16.836694 -13.879973
   vertex -32.500000 -17.439712 -14.545301
   vertex 32.500000 -17.439712 -14.545301
  endloop
 endfacet
 facet normal 0 -0.740951 0.671559
  outer loop
   vertex -32.500000 -16.836694 -13.879973
   vertex 32.500000 -17.439712 -14.545301
   vertex 32.500000 -16.836694 -13.879973
  endloop
 endfacet
 facet normal -1 0 0
  outer loop
   vertex -32.500000 -10.366667 -20.350000
   vertex -32.500000 -17.439712 -14.545301
   vertex -32.500000 -16.836694 -13.879973
  endloop
 endfacet
 facet normal 1 0 0
  outer loop
   vertex 32.500000 -10.366667 -20.350000
   vertex 32.500000 -16.836694 -13.879973
   vertex 32.500000 -17.439712 -14.545301
  endloop
 endfacet
 facet normal 0 -0.803208 0.595699
  outer loop
   vertex -32.500000 -17.439712 -14.545301
   vertex -32.500000 -17.974614 -15.266532
   vertex 32.500000 -17.974614 -15.266532
  endloop
 endfacet
 facet normal 0 -0.803208 0.595699
  outer loop
   vertex -32.500000 -17.439712 -14.545301
   vertex 32.500000 -17.974614 -15.266532
   vertex 32.500000 -17.439712 -14.545301
  endloop
 endfacet
 facet normal -1 0 0
  outer loop
   vertex -32.500000 -10.366667 -20.350000
   vertex -32.500000 -17.974614 -15.266532
   vertex -32.500000 -17.439712 -14.545301
  endloop
 endfacet
 facet normal 1 0 0
  outer loop
   vertex 32.500000 -10.366667 -20.350000
   vertex 32.500000 -17.439712 -14.545301
   vertex 32.500000 -17.974614 -15.266532
  endloop
 endfacet
 facet normal 0 -0.857729 0.514103
  outer loop
   vertex -32.500000 -17.974614 -15.266532
   vertex -32.500000 -18.436246 -16.036720
   vertex 32.500000 -18.436246 -16.036720
  endloop
 endfacet
 facet normal 0 -0.857729 0.514103
  outer loop
   vertex -32.500000 -17.974614 -15.266532
   vertex 32.500000 -18.436246 -16.036720
   vertex 32.500000 -17.974614 -15.266532
  endloop
 endfacet
 facet normal -1 0 0
  outer loop
   vertex -32.500000 -10.366667 -20.350000
   vertex -32.500000 -18.436246 -16.036720
   vertex -32.500000 -17.974614 -15.266532
  endloop
 endfacet
 facet normal 1 0 0
  outer loop
   vertex 32.500000 -10.366667 -20.350000
   vertex 32.500000 -17.974614 -15.266532
   vertex 32.500000 -18.436246 -16.036720
  endloop
 endfacet
 facet normal 0 -0.903989 0.427555
  outer loop
   vertex -32.500000 -18.436246 -16.036720
   vertex -32.500000 -18.820164 -16.848447
   vertex 32.500000 -18.820164 -16.848447
  endloop
 endfacet
 facet normal 0 -0.903989 0.427555
  outer loop
   vertex -32.500000 -18.436246 -16.036720
   vertex 32.500000 -18.820164 -16.848447
   vertex 32.500000 -18.436246 -16.036720
  endloop
 endfacet
 facet normal -1 0 0
  outer loop
   vertex -32.500000 -10.366667 -20.350000
   vertex -32.500000 -18.820164 -16.848447
   vertex -32.500000 -18.436246 -16.036720
  endloop
 endfacet
 facet normal 1 0 0
  outer loop
   vertex 32.500000 -10.366667 -20.350000
   vertex 32.500000 -18.436246 -16.036720
   vertex 32.500000 -18.820164 -16.848447
  endloop
 endfacet
 facet normal 0 -0.941544 0.33689
  outer loop
   vertex -32.500000 -18.820164 -16.848447
   vertex -32.500000 -19.122671 -17.693895
   vertex 32.500000 -19.122671 -17.693895
  endloop
 endfacet
 facet normal 0 -0.941544 0.33689
  outer loop
   vertex -32.500000 -18.820164 -16.848447
   vertex 32.500000 -19.122671 -17.693895
   vertex 32.500000 -18.820164 -16.848447
  endloop
 endfacet
 facet normal -1 0 0
  outer loop
   vertex -32.500000 -10.366667 -20.350000
   vertex -32.500000 -19.122671 -17.693895
   vertex -32.500000 -18.820164 -16.848447
  endloop
 endfacet
 facet normal 1 0 0
  outer loop
   vertex 32.500000 -10.366667 -20.350000
   vertex 32.500000 -18.820164 -16.848447
   vertex 32.500000 -19.122671 -17.693895
  endloop
 endfacet
 facet normal 0 -0.970031 0.24298
  outer loop
   vertex -32.500000 -19.122671 -17.693895
   vertex -32.500000 -19.340852 -18.564924
   vertex 32.500000 -19.340852 -18.564924
  endloop
 endfacet
 facet normal 0 -0.970031 0.24298
  outer loop
   vertex -32.500000 -19.122671 -17.693895
   vertex 32.500000 -19.340852 -18.564924
   vertex 32.500000 -19.122671 -17.693895
  endloop
 endfacet
 facet normal -1 0 0
  outer loop
   vertex -32.500000 -10.366667 -20.350000
   vertex -32.500000 -19.340852 -18.564924
   vertex -32.500000 -19.122671 -17.693895
  endloop
 endfacet
 facet normal 1 0 0
  outer loop
   vertex 32.500000 -10.366667 -20.350000
   vertex 32.500000 -19.122671 -17.693895
   vertex 32.500000 -19.340852 -18.564924
  endloop
 endfacet
 facet normal 0 -0.989177 0.14673
  outer loop
   vertex -32.500000 -19.340852 -18.564924
   vertex -32.500000 -19.472607 -19.453143
   vertex 32.500000 -19.472607 -19.453143
  endloop
 endfacet
 facet normal 0 -0.989177 0.14673
  outer loop
   vertex -32.500000 -19.340852 -18.564924
   vertex 32.500000 -19.472607 -19.453143
   vertex 32.500000 -19.340852 -18.564924
  endloop
 endfacet
 facet normal -1 0 0
  outer loop
   vertex -32.500000 -10.366667 -20.350000
   vertex -32.500000 -19.472607 -19.453143
   vertex -32.500000 -19.340852 -18.564924
  endloop
 endfacet
 facet normal 1 0 0
  outer loop
   vertex 32.500000 -10.366667 -20.350000
   vertex 32.500000 -19.340852 -18.564924
   vertex 32.500000 -19.472607 -19.453143
  endloop
 endfacet
 facet normal 0 -0.998795 0.0490677
  outer loop
   vertex -32.500000 -19.472607 -19.453143
   vertex -32.500000 -19.516667 -20.350000
   vertex 32.500000 -19.516667 -20.350000
  endloop
 endfacet
 facet normal 0 -0.998795 0.0490677
  outer loop
   vertex -32.500000 -19.472607 -19.453143
   vertex 32.500000 -19.516667 -20.350000
   vertex 32.500000 -19.472607 -19.453143
  endloop
 endfacet
 facet normal -1 0 0
  outer loop
   vertex -32.500000 -10.366667 -20.350000
   vertex -32.500000 -19.516667 -20.350000
   vertex -32.500000 -19.472607 -19.453143
  endloop
 endfacet
 facet normal 1 0 0
  outer loop
   vertex 32.500000 -10.366667 -20.350000
   vertex 32.500000 -19.472607 -19.453143
   vertex 32.500000 -19.516667 -20.350000
  endloop
 endfacet
 facet normal 0 -0.998795 -0.0490677
  outer loop
   vertex -32.500000 -19.516667 -20.350000
   vertex -32.500000 -19.472607 -21.246857
   vertex 32.500000 -19.472607 -21.246857
  endloop
 endfacet
 facet normal 0 -0.998795 -0.0490677
  outer loop
   vertex -32.500000 -19.516667 -20.350000
   vertex 32.500000 -19.472607 -21.246857
   vertex 32.500000 -19.516667 -20.350000
  endloop
 endfacet
 facet normal -1 -0 0
  outer loop
   vertex -32.500000 -10.366667 -20.350000
   vertex -32.500000 -19.472607 -21.246857
   vertex -32.500000 -19.516667 -20.350000
  endloop
 endfacet
 facet normal 1 0 0
  outer loop
   vertex 32.500000 -10.366667 -20.350000
   vertex 32.500000 -19.516667 -20.350000
   vertex 32.500000 -19.472607 -21.246857
  endloop
 endfacet
 facet normal 0 -0.989177 -0.14673
  outer loop
   vertex -32.500000 -19.472607 -21.246857
   vertex -32.500000 -19.340852 -22.135076
   vertex 32.500000 -19.340852 -22.135076
  endloop
 endfacet
 facet normal 0 -0.989177 -0.14673
  outer loop
   vertex -32.500000 -19.472607 -21.246857
   vertex 32.500000 -19.340852 -22.135076
   vertex 32.500000 -19.472607 -21.246857
  endloop
 endfacet
 facet normal -1 0 0
  outer loop
   vertex -32.500000 -10.366667 -20.350000
   vertex -32.500000 -19.340852 -22.135076
   vertex -32.500000 -19.472607 -21.246857
  endloop
 endfacet
 facet normal 1 0 0
  outer loop
   vertex 32.500000 -10.366667 -20.350000
   vertex 32.500000 -19.472607 -21.246857
   vertex 32.500000 -19.340852 -22.135076
  endloop
 endfacet
 facet normal 0 -0.970031 -0.24298
  outer loop
   vertex -32.500000 -19.340852 -22.135076
   vertex -32.500000 -19.122671 -23.006105
   vertex 32.500000 -19.122671 -23.006105
  endloop
 endfacet
 facet normal 0 -0.970031 -0.24298
  outer loop
   vertex -32.500000 -19.340852 -22.135076
   vertex 32.500000 -19.122671 -23.006105
   vertex 32.500000 -19.340852 -22.135076
  endloop
 endfacet
 facet normal -1 0 0
  outer loop
   vertex -32.500000 -10.366667 -20.350000
   vertex -32.500000 -19.122671 -23.006105
   vertex -32.500000 -19.340852 -22.135076
  endloop
 endfacet
 facet normal 1 0 0
  outer loop
   vertex 32.500000 -10.366667 -20.350000
   vertex 32.500000 -19.340852 -22.135076
   vertex 32.500000 -19.122671 -23.006105
  endloop
 endfacet
 facet normal 0 -0.941544 -0.33689
  outer loop
   vertex -32.500000 -19.122671 -23.006105
   vertex -32.500000 -18.820164 -23.851553
   vertex 32.500000 -18.820164 -23.851553
  endloop
 endfacet
 facet normal 0 -0.941544 -0.33689
  outer loop
   vertex -32.500000 -19.122671 -23.006105
   vertex 32.500000 -18.820164 -23.851553
   vertex 32.500000 -19.122671 -23.006105
  endloop
 endfacet
 facet normal -1 0 0
  outer loop
   vertex -32.500000 -10.366667 -20.350000
   vertex -32.500000 -18.820164 -23.851553
   vertex -32.500000 -19.122671 -23.006105
  endloop
 endfacet
 facet normal 1 0 0
  outer loop
   vertex 32.500000 -10.366667 -20.350000
   vertex 32.500000 -19.122671 -23.006105
   vertex 32.500000 -18.820164 -23.851553
  endloop
 endfacet
 facet normal 0 -0.903989 -0.427555
  outer loop
   vertex -32.500000 -18.820164 -23.851553
   vertex -32.500000 -18.436246 -24.663280
   vertex 32.500000 -18.436246 -24.663280
  endloop
 endfacet
 facet normal 0 -0.903989 -0.427555
  outer loop
   vertex -32.500000 -18.820164 -23.851553
   vertex 32.500000 -18.436246 -24.663280
   vertex 32.500000 -18.820164 -23.851553
  endloop
 endfacet
 facet normal -1 0 0
  outer loop
   vertex -32.500000 -10.366667 -20.350000
   vertex -32.500000 -18.436246 -24.663280
   vertex -32.500000 -18.820164 -23.851553
  endloop
 endfacet
 facet normal 1 0 0
  outer loop
   vertex 32.500000 -10.366667 -20.350000
   vertex 32.500000 -18.820164 -23.851553
   vertex 32.500000 -18.436246 -24.663280
  endloop
 endfacet
 facet normal 0 -0.857729 -0.514103
  outer loop
   vertex -32.500000 -18.436246 -24.663280
   vertex -32.500000 -17.974614 -25.433468
   vertex 32.500000 -17.974614 -25.433468
  endloop
 endfacet
 facet normal 0 -0.857729 -0.514103
  outer loop
   vertex -32.500000 -18.436246 -24.663280
   vertex 32.500000 -17.974614 -25.433468
   vertex 32.500000 -18.436246 -24.663280
  endloop
 endfacet
 facet normal -1 0 0
  outer loop
   vertex -32.500000 -10.366667 -20.350000
   vertex -32.500000 -17.974614 -25.433468
   vertex -32.500000 -18.436246 -24.663280
  endloop
 endfacet
 facet normal 1 0 0
  outer loop
   vertex 32.500000 -10.366667 -20.350000
   vertex 32.500000 -18.436246 -24.663280
   vertex 32.500000 -17.974614 -25.433468
  endloop
 endfacet
 facet normal 0 -0.803208 -0.595699
  outer loop
   vertex -32.500000 -17.974614 -25.433468
   vertex -32.500000 -17.439712 -26.154699
   vertex 32.500000 -17.439712 -26.154699
  endloop
 endfacet
 facet normal 0 -0.803208 -0.595699
  outer loop
   vertex -32.500000 -17.974614 -25.433468
   vertex 32.500000 -17.439712 -26.154699
   vertex 32.500000 -17.974614 -25.433468
  endloop
 endfacet
 facet normal -1 0 0
  outer loop
   vertex -32.500000 -10.366667 -20.350000
   vertex -32.500000 -17.439712 -26.154699
   vertex -32.500000 -17.974614 -25.433468
  endloop
 endfacet
 facet normal 1 0 0
  outer loop
   vertex 32.500000 -10.366667 -20.350000
   vertex 32.500000 -17.974614 -25.433468
   vertex 32.500000 -17.439712 -26.154699
  endloop
 endfacet
 facet normal 0 -0.740951 -0.671559
  outer loop
   vertex -32.500000 -17.439712 -26.154699
   vertex -32.500000 -16.836694 -26.820027
   vertex 32.500000 -16.836694 -26.820027
  endloop
 endfacet
 facet normal 0 -0.740951 -0.671559
  outer loop
   vertex -32.500000 -17.439712 -26.154699
   vertex 32.500000 -16.836694 -26.820027
   vertex 32.500000 -17.439712 -26.154699
  endloop
 endfacet
 facet normal -1 0 0
  outer loop
   vertex -32.500000 -10.366667 -20.350000
   vertex -32.500000 -16.836694 -26.820027
   vertex -32.500000 -17.439712 -26.154699
  endloop
 endfacet
 facet normal 1 0 0
  outer loop
   vertex 32.500000 -10.366667 -20.350000
   vertex 32.500000 -17.439712 -26.154699
   vertex 32.500000 -16.836694 -26.820027
  endloop
 endfacet
 facet normal 0 -0.671559 -0.740951
  outer loop
   vertex -32.500000 -16.836694 -26.820027
   vertex -32.500000 -16.171365 -27.423046
   vertex 32.500000 -16.171365 -27.423046
  endloop
 endfacet
 facet normal 0 -0.671559 -0.740951
  outer loop
   vertex -32.500000 -16.836694 -26.820027
   vertex 32.500000 -16.171365 -27.423046
   vertex 32.500000 -16.836694 -26.820027
  endloop
 endfacet
 facet normal -1 0 0
  outer loop
   vertex -32.500000 -10.366667 -20.350000
   vertex -32.500000 -16.171365 -27.423046
   vertex -32.500000 -16.836694 -26.820027
  endloop
 endfacet
 facet normal 1 0 0
  outer loop
   vertex 32.500000 -10.366667 -20.350000
   vertex 32.500000 -16.836694 -26.820027
   vertex 32.500000 -16.171365 -27.423046
  endloop
 endfacet
 facet normal 0 -0.595699 -0.803208
  outer loop
   vertex -32.500000 -16.171365 -27.423046
   vertex -32.500000 -15.450134 -27.957947
   vertex 32.500000 -15.450134 -27.957947
  endloop
 endfacet
 facet normal 0 -0.595699 -0.803208
  outer loop
   vertex -32.500000 -16.171365 -27.423046
   vertex 32.500000 -15.450134 -27.957947
   vertex 32.500000 -16.171365 -27.423046
  endloop
 endfacet
 facet normal -1 0 0
  outer loop
   vertex -32.500000 -10.366667 -20.350000
   vertex -32.500000 -15.450134 -27.957947
   vertex -32.500000 -16.171365 -27.423046
  endloop
 endfacet
 facet normal 1 0 0
  outer loop
   vertex 32.500000 -10.366667 -20.350000
   vertex 32.500000 -16.171365 -27.423046
   vertex 32.500000 -15.450134 -27.957947
  endloop
 endfacet
 facet normal 0 -0.514103 -0.857729
  outer loop
   vertex -32.500000 -15.450134 -27.957947
   vertex -32.500000 -14.679947 -28.419580
   vertex 32.500000 -14.679947 -28.419580
  endloop
 endfacet
 facet normal 0 -0.514103 -0.857729
  outer loop
   vertex -32.500000 -15.450134 -27.957947
   vertex 32.500000 -14.679947 -28.419580
   vertex 32.500000 -15.450134 -27.957947
  endloop
 endfacet
 facet normal -1 0 0
  outer loop
   vertex -32.500000 -10.366667 -20.350000
   vertex -32.500000 -14.679947 -28.419580
   vertex -32.500000 -15.450134 -27.957947
  endloop
 endfacet
 facet normal 1 0 0
  outer loop
   vertex 32.500000 -10.366667 -20.350000
   vertex 32.500000 -15.450134 -27.957947
   vertex 32.500000 -14.679947 -28.419580
  endloop
 endfacet
 facet normal 0 -0.427555 -0.903989
  outer loop
   vertex -32.500000 -14.679947 -28.419580
   vertex -32.500000 -13.868220 -28.803498
   vertex 32.500000 -13.868220 -28.803498
  endloop
 endfacet
 facet normal 0 -0.427555 -0.903989
  outer loop
   vertex -32.500000 -14.679947 -28.419580
   vertex 32.500000 -13.868220 -28.803498
   vertex 32.500000 -14.679947 -28.419580
  endloop
 endfacet
 facet normal -1 0 0
  outer loop
   vertex -32.500000 -10.366667 -20.350000
   vertex -32.500000 -13.868220 -28.803498
   vertex -32.500000 -14.679947 -28.419580
  endloop
 endfacet
 facet normal 1 0 0
  outer loop
   vertex 32.500000 -10.366667 -20.350000
   vertex 32.500000 -14.679947 -28.419580
   vertex 32.500000 -13.868220 -28.803498
  endloop
 endfacet
 facet normal 0 -0.33689 -0.941544
  outer loop
   vertex -32.500000 -13.868220 -28.803498
   vertex -32.500000 -13.022771 -29.106004
   vertex 32.500000 -13.022771 -29.106004
  endloop
 endfacet
 facet normal 0 -0.33689 -0.941544
  outer loop
   vertex -32.500000 -13.868220 -28.803498
   vertex 32.500000 -13.022771 -29.106004
   vertex 32.500000 -13.868220 -28.803498
  endloop
 endfacet
 facet normal -1 0 0
  outer loop
   vertex -32.500000 -10.366667 -20.350000
   vertex -32.500000 -13.022771 -29.106004
   vertex -32.500000 -13.868220 -28.803498
  endloop
 endfacet
 facet normal 1 0 0
  outer loop
   vertex 32.500000 -10.366667 -20.350000
   vertex 32.500000 -13.868220 -28.803498
   vertex 32.500000 -13.022771 -29.106004
  endloop
 endfacet
 facet normal 0 -0.24298 -0.970031
  outer loop
   vertex -32.500000 -13.022771 -29.106004
   vertex -32.500000 -12.151743 -29.324185
   vertex 32.500000 -12.151743 -29.324185
  endloop
 endfacet
 facet normal 0 -0.24298 -0.970031
  outer loop
   vertex -32.500000 -13.022771 -29.106004
   vertex 32.500000 -12.151743 -29.324185
   vertex 32.500000 -13.022771 -29.106004
  endloop
 endfacet
 facet normal -1 0 0
  outer loop
   vertex -32.500000 -10.366667 -20.350000
   vertex -32.500000 -12.151743 -29.324185
   vertex -32.500000 -13.022771 -29.106004
  endloop
 endfacet
 facet normal 1 0 0
  outer loop
   vertex 32.500000 -10.366667 -20.350000
   vertex 32.500000 -13.022771 -29.106004
   vertex 32.500000 -12.151743 -29.324185
  endloop
 endfacet
 facet normal 0 -0.14673 -0.989177
  outer loop
   vertex -32.500000 -12.151743 -29.324185
   vertex -32.500000 -11.263524 -29.455940
   vertex 32.500000 -11.263524 -29.455940
  endloop
 endfacet
 facet normal 0 -0.14673 -0.989177
  outer loop
   vertex -32.500000 -12.151743 -29.324185
   vertex 32.500000 -11.263524 -29.455940
   vertex 32.500000 -12.151743 -29.324185
  endloop
 endfacet
 facet normal -1 0 0
  outer loop
   vertex -32.500000 -10.366667 -20.350000
   vertex -32.500000 -11.263524 -29.455940
   vertex -32.500000 -12.151743 -29.324185
  endloop
 endfacet
 facet normal 1 0 0
  outer loop
   vertex 32.500000 -10.366667 -20.350000
   vertex 32.500000 -12.151743 -29.324185
   vertex 32.500000 -11.263524 -29.455940
  endloop
 endfacet
 facet normal 0 -0.0490677 -0.998795
  outer loop
   vertex -32.500000 -11.263524 -29.455940
   vertex -32.500000 -10.366667 -29.500000
   vertex 32.500000 -10.366667 -29.500000
  endloop
 endfacet
 facet normal 0 -0.0490677 -0.998795
  outer loop
   vertex -32.500000 -11.263524 -29.455940
   vertex 32.500000 -10.366667 -29.500000
   vertex 32.500000 -11.263524 -29.455940
  endloop
 endfacet
 facet normal -1 0 0
  outer loop
   vertex -32.500000 -10.366667 -20.350000
   vertex -32.500000 -10.366667 -29.500000
   vertex -32.500000 -11.263524 -29.455940
  endloop
 endfacet
 facet normal 1 0 0
  outer loop
   vertex 32.500000 -10.366667 -20.350000
   vertex 32.500000 -11.263524 -29.455940
   vertex 32.500000 -10.366667 -29.500000
  endloop
 endfacet
 facet normal 0 0.0490677 -0.998795
  outer loop
   vertex -32.500000 -10.366667 -29.500000
   vertex -32.500000 -9.469810 -29.455940
   vertex 32.500000 -9.469810 -29.455940
  endloop
 endfacet
 facet normal 0 0.0490677 -0.998795
  outer loop
   vertex -32.500000 -10.366667 -29.500000
   vertex 32.500000 -9.469810 -29.455940
   vertex 32.500000 -10.366667 -29.500000
  endloop
 endfacet
 facet normal -1 0 -0
  outer loop
   vertex -32.500000 -10.366667 -20.350000
   vertex -32.500000 -9.469810 -29.455940
   vertex -32.500000 -10.366667 -29.500000
  endloop
 endfacet
 facet normal 1 0 0
  outer loop
   vertex 32.500000 -10.366667 -20.350000
   vertex 32.500000 -10.366667 -29.500000
   vertex 32.500000 -9.469810 -29.455940
  endloop
 endfacet
 facet normal 0 0.14673 -0.989177
  outer loop
   vertex -32.500000 -9.469810 -29.455940
   vertex -32.500000 -8.581590 -29.324185
   vertex 32.500000 -8.581590 -29.324185
  endloop
 endfacet
 facet normal 0 0.14673 -0.989177
  outer loop
   vertex -32.500000 -9.469810 -29.455940
   vertex 32.500000 -8.581590 -29.324185
   vertex 32.500000 -9.469810 -29.455940
  endloop
 endfacet
 facet normal -1 0 0
  outer loop
   vertex -32.500000 -10.366667 -20.350000
   vertex -32.500000 -8.581590 -29.324185
   vertex -32.500000 -9.469810 -29.455940
  endloop
 endfacet
 facet normal 1 0 0
  outer loop
   vertex 32.500000 -10.366667 -20.350000
   vertex 32.500000 -9.469810 -29.455940
   vertex 32.500000 -8.581590 -29.324185
  endloop
 endfacet
 facet normal 0 0.24298 -0.970031
  outer loop
   vertex -32.500000 -8.581590 -29.324185
   vertex -32.500000 -7.710562 -29.106004
   vertex 32.500000 -7.710562 -29.106004
  endloop
 endfacet
 facet normal 0 0.24298 -0.970031
  outer loop
   vertex -32.500000 -8.581590 -29.324185
   vertex 32.500000 -7.710562 -29.106004
   vertex 32.500000 -8.581590 -29.324185
  endloop
 endfacet
 facet normal -1 0 0
  outer loop
   vertex -32.500000 -10.366667 -20.350000
   vertex -32.500000 -7.710562 -29.106004
   vertex -32.500000 -8.581590 -29.324185
  endloop
 endfacet
 facet normal 1 0 0
  outer loop
   vertex 32.500000 -10.366667 -20.350000
   vertex 32.500000 -8.581590 -29.324185
   vertex 32.500000 -7.710562 -29.106004
  endloop
 endfacet
 facet normal 0 0.33689 -0.941544
  outer loop
   vertex -32.500000 -7.710562 -29.106004
   vertex -32.500000 -6.865113 -28.803498
   vertex 32.500000 -6.865113 -28.803498
  endloop
 endfacet
 facet normal 0 0.33689 -0.941544
  outer loop
   vertex -32.500000 -7.710562 -29.106004
   vertex 32.500000 -6.865113 -28.803498
   vertex 32.500000 -7.710562 -29.106004
  endloop
 endfacet
 facet normal -1 0 0
  outer loop
   vertex -32.500000 -10.366667 -20.350000
   vertex -32.500000 -6.865113 -28.803498
   vertex -32.500000 -7.710562 -29.106004
  endloop
 endfacet
 facet normal 1 0 0
  outer loop
   vertex 32.500000 -10.366667 -20.350000
   vertex 32.500000 -7.710562 -29.106004
   vertex 32.500000 -6.865113 -28.803498
  endloop
 endfacet
 facet normal 0 0.427555 -0.903989
  outer loop
   vertex -32.500000 -6.865113 -28.803498
   vertex -32.500000 -6.053387 -28.419580
   vertex 32.500000 -6.053387 -28.419580
  endloop
 endfacet
 facet normal 0 0.427555 -0.903989
  outer loop
   vertex -32.500000 -6.865113 -28.803498
   vertex 32.500000 -6.053387 -28.419580
   vertex 32.500000 -6.865113 -28.803498
  endloop
 endfacet
 facet normal -1 0 0
  outer loop
   vertex -32.500000 -10.366667 -20.350000
   vertex -32.500000 -6.053387 -28.419580
   vertex -32.500000 -6.865113 -28.803498
  endloop
 endfacet
 facet normal 1 0 0
  outer loop
   vertex 32.500000 -10.366667 -20.350000
   vertex 32.500000 -6.865113 -28.803498
   vertex 32.500000 -6.053387 -28.419580
  endloop
 endfacet
 facet normal 0 0.514103 -0.857729
  outer loop
   vertex -32.500000 -6.053387 -28.419580
   vertex -32.500000 -5.283199 -27.957947
   vertex 32.500000 -5.283199 -27.957947
  endloop
 endfacet
 facet normal 0 0.514103 -0.857729
  outer loop
   vertex -32.500000 -6.053387 -28.419580
   vertex 32.500000 -5.283199 -27.957947
   vertex 32.500000 -6.053387 -28.419580
  endloop
 endfacet
 facet normal -1 0 0
  outer loop
   vertex -32.500000 -10.366667 -20.350000
   vertex -32.500000 -5.283199 -27.957947
   vertex -32.500000 -6.053387 -28.419580
  endloop
 endfacet
 facet normal 1 0 0
  outer loop
   vertex 32.500000 -10.366667 -20.350000
   vertex 32.500000 -6.053387 -28.419580
   vertex 32.500000 -5.283199 -27.957947
  endloop
 endfacet
 facet normal 0 0.595699 -0.803208
  outer loop
   vertex -32.500000 -5.283199 -27.957947
   vertex -32.500000 -4.561968 -27.423046
   vertex 32.500000 -4.561968 -27.423046
  endloop
 endfacet
 facet normal 0 0.595699 -0.803208
  outer loop
   vertex -32.500000 -5.283199 -27.957947
   vertex 32.500000 -4.561968 -27.423046
   vertex 32.500000 -5.283199 -27.957947
  endloop
 endfacet
 facet normal -1 0 0
  outer loop
   vertex -32.500000 -10.366667 -20.350000
   vertex -32.500000 -4.561968 -27.423046
   vertex -32.500000 -5.283199 -27.957947
  endloop
 endfacet
 facet normal 1 0 0
  outer loop
   vertex 32.500000 -10.366667 -20.350000
   vertex 32.500000 -5.283199 -27.957947
   vertex 32.500000 -4.561968 -27.423046
  endloop
 endfacet
 facet normal 0 0.671559 -0.740951
  outer loop
   vertex -32.500000 -4.561968 -27.423046
   vertex -32.500000 -3.896640 -26.820027
   vertex 32.500000 -3.896640 -26.820027
  endloop
 endfacet
 facet normal 0 0.671559 -0.740951
  outer loop
   vertex -32.500000 -4.561968 -27.423046
   vertex 32.500000 -3.896640 -26.820027
   vertex 32.500000 -4.561968 -27.423046
  endloop
 endfacet
 facet normal -1 0 0
  outer loop
   vertex -32.500000 -10.366667 -20.350000
   vertex -32.500000 -3.896640 -26.820027
   vertex -32.500000 -4.561968 -27.423046
  endloop
 endfacet
 facet normal 1 0 0
  outer loop
   vertex 32.500000 -10.366667 -20.350000
   vertex 32.500000 -4.561968 -27.423046
   vertex 32.500000 -3.896640 -26.820027
  endloop
 endfacet
 facet normal 0 0.740951 -0.671559
  outer loop
   vertex -32.500000 -3.896640 -26.820027
   vertex -32.500000 -3.293621 -26.154699
   vertex 32.500000 -3.293621 -26.154699
  endloop
 endfacet
 facet normal 0 0.740951 -0.671559
  outer loop
   vertex -32.500000 -3.896640 -26.820027
   vertex 32.500000 -3.293621 -26.154699
   vertex 32.500000 -3.896640 -26.820027
  endloop
 endfacet
 facet normal -1 0 0
  outer loop
   vertex -32.500000 -10.366667 -20.350000
   vertex -32.500000 -3.293621 -26.154699
   vertex -32.500000 -3.896640 -26.820027
  endloop
 endfacet
 facet normal 1 0 0
  outer loop
   vertex 32.500000 -10.366667 -20.350000
   vertex 32.500000 -3.896640 -26.820027
   vertex 32.500000 -3.293621 -26.154699
  endloop
 endfacet
 facet normal 0 0.803208 -0.595699
  outer loop
   vertex -32.500000 -3.293621 -26.154699
   vertex -32.500000 -2.758720 -25.433468
   vertex 32.500000 -2.758720 -25.433468
  endloop
 endfacet
 facet normal 0 0.803208 -0.595699
  outer loop
   vertex -32.500000 -3.293621 -26.154699
   vertex 32.500000 -2.758720 -25.433468
   vertex 32.500000 -3.293621 -26.154699
  endloop
 endfacet
 facet normal -1 0 0
  outer loop
   vertex -32.500000 -10.366667 -20.350000
   vertex -32.500000 -2.758720 -25.433468
   vertex -32.500000 -3.293621 -26.154699
  endloop
 endfacet
 facet normal 1 0 0
  outer loop
   vertex 32.500000 -10.366667 -20.350000
   vertex 32.500000 -3.293621 -26.154699
   vertex 32.500000 -2.758720 -25.433468
  endloop
 endfacet
 facet normal 0 0.857729 -0.514103
  outer loop
   vertex -32.500000 -2.758720 -25.433468
   vertex -32.500000 -2.297087 -24.663280
   vertex 32.500000 -2.297087 -24.663280
  endloop
 endfacet
 facet normal 0 0.857729 -0.514103
  outer loop
   vertex -32.500000 -2.758720 -25.433468
   vertex 32.500000 -2.297087 -24.663280
   vertex 32.500000 -2.758720 -25.433468
  endloop
 endfacet
 facet normal -1 0 0
  outer loop
   vertex -32.500000 -10.366667 -20.350000
   vertex -32.500000 -2.297087 -24.663280
   vertex -32.500000 -2.758720 -25.433468
  endloop
 endfacet
 facet normal 1 0 0
  outer loop
   vertex 32.500000 -10.366667 -20.350000
   vertex 32.500000 -2.758720 -25.433468
   vertex 32.500000 -2.297087 -24.663280
  endloop
 endfacet
 facet normal 0 0.903989 -0.427555
  outer loop
   vertex -32.500000 -2.297087 -24.663280
   vertex -32.500000 -1.913169 -23.851553
   vertex 32.500000 -1.913169 -23.851553
  endloop
 endfacet
 facet normal 0 0.903989 -0.427555
  outer loop
   vertex -32.500000 -2.297087 -24.663280
   vertex 32.500000 -1.913169 -23.851553
   vertex 32.500000 -2.297087 -24.663280
  endloop
 endfacet
 facet normal -1 0 0
  outer loop
   vertex -32.500000 -10.366667 -20.350000
   vertex -32.500000 -1.913169 -23.851553
   vertex -32.500000 -2.297087 -24.663280
  endloop
 endfacet
 facet normal 1 0 0
  outer loop
   vertex 32.500000 -10.366667 -20.350000
   vertex 32.500000 -2.297087 -24.663280
   vertex 32.500000 -1.913169 -23.851553
  endloop
 endfacet
 facet normal 0 0.941544 -0.33689
  outer loop
   vertex -32.500000 -1.913169 -23.851553
   vertex -32.500000 -1.610663 -23.006105
   vertex 32.500000 -1.610663 -23.006105
  endloop
 endfacet
 facet normal 0 0.941544 -0.33689
  outer loop
   vertex -32.500000 -1.913169 -23.851553
   vertex 32.500000 -1.610663 -23.006105
   vertex 32.500000 -1.913169 -23.851553
  endloop
 endfacet
 facet normal -1 0 0
  outer loop
   vertex -32.500000 -10.366667 -20.350000
   vertex -32.500000 -1.610663 -23.006105
   vertex -32.500000 -1.913169 -23.851553
  endloop
 endfacet
 facet normal 1 0 0
  outer loop
   vertex 32.500000 -10.366667 -20.350000
   vertex 32.500000 -1.913169 -23.851553
   vertex 32.500000 -1.610663 -23.006105
  endloop
 endfacet
 facet normal 0 0.970031 -0.24298
  outer loop
   vertex -32.500000 -1.610663 -23.006105
   vertex -32.500000 -1.392481 -22.135076
   vertex 32.500000 -1.392481 -22.135076
  endloop
 endfacet
 facet normal 0 0.970031 -0.24298
  outer loop
   vertex -32.500000 -1.610663 -23.006105
   vertex 32.500000 -1.392481 -22.135076
   vertex 32.500000 -1.610663 -23.006105
  endloop
 endfacet
 facet normal -1 0 0
  outer loop
   vertex -32.500000 -10.366667 -20.350000
   vertex -32.500000 -1.392481 -22.135076
   vertex -32.500000 -1.610663 -23.006105
  endloop
 endfacet
 facet normal 1 0 0
  outer loop
   vertex 32.500000 -10.366667 -20.350000
   vertex 32.500000 -1.610663 -23.006105
   vertex 32.500000 -1.392481 -22.135076
  endloop
 endfacet
 facet normal 0 0.989177 -0.14673
  outer loop
   vertex -32.500000 -1.392481 -22.135076
   vertex -32.500000 -1.260726 -21.246857
   vertex 32.500000 -1.260726 -21.246857
  endloop
 endfacet
 facet normal 0 0.989177 -0.14673
  outer loop
   vertex -32.500000 -1.392481 -22.135076
   vertex 32.500000 -1.260726 -21.246857
   vertex 32.500000 -1.392481 -22.135076
  endloop
 endfacet
 facet normal -1 0 0
  outer loop
   vertex -32.500000 -10.366667 -20.350000
   vertex -32.500000 -1.260726 -21.246857
   vertex -32.500000 -1.392481 -22.135076
  endloop
 endfacet
 facet normal 1 0 0
  outer loop
   vertex 32.500000 -10.366667 -20.350000
   vertex 32.500000 -1.392481 -22.135076
   vertex 32.500000 -1.260726 -21.246857
  endloop
 endfacet
 facet normal 0 0.998795 -0.0490677
  outer loop
   vertex -32.500000 -1.260726 -21.246857
   vertex -32.500000 -1.216667 -20.350000
   vertex 32.500000 -1.216667 -20.350000
  endloop
 endfacet
 facet normal 0 0.998795 -0.0490677
  outer loop
   vertex -32.500000 -1.260726 -21.246857
   vertex 32.500000 -1.216667 -20.350000
   vertex 32.500000 -1.260726 -21.246857
  endloop
 endfacet
 facet normal -1 0 0
  outer loop
   vertex -32.500000 -10.366667 -20.350000
   vertex -32.500000 -1.216667 -20.350000
   vertex -32.500000 -1.260726 -21.246857
  endloop
 endfacet
 facet normal 1 0 0
  outer loop
   vertex 32.500000 -10.366667 -20.350000
   vertex 32.500000 -1.260726 -21.246857
   vertex 32.500000 -1.216667 -20.350000
  endloop
 endfacet
 facet normal 0 0.998795 0.0490677
  outer loop
   vertex -32.500000 19.516667 -20.350000
   vertex -32.500000 19.472607 -19.453143
   vertex 32.500000 19.472607 -19.453143
  endloop
 endfacet
 facet normal -0 0.998795 0.0490677
  outer loop
   vertex -32.500000 19.516667 -20.350000
   vertex 32.500000 19.472607 -19.453143
   vertex 32.500000 19.516667 -20.350000
  endloop
 endfacet
 facet normal -1 0 0
  outer loop
   vertex -32.500000 10.366667 -20.350000
   vertex -32.500000 19.472607 -19.453143
   vertex -32.500000 19.516667 -20.350000
  endloop
 endfacet
 facet normal 1 0 0
  outer loop
   vertex 32.500000 10.366667 -20.350000
   vertex 32.500000 19.516667 -20.350000
   vertex 32.500000 19.472607 -19.453143
  endloop
 endfacet
 facet normal 0 0.989177 0.14673
  outer loop
   vertex -32.500000 19.472607 -19.453143
   vertex -32.500000 19.340852 -18.564924
   vertex 32.500000 19.340852 -18.564924
  endloop
 endfacet
 facet normal -0 0.989177 0.14673
  outer loop
   vertex -32.500000 19.472607 -19.453143
   vertex 32.500000 19.340852 -18.564924
   vertex 32.500000 19.472607 -19.453143
  endloop
 endfacet
 facet normal -1 0 0
  outer loop
   vertex -32.500000 10.366667 -20.350000
   vertex -32.500000 19.340852 -18.564924
   vertex -32.500000 19.472607 -19.453143
  endloop
 endfacet
 facet normal 1 0 0
  outer loop
   vertex 32.500000 10.366667 -20.350000
   vertex 32.500000 19.472607 -19.453143
   vertex 32.500000 19.340852 -18.564924
  endloop
 endfacet
 facet normal 0 0.970031 0.24298
  outer loop
   vertex -32.500000 19.340852 -18.564924
   vertex -32.500000 19.122671 -17.693895
   vertex 32.500000 19.122671 -17.693895
  endloop
 endfacet
 facet normal -0 0.970031 0.24298
  outer loop
   vertex -32.500000 19.340852 -18.564924
   vertex 32.500000 19.122671 -17.693895
   vertex 32.500000 19.340852 -18.564924
  endloop
 endfacet
 facet normal -1 0 0
  outer loop
   vertex -32.500000 10.366667 -20.350000
   vertex -32.500000 19.122671 -17.693895
   vertex -32.500000 19.340852 -18.564924
  endloop
 endfacet
 facet normal 1 0 0
  outer loop
   vertex 32.500000 10.366667 -20.350000
   vertex 32.500000 19.340852 -18.564924
   vertex 32.500000 19.122671 -17.693895
  endloop
 endfacet
 facet normal 0 0.941544 0.33689
  outer loop
   vertex -32.500000 19.122671 -17.693895
   vertex -32.500000 18.820164 -16.848447
   vertex 32.500000 18.820164 -16.848447
  endloop
 endfacet
 facet normal -0 0.941544 0.33689
  outer loop
   vertex -32.500000 19.122671 -17.693895
   vertex 32.500000 18.820164 -16.848447
   vertex 32.500000 19.122671 -17.693895
  endloop
 endfacet
 facet normal -1 0 0
  outer loop
   vertex -32.500000 10.366667 -20.350000
   vertex -32.500000 18.820164 -16.848447
   vertex -32.500000 19.122671 -17.693895
  endloop
 endfacet
 facet normal 1 0 0
  outer loop
   vertex 32.500000 10.366667 -20.350000
   vertex 32.500000 19.122671 -17.693895
   vertex 32.500000 18.820164 -16.848447
  endloop
 endfacet
 facet normal 0 0.903989 0.427555
  outer loop
   vertex -32.500000 18.820164 -16.848447
   vertex -32.500000 18.436246 -16.036720
   vertex 32.500000 18.436246 -16.036720
  endloop
 endfacet
 facet normal -0 0.903989 0.427555
  outer loop
   vertex -32.500000 18.820164 -16.848447
   vertex 32.500000 18.436246 -16.036720
   vertex 32.500000 18.820164 -16.848447
  endloop
 endfacet
 facet normal -1 0 0
  outer loop
   vertex -32.500000 10.366667 -20.350000
   vertex -32.500000 18.436246 -16.036720
   vertex -32.500000 18.820164 -16.848447
  endloop
 endfacet
 facet normal 1 0 0
  outer loop
   vertex 32.500000 10.366667 -20.350000
   vertex 32.500000 18.820164 -16.848447
   vertex 32.500000 18.436246 -16.036720
  endloop
 endfacet
 facet normal 0 0.857729 0.514103
  outer loop
   vertex -32.500000 18.436246 -16.036720
   vertex -32.500000 17.974614 -15.266532
   vertex 32.500000 17.974614 -15.266532
  endloop
 endfacet
 facet normal -0 0.857729 0.514103
  outer loop
   vertex -32.500000 18.436246 -16.036720
   vertex 32.500000 17.974614 -15.266532
   vertex 32.500000 18.436246 -16.036720
  endloop
 endfacet
 facet normal -1 0 0
  outer loop
   vertex -32.500000 10.366667 -20.350000
   vertex -32.500000 17.974614 -15.266532
   vertex -32.500000 18.436246 -16.036720
  endloop
 endfacet
 facet normal 1 0 0
  outer loop
   vertex 32.500000 10.366667 -20.350000
   vertex 32.500000 18.436246 -16.036720
   vertex 32.500000 17.974614 -15.266532
  endloop
 endfacet
 facet normal 0 0.803208 0.595699
  outer loop
   vertex -32.500000 17.974614 -15.266532
   vertex -32.500000 17.439712 -14.545301
   vertex 32.500000 17.439712 -14.545301
  endloop
 endfacet
 facet normal -0 0.803208 0.595699
  outer loop
   vertex -32.500000 17.974614 -15.266532
   vertex 32.500000 17.439712 -14.545301
   vertex 32.500000 17.974614 -15.266532
  endloop
 endfacet
 facet normal -1 0 0
  outer loop
   vertex -32.500000 10.366667 -20.350000
   vertex -32.500000 17.439712 -14.545301
   vertex -32.500000 17.974614 -15.266532
  endloop
 endfacet
 facet normal 1 0 0
  outer loop
   vertex 32.500000 10.366667 -20.350000
   vertex 32.500000 17.974614 -15.266532
   vertex 32.500000 17.439712 -14.545301
  endloop
 endfacet
 facet normal 0 0.740951 0.671559
  outer loop
   vertex -32.500000 17.439712 -14.545301
   vertex -32.500000 16.836694 -13.879973
   vertex 32.500000 16.836694 -13.879973
  endloop
 endfacet
 facet normal -0 0.740951 0.671559
  outer loop
   vertex -32.500000 17.439712 -14.545301
   vertex 32.500000 16.836694 -13.879973
   vertex 32.500000 17.439712 -14.545301
  endloop
 endfacet
 facet normal -1 0 0
  outer loop
   vertex -32.500000 10.366667 -20.350000
   vertex -32.500000 16.836694 -13.879973
   vertex -32.500000 17.439712 -14.545301
  endloop
 endfacet
 facet normal 1 0 0
  outer loop
   vertex 32.500000 10.366667 -20.350000
   vertex 32.500000 17.439712 -14.545301
   vertex 32.500000 16.836694 -13.879973
  endloop
 endfacet
 facet normal 0 0.671559 0.740951
  outer loop
   vertex -32.500000 16.836694 -13.879973
   vertex -32.500000 16.171365 -13.276954
   vertex 32.500000 16.171365 -13.276954
  endloop
 endfacet
 facet normal -0 0.671559 0.740951
  outer loop
   vertex -32.500000 16.836694 -13.879973
   vertex 32.500000 16.171365 -13.276954
   vertex 32.500000 16.836694 -13.879973
  endloop
 endfacet
 facet normal -1 0 0
  outer loop
   vertex -32.500000 10.366667 -20.350000
   vertex -32.500000 16.171365 -13.276954
   vertex -32.500000 16.836694 -13.879973
  endloop
 endfacet
 facet normal 1 0 0
  outer loop
   vertex 32.500000 10.366667 -20.350000
   vertex 32.500000 16.836694 -13.879973
   vertex 32.500000 16.171365 -13.276954
  endloop
 endfacet
 facet normal 0 0.595699 0.803208
  outer loop
   vertex -32.500000 16.171365 -13.276954
   vertex -32.500000 15.450134 -12.742053
   vertex 32.500000 15.450134 -12.742053
  endloop
 endfacet
 facet normal -0 0.595699 0.803208
  outer loop
   vertex -32.500000 16.171365 -13.276954
   vertex 32.500000 15.450134 -12.742053
   vertex 32.500000 16.171365 -13.276954
  endloop
 endfacet
 facet normal -1 0 0
  outer loop
   vertex -32.500000 10.366667 -20.350000
   vertex -32.500000 15.450134 -12.742053
   vertex -32.500000 16.171365 -13.276954
  endloop
 endfacet
 facet normal 1 0 0
  outer loop
   vertex 32.500000 10.366667 -20.350000
   vertex 32.500000 16.171365 -13.276954
   vertex 32.500000 15.450134 -12.742053
  endloop
 endfacet
 facet normal 0 0.514103 0.857729
  outer loop
   vertex -32.500000 15.450134 -12.742053
   vertex -32.500000 14.679947 -12.280420
   vertex 32.500000 14.679947 -12.280420
  endloop
 endfacet
 facet normal -0 0.514103 0.857729
  outer loop
   vertex -32.500000 15.450134 -12.742053
   vertex 32.500000 14.679947 -12.280420
   vertex 32.500000 15.450134 -12.742053
  endloop
 endfacet
 facet normal -1 0 0
  outer loop
   vertex -32.500000 10.366667 -20.350000
   vertex -32.500000 14.679947 -12.280420
   vertex -32.500000 15.450134 -12.742053
  endloop
 endfacet
 facet normal 1 0 0
  outer loop
   vertex 32.500000 10.366667 -20.350000
   vertex 32.500000 15.450134 -12.742053
   vertex 32.500000 14.679947 -12.280420
  endloop
 endfacet
 facet normal 0 0.427555 0.903989
  outer loop
   vertex -32.500000 14.679947 -12.280420
   vertex -32.500000 13.868220 -11.896502
   vertex 32.500000 13.868220 -11.896502
  endloop
 endfacet
 facet normal -0 0.427555 0.903989
  outer loop
   vertex -32.500000 14.679947 -12.280420
   vertex 32.500000 13.868220 -11.896502
   vertex 32.500000 14.679947 -12.280420
  endloop
 endfacet
 facet normal -1 0 0
  outer loop
   vertex -32.500000 10.366667 -20.350000
   vertex -32.500000 13.868220 -11.896502
   vertex -32.500000 14.679947 -12.280420
  endloop
 endfacet
 facet normal 1 0 0
  outer loop
   vertex 32.500000 10.366667 -20.350000
   vertex 32.500000 14.679947 -12.280420
   vertex 32.500000 13.868220 -11.896502
  endloop
 endfacet
 facet normal 0 0.33689 0.941544
  outer loop
   vertex -32.500000 13.868220 -11.896502
   vertex -32.500000 13.022771 -11.593996
   vertex 32.500000 13.022771 -11.593996
  endloop
 endfacet
 facet normal -0 0.33689 0.941544
  outer loop
   vertex -32.500000 13.868220 -11.896502
   vertex 32.500000 13.022771 -11.593996
   vertex 32.500000 13.868220 -11.896502
  endloop
 endfacet
 facet normal -1 0 0
  outer loop
   vertex -32.500000 10.366667 -20.350000
   vertex -32.500000 13.022771 -11.593996
   vertex -32.500000 13.868220 -11.896502
  endloop
 endfacet
 facet normal 1 0 0
  outer loop
   vertex 32.500000 10.366667 -20.350000
   vertex 32.500000 13.868220 -11.896502
   vertex 32.500000 13.022771 -11.593996
  endloop
 endfacet
 facet normal 0 0.24298 0.970031
  outer loop
   vertex -32.500000 13.022771 -11.593996
   vertex -32.500000 12.151743 -11.375815
   vertex 32.500000 12.151743 -11.375815
  endloop
 endfacet
 facet normal -0 0.24298 0.970031
  outer loop
   vertex -32.500000 13.022771 -11.593996
   vertex 32.500000 12.151743 -11.375815
   vertex 32.500000 13.022771 -11.593996
  endloop
 endfacet
 facet normal -1 0 0
  outer loop
   vertex -32.500000 10.366667 -20.350000
   vertex -32.500000 12.151743 -11.375815
   vertex -32.500000 13.022771 -11.593996
  endloop
 endfacet
 facet normal 1 0 0
  outer loop
   vertex 32.500000 10.366667 -20.350000
   vertex 32.500000 13.022771 -11.593996
   vertex 32.500000 12.151743 -11.375815
  endloop
 endfacet
 facet normal 0 0.14673 0.989177
  outer loop
   vertex -32.500000 12.151743 -11.375815
   vertex -32.500000 11.263524 -11.244060
   vertex 32.500000 11.263524 -11.244060
  endloop
 endfacet
 facet normal -0 0.14673 0.989177
  outer loop
   vertex -32.500000 12.151743 -11.375815
   vertex 32.500000 11.263524 -11.244060
   vertex 32.500000 12.151743 -11.375815
  endloop
 endfacet
 facet normal -1 0 0
  outer loop
   vertex -32.500000 10.366667 -20.350000
   vertex -32.500000 11.263524 -11.244060
   vertex -32.500000 12.151743 -11.375815
  endloop
 endfacet
 facet normal 1 0 0
  outer loop
   vertex 32.500000 10.366667 -20.350000
   vertex 32.500000 12.151743 -11.375815
   vertex 32.500000 11.263524 -11.244060
  endloop
 endfacet
 facet normal 0 0.0490677 0.998795
  outer loop
   vertex -32.500000 11.263524 -11.244060
   vertex -32.500000 10.366667 -11.200000
   vertex 32.500000 10.366667 -11.200000
  endloop
 endfacet
 facet normal -0 0.0490677 0.998795
  outer loop
   vertex -32.500000 11.263524 -11.244060
   vertex 32.500000 10.366667 -11.200000
   vertex 32.500000 11.263524 -11.244060
  endloop
 endfacet
 facet normal -1 0 0
  outer loop
   vertex -32.500000 10.366667 -20.350000
   vertex -32.500000 10.366667 -11.200000
   vertex -32.500000 11.263524 -11.244060
  endloop
 endfacet
 facet normal 1 0 0
  outer loop
   vertex 32.500000 10.366667 -20.350000
   vertex 32.500000 11.263524 -11.244060
   vertex 32.500000 10.366667 -11.200000
  endloop
 endfacet
 facet normal 0 -0.0490677 0.998795
  outer loop
   vertex -32.500000 10.366667 -11.200000
   vertex -32.500000 9.469810 -11.244060
   vertex 32.500000 9.469810 -11.244060
  endloop
 endfacet
 facet normal 0 -0.0490677 0.998795
  outer loop
   vertex -32.500000 10.366667 -11.200000
   vertex 32.500000 9.469810 -11.244060
   vertex 32.500000 10.366667 -11.200000
  endloop
 endfacet
 facet normal -1 0 0
  outer loop
   vertex -32.500000 10.366667 -20.350000
   vertex -32.500000 9.469810 -11.244060
   vertex -32.500000 10.366667 -11.200000
  endloop
 endfacet
 facet normal 1 0 -0
  outer loop
   vertex 32.500000 10.366667 -20.350000
   vertex 32.500000 10.366667 -11.200000
   vertex 32.500000 9.469810 -11.244060
  endloop
 endfacet
 facet normal 0 -0.14673 0.989177
  outer loop
   vertex -32.500000 9.469810 -11.244060
   vertex -32.500000 8.581590 -11.375815
   vertex 32.500000 8.581590 -11.375815
  endloop
 endfacet
 facet normal 0 -0.14673 0.989177
  outer loop
   vertex -32.500000 9.469810 -11.244060
   vertex 32.500000 8.581590 -11.375815
   vertex 32.500000 9.469810 -11.244060
  endloop
 endfacet
 facet normal -1 0 0
  outer loop
   vertex -32.500000 10.366667 -20.350000
   vertex -32.500000 8.581590 -11.375815
   vertex -32.500000 9.469810 -11.244060
  endloop
 endfacet
 facet normal 1 0 0
  outer loop
   vertex 32.500000 10.366667 -20.350000
   vertex 32.500000 9.469810 -11.244060
   vertex 32.500000 8.581590 -11.375815
  endloop
 endfacet
 facet normal 0 -0.24298 0.970031
  outer loop
   vertex -32.500000 8.581590 -11.375815
   vertex -32.500000 7.710562 -11.593996
   vertex 32.500000 7.710562 -11.593996
  endloop
 endfacet
 facet normal 0 -0.24298 0.970031
  outer loop
   vertex -32.500000 8.581590 -11.375815
   vertex 32.500000 7.710562 -11.593996
   vertex 32.500000 8.581590 -11.375815
  endloop
 endfacet
 facet normal -1 0 0
  outer loop
   vertex -32.500000 10.366667 -20.350000
   vertex -32.500000 7.710562 -11.593996
   vertex -32.500000 8.581590 -11.375815
  endloop
 endfacet
 facet normal 1 0 0
  outer loop
   vertex 32.500000 10.366667 -20.350000
   vertex 32.500000 8.581590 -11.375815
   vertex 32.500000 7.710562 -11.593996
  endloop
 endfacet
 facet normal 0 -0.33689 0.941544
  outer loop
   vertex -32.500000 7.710562 -11.593996
   vertex -32.500000 6.865113 -11.896502
   vertex 32.500000 6.865113 -11.896502
  endloop
 endfacet
 facet normal 0 -0.33689 0.941544
  outer loop
   vertex -32.500000 7.710562 -11.593996
   vertex 32.500000 6.865113 -11.896502
   vertex 32.500000 7.710562 -11.593996
  endloop
 endfacet
 facet normal -1 0 0
  outer loop
   vertex -32.500000 10.366667 -20.350000
   vertex -32.500000 6.865113 -11.896502
   vertex -32.500000 7.710562 -11.593996
  endloop
 endfacet
 facet normal 1 0 0
  outer loop
   vertex 32.500000 10.366667 -20.350000
   vertex 32.500000 7.710562 -11.593996
   vertex 32.500000 6.865113 -11.896502
  endloop
 endfacet
 facet normal 0 -0.427555 0.903989
  outer loop
   vertex -32.500000 6.865113 -11.896502
   vertex -32.500000 6.053387 -12.280420
   vertex 32.500000 6.053387 -12.280420
  endloop
 endfacet
 facet normal 0 -0.427555 0.903989
  outer loop
   vertex -32.500000 6.865113 -11.896502
   vertex 32.500000 6.053387 -12.280420
   vertex 32.500000 6.865113 -11.896502
  endloop
 endfacet
 facet normal -1 0 0
  outer loop
   vertex -32.500000 10.366667 -20.350000
   vertex -32.500000 6.053387 -12.280420
   vertex -32.500000 6.865113 -11.896502
  endloop
 endfacet
 facet normal 1 0 0
  outer loop
   vertex 32.500000 10.366667 -20.350000
   vertex 32.500000 6.865113 -11.896502
   vertex 32.500000 6.053387 -12.280420
  endloop
 endfacet
 facet normal 0 -0.514103 0.857729
  outer loop
   vertex -32.500000 6.053387 -12.280420
   vertex -32.500000 5.283199 -12.742053
   vertex 32.500000 5.283199 -12.742053
  endloop
 endfacet
 facet normal 0 -0.514103 0.857729
  outer loop
   vertex -32.500000 6.053387 -12.280420
   vertex 32.500000 5.283199 -12.742053
   vertex 32.500000 6.053387 -12.280420
  endloop
 endfacet
 facet normal -1 0 0
  outer loop
   vertex -32.500000 10.366667 -20.350000
   vertex -32.500000 5.283199 -12.742053
   vertex -32.500000 6.053387 -12.280420
  endloop
 endfacet
 facet normal 1 0 0
  outer loop
   vertex 32.500000 10.366667 -20.350000
   vertex 32.500000 6.053387 -12.280420
   vertex 32.500000 5.283199 -12.742053
  endloop
 endfacet
 facet normal 0 -0.595699 0.803208
  outer loop
   vertex -32.500000 5.283199 -12.742053
   vertex -32.500000 4.561968 -13.276954
   vertex 32.500000 4.561968 -13.276954
  endloop
 endfacet
 facet normal 0 -0.595699 0.803208
  outer loop
   vertex -32.500000 5.283199 -12.742053
   vertex 32.500000 4.561968 -13.276954
   vertex 32.500000 5.283199 -12.742053
  endloop
 endfacet
 facet normal -1 0 0
  outer loop
   vertex -32.500000 10.366667 -20.350000
   vertex -32.500000 4.561968 -13.276954
   vertex -32.500000 5.283199 -12.742053
  endloop
 endfacet
 facet normal 1 0 0
  outer loop
   vertex 32.500000 10.366667 -20.350000
   vertex 32.500000 5.283199 -12.742053
   vertex 32.500000 4.561968 -13.276954
  endloop
 endfacet
 facet normal 0 -0.671559 0.740951
  outer loop
   vertex -32.500000 4.561968 -13.276954
   vertex -32.500000 3.896640 -13.879973
   vertex 32.500000 3.896640 -13.879973
  endloop
 endfacet
 facet normal 0 -0.671559 0.740951
  outer loop
   vertex -32.500000 4.561968 -13.276954
   vertex 32.500000 3.896640 -13.879973
   vertex 32.500000 4.561968 -13.276954
  endloop
 endfacet
 facet normal -1 0 0
  outer loop
   vertex -32.500000 10.366667 -20.350000
   vertex -32.500000 3.896640 -13.879973
   vertex -32.500000 4.561968 -13.276954
  endloop
 endfacet
 facet normal 1 0 0
  outer loop
   vertex 32.500000 10.366667 -20.350000
   vertex 32.500000 4.561968 -13.276954
   vertex 32.500000 3.896640 -13.879973
  endloop
 endfacet
 facet normal 0 -0.740951 0.671559
  outer loop
   vertex -32.500000 3.896640 -13.879973
   vertex -32.500000 3.293621 -14.545301
   vertex 32.500000 3.293621 -14.545301
  endloop
 endfacet
 facet normal 0 -0.740951 0.671559
  outer loop
   vertex -32.500000 3.896640 -13.879973
   vertex 32.500000 3.293621 -14.545301
   vertex 32.500000 3.896640 -13.879973
  endloop
 endfacet
 facet normal -1 0 0
  outer loop
   vertex -32.500000 10.366667 -20.350000
   vertex -32.500000 3.293621 -14.545301
   vertex -32.500000 3.896640 -13.879973
  endloop
 endfacet
 facet normal 1 0 0
  outer loop
   vertex 32.500000 10.366667 -20.350000
   vertex 32.500000 3.896640 -13.879973
   vertex 32.500000 3.293621 -14.545301
  endloop
 endfacet
 facet normal 0 -0.803208 0.595699
  outer loop
   vertex -32.500000 3.293621 -14.545301
   vertex -32.500000 2.758720 -15.266532
   vertex 32.500000 2.758720 -15.266532
  endloop
 endfacet
 facet normal 0 -0.803208 0.595699
  outer loop
   vertex -32.500000 3.293621 -14.545301
   vertex 32.500000 2.758720 -15.266532
   vertex 32.500000 3.293621 -14.545301
  endloop
 endfacet
 facet normal -1 0 0
  outer loop
   vertex -32.500000 10.366667 -20.350000
   vertex -32.500000 2.758720 -15.266532
   vertex -32.500000 3.293621 -14.545301
  endloop
 endfacet
 facet normal 1 0 0
  outer loop
   vertex 32.500000 10.366667 -20.350000
   vertex 32.500000 3.293621 -14.545301
   vertex 32.500000 2.758720 -15.266532
  endloop
 endfacet
 facet normal 0 -0.857729 0.514103
  outer loop
   vertex -32.500000 2.758720 -15.266532
   vertex -32.500000 2.297087 -16.036720
   vertex 32.500000 2.297087 -16.036720
  endloop
 endfacet
 facet normal 0 -0.857729 0.514103
  outer loop
   vertex -32.500000 2.758720 -15.266532
   vertex 32.500000 2.297087 -16.036720
   vertex 32.500000 2.758720 -15.266532
  endloop
 endfacet
 facet normal -1 0 0
  outer loop
   vertex -32.500000 10.366667 -20.350000
   vertex -32.500000 2.297087 -16.036720
   vertex -32.500000 2.758720 -15.266532
  endloop
 endfacet
 facet normal 1 0 0
  outer loop
   vertex 32.500000 10.366667 -20.350000
   vertex 32.500000 2.758720 -15.266532
   vertex 32.500000 2.297087 -16.036720
  endloop
 endfacet
 facet normal 0 -0.903989 0.427555
  outer loop
   vertex -32.500000 2.297087 -16.036720
   vertex -32.500000 1.913169 -16.848447
   vertex 32.500000 1.913169 -16.848447
  endloop
 endfacet
 facet normal 0 -0.903989 0.427555
  outer loop
   vertex -32.500000 2.297087 -16.036720
   vertex 32.500000 1.913169 -16.848447
   vertex 32.500000 2.297087 -16.036720
  endloop
 endfacet
 facet normal -1 0 0
  outer loop
   vertex -32.500000 10.366667 -20.350000
   vertex -32.500000 1.913169 -16.848447
   vertex -32.500000 2.297087 -16.036720
  endloop
 endfacet
 facet normal 1 0 0
  outer loop
   vertex 32.500000 10.366667 -20.350000
   vertex 32.500000 2.297087 -16.036720
   vertex 32.500000 1.913169 -16.848447
  endloop
 endfacet
 facet normal 0 -0.941544 0.33689
  outer loop
   vertex -32.500000 1.913169 -16.848447
   vertex -32.500000 1.610663 -17.693895
   vertex 32.500000 1.610663 -17.693895
  endloop
 endfacet
 facet normal 0 -0.941544 0.33689
  outer loop
   vertex -32.500000 1.913169 -16.848447
   vertex 32.500000 1.610663 -17.693895
   vertex 32.500000 1.913169 -16.848447
  endloop
 endfacet
 facet normal -1 0 0
  outer loop
   vertex -32.500000 10.366667 -20.350000
   vertex -32.500000 1.610663 -17.693895
   vertex -32.500000 1.913169 -16.848447
  endloop
 endfacet
 facet normal 1 0 0
  outer loop
   vertex 32.500000 10.366667 -20.350000
   vertex 32.500000 1.913169 -16.848447
   vertex 32.500000 1.610663 -17.693895
  endloop
 endfacet
 facet normal 0 -0.970031 0.24298
  outer loop
   vertex -32.500000 1.610663 -17.693895
   vertex -32.500000 1.392481 -18.564924
   vertex 32.500000 1.392481 -18.564924
  endloop
 endfacet
 facet normal 0 -0.970031 0.24298
  outer loop
   vertex -32.500000 1.610663 -17.693895
   vertex 32.500000 1.392481 -18.564924
   vertex 32.500000 1.610663 -17.693895
  endloop
 endfacet
 facet normal -1 0 0
  outer loop
   vertex -32.500000 10.366667 -20.350000
   vertex -32.500000 1.392481 -18.564924
   vertex -32.500000 1.610663 -17.693895
  endloop
 endfacet
 facet normal 1 0 0
  outer loop
   vertex 32.500000 10.366667 -20.350000
   vertex 32.500000 1.610663 -17.693895
   vertex 32.500000 1.392481 -18.564924
  endloop
 endfacet
 facet normal 0 -0.989177 0.14673
  outer loop
   vertex -32.500000 1.392481 -18.564924
   vertex -32.500000 1.260726 -19.453143
   vertex 32.500000 1.260726 -19.453143
  endloop
 endfacet
 facet normal 0 -0.989177 0.14673
  outer loop
   vertex -32.500000 1.392481 -18.564924
   vertex 32.500000 1.260726 -19.453143
   vertex 32.500000 1.392481 -18.564924
  endloop
 endfacet
 facet normal -1 0 0
  outer loop
   vertex -32.500000 10.366667 -20.350000
   vertex -32.500000 1.260726 -19.453143
   vertex -32.500000 1.392481 -18.564924
  endloop
 endfacet
 facet normal 1 0 0
  outer loop
   vertex 32.500000 10.366667 -20.350000
   vertex 32.500000 1.392481 -18.564924
   vertex 32.500000 1.260726 -19.453143
  endloop
 endfacet
 facet normal 0 -0.998795 0.0490677
  outer loop
   vertex -32.500000 1.260726 -19.453143
   vertex -32.500000 1.216667 -20.350000
   vertex 32.500000 1.216667 -20.350000
  endloop
 endfacet
 facet normal 0 -0.998795 0.0490677
  outer loop
   vertex -32.500000 1.260726 -19.453143
   vertex 32.500000 1.216667 -20.350000
   vertex 32.500000 1.260726 -19.453143
  endloop
 endfacet
 facet normal -1 0 0
  outer loop
   vertex -32.500000 10.366667 -20.350000
   vertex -32.500000 1.216667 -20.350000
   vertex -32.500000 1.260726 -19.453143
  endloop
 endfacet
 facet normal 1 0 0
  outer loop
   vertex 32.500000 10.366667 -20.350000
   vertex 32.500000 1.260726 -19.453143
   vertex 32.500000 1.216667 -20.350000
  endloop
 endfacet
 facet normal 0 -0.998795 -0.0490677
  outer loop
   vertex -32.500000 1.216667 -20.350000
   vertex -32.500000 1.260726 -21.246857
   vertex 32.500000 1.260726 -21.246857
  endloop
 endfacet
 facet normal 0 -0.998795 -0.0490677
  outer loop
   vertex -32.500000 1.216667 -20.350000
   vertex 32.500000 1.260726 -21.246857
   vertex 32.500000 1.216667 -20.350000
  endloop
 endfacet
 facet normal -1 -0 0
  outer loop
   vertex -32.500000 10.366667 -20.350000
   vertex -32.500000 1.260726 -21.246857
   vertex -32.500000 1.216667 -20.350000
  endloop
 endfacet
 facet normal 1 0 0
  outer loop
   vertex 32.500000 10.366667 -20.350000
   vertex 32.500000 1.216667 -20.350000
   vertex 32.500000 1.260726 -21.246857
  endloop
 endfacet
 facet normal 0 -0.989177 -0.14673
  outer loop
   vertex -32.500000 1.260726 -21.246857
   vertex -32.500000 1.392481 -22.135076
   vertex 32.500000 1.392481 -22.135076
  endloop
 endfacet
 facet normal 0 -0.989177 -0.14673
  outer loop
   vertex -32.500000 1.260726 -21.246857
   vertex 32.500000 1.392481 -22.135076
   vertex 32.500000 1.260726 -21.246857
  endloop
 endfacet
 facet normal -1 0 0
  outer loop
   vertex -32.500000 10.366667 -20.350000
   vertex -32.500000 1.392481 -22.135076
   vertex -32.500000 1.260726 -21.246857
  endloop
 endfacet
 facet normal 1 0 0
  outer loop
   vertex 32.500000 10.366667 -20.350000
   vertex 32.500000 1.260726 -21.246857
   vertex 32.500000 1.392481 -22.135076
  endloop
 endfacet
 facet normal 0 -0.970031 -0.24298
  outer loop
   vertex -32.500000 1.392481 -22.135076
   vertex -32.500000 1.610663 -23.006105
   vertex 32.500000 1.610663 -23.006105
  endloop
 endfacet
 facet normal 0 -0.970031 -0.24298
  outer loop
   vertex -32.500000 1.392481 -22.135076
   vertex 32.500000 1.610663 -23.006105
   vertex 32.500000 1.392481 -22.135076
  endloop
 endfacet
 facet normal -1 0 0
  outer loop
   vertex -32.500000 10.366667 -20.350000
   vertex -32.500000 1.610663 -23.006105
   vertex -32.500000 1.392481 -22.135076
  endloop
 endfacet
 facet normal 1 0 0
  outer loop
   vertex 32.500000 10.366667 -20.350000
   vertex 32.500000 1.392481 -22.135076
   vertex 32.500000 1.610663 -23.006105
  endloop
 endfacet
 facet normal 0 -0.941544 -0.33689
  outer loop
   vertex -32.500000 1.610663 -23.006105
   vertex -32.500000 1.913169 -23.851553
   vertex 32.500000 1.913169 -23.851553
  endloop
 endfacet
 facet normal 0 -0.941544 -0.33689
  outer loop
   vertex -32.500000 1.610663 -23.006105
   vertex 32.500000 1.913169 -23.851553
   vertex 32.500000 1.610663 -23.006105
  endloop
 endfacet
 facet normal -1 0 0
  outer loop
   vertex -32.500000 10.366667 -20.350000
   vertex -32.500000 1.913169 -23.851553
   vertex -32.500000 1.610663 -23.006105
  endloop
 endfacet
 facet normal 1 0 0
  outer loop
   vertex 32.500000 10.366667 -20.350000
   vertex 32.500000 1.610663 -23.006105
   vertex 32.500000 1.913169 -23.851553
  endloop
 endfacet
 facet normal 0 -0.903989 -0.427555
  outer loop
   vertex -32.500000 1.913169 -23.851553
   vertex -32.500000 2.297087 -24.663280
   vertex 32.500000 2.297087 -24.663280
  endloop
 endfacet
 facet normal 0 -0.903989 -0.427555
  outer loop
   vertex -32.500000 1.913169 -23.851553
   vertex 32.500000 2.297087 -24.663280
   vertex 32.500000 1.913169 -23.851553
  endloop
 endfacet
 facet normal -1 0 0
  outer loop
   vertex -32.500000 10.366667 -20.350000
   vertex -32.500000 2.297087 -24.663280
   vertex -32.500000 1.913169 -23.851553
  endloop
 endfacet
 facet normal 1 0 0
  outer loop
   vertex 32.500000 10.366667 -20.350000
   vertex 32.500000 1.913169 -23.851553
   vertex 32.500000 2.297087 -24.663280
  endloop
 endfacet
 facet normal 0 -0.857729 -0.514103
  outer loop
   vertex -32.500000 2.297087 -24.663280
   vertex -32.500000 2.758720 -25.433468
   vertex 32.500000 2.758720 -25.433468
  endloop
 endfacet
 facet normal 0 -0.857729 -0.514103
  outer loop
   vertex -32.500000 2.297087 -24.663280
   vertex 32.500000 2.758720 -25.433468
   vertex 32.500000 2.297087 -24.663280
  endloop
 endfacet
 facet normal -1 0 0
  outer loop
   vertex -32.500000 10.366667 -20.350000
   vertex -32.500000 2.758720 -25.433468
   vertex -32.500000 2.297087 -24.663280
  endloop
 endfacet
 facet normal 1 0 0
  outer loop
   vertex 32.500000 10.366667 -20.350000
   vertex 32.500000 2.297087 -24.663280
   vertex 32.500000 2.758720 -25.433468
  endloop
 endfacet
 facet normal 0 -0.803208 -0.595699
  outer loop
   vertex -32.500000 2.758720 -25.433468
   vertex -32.500000 3.293621 -26.154699
   vertex 32.500000 3.293621 -26.154699
  endloop
 endfacet
 facet normal 0 -0.803208 -0.595699
  outer loop
   vertex -32.500000 2.758720 -25.433468
   vertex 32.500000 3.293621 -26.154699
   vertex 32.500000 2.758720 -25.433468
  endloop
 endfacet
 facet normal -1 0 0
  outer loop
   vertex -32.500000 10.366667 -20.350000
   vertex -32.500000 3.293621 -26.154699
   vertex -32.500000 2.758720 -25.433468
  endloop
 endfacet
 facet normal 1 0 0
  outer loop
   vertex 32.500000 10.366667 -20.350000
   vertex 32.500000 2.758720 -25.433468
   vertex 32.500000 3.293621 -26.154699
  endloop
 endfacet
 facet normal 0 -0.740951 -0.671559
  outer loop
   vertex -32.500000 3.293621 -26.154699
   vertex -32.500000 3.896640 -26.820027
   vertex 32.500000 3.896640 -26.820027
  endloop
 endfacet
 facet normal 0 -0.740951 -0.671559
  outer loop
   vertex -32.500000 3.293621 -26.154699
   vertex 32.500000 3.896640 -26.820027
   vertex 32.500000 3.293621 -26.154699
  endloop
 endfacet
 facet normal -1 0 0
  outer loop
   vertex -32.500000 10.366667 -20.350000
   vertex -32.500000 3.896640 -26.820027
   vertex -32.500000 3.293621 -26.154699
  endloop
 endfacet
 facet normal 1 0 0
  outer loop
   vertex 32.500000 10.366667 -20.350000
   vertex 32.500000 3.293621 -26.154699
   vertex 32.500000 3.896640 -26.820027
  endloop
 endfacet
 facet normal 0 -0.671559 -0.740951
  outer loop
   vertex -32.500000 3.896640 -26.820027
   vertex -32.500000 4.561968 -27.423046
   vertex 32.500000 4.561968 -27.423046
  endloop
 endfacet
 facet normal 0 -0.671559 -0.740951
  outer loop
   vertex -32.500000 3.896640 -26.820027
   vertex 32.500000 4.561968 -27.423046
   vertex 32.500000 3.896640 -26.820027
  endloop
 endfacet
 facet normal -1 0 0
  outer loop
   vertex -32.500000 10.366667 -20.350000
   vertex -32.500000 4.561968 -27.423046
   vertex -32.500000 3.896640 -26.820027
  endloop
 endfacet
 facet normal 1 0 0
  outer loop
   vertex 32.500000 10.366667 -20.350000
   vertex 32.500000 3.896640 -26.820027
   vertex 32.500000 4.561968 -27.423046
  endloop
 endfacet
 facet normal 0 -0.595699 -0.803208
  outer loop
   vertex -32.500000 4.561968 -27.423046
   vertex -32.500000 5.283199 -27.957947
   vertex 32.500000 5.283199 -27.957947
  endloop
 endfacet
 facet normal 0 -0.595699 -0.803208
  outer loop
   vertex -32.500000 4.561968 -27.423046
   vertex 32.500000 5.283199 -27.957947
   vertex 32.500000 4.561968 -27.423046
  endloop
 endfacet
 facet normal -1 0 0
  outer loop
   vertex -32.500000 10.366667 -20.350000
   vertex -32.500000 5.283199 -27.957947
   vertex -32.500000 4.561968 -27.423046
  endloop
 endfacet
 facet normal 1 0 0
  outer loop
   vertex 32.500000 10.366667 -20.350000
   vertex 32.500000 4.561968 -27.423046
   vertex 32.500000 5.283199 -27.957947
  endloop
 endfacet
 facet normal 0 -0.514103 -0.857729
  outer loop
   vertex -32.500000 5.283199 -27.957947
   vertex -32.500000 6.053387 -28.419580
   vertex 32.500000 6.053387 -28.419580
  endloop
 endfacet
 facet normal 0 -0.514103 -0.857729
  outer loop
   vertex -32.500000 5.283199 -27.957947
   vertex 32.500000 6.053387 -28.419580
   vertex 32.500000 5.283199 -27.957947
  endloop
 endfacet
 facet normal -1 0 0
  outer loop
   vertex -32.500000 10.366667 -20.350000
   vertex -32.500000 6.053387 -28.419580
   vertex -32.500000 5.283199 -27.957947
  endloop
 endfacet
 facet normal 1 0 0
  outer loop
   vertex 32.500000 10.366667 -20.350000
   vertex 32.500000 5.283199 -27.957947
   vertex 32.500000 6.053387 -28.419580
  endloop
 endfacet
 facet normal 0 -0.427555 -0.903989
  outer loop
   vertex -32.500000 6.053387 -28.419580
   vertex -32.500000 6.865113 -28.803498
   vertex 32.500000 6.865113 -28.803498
  endloop
 endfacet
 facet normal 0 -0.427555 -0.903989
  outer loop
   vertex -32.500000 6.053387 -28.419580
   vertex 32.500000 6.865113 -28.803498
   vertex 32.500000 6.053387 -28.419580
  endloop
 endfacet
 facet normal -1 0 0
  outer loop
   vertex -32.500000 10.366667 -20.350000
   vertex -32.500000 6.865113 -28.803498
   vertex -32.500000 6.053387 -28.419580
  endloop
 endfacet
 facet normal 1 0 0
  outer loop
   vertex 32.500000 10.366667 -20.350000
   vertex 32.500000 6.053387 -28.419580
   vertex 32.500000 6.865113 -28.803498
  endloop
 endfacet
 facet normal 0 -0.33689 -0.941544
  outer loop
   vertex -32.500000 6.865113 -28.803498
   vertex -32.500000 7.710562 -29.106004
   vertex 32.500000 7.710562 -29.106004
  endloop
 endfacet
 facet normal 0 -0.33689 -0.941544
  outer loop
   vertex -32.500000 6.865113 -28.803498
   vertex 32.500000 7.710562 -29.106004
   vertex 32.500000 6.865113 -28.803498
  endloop
 endfacet
 facet normal -1 0 0
  outer loop
   vertex -32.500000 10.366667 -20.350000
   vertex -32.500000 7.710562 -29.106004
   vertex -32.500000 6.865113 -28.803498
  endloop
 endfacet
 facet normal 1 0 0
  outer loop
   vertex 32.500000 10.366667 -20.350000
   vertex 32.500000 6.865113 -28.803498
   vertex 32.500000 7.710562 -29.106004
  endloop
 endfacet
 facet normal 0 -0.24298 -0.970031
  outer loop
   vertex -32.500000 7.710562 -29.106004
   vertex -32.500000 8.581590 -29.324185
   vertex 32.500000 8.581590 -29.324185
  endloop
 endfacet
 facet normal 0 -0.24298 -0.970031
  outer loop
   vertex -32.500000 7.710562 -29.106004
   vertex 32.500000 8.581590 -29.324185
   vertex 32.500000 7.710562 -29.106004
  endloop
 endfacet
 facet normal -1 0 0
  outer loop
   vertex -32.500000 10.366667 -20.350000
   vertex -32.500000 8.581590 -29.324185
   vertex -32.500000 7.710562 -29.106004
  endloop
 endfacet
 facet normal 1 0 0
  outer loop
   vertex 32.500000 10.366667 -20.350000
   vertex 32.500000 7.710562 -29.106004
   vertex 32.500000 8.581590 -29.324185
  endloop
 endfacet
 facet normal 0 -0.14673 -0.989177
  outer loop
   vertex -32.500000 8.581590 -29.324185
   vertex -32.500000 9.469810 -29.455940
   vertex 32.500000 9.469810 -29.455940
  endloop
 endfacet
 facet normal 0 -0.14673 -0.989177
  outer loop
   vertex -32.500000 8.581590 -29.324185
   vertex 32.500000 9.469810 -29.455940
   vertex 32.500000 8.581590 -29.324185
  endloop
 endfacet
 facet normal -1 0 0
  outer loop
   vertex -32.500000 10.366667 -20.350000
   vertex -32.500000 9.469810 -29.455940
   vertex -32.500000 8.581590 -29.324185
  endloop
 endfacet
 facet normal 1 0 0
  outer loop
   vertex 32.500000 10.366667 -20.350000
   vertex 32.500000 8.581590 -29.324185
   vertex 32.500000 9.469810 -29.455940
  endloop
 endfacet
 facet normal 0 -0.0490677 -0.998795
  outer loop
   vertex -32.500000 9.469810 -29.455940
   vertex -32.500000 10.366667 -29.500000
   vertex 32.500000 10.366667 -29.500000
  endloop
 endfacet
 facet normal 0 -0.0490677 -0.998795
  outer loop
   vertex -32.500000 9.469810 -29.455940
   vertex 32.500000 10.366667 -29.500000
   vertex 32.500000 9.469810 -29.455940
  endloop
 endfacet
 facet normal -1 0 0
  outer loop
   vertex -32.500000 10.366667 -20.350000
   vertex -32.500000 10.366667 -29.500000
   vertex -32.500000 9.469810 -29.455940
  endloop
 endfacet
 facet normal 1 0 0
  outer loop
   vertex 32.500000 10.366667 -20.350000
   vertex 32.500000 9.469810 -29.455940
   vertex 32.500000 10.366667 -29.500000
  endloop
 endfacet
 facet normal 0 0.0490677 -0.998795
  outer loop
   vertex -32.500000 10.366667 -29.500000
   vertex -32.500000 11.263524 -29.455940
   vertex 32.500000 11.263524 -29.455940
  endloop
 endfacet
 facet normal 0 0.0490677 -0.998795
  outer loop
   vertex -32.500000 10.366667 -29.500000
   vertex 32.500000 11.263524 -29.455940
   vertex 32.500000 10.366667 -29.500000
  endloop
 endfacet
 facet normal -1 0 -0
  outer loop
   vertex -32.500000 10.366667 -20.350000
   vertex -32.500000 11.263524 -29.455940
   vertex -32.500000 10.366667 -29.500000
  endloop
 endfacet
 facet normal 1 0 0
  outer loop
   vertex 32.500000 10.366667 -20.350000
   vertex 32.500000 10.366667 -29.500000
   vertex 32.500000 11.263524 -29.455940
  endloop
 endfacet
 facet normal 0 0.14673 -0.989177
  outer loop
   vertex -32.500000 11.263524 -29.455940
   vertex -32.500000 12.151743 -29.324185
   vertex 32.500000 12.151743 -29.324185
  endloop
 endfacet
 facet normal 0 0.14673 -0.989177
  outer loop
   vertex -32.500000 11.263524 -29.455940
   vertex 32.500000 12.151743 -29.324185
   vertex 32.500000 11.263524 -29.455940
  endloop
 endfacet
 facet normal -1 0 0
  outer loop
   vertex -32.500000 10.366667 -20.350000
   vertex -32.500000 12.151743 -29.324185
   vertex -32.500000 11.263524 -29.455940
  endloop
 endfacet
 facet normal 1 0 0
  outer loop
   vertex 32.500000 10.366667 -20.350000
   vertex 32.500000 11.263524 -29.455940
   vertex 32.500000 12.151743 -29.324185
  endloop
 endfacet
 facet normal 0 0.24298 -0.970031
  outer loop
   vertex -32.500000 12.151743 -29.324185
   vertex -32.500000 13.022771 -29.106004
   vertex 32.500000 13.022771 -29.106004
  endloop
 endfacet
 facet normal 0 0.24298 -0.970031
  outer loop
   vertex -32.500000 12.151743 -29.324185
   vertex 32.500000 13.022771 -29.106004
   vertex 32.500000 12.151743 -29.324185
  endloop
 endfacet
 facet normal -1 0 0
  outer loop
   vertex -32.500000 10.366667 -20.350000
   vertex -32.500000 13.022771 -29.106004
   vertex -32.500000 12.151743 -29.324185
  endloop
 endfacet
 facet normal 1 0 0
  outer loop
   vertex 32.500000 10.366667 -20.350000
   vertex 32.500000 12.151743 -29.324185
   vertex 32.500000 13.022771 -29.106004
  endloop
 endfacet
 facet normal 0 0.33689 -0.941544
  outer loop
   vertex -32.500000 13.022771 -29.106004
   vertex -32.500000 13.868220 -28.803498
   vertex 32.500000 13.868220 -28.803498
  endloop
 endfacet
 facet normal 0 0.33689 -0.941544
  outer loop
   vertex -32.500000 13.022771 -29.106004
   vertex 32.500000 13.868220 -28.803498
   vertex 32.500000 13.022771 -29.106004
  endloop
 endfacet
 facet normal -1 0 0
  outer loop
   vertex -32.500000 10.366667 -20.350000
   vertex -32.500000 13.868220 -28.803498
   vertex -32.500000 13.022771 -29.106004
  endloop
 endfacet
 facet normal 1 0 0
  outer loop
   vertex 32.500000 10.366667 -20.350000
   vertex 32.500000 13.022771 -29.106004
   vertex 32.500000 13.868220 -28.803498
  endloop
 endfacet
 facet normal 0 0.427555 -0.903989
  outer loop
   vertex -32.500000 13.868220 -28.803498
   vertex -32.500000 14.679947 -28.419580
   vertex 32.500000 14.679947 -28.419580
  endloop
 endfacet
 facet normal 0 0.427555 -0.903989
  outer loop
   vertex -32.500000 13.868220 -28.803498
   vertex 32.500000 14.679947 -28.419580
   vertex 32.500000 13.868220 -28.803498
  endloop
 endfacet
 facet normal -1 0 0
  outer loop
   vertex -32.500000 10.366667 -20.350000
   vertex -32.500000 14.679947 -28.419580
   vertex -32.500000 13.868220 -28.803498
  endloop
 endfacet
 facet normal 1 0 0
  outer loop
   vertex 32.500000 10.366667 -20.350000
   vertex 32.500000 13.868220 -28.803498
   vertex 32.500000 14.679947 -28.419580
  endloop
 endfacet
 facet normal 0 0.514103 -0.857729
  outer loop
   vertex -32.500000 14.679947 -28.419580
   vertex -32.500000 15.450134 -27.957947
   vertex 32.500000 15.450134 -27.957947
  endloop
 endfacet
 facet normal 0 0.514103 -0.857729
  outer loop
   vertex -32.500000 14.679947 -28.419580
   vertex 32.500000 15.450134 -27.957947
   vertex 32.500000 14.679947 -28.419580
  endloop
 endfacet
 facet normal -1 0 0
  outer loop
   vertex -32.500000 10.366667 -20.350000
   vertex -32.500000 15.450134 -27.957947
   vertex -32.500000 14.679947 -28.419580
  endloop
 endfacet
 facet normal 1 0 0
  outer loop
   vertex 32.500000 10.366667 -20.350000
   vertex 32.500000 14.679947 -28.419580
   vertex 32.500000 15.450134 -27.957947
  endloop
 endfacet
 facet normal 0 0.595699 -0.803208
  outer loop
   vertex -32.500000 15.450134 -27.957947
   vertex -32.500000 16.171365 -27.423046
   vertex 32.500000 16.171365 -27.423046
  endloop
 endfacet
 facet normal 0 0.595699 -0.803208
  outer loop
   vertex -32.500000 15.450134 -27.957947
   vertex 32.500000 16.171365 -27.423046
   vertex 32.500000 15.450134 -27.957947
  endloop
 endfacet
 facet normal -1 0 0
  outer loop
   vertex -32.500000 10.366667 -20.350000
   vertex -32.500000 16.171365 -27.423046
   vertex -32.500000 15.450134 -27.957947
  endloop
 endfacet
 facet normal 1 0 0
  outer loop
   vertex 32.500000 10.366667 -20.350000
   vertex 32.500000 15.450134 -27.957947
   vertex 32.500000 16.171365 -27.423046
  endloop
 endfacet
 facet normal 0 0.671559 -0.740951
  outer loop
   vertex -32.500000 16.171365 -27.423046
   vertex -32.500000 16.836694 -26.820027
   vertex 32.500000 16.836694 -26.820027
  endloop
 endfacet
 facet normal 0 0.671559 -0.740951
  outer loop
   vertex -32.500000 16.171365 -27.423046
   vertex 32.500000 16.836694 -26.820027
   vertex 32.500000 16.171365 -27.423046
  endloop
 endfacet
 facet normal -1 0 0
  outer loop
   vertex -32.500000 10.366667 -20.350000
   vertex -32.500000 16.836694 -26.820027
   vertex -32.500000 16.171365 -27.423046
  endloop
 endfacet
 facet normal 1 0 0
  outer loop
   vertex 32.500000 10.366667 -20.350000
   vertex 32.500000 16.171365 -27.423046
   vertex 32.500000 16.836694 -26.820027
  endloop
 endfacet
 facet normal 0 0.740951 -0.671559
  outer loop
   vertex -32.500000 16.836694 -26.820027
   vertex -32.500000 17.439712 -26.154699
   vertex 32.500000 17.439712 -26.154699
  endloop
 endfacet
 facet normal 0 0.740951 -0.671559
  outer loop
   vertex -32.500000 16.836694 -26.820027
   vertex 32.500000 17.439712 -26.154699
   vertex 32.500000 16.836694 -26.820027
  endloop
 endfacet
 facet normal -1 0 0
  outer loop
   vertex -32.500000 10.366667 -20.350000
   vertex -32.500000 17.439712 -26.154699
   vertex -32.500000 16.836694 -26.820027
  endloop
 endfacet
 facet normal 1 0 0
  outer loop
   vertex 32.500000 10.366667 -20.350000
   vertex 32.500000 16.836694 -26.820027
   vertex 32.500000 17.439712 -26.154699
  endloop
 endfacet
 facet normal 0 0.803208 -0.595699
  outer loop
   vertex -32.500000 17.439712 -26.154699
   vertex -32.500000 17.974614 -25.433468
   vertex 32.500000 17.974614 -25.433468
  endloop
 endfacet
 facet normal 0 0.803208 -0.595699
  outer loop
   vertex -32.500000 17.439712 -26.154699
   vertex 32.500000 17.974614 -25.433468
   vertex 32.500000 17.439712 -26.154699
  endloop
 endfacet
 facet normal -1 0 0
  outer loop
   vertex -32.500000 10.366667 -20.350000
   vertex -32.500000 17.974614 -25.433468
   vertex -32.500000 17.439712 -26.154699
  endloop
 endfacet
 facet normal 1 0 0
  outer loop
   vertex 32.500000 10.366667 -20.350000
   vertex 32.500000 17.439712 -26.154699
   vertex 32.500000 17.974614 -25.433468
  endloop
 endfacet
 facet normal 0 0.857729 -0.514103
  outer loop
   vertex -32.500000 17.974614 -25.433468
   vertex -32.500000 18.436246 -24.663280
   vertex 32.500000 18.436246 -24.663280
  endloop
 endfacet
 facet normal 0 0.857729 -0.514103
  outer loop
   vertex -32.500000 17.974614 -25.433468
   vertex 32.500000 18.436246 -24.663280
   vertex 32.500000 17.974614 -25.433468
  endloop
 endfacet
 facet normal -1 0 0
  outer loop
   vertex -32.500000 10.366667 -20.350000
   vertex -32.500000 18.436246 -24.663280
   vertex -32.500000 17.974614 -25.433468
  endloop
 endfacet
 facet normal 1 0 0
  outer loop
   vertex 32.500000 10.366667 -20.350000
   vertex 32.500000 17.974614 -25.433468
   vertex 32.500000 18.436246 -24.663280
  endloop
 endfacet
 facet normal 0 0.903989 -0.427555
  outer loop
   vertex -32.500000 18.436246 -24.663280
   vertex -32.500000 18.820164 -23.851553
   vertex 32.500000 18.820164 -23.851553
  endloop
 endfacet
 facet normal 0 0.903989 -0.427555
  outer loop
   vertex -32.500000 18.436246 -24.663280
   vertex 32.500000 18.820164 -23.851553
   vertex 32.500000 18.436246 -24.663280
  endloop
 endfacet
 facet normal -1 0 0
  outer loop
   vertex -32.500000 10.366667 -20.350000
   vertex -32.500000 18.820164 -23.851553
   vertex -32.500000 18.436246 -24.663280
  endloop
 endfacet
 facet normal 1 0 0
  outer loop
   vertex 32.500000 10.366667 -20.350000
   vertex 32.500000 18.436246 -24.663280
   vertex 32.500000 18.820164 -23.851553
  endloop
 endfacet
 facet normal 0 0.941544 -0.33689
  outer loop
   vertex -32.500000 18.820164 -23.851553
   vertex -32.500000 19.122671 -23.006105
   vertex 32.500000 19.122671 -23.006105
  endloop
 endfacet
 facet normal 0 0.941544 -0.33689
  outer loop
   vertex -32.500000 18.820164 -23.851553
   vertex 32.500000 19.122671 -23.006105
   vertex 32.500000 18.820164 -23.851553
  endloop
 endfacet
 facet normal -1 0 0
  outer loop
   vertex -32.500000 10.366667 -20.350000
   vertex -32.500000 19.122671 -23.006105
   vertex -32.500000 18.820164 -23.851553
  endloop
 endfacet
 facet normal 1 0 0
  outer loop
   vertex 32.500000 10.366667 -20.350000
   vertex 32.500000 18.820164 -23.851553
   vertex 32.500000 19.122671 -23.006105
  endloop
 endfacet
 facet normal 0 0.970031 -0.24298
  outer loop
   vertex -32.500000 19.122671 -23.006105
   vertex -32.500000 19.340852 -22.135076
   vertex 32.500000 19.340852 -22.135076
  endloop
 endfacet
 facet normal 0 0.970031 -0.24298
  outer loop
   vertex -32.500000 19.122671 -23.006105
   vertex 32.500000 19.340852 -22.135076
   vertex 32.500000 19.122671 -23.006105
  endloop
 endfacet
 facet normal -1 0 0
  outer loop
   vertex -32.500000 10.366667 -20.350000
   vertex -32.500000 19.340852 -22.135076
   vertex -32.500000 19.122671 -23.006105
  endloop
 endfacet
 facet normal 1 0 0
  outer loop
   vertex 32.500000 10.366667 -20.350000
   vertex 32.500000 19.122671 -23.006105
   vertex 32.500000 19.340852 -22.135076
  endloop
 endfacet
 facet normal 0 0.989177 -0.14673
  outer loop
   vertex -32.500000 19.340852 -22.135076
   vertex -32.500000 19.472607 -21.246857
   vertex 32.500000 19.472607 -21.246857
  endloop
 endfacet
 facet normal 0 0.989177 -0.14673
  outer loop
   vertex -32.500000 19.340852 -22.135076
   vertex 32.500000 19.472607 -21.246857
   vertex 32.500000 19.340852 -22.135076
  endloop
 endfacet
 facet normal -1 0 0
  outer loop
   vertex -32.500000 10.366667 -20.350000
   vertex -32.500000 19.472607 -21.246857
   vertex -32.500000 19.340852 -22.135076
  endloop
 endfacet
 facet normal 1 0 0
  outer loop
   vertex 32.500000 10.366667 -20.350000
   vertex 32.500000 19.340852 -22.135076
   vertex 32.500000 19.472607 -21.246857
  endloop
 endfacet
 facet normal 0 0.998795 -0.0490677
  outer loop
   vertex -32.500000 19.472607 -21.246857
   vertex -32.500000 19.516667 -20.350000
   vertex 32.500000 19.516667 -20.350000
  endloop
 endfacet
 facet normal 0 0.998795 -0.0490677
  outer loop
   vertex -32.500000 19.472607 -21.246857
   vertex 32.500000 19.516667 -20.350000
   vertex 32.500000 19.472607 -21.246857
  endloop
 endfacet
 facet normal -1 0 0
  outer loop
   vertex -32.500000 10.366667 -20.350000
   vertex -32.500000 19.516667 -20.350000
   vertex -32.500000 19.472607 -21.246857
  endloop
 endfacet
 facet normal 1 0 0
  outer loop
   vertex 32.500000 10.366667 -20.350000
   vertex 32.500000 19.472607 -21.246857
   vertex 32.500000 19.516667 -20.350000
  endloop
 endfacet
 facet normal 0 0.998795 0.0490677
  outer loop
   vertex -32.500000 -1.216667 0.000000
   vertex -32.500000 -1.260726 0.896857
   vertex 32.500000 -1.260726 0.896857
  endloop
 endfacet
 facet normal -0 0.998795 0.0490677
  outer loop
   vertex -32.500000 -1.216667 0.000000
   vertex 32.500000 -1.260726 0.896857
   vertex 32.500000 -1.216667 0.000000
  endloop
 endfacet
 facet normal -1 0 0
  outer loop
   vertex -32.500000 -10.366667 0.000000
   vertex -32.500000 -1.260726 0.896857
   vertex -32.500000 -1.216667 0.000000
  endloop
 endfacet
 facet normal 1 0 0
  outer loop
   vertex 32.500000 -10.366667 0.000000
   vertex 32.500000 -1.216667 0.000000
   vertex 32.500000 -1.260726 0.896857
  endloop
 endfacet
 facet normal 0 0.989177 0.14673
  outer loop
   vertex -32.500000 -1.260726 0.896857
   vertex -32.500000 -1.392481 1.785076
   vertex 32.500000 -1.392481 1.785076
  endloop
 endfacet
 facet normal -0 0.989177 0.14673
  outer loop
   vertex -32.500000 -1.260726 0.896857
   vertex 32.500000 -1.392481 1.785076
   vertex 32.500000 -1.260726 0.896857
  endloop
 endfacet
 facet normal -1 0 0
  outer loop
   vertex -32.500000 -10.366667 0.000000
   vertex -32.500000 -1.392481 1.785076
   vertex -32.500000 -1.260726 0.896857
  endloop
 endfacet
 facet normal 1 0 0
  outer loop
   vertex 32.500000 -10.366667 0.000000
   vertex 32.500000 -1.260726 0.896857
   vertex 32.500000 -1.392481 1.785076
  endloop
 endfacet
 facet normal 0 0.970031 0.24298
  outer loop
   vertex -32.500000 -1.392481 1.785076
   vertex -32.500000 -1.610663 2.656105
   vertex 32.500000 -1.610663 2.656105
  endloop
 endfacet
 facet normal -0 0.970031 0.24298
  outer loop
   vertex -32.500000 -1.392481 1.785076
   vertex 32.500000 -1.610663 2.656105
   vertex 32.500000 -1.392481 1.785076
  endloop
 endfacet
 facet normal -1 0 0
  outer loop
   vertex -32.500000 -10.366667 0.000000
   vertex -32.500000 -1.610663 2.656105
   vertex -32.500000 -1.392481 1.785076
  endloop
 endfacet
 facet normal 1 0 0
  outer loop
   vertex 32.500000 -10.366667 0.000000
   vertex 32.500000 -1.392481 1.785076
   vertex 32.500000 -1.610663 2.656105
  endloop
 endfacet
 facet normal 0 0.941544 0.33689
  outer loop
   vertex -32.500000 -1.610663 2.656105
   vertex -32.500000 -1.913169 3.501553
   vertex 32.500000 -1.913169 3.501553
  endloop
 endfacet
 facet normal -0 0.941544 0.33689
  outer loop
   vertex -32.500000 -1.610663 2.656105
   vertex 32.500000 -1.913169 3.501553
   vertex 32.500000 -1.610663 2.656105
  endloop
 endfacet
 facet normal -1 0 0
  outer loop
   vertex -32.500000 -10.366667 0.000000
   vertex -32.500000 -1.913169 3.501553
   vertex -32.500000 -1.610663 2.656105
  endloop
 endfacet
 facet normal 1 0 0
  outer loop
   vertex 32.500000 -10.366667 0.000000
   vertex 32.500000 -1.610663 2.656105
   vertex 32.500000 -1.913169 3.501553
  endloop
 endfacet
 facet normal 0 0.903989 0.427555
  outer loop
   vertex -32.500000 -1.913169 3.501553
   vertex -32.500000 -2.297087 4.313280
   vertex 32.500000 -2.297087 4.313280
  endloop
 endfacet
 facet normal -0 0.903989 0.427555
  outer loop
   vertex -32.500000 -1.913169 3.501553
   vertex 32.500000 -2.297087 4.313280
   vertex 32.500000 -1.913169 3.501553
  endloop
 endfacet
 facet normal -1 0 0
  outer loop
   vertex -32.500000 -10.366667 0.000000
   vertex -32.500000 -2.297087 4.313280
   vertex -32.500000 -1.913169 3.501553
  endloop
 endfacet
 facet normal 1 0 0
  outer loop
   vertex 32.500000 -10.366667 0.000000
   vertex 32.500000 -1.913169 3.501553
   vertex 32.500000 -2.297087 4.313280
  endloop
 endfacet
 facet normal 0 0.857729 0.514103
  outer loop
   vertex -32.500000 -2.297087 4.313280
   vertex -32.500000 -2.758720 5.083468
   vertex 32.500000 -2.758720 5.083468
  endloop
 endfacet
 facet normal -0 0.857729 0.514103
  outer loop
   vertex -32.500000 -2.297087 4.313280
   vertex 32.500000 -2.758720 5.083468
   vertex 32.500000 -2.297087 4.313280
  endloop
 endfacet
 facet normal -1 0 0
  outer loop
   vertex -32.500000 -10.366667 0.000000
   vertex -32.500000 -2.758720 5.083468
   vertex -32.500000 -2.297087 4.313280
  endloop
 endfacet
 facet normal 1 0 0
  outer loop
   vertex 32.500000 -10.366667 0.000000
   vertex 32.500000 -2.297087 4.313280
   vertex 32.500000 -2.758720 5.083468
  endloop
 endfacet
 facet normal 0 0.803208 0.595699
  outer loop
   vertex -32.500000 -2.758720 5.083468
   vertex -32.500000 -3.293621 5.804699
   vertex 32.500000 -3.293621 5.804699
  endloop
 endfacet
 facet normal -0 0.803208 0.595699
  outer loop
   vertex -32.500000 -2.758720 5.083468
   vertex 32.500000 -3.293621 5.804699
   vertex 32.500000 -2.758720 5.083468
  endloop
 endfacet
 facet normal -1 0 0
  outer loop
   vertex -32.500000 -10.366667 0.000000
   vertex -32.500000 -3.293621 5.804699
   vertex -32.500000 -2.758720 5.083468
  endloop
 endfacet
 facet normal 1 0 0
  outer loop
   vertex 32.500000 -10.366667 0.000000
   vertex 32.500000 -2.758720 5.083468
   vertex 32.500000 -3.293621 5.804699
  endloop
 endfacet
 facet normal 0 0.740951 0.671559
  outer loop
   vertex -32.500000 -3.293621 5.804699
   vertex -32.500000 -3.896640 6.470027
   vertex 32.500000 -3.896640 6.470027
  endloop
 endfacet
 facet normal -0 0.740951 0.671559
  outer loop
   vertex -32.500000 -3.293621 5.804699
   vertex 32.500000 -3.896640 6.470027
   vertex 32.500000 -3.293621 5.804699
  endloop
 endfacet
 facet normal -1 0 0
  outer loop
   vertex -32.500000 -10.366667 0.000000
   vertex -32.500000 -3.896640 6.470027
   vertex -32.500000 -3.293621 5.804699
  endloop
 endfacet
 facet normal 1 0 0
  outer loop
   vertex 32.500000 -10.366667 0.000000
   vertex 32.500000 -3.293621 5.804699
   vertex 32.500000 -3.896640 6.470027
  endloop
 endfacet
 facet normal 0 0.671559 0.740951
  outer loop
   vertex -32.500000 -3.896640 6.470027
   vertex -32.500000 -4.561968 7.073046
   vertex 32.500000 -4.561968 7.073046
  endloop
 endfacet
 facet normal -0 0.671559 0.740951
  outer loop
   vertex -32.500000 -3.896640 6.470027
   vertex 32.500000 -4.561968 7.073046
   vertex 32.500000 -3.896640 6.470027
  endloop
 endfacet
 facet normal -1 0 0
  outer loop
   vertex -32.500000 -10.366667 0.000000
   vertex -32.500000 -4.561968 7.073046
   vertex -32.500000 -3.896640 6.470027
  endloop
 endfacet
 facet normal 1 0 0
  outer loop
   vertex 32.500000 -10.366667 0.000000
   vertex 32.500000 -3.896640 6.470027
   vertex 32.500000 -4.561968 7.073046
  endloop
 endfacet
 facet normal 0 0.595699 0.803208
  outer loop
   vertex -32.500000 -4.561968 7.073046
   vertex -32.500000 -5.283199 7.607947
   vertex 32.500000 -5.283199 7.607947
  endloop
 endfacet
 facet normal -0 0.595699 0.803208
  outer loop
   vertex -32.500000 -4.561968 7.073046
   vertex 32.500000 -5.283199 7.607947
   vertex 32.500000 -4.561968 7.073046
  endloop
 endfacet
 facet normal -1 0 0
  outer loop
   vertex -32.500000 -10.366667 0.000000
   vertex -32.500000 -5.283199 7.607947
   vertex -32.500000 -4.561968 7.073046
  endloop
 endfacet
 facet normal 1 0 0
  outer loop
   vertex 32.500000 -10.366667 0.000000
   vertex 32.500000 -4.561968 7.073046
   vertex 32.500000 -5.283199 7.607947
  endloop
 endfacet
 facet normal 0 0.514103 0.857729
  outer loop
   vertex -32.500000 -5.283199 7.607947
   vertex -32.500000 -6.053387 8.069580
   vertex 32.500000 -6.053387 8.069580
  endloop
 endfacet
 facet normal -0 0.514103 0.857729
  outer loop
   vertex -32.500000 -5.283199 7.607947
   vertex 32.500000 -6.053387 8.069580
   vertex 32.500000 -5.283199 7.607947
  endloop
 endfacet
 facet normal -1 0 0
  outer loop
   vertex -32.500000 -10.366667 0.000000
   vertex -32.500000 -6.053387 8.069580
   vertex -32.500000 -5.283199 7.607947
  endloop
 endfacet
 facet normal 1 0 0
  outer loop
   vertex 32.500000 -10.366667 0.000000
   vertex 32.500000 -5.283199 7.607947
   vertex 32.500000 -6.053387 8.069580
  endloop
 endfacet
 facet normal 0 0.427555 0.903989
  outer loop
   vertex -32.500000 -6.053387 8.069580
   vertex -32.500000 -6.865113 8.453498
   vertex 32.500000 -6.865113 8.453498
  endloop
 endfacet
 facet normal -0 0.427555 0.903989
  outer loop
   vertex -32.500000 -6.053387 8.069580
   vertex 32.500000 -6.865113 8.453498
   vertex 32.500000 -6.053387 8.069580
  endloop
 endfacet
 facet normal -1 0 0
  outer loop
   vertex -32.500000 -10.366667 0.000000
   vertex -32.500000 -6.865113 8.453498
   vertex -32.500000 -6.053387 8.069580
  endloop
 endfacet
 facet normal 1 0 0
  outer loop
   vertex 32.500000 -10.366667 0.000000
   vertex 32.500000 -6.053387 8.069580
   vertex 32.500000 -6.865113 8.453498
  endloop
 endfacet
 facet normal 0 0.33689 0.941544
  outer loop
   vertex -32.500000 -6.865113 8.453498
   vertex -32.500000 -7.710562 8.756004
   vertex 32.500000 -7.710562 8.756004
  endloop
 endfacet
 facet normal -0 0.33689 0.941544
  outer loop
   vertex -32.500000 -6.865113 8.453498
   vertex 32.500000 -7.710562 8.756004
   vertex 32.500000 -6.865113 8.453498
  endloop
 endfacet
 facet normal -1 0 0
  outer loop
   vertex -32.500000 -10.366667 0.000000
   vertex -32.500000 -7.710562 8.756004
   vertex -32.500000 -6.865113 8.453498
  endloop
 endfacet
 facet normal 1 0 0
  outer loop
   vertex 32.500000 -10.366667 0.000000
   vertex 32.500000 -6.865113 8.453498
   vertex 32.500000 -7.710562 8.756004
  endloop
 endfacet
 facet normal 0 0.24298 0.970031
  outer loop
   vertex -32.500000 -7.710562 8.756004
   vertex -32.500000 -8.581590 8.974185
   vertex 32.500000 -8.581590 8.974185
  endloop
 endfacet
 facet normal -0 0.24298 0.970031
  outer loop
   vertex -32.500000 -7.710562 8.756004
   vertex 32.500000 -8.581590 8.974185
   vertex 32.500000 -7.710562 8.756004
  endloop
 endfacet
 facet normal -1 0 0
  outer loop
   vertex -32.500000 -10.366667 0.000000
   vertex -32.500000 -8.581590 8.974185
   vertex -32.500000 -7.710562 8.756004
  endloop
 endfacet
 facet normal 1 0 0
  outer loop
   vertex 32.500000 -10.366667 0.000000
   vertex 32.500000 -7.710562 8.756004
   vertex 32.500000 -8.581590 8.974185
  endloop
 endfacet
 facet normal 0 0.14673 0.989177
  outer loop
   vertex -32.500000 -8.581590 8.974185
   vertex -32.500000 -9.469810 9.105940
   vertex 32.500000 -9.469810 9.105940
  endloop
 endfacet
 facet normal -0 0.14673 0.989177
  outer loop
   vertex -32.500000 -8.581590 8.974185
   vertex 32.500000 -9.469810 9.105940
   vertex 32.500000 -8.581590 8.974185
  endloop
 endfacet
 facet normal -1 0 0
  outer loop
   vertex -32.500000 -10.366667 0.000000
   vertex -32.500000 -9.469810 9.105940
   vertex -32.500000 -8.581590 8.974185
  endloop
 endfacet
 facet normal 1 0 0
  outer loop
   vertex 32.500000 -10.366667 0.000000
   vertex 32.500000 -8.581590 8.974185
   vertex 32.500000 -9.469810 9.105940
  endloop
 endfacet
 facet normal 0 0.0490677 0.998795
  outer loop
   vertex -32.500000 -9.469810 9.105940
   vertex -32.500000 -10.366667 9.150000
   vertex 32.500000 -10.366667 9.150000
  endloop
 endfacet
 facet normal -0 0.0490677 0.998795
  outer loop
   vertex -32.500000 -9.469810 9.105940
   vertex 32.500000 -10.366667 9.150000
   vertex 32.500000 -9.469810 9.105940
  endloop
 endfacet
 facet normal -1 0 0
  outer loop
   vertex -32.500000 -10.366667 0.000000
   vertex -32.500000 -10.366667 9.150000
   vertex -32.500000 -9.469810 9.105940
  endloop
 endfacet
 facet normal 1 0 0
  outer loop
   vertex 32.500000 -10.366667 0.000000
   vertex 32.500000 -9.469810 9.105940
   vertex 32.500000 -10.366667 9.150000
  endloop
 endfacet
 facet normal 0 -0.0490677 0.998795
  outer loop
   vertex -32.500000 -10.366667 9.150000
   vertex -32.500000 -11.263524 9.105940
   vertex 32.500000 -11.263524 9.105940
  endloop
 endfacet
 facet normal 0 -0.0490677 0.998795
  outer loop
   vertex -32.500000 -10.366667 9.150000
   vertex 32.500000 -11.263524 9.105940
   vertex 32.500000 -10.366667 9.150000
  endloop
 endfacet
 facet normal -1 0 0
  outer loop
   vertex -32.500000 -10.366667 0.000000
   vertex -32.500000 -11.263524 9.105940
   vertex -32.500000 -10.366667 9.150000
  endloop
 endfacet
 facet normal 1 0 -0
  outer loop
   vertex 32.500000 -10.366667 0.000000
   vertex 32.500000 -10.366667 9.150000
   vertex 32.500000 -11.263524 9.105940
  endloop
 endfacet
 facet normal 0 -0.14673 0.989177
  outer loop
   vertex -32.500000 -11.263524 9.105940
   vertex -32.500000 -12.151743 8.974185
   vertex 32.500000 -12.151743 8.974185
  endloop
 endfacet
 facet normal 0 -0.14673 0.989177
  outer loop
   vertex -32.500000 -11.263524 9.105940
   vertex 32.500000 -12.151743 8.974185
   vertex 32.500000 -11.263524 9.105940
  endloop
 endfacet
 facet normal -1 0 0
  outer loop
   vertex -32.500000 -10.366667 0.000000
   vertex -32.500000 -12.151743 8.974185
   vertex -32.500000 -11.263524 9.105940
  endloop
 endfacet
 facet normal 1 0 0
  outer loop
   vertex 32.500000 -10.366667 0.000000
   vertex 32.500000 -11.263524 9.105940
   vertex 32.500000 -12.151743 8.974185
  endloop
 endfacet
 facet normal 0 -0.24298 0.970031
  outer loop
   vertex -32.500000 -12.151743 8.974185
   vertex -32.500000 -13.022771 8.756004
   vertex 32.500000 -13.022771 8.756004
  endloop
 endfacet
 facet normal 0 -0.24298 0.970031
  outer loop
   vertex -32.500000 -12.151743 8.974185
   vertex 32.500000 -13.022771 8.756004
   vertex 32.500000 -12.151743 8.974185
  endloop
 endfacet
 facet normal -1 0 0
  outer loop
   vertex -32.500000 -10.366667 0.000000
   vertex -32.500000 -13.022771 8.756004
   vertex -32.500000 -12.151743 8.974185
  endloop
 endfacet
 facet normal 1 0 0
  outer loop
   vertex 32.500000 -10.366667 0.000000
   vertex 32.500000 -12.151743 8.974185
   vertex 32.500000 -13.022771 8.756004
  endloop
 endfacet
 facet normal 0 -0.33689 0.941544
  outer loop
   vertex -32.500000 -13.022771 8.756004
   vertex -32.500000 -13.868220 8.453498
   vertex 32.500000 -13.868220 8.453498
  endloop
 endfacet
 facet normal 0 -0.33689 0.941544
  outer loop
   vertex -32.500000 -13.022771 8.756004
   vertex 32.500000 -13.868220 8.453498
   vertex 32.500000 -13.022771 8.756004
  endloop
 endfacet
 facet normal -1 0 0
  outer loop
   vertex -32.500000 -10.366667 0.000000
   vertex -32.500000 -13.868220 8.453498
   vertex -32.500000 -13.022771 8.756004
  endloop
 endfacet
 facet normal 1 0 0
  outer loop
   vertex 32.500000 -10.366667 0.000000
   vertex 32.500000 -13.022771 8.756004
   vertex 32.500000 -13.868220 8.453498
  endloop
 endfacet
 facet normal 0 -0.427555 0.903989
  outer loop
   vertex -32.500000 -13.868220 8.453498
   vertex -32.500000 -14.679947 8.069580
   vertex 32.500000 -14.679947 8.069580
  endloop
 endfacet
 facet normal 0 -0.427555 0.903989
  outer loop
   vertex -32.500000 -13.868220 8.453498
   vertex 32.500000 -14.679947 8.069580
   vertex 32.500000 -13.868220 8.453498
  endloop
 endfacet
 facet normal -1 0 0
  outer loop
   vertex -32.500000 -10.366667 0.000000
   vertex -32.500000 -14.679947 8.069580
   vertex -32.500000 -13.868220 8.453498
  endloop
 endfacet
 facet normal 1 0 0
  outer loop
   vertex 32.500000 -10.366667 0.000000
   vertex 32.500000 -13.868220 8.453498
   vertex 32.500000 -14.679947 8.069580
  endloop
 endfacet
 facet normal 0 -0.514103 0.857729
  outer loop
   vertex -32.500000 -14.679947 8.069580
   vertex -32.500000 -15.450134 7.607947
   vertex 32.500000 -15.450134 7.607947
  endloop
 endfacet
 facet normal 0 -0.514103 0.857729
  outer loop
   vertex -32.500000 -14.679947 8.069580
   vertex 32.500000 -15.450134 7.607947
   vertex 32.500000 -14.679947 8.069580
  endloop
 endfacet
 facet normal -1 0 0
  outer loop
   vertex -32.500000 -10.366667 0.000000
   vertex -32.500000 -15.450134 7.607947
   vertex -32.500000 -14.679947 8.069580
  endloop
 endfacet
 facet normal 1 0 0
  outer loop
   vertex 32.500000 -10.366667 0.000000
   vertex 32.500000 -14.679947 8.069580
   vertex 32.500000 -15.450134 7.607947
  endloop
 endfacet
 facet normal 0 -0.595699 0.803208
  outer loop
   vertex -32.500000 -15.450134 7.607947
   vertex -32.500000 -16.171365 7.073046
   vertex 32.500000 -16.171365 7.073046
  endloop
 endfacet
 facet normal 0 -0.595699 0.803208
  outer loop
   vertex -32.500000 -15.450134 7.607947
   vertex 32.500000 -16.171365 7.073046
   vertex 32.500000 -15.450134 7.607947
  endloop
 endfacet
 facet normal -1 0 0
  outer loop
   vertex -32.500000 -10.366667 0.000000
   vertex -32.500000 -16.171365 7.073046
   vertex -32.500000 -15.450134 7.607947
  endloop
 endfacet
 facet normal 1 0 0
  outer loop
   vertex 32.500000 -10.366667 0.000000
   vertex 32.500000 -15.450134 7.607947
   vertex 32.500000 -16.171365 7.073046
  endloop
 endfacet
 facet normal 0 -0.671559 0.740951
  outer loop
   vertex -32.500000 -16.171365 7.073046
   vertex -32.500000 -16.836694 6.470027
   vertex 32.500000 -16.836694 6.470027
  endloop
 endfacet
 facet normal 0 -0.671559 0.740951
  outer loop
   vertex -32.500000 -16.171365 7.073046
   vertex 32.500000 -16.836694 6.470027
   vertex 32.500000 -16.171365 7.073046
  endloop
 endfacet
 facet normal -1 0 0
  outer loop
   vertex -32.500000 -10.366667 0.000000
   vertex -32.500000 -16.836694 6.470027
   vertex -32.500000 -16.171365 7.073046
  endloop
 endfacet
 facet normal 1 0 0
  outer loop
   vertex 32.500000 -10.366667 0.000000
   vertex 32.500000 -16.171365 7.073046
   vertex 32.500000 -16.836694 6.470027
  endloop
 endfacet
 facet normal 0 -0.740951 0.671559
  outer loop
   vertex -32.500000 -16.836694 6.470027
   vertex -32.500000 -17.439712 5.804699
   vertex 32.500000 -17.439712 5.804699
  endloop
 endfacet
 facet normal 0 -0.740951 0.671559
  outer loop
   vertex -32.500000 -16.836694 6.470027
   vertex 32.500000 -17.439712 5.804699
   vertex 32.500000 -16.836694 6.470027
  endloop
 endfacet
 facet normal -1 0 0
  outer loop
   vertex -32.500000 -10.366667 0.000000
   vertex -32.500000 -17.439712 5.804699
   vertex -32.500000 -16.836694 6.470027
  endloop
 endfacet
 facet normal 1 0 0
  outer loop
   vertex 32.500000 -10.366667 0.000000
   vertex 32.500000 -16.836694 6.470027
   vertex 32.500000 -17.439712 5.804699
  endloop
 endfacet
 facet normal 0 -0.803208 0.595699
  outer loop
   vertex -32.500000 -17.439712 5.804699
   vertex -32.500000 -17.974614 5.083468
   vertex 32.500000 -17.974614 5.083468
  endloop
 endfacet
 facet normal 0 -0.803208 0.595699
  outer loop
   vertex -32.500000 -17.439712 5.804699
   vertex 32.500000 -17.974614 5.083468
   vertex 32.500000 -17.439712 5.804699
  endloop
 endfacet
 facet normal -1 0 0
  outer loop
   vertex -32.500000 -10.366667 0.000000
   vertex -32.500000 -17.974614 5.083468
   vertex -32.500000 -17.439712 5.804699
  endloop
 endfacet
 facet normal 1 0 0
  outer loop
   vertex 32.500000 -10.366667 0.000000
   vertex 32.500000 -17.439712 5.804699
   vertex 32.500000 -17.974614 5.083468
  endloop
 endfacet
 facet normal 0 -0.857729 0.514103
  outer loop
   vertex -32.500000 -17.974614 5.083468
   vertex -32.500000 -18.436246 4.313280
   vertex 32.500000 -18.436246 4.313280
  endloop
 endfacet
 facet normal 0 -0.857729 0.514103
  outer loop
   vertex -32.500000 -17.974614 5.083468
   vertex 32.500000 -18.436246 4.313280
   vertex 32.500000 -17.974614 5.083468
  endloop
 endfacet
 facet normal -1 0 0
  outer loop
   vertex -32.500000 -10.366667 0.000000
   vertex -32.500000 -18.436246 4.313280
   vertex -32.500000 -17.974614 5.083468
  endloop
 endfacet
 facet normal 1 0 0
  outer loop
   vertex 32.500000 -10.366667 0.000000
   vertex 32.500000 -17.974614 5.083468
   vertex 32.500000 -18.436246 4.313280
  endloop
 endfacet
 facet normal 0 -0.903989 0.427555
  outer loop
   vertex -32.500000 -18.436246 4.313280
   vertex -32.500000 -18.820164 3.501553
   vertex 32.500000 -18.820164 3.501553
  endloop
 endfacet
 facet normal 0 -0.903989 0.427555
  outer loop
   vertex -32.500000 -18.436246 4.313280
   vertex 32.500000 -18.820164 3.501553
   vertex 32.500000 -18.436246 4.313280
  endloop
 endfacet
 facet normal -1 0 0
  outer loop
   vertex -32.500000 -10.366667 0.000000
   vertex -32.500000 -18.820164 3.501553
   vertex -32.500000 -18.436246 4.313280
  endloop
 endfacet
 facet normal 1 0 0
  outer loop
   vertex 32.500000 -10.366667 0.000000
   vertex 32.500000 -18.436246 4.313280
   vertex 32.500000 -18.820164 3.501553
  endloop
 endfacet
 facet normal 0 -0.941544 0.33689
  outer loop
   vertex -32.500000 -18.820164 3.501553
   vertex -32.500000 -19.122671 2.656105
   vertex 32.500000 -19.122671 2.656105
  endloop
 endfacet
 facet normal 0 -0.941544 0.33689
  outer loop
   vertex -32.500000 -18.820164 3.501553
   vertex 32.500000 -19.122671 2.656105
   vertex 32.500000 -18.820164 3.501553
  endloop
 endfacet
 facet normal -1 0 0
  outer loop
   vertex -32.500000 -10.366667 0.000000
   vertex -32.500000 -19.122671 2.656105
   vertex -32.500000 -18.820164 3.501553
  endloop
 endfacet
 facet normal 1 0 0
  outer loop
   vertex 32.500000 -10.366667 0.000000
   vertex 32.500000 -18.820164 3.501553
   vertex 32.500000 -19.122671 2.656105
  endloop
 endfacet
 facet normal 0 -0.970031 0.24298
  outer loop
   vertex -32.500000 -19.122671 2.656105
   vertex -32.500000 -19.340852 1.785076
   vertex 32.500000 -19.340852 1.785076
  endloop
 endfacet
 facet normal 0 -0.970031 0.24298
  outer loop
   vertex -32.500000 -19.122671 2.656105
   vertex 32.500000 -19.340852 1.785076
   vertex 32.500000 -19.122671 2.656105
  endloop
 endfacet
 facet normal -1 0 0
  outer loop
   vertex -32.500000 -10.366667 0.000000
   vertex -32.500000 -19.340852 1.785076
   vertex -32.500000 -19.122671 2.656105
  endloop
 endfacet
 facet normal 1 0 0
  outer loop
   vertex 32.500000 -10.366667 0.000000
   vertex 32.500000 -19.122671 2.656105
   vertex 32.500000 -19.340852 1.785076
  endloop
 endfacet
 facet normal 0 -0.989177 0.14673
  outer loop
   vertex -32.500000 -19.340852 1.785076
   vertex -32.500000 -19.472607 0.896857
   vertex 32.500000 -19.472607 0.896857
  endloop
 endfacet
 facet normal 0 -0.989177 0.14673
  outer loop
   vertex -32.500000 -19.340852 1.785076
   vertex 32.500000 -19.472607 0.896857
   vertex 32.500000 -19.340852 1.785076
  endloop
 endfacet
 facet normal -1 0 0
  outer loop
   vertex -32.500000 -10.366667 0.000000
   vertex -32.500000 -19.472607 0.896857
   vertex -32.500000 -19.340852 1.785076
  endloop
 endfacet
 facet normal 1 0 0
  outer loop
   vertex 32.500000 -10.366667 0.000000
   vertex 32.500000 -19.340852 1.785076
   vertex 32.500000 -19.472607 0.896857
  endloop
 endfacet
 facet normal 0 -0.998795 0.0490677
  outer loop
   vertex -32.500000 -19.472607 0.896857
   vertex -32.500000 -19.516667 0.000000
   vertex 32.500000 -19.516667 0.000000
  endloop
 endfacet
 facet normal 0 -0.998795 0.0490677
  outer loop
   vertex -32.500000 -19.472607 0.896857
   vertex 32.500000 -19.516667 0.000000
   vertex 32.500000 -19.472607 0.896857
  endloop
 endfacet
 facet normal -1 0 0
  outer loop
   vertex -32.500000 -10.366667 0.000000
   vertex -32.500000 -19.516667 0.000000
   vertex -32.500000 -19.472607 0.896857
  endloop
 endfacet
 facet normal 1 0 0
  outer loop
   vertex 32.500000 -10.366667 0.000000
   vertex 32.500000 -19.472607 0.896857
   vertex 32.500000 -19.516667 0.000000
  endloop
 endfacet
 facet normal 0 -0.998795 -0.0490677
  outer loop
   vertex -32.500000 -19.516667 0.000000
   vertex -32.500000 -19.472607 -0.896857
   vertex 32.500000 -19.472607 -0.896857
  endloop
 endfacet
 facet normal 0 -0.998795 -0.0490677
  outer loop
   vertex -32.500000 -19.516667 0.000000
   vertex 32.500000 -19.472607 -0.896857
   vertex 32.500000 -19.516667 0.000000
  endloop
 endfacet
 facet normal -1 -0 0
  outer loop
   vertex -32.500000 -10.366667 0.000000
   vertex -32.500000 -19.472607 -0.896857
   vertex -32.500000 -19.516667 0.000000
  endloop
 endfacet
 facet normal 1 0 0
  outer loop
   vertex 32.500000 -10.366667 0.000000
   vertex 32.500000 -19.516667 0.000000
   vertex 32.500000 -19.472607 -0.896857
  endloop
 endfacet
 facet normal 0 -0.989177 -0.14673
  outer loop
   vertex -32.500000 -19.472607 -0.896857
   vertex -32.500000 -19.340852 -1.785076
   vertex 32.500000 -19.340852 -1.785076
  endloop
 endfacet
 facet normal 0 -0.989177 -0.14673
  outer loop
   vertex -32.500000 -19.472607 -0.896857
   vertex 32.500000 -19.340852 -1.785076
   vertex 32.500000 -19.472607 -0.896857
  endloop
 endfacet
 facet normal -1 0 0
  outer loop
   vertex -32.500000 -10.366667 0.000000
   vertex -32.500000 -19.340852 -1.785076
   vertex -32.500000 -19.472607 -0.896857
  endloop
 endfacet
 facet normal 1 0 0
  outer loop
   vertex 32.500000 -10.366667 0.000000
   vertex 32.500000 -19.472607 -0.896857
   vertex 32.500000 -19.340852 -1.785076
  endloop
 endfacet
 facet normal 0 -0.970031 -0.24298
  outer loop
   vertex -32.500000 -19.340852 -1.785076
   vertex -32.500000 -19.122671 -2.656105
   vertex 32.500000 -19.122671 -2.656105
  endloop
 endfacet
 facet normal 0 -0.970031 -0.24298
  outer loop
   vertex -32.500000 -19.340852 -1.785076
   vertex 32.500000 -19.122671 -2.656105
   vertex 32.500000 -19.340852 -1.785076
  endloop
 endfacet
 facet normal -1 0 0
  outer loop
   vertex -32.500000 -10.366667 0.000000
   vertex -32.500000 -19.122671 -2.656105
   vertex -32.500000 -19.340852 -1.785076
  endloop
 endfacet
 facet normal 1 0 0
  outer loop
   vertex 32.500000 -10.366667 0.000000
   vertex 32.500000 -19.340852 -1.785076
   vertex 32.500000 -19.122671 -2.656105
  endloop
 endfacet
 facet normal 0 -0.941544 -0.33689
  outer loop
   vertex -32.500000 -19.122671 -2.656105
   vertex -32.500000 -18.820164 -3.501553
   vertex 32.500000 -18.820164 -3.501553
  endloop
 endfacet
 facet normal 0 -0.941544 -0.33689
  outer loop
   vertex -32.500000 -19.122671 -2.656105
   vertex 32.500000 -18.820164 -3.501553
   vertex 32.500000 -19.122671 -2.656105
  endloop
 endfacet
 facet normal -1 0 0
  outer loop
   vertex -32.500000 -10.366667 0.000000
   vertex -32.500000 -18.820164 -3.501553
   vertex -32.500000 -19.122671 -2.656105
  endloop
 endfacet
 facet normal 1 0 0
  outer loop
   vertex 32.500000 -10.366667 0.000000
   vertex 32.500000 -19.122671 -2.656105
   vertex 32.500000 -18.820164 -3.501553
  endloop
 endfacet
 facet normal 0 -0.903989 -0.427555
  outer loop
   vertex -32.500000 -18.820164 -3.501553
   vertex -32.500000 -18.436246 -4.313280
   vertex 32.500000 -18.436246 -4.313280
  endloop
 endfacet
 facet normal 0 -0.903989 -0.427555
  outer loop
   vertex -32.500000 -18.820164 -3.501553
   vertex 32.500000 -18.436246 -4.313280
   vertex 32.500000 -18.820164 -3.501553
  endloop
 endfacet
 facet normal -1 0 0
  outer loop
   vertex -32.500000 -10.366667 0.000000
   vertex -32.500000 -18.436246 -4.313280
   vertex -32.500000 -18.820164 -3.501553
  endloop
 endfacet
 facet normal 1 0 0
  outer loop
   vertex 32.500000 -10.366667 0.000000
   vertex 32.500000 -18.820164 -3.501553
   vertex 32.500000 -18.436246 -4.313280
  endloop
 endfacet
 facet normal 0 -0.857729 -0.514103
  outer loop
   vertex -32.500000 -18.436246 -4.313280
   vertex -32.500000 -17.974614 -5.083468
   vertex 32.500000 -17.974614 -5.083468
  endloop
 endfacet
 facet normal 0 -0.857729 -0.514103
  outer loop
   vertex -32.500000 -18.436246 -4.313280
   vertex 32.500000 -17.974614 -5.083468
   vertex 32.500000 -18.436246 -4.313280
  endloop
 endfacet
 facet normal -1 0 0
  outer loop
   vertex -32.500000 -10.366667 0.000000
   vertex -32.500000 -17.974614 -5.083468
   vertex -32.500000 -18.436246 -4.313280
  endloop
 endfacet
 facet normal 1 0 0
  outer loop
   vertex 32.500000 -10.366667 0.000000
   vertex 32.500000 -18.436246 -4.313280
   vertex 32.500000 -17.974614 -5.083468
  endloop
 endfacet
 facet normal 0 -0.803208 -0.595699
  outer loop
   vertex -32.500000 -17.974614 -5.083468
   vertex -32.500000 -17.439712 -5.804699
   vertex 32.500000 -17.439712 -5.804699
  endloop
 endfacet
 facet normal 0 -0.803208 -0.595699
  outer loop
   vertex -32.500000 -17.974614 -5.083468
   vertex 32.500000 -17.439712 -5.804699
   vertex 32.500000 -17.974614 -5.083468
  endloop
 endfacet
 facet normal -1 0 0
  outer loop
   vertex -32.500000 -10.366667 0.000000
   vertex -32.500000 -17.439712 -5.804699
   vertex -32.500000 -17.974614 -5.083468
  endloop
 endfacet
 facet normal 1 0 0
  outer loop
   vertex 32.500000 -10.366667 0.000000
   vertex 32.500000 -17.974614 -5.083468
   vertex 32.500000 -17.439712 -5.804699
  endloop
 endfacet
 facet normal 0 -0.740951 -0.671559
  outer loop
   vertex -32.500000 -17.439712 -5.804699
   vertex -32.500000 -16.836694 -6.470027
   vertex 32.500000 -16.836694 -6.470027
  endloop
 endfacet
 facet normal 0 -0.740951 -0.671559
  outer loop
   vertex -32.500000 -17.439712 -5.804699
   vertex 32.500000 -16.836694 -6.470027
   vertex 32.500000 -17.439712 -5.804699
  endloop
 endfacet
 facet normal -1 0 0
  outer loop
   vertex -32.500000 -10.366667 0.000000
   vertex -32.500000 -16.836694 -6.470027
   vertex -32.500000 -17.439712 -5.804699
  endloop
 endfacet
 facet normal 1 0 0
  outer loop
   vertex 32.500000 -10.366667 0.000000
   vertex 32.500000 -17.439712 -5.804699
   vertex 32.500000 -16.836694 -6.470027
  endloop
 endfacet
 facet normal 0 -0.671559 -0.740951
  outer loop
   vertex -32.500000 -16.836694 -6.470027
   vertex -32.500000 -16.171365 -7.073046
   vertex 32.500000 -16.171365 -7.073046
  endloop
 endfacet
 facet normal 0 -0.671559 -0.740951
  outer loop
   vertex -32.500000 -16.836694 -6.470027
   vertex 32.500000 -16.171365 -7.073046
   vertex 32.500000 -16.836694 -6.470027
  endloop
 endfacet
 facet normal -1 0 0
  outer loop
   vertex -32.500000 -10.366667 0.000000
   vertex -32.500000 -16.171365 -7.073046
   vertex -32.500000 -16.836694 -6.470027
  endloop
 endfacet
 facet normal 1 0 0
  outer loop
   vertex 32.500000 -10.366667 0.000000
   vertex 32.500000 -16.836694 -6.470027
   vertex 32.500000 -16.171365 -7.073046
  endloop
 endfacet
 facet normal 0 -0.595699 -0.803208
  outer loop
   vertex -32.500000 -16.171365 -7.073046
   vertex -32.500000 -15.450134 -7.607947
   vertex 32.500000 -15.450134 -7.607947
  endloop
 endfacet
 facet normal 0 -0.595699 -0.803208
  outer loop
   vertex -32.500000 -16.171365 -7.073046
   vertex 32.500000 -15.450134 -7.607947
   vertex 32.500000 -16.171365 -7.073046
  endloop
 endfacet
 facet normal -1 0 0
  outer loop
   vertex -32.500000 -10.366667 0.000000
   vertex -32.500000 -15.450134 -7.607947
   vertex -32.500000 -16.171365 -7.073046
  endloop
 endfacet
 facet normal 1 0 0
  outer loop
   vertex 32.500000 -10.366667 0.000000
   vertex 32.500000 -16.171365 -7.073046
   vertex 32.500000 -15.450134 -7.607947
  endloop
 endfacet
 facet normal 0 -0.514103 -0.857729
  outer loop
   vertex -32.500000 -15.450134 -7.607947
   vertex -32.500000 -14.679947 -8.069580
   vertex 32.500000 -14.679947 -8.069580
  endloop
 endfacet
 facet normal 0 -0.514103 -0.857729
  outer loop
   vertex -32.500000 -15.450134 -7.607947
   vertex 32.500000 -14.679947 -8.069580
   vertex 32.500000 -15.450134 -7.607947
  endloop
 endfacet
 facet normal -1 0 0
  outer loop
   vertex -32.500000 -10.366667 0.000000
   vertex -32.500000 -14.679947 -8.069580
   vertex -32.500000 -15.450134 -7.607947
  endloop
 endfacet
 facet normal 1 0 0
  outer loop
   vertex 32.500000 -10.366667 0.000000
   vertex 32.500000 -15.450134 -7.607947
   vertex 32.500000 -14.679947 -8.069580
  endloop
 endfacet
 facet normal 0 -0.427555 -0.903989
  outer loop
   vertex -32.500000 -14.679947 -8.069580
   vertex -32.500000 -13.868220 -8.453498
   vertex 32.500000 -13.868220 -8.453498
  endloop
 endfacet
 facet normal 0 -0.427555 -0.903989
  outer loop
   vertex -32.500000 -14.679947 -8.069580
   vertex 32.500000 -13.868220 -8.453498
   vertex 32.500000 -14.679947 -8.069580
  endloop
 endfacet
 facet normal -1 0 0
  outer loop
   vertex -32.500000 -10.366667 0.000000
   vertex -32.500000 -13.868220 -8.453498
   vertex -32.500000 -14.679947 -8.069580
  endloop
 endfacet
 facet normal 1 0 0
  outer loop
   vertex 32.500000 -10.366667 0.000000
   vertex 32.500000 -14.679947 -8.069580
   vertex 32.500000 -13.868220 -8.453498
  endloop
 endfacet
 facet normal 0 -0.33689 -0.941544
  outer loop
   vertex -32.500000 -13.868220 -8.453498
   vertex -32.500000 -13.022771 -8.756004
   vertex 32.500000 -13.022771 -8.756004
  endloop
 endfacet
 facet normal 0 -0.33689 -0.941544
  outer loop
   vertex -32.500000 -13.868220 -8.453498
   vertex 32.500000 -13.022771 -8.756004
   vertex 32.500000 -13.868220 -8.453498
  endloop
 endfacet
 facet normal -1 0 0
  outer loop
   vertex -32.500000 -10.366667 0.000000
   vertex -32.500000 -13.022771 -8.756004
   vertex -32.500000 -13.868220 -8.453498
  endloop
 endfacet
 facet normal 1 0 0
  outer loop
   vertex 32.500000 -10.366667 0.000000
   vertex 32.500000 -13.868220 -8.453498
   vertex 32.500000 -13.022771 -8.756004
  endloop
 endfacet
 facet normal 0 -0.24298 -0.970031
  outer loop
   vertex -32.500000 -13.022771 -8.756004
   vertex -32.500000 -12.151743 -8.974185
   vertex 32.500000 -12.151743 -8.974185
  endloop
 endfacet
 facet normal 0 -0.24298 -0.970031
  outer loop
   vertex -32.500000 -13.022771 -8.756004
   vertex 32.500000 -12.151743 -8.974185
   vertex 32.500000 -13.022771 -8.756004
  endloop
 endfacet
 facet normal -1 0 0
  outer loop
   vertex -32.500000 -10.366667 0.000000
   vertex -32.500000 -12.151743 -8.974185
   vertex -32.500000 -13.022771 -8.756004
  endloop
 endfacet
 facet normal 1 0 0
  outer loop
   vertex 32.500000 -10.366667 0.000000
   vertex 32.500000 -13.022771 -8.756004
   vertex 32.500000 -12.151743 -8.974185
  endloop
 endfacet
 facet normal 0 -0.14673 -0.989177
  outer loop
   vertex -32.500000 -12.151743 -8.974185
   vertex -32.500000 -11.263524 -9.105940
   vertex 32.500000 -11.263524 -9.105940
  endloop
 endfacet
 facet normal 0 -0.14673 -0.989177
  outer loop
   vertex -32.500000 -12.151743 -8.974185
   vertex 32.500000 -11.263524 -9.105940
   vertex 32.500000 -12.151743 -8.974185
  endloop
 endfacet
 facet normal -1 0 0
  outer loop
   vertex -32.500000 -10.366667 0.000000
   vertex -32.500000 -11.263524 -9.105940
   vertex -32.500000 -12.151743 -8.974185
  endloop
 endfacet
 facet normal 1 0 0
  outer loop
   vertex 32.500000 -10.366667 0.000000
   vertex 32.500000 -12.151743 -8.974185
   vertex 32.500000 -11.263524 -9.105940
  endloop
 endfacet
 facet normal 0 -0.0490677 -0.998795
  outer loop
   vertex -32.500000 -11.263524 -9.105940
   vertex -32.500000 -10.366667 -9.150000
   vertex 32.500000 -10.366667 -9.150000
  endloop
 endfacet
 facet normal 0 -0.0490677 -0.998795
  outer loop
   vertex -32.500000 -11.263524 -9.105940
   vertex 32.500000 -10.366667 -9.150000
   vertex 32.500000 -11.263524 -9.105940
  endloop
 endfacet
 facet normal -1 0 0
  outer loop
   vertex -32.500000 -10.366667 0.000000
   vertex -32.500000 -10.366667 -9.150000
   vertex -32.500000 -11.263524 -9.105940
  endloop
 endfacet
 facet normal 1 0 0
  outer loop
   vertex 32.500000 -10.366667 0.000000
   vertex 32.500000 -11.263524 -9.105940
   vertex 32.500000 -10.366667 -9.150000
  endloop
 endfacet
 facet normal 0 0.0490677 -0.998795
  outer loop
   vertex -32.500000 -10.366667 -9.150000
   vertex -32.500000 -9.469810 -9.105940
   vertex 32.500000 -9.469810 -9.105940
  endloop
 endfacet
 facet normal 0 0.0490677 -0.998795
  outer loop
   vertex -32.500000 -10.366667 -9.150000
   vertex 32.500000 -9.469810 -9.105940
   vertex 32.500000 -10.366667 -9.150000
  endloop
 endfacet
 facet normal -1 0 -0
  outer loop
   vertex -32.500000 -10.366667 0.000000
   vertex -32.500000 -9.469810 -9.105940
   vertex -32.500000 -10.366667 -9.150000
  endloop
 endfacet
 facet normal 1 0 0
  outer loop
   vertex 32.500000 -10.366667 0.000000
   vertex 32.500000 -10.366667 -9.150000
   vertex 32.500000 -9.469810 -9.105940
  endloop
 endfacet
 facet normal 0 0.14673 -0.989177
  outer loop
   vertex -32.500000 -9.469810 -9.105940
   vertex -32.500000 -8.581590 -8.974185
   vertex 32.500000 -8.581590 -8.974185
  endloop
 endfacet
 facet normal 0 0.14673 -0.989177
  outer loop
   vertex -32.500000 -9.469810 -9.105940
   vertex 32.500000 -8.581590 -8.974185
   vertex 32.500000 -9.469810 -9.105940
  endloop
 endfacet
 facet normal -1 0 0
  outer loop
   vertex -32.500000 -10.366667 0.000000
   vertex -32.500000 -8.581590 -8.974185
   vertex -32.500000 -9.469810 -9.105940
  endloop
 endfacet
 facet normal 1 0 0
  outer loop
   vertex 32.500000 -10.366667 0.000000
   vertex 32.500000 -9.469810 -9.105940
   vertex 32.500000 -8.581590 -8.974185
  endloop
 endfacet
 facet normal 0 0.24298 -0.970031
  outer loop
   vertex -32.500000 -8.581590 -8.974185
   vertex -32.500000 -7.710562 -8.756004
   vertex 32.500000 -7.710562 -8.756004
  endloop
 endfacet
 facet normal 0 0.24298 -0.970031
  outer loop
   vertex -32.500000 -8.581590 -8.974185
   vertex 32.500000 -7.710562 -8.756004
   vertex 32.500000 -8.581590 -8.974185
  endloop
 endfacet
 facet normal -1 0 0
  outer loop
   vertex -32.500000 -10.366667 0.000000
   vertex -32.500000 -7.710562 -8.756004
   vertex -32.500000 -8.581590 -8.974185
  endloop
 endfacet
 facet normal 1 0 0
  outer loop
   vertex 32.500000 -10.366667 0.000000
   vertex 32.500000 -8.581590 -8.974185
   vertex 32.500000 -7.710562 -8.756004
  endloop
 endfacet
 facet normal 0 0.33689 -0.941544
  outer loop
   vertex -32.500000 -7.710562 -8.756004
   vertex -32.500000 -6.865113 -8.453498
   vertex 32.500000 -6.865113 -8.453498
  endloop
 endfacet
 facet normal 0 0.33689 -0.941544
  outer loop
   vertex -32.500000 -7.710562 -8.756004
   vertex 32.500000 -6.865113 -8.453498
   vertex 32.500000 -7.710562 -8.756004
  endloop
 endfacet
 facet normal -1 0 0
  outer loop
   vertex -32.500000 -10.366667 0.000000
   vertex -32.500000 -6.865113 -8.453498
   vertex -32.500000 -7.710562 -8.756004
  endloop
 endfacet
 facet normal 1 0 0
  outer loop
   vertex 32.500000 -10.366667 0.000000
   vertex 32.500000 -7.710562 -8.756004
   vertex 32.500000 -6.865113 -8.453498
  endloop
 endfacet
 facet normal 0 0.427555 -0.903989
  outer loop
   vertex -32.500000 -6.865113 -8.453498
   vertex -32.500000 -6.053387 -8.069580
   vertex 32.500000 -6.053387 -8.069580
  endloop
 endfacet
 facet normal 0 0.427555 -0.903989
  outer loop
   vertex -32.500000 -6.865113 -8.453498
   vertex 32.500000 -6.053387 -8.069580
   vertex 32.500000 -6.865113 -8.453498
  endloop
 endfacet
 facet normal -1 0 0
  outer loop
   vertex -32.500000 -10.366667 0.000000
   vertex -32.500000 -6.053387 -8.069580
   vertex -32.500000 -6.865113 -8.453498
  endloop
 endfacet
 facet normal 1 0 0
  outer loop
   vertex 32.500000 -10.366667 0.000000
   vertex 32.500000 -6.865113 -8.453498
   vertex 32.500000 -6.053387 -8.069580
  endloop
 endfacet
 facet normal 0 0.514103 -0.857729
  outer loop
   vertex -32.500000 -6.053387 -8.069580
   vertex -32.500000 -5.283199 -7.607947
   vertex 32.500000 -5.283199 -7.607947
  endloop
 endfacet
 facet normal 0 0.514103 -0.857729
  outer loop
   vertex -32.500000 -6.053387 -8.069580
   vertex 32.500000 -5.283199 -7.607947
   vertex 32.500000 -6.053387 -8.069580
  endloop
 endfacet
 facet normal -1 0 0
  outer loop
   vertex -32.500000 -10.366667 0.000000
   vertex -32.500000 -5.283199 -7.607947
   vertex -32.500000 -6.053387 -8.069580
  endloop
 endfacet
 facet normal 1 0 0
  outer loop
   vertex 32.500000 -10.366667 0.000000
   vertex 32.500000 -6.053387 -8.069580
   vertex 32.500000 -5.283199 -7.607947
  endloop
 endfacet
 facet normal 0 0.595699 -0.803208
  outer loop
   vertex -32.500000 -5.283199 -7.607947
   vertex -32.500000 -4.561968 -7.073046
   vertex 32.500000 -4.561968 -7.073046
  endloop
 endfacet
 facet normal 0 0.595699 -0.803208
  outer loop
   vertex -32.500000 -5.283199 -7.607947
   vertex 32.500000 -4.561968 -7.073046
   vertex 32.500000 -5.283199 -7.607947
  endloop
 endfacet
 facet normal -1 0 0
  outer loop
   vertex -32.500000 -10.366667 0.000000
   vertex -32.500000 -4.561968 -7.073046
   vertex -32.500000 -5.283199 -7.607947
  endloop
 endfacet
 facet normal 1 0 0
  outer loop
   vertex 32.500000 -10.366667 0.000000
   vertex 32.500000 -5.283199 -7.607947
   vertex 32.500000 -4.561968 -7.073046
  endloop
 endfacet
 facet normal 0 0.671559 -0.740951
  outer loop
   vertex -32.500000 -4.561968 -7.073046
   vertex -32.500000 -3.896640 -6.470027
   vertex 32.500000 -3.896640 -6.470027
  endloop
 endfacet
 facet normal 0 0.671559 -0.740951
  outer loop
   vertex -32.500000 -4.561968 -7.073046
   vertex 32.500000 -3.896640 -6.470027
   vertex 32.500000 -4.561968 -7.073046
  endloop
 endfacet
 facet normal -1 0 0
  outer loop
   vertex -32.500000 -10.366667 0.000000
   vertex -32.500000 -3.896640 -6.470027
   vertex -32.500000 -4.561968 -7.073046
  endloop
 endfacet
 facet normal 1 0 0
  outer loop
   vertex 32.500000 -10.366667 0.000000
   vertex 32.500000 -4.561968 -7.073046
   vertex 32.500000 -3.896640 -6.470027
  endloop
 endfacet
 facet normal 0 0.740951 -0.671559
  outer loop
   vertex -32.500000 -3.896640 -6.470027
   vertex -32.500000 -3.293621 -5.804699
   vertex 32.500000 -3.293621 -5.804699
  endloop
 endfacet
 facet normal 0 0.740951 -0.671559
  outer loop
   vertex -32.500000 -3.896640 -6.470027
   vertex 32.500000 -3.293621 -5.804699
   vertex 32.500000 -3.896640 -6.470027
  endloop
 endfacet
 facet normal -1 0 0
  outer loop
   vertex -32.500000 -10.366667 0.000000
   vertex -32.500000 -3.293621 -5.804699
   vertex -32.500000 -3.896640 -6.470027
  endloop
 endfacet
 facet normal 1 0 0
  outer loop
   vertex 32.500000 -10.366667 0.000000
   vertex 32.500000 -3.896640 -6.470027
   vertex 32.500000 -3.293621 -5.804699
  endloop
 endfacet
 facet normal 0 0.803208 -0.595699
  outer loop
   vertex -32.500000 -3.293621 -5.804699
   vertex -32.500000 -2.758720 -5.083468
   vertex 32.500000 -2.758720 -5.083468
  endloop
 endfacet
 facet normal 0 0.803208 -0.595699
  outer loop
   vertex -32.500000 -3.293621 -5.804699
   vertex 32.500000 -2.758720 -5.083468
   vertex 32.500000 -3.293621 -5.804699
  endloop
 endfacet
 facet normal -1 0 0
  outer loop
   vertex -32.500000 -10.366667 0.000000
   vertex -32.500000 -2.758720 -5.083468
   vertex -32.500000 -3.293621 -5.804699
  endloop
 endfacet
 facet normal 1 0 0
  outer loop
   vertex 32.500000 -10.366667 0.000000
   vertex 32.500000 -3.293621 -5.804699
   vertex 32.500000 -2.758720 -5.083468
  endloop
 endfacet
 facet normal 0 0.857729 -0.514103
  outer loop
   vertex -32.500000 -2.758720 -5.083468
   vertex -32.500000 -2.297087 -4.313280
   vertex 32.500000 -2.297087 -4.313280
  endloop
 endfacet
 facet normal 0 0.857729 -0.514103
  outer loop
   vertex -32.500000 -2.758720 -5.083468
   vertex 32.500000 -2.297087 -4.313280
   vertex 32.500000 -2.758720 -5.083468
  endloop
 endfacet
 facet normal -1 0 0
  outer loop
   vertex -32.500000 -10.366667 0.000000
   vertex -32.500000 -2.297087 -4.313280
   vertex -32.500000 -2.758720 -5.083468
  endloop
 endfacet
 facet normal 1 0 0
  outer loop
   vertex 32.500000 -10.366667 0.000000
   vertex 32.500000 -2.758720 -5.083468
   vertex 32.500000 -2.297087 -4.313280
  endloop
 endfacet
 facet normal 0 0.903989 -0.427555
  outer loop
   vertex -32.500000 -2.297087 -4.313280
   vertex -32.500000 -1.913169 -3.501553
   vertex 32.500000 -1.913169 -3.501553
  endloop
 endfacet
 facet normal 0 0.903989 -0.427555
  outer loop
   vertex -32.500000 -2.297087 -4.313280
   vertex 32.500000 -1.913169 -3.501553
   vertex 32.500000 -2.297087 -4.313280
  endloop
 endfacet
 facet normal -1 0 0
  outer loop
   vertex -32.500000 -10.366667 0.000000
   vertex -32.500000 -1.913169 -3.501553
   vertex -32.500000 -2.297087 -4.313280
  endloop
 endfacet
 facet normal 1 0 0
  outer loop
   vertex 32.500000 -10.366667 0.000000
   vertex 32.500000 -2.297087 -4.313280
   vertex 32.500000 -1.913169 -3.501553
  endloop
 endfacet
 facet normal 0 0.941544 -0.33689
  outer loop
   vertex -32.500000 -1.913169 -3.501553
   vertex -32.500000 -1.610663 -2.656105
   vertex 32.500000 -1.610663 -2.656105
  endloop
 endfacet
 facet normal 0 0.941544 -0.33689
  outer loop
   vertex -32.500000 -1.913169 -3.501553
   vertex 32.500000 -1.610663 -2.656105
   vertex 32.500000 -1.913169 -3.501553
  endloop
 endfacet
 facet normal -1 0 0
  outer loop
   vertex -32.500000 -10.366667 0.000000
   vertex -32.500000 -1.610663 -2.656105
   vertex -32.500000 -1.913169 -3.501553
  endloop
 endfacet
 facet normal 1 0 0
  outer loop
   vertex 32.500000 -10.366667 0.000000
   vertex 32.500000 -1.913169 -3.501553
   vertex 32.500000 -1.610663 -2.656105
  endloop
 endfacet
 facet normal 0 0.970031 -0.24298
  outer loop
   vertex -32.500000 -1.610663 -2.656105
   vertex -32.500000 -1.392481 -1.785076
   vertex 32.500000 -1.392481 -1.785076
  endloop
 endfacet
 facet normal 0 0.970031 -0.24298
  outer loop
   vertex -32.500000 -1.610663 -2.656105
   vertex 32.500000 -1.392481 -1.785076
   vertex 32.500000 -1.610663 -2.656105
  endloop
 endfacet
 facet normal -1 0 0
  outer loop
   vertex -32.500000 -10.366667 0.000000
   vertex -32.500000 -1.392481 -1.785076
   vertex -32.500000 -1.610663 -2.656105
  endloop
 endfacet
 facet normal 1 0 0
  outer loop
   vertex 32.500000 -10.366667 0.000000
   vertex 32.500000 -1.610663 -2.656105
   vertex 32.500000 -1.392481 -1.785076
  endloop
 endfacet
 facet normal 0 0.989177 -0.14673
  outer loop
   vertex -32.500000 -1.392481 -1.785076
   vertex -32.500000 -1.260726 -0.896857
   vertex 32.500000 -1.260726 -0.896857
  endloop
 endfacet
 facet normal 0 0.989177 -0.14673
  outer loop
   vertex -32.500000 -1.392481 -1.785076
   vertex 32.500000 -1.260726 -0.896857
   vertex 32.500000 -1.392481 -1.785076
  endloop
 endfacet
 facet normal -1 0 0
  outer loop
   vertex -32.500000 -10.366667 0.000000
   vertex -32.500000 -1.260726 -0.896857
   vertex -32.500000 -1.392481 -1.785076
  endloop
 endfacet
 facet normal 1 0 0
  outer loop
   vertex 32.500000 -10.366667 0.000000
   vertex 32.500000 -1.392481 -1.785076
   vertex 32.500000 -1.260726 -0.896857
  endloop
 endfacet
 facet normal 0 0.998795 -0.0490677
  outer loop
   vertex -32.500000 -1.260726 -0.896857
   vertex -32.500000 -1.216667 -0.000000
   vertex 32.500000 -1.216667 -0.000000
  endloop
 endfacet
 facet normal 0 0.998795 -0.0490677
  outer loop
   vertex -32.500000 -1.260726 -0.896857
   vertex 32.500000 -1.216667 -0.000000
   vertex 32.500000 -1.260726 -0.896857
  endloop
 endfacet
 facet normal -1 0 0
  outer loop
   vertex -32.500000 -10.366667 0.000000
   vertex -32.500000 -1.216667 -0.000000
   vertex -32.500000 -1.260726 -0.896857
  endloop
 endfacet
 facet normal 1 0 0
  outer loop
   vertex 32.500000 -10.366667 0.000000
   vertex 32.500000 -1.260726 -0.896857
   vertex 32.500000 -1.216667 -0.000000
  endloop
 endfacet
 facet normal 0 0.998795 0.0490677
  outer loop
   vertex -32.500000 19.516667 0.000000
   vertex -32.500000 19.472607 0.896857
   vertex 32.500000 19.472607 0.896857
  endloop
 endfacet
 facet normal -0 0.998795 0.0490677
  outer loop
   vertex -32.500000 19.516667 0.000000
   vertex 32.500000 19.472607 0.896857
   vertex 32.500000 19.516667 0.000000
  endloop
 endfacet
 facet normal -1 0 0
  outer loop
   vertex -32.500000 10.366667 0.000000
   vertex -32.500000 19.472607 0.896857
   vertex -32.500000 19.516667 0.000000
  endloop
 endfacet
 facet normal 1 0 0
  outer loop
   vertex 32.500000 10.366667 0.000000
   vertex 32.500000 19.516667 0.000000
   vertex 32.500000 19.472607 0.896857
  endloop
 endfacet
 facet normal 0 0.989177 0.14673
  outer loop
   vertex -32.500000 19.472607 0.896857
   vertex -32.500000 19.340852 1.785076
   vertex 32.500000 19.340852 1.785076
  endloop
 endfacet
 facet normal -0 0.989177 0.14673
  outer loop
   vertex -32.500000 19.472607 0.896857
   vertex 32.500000 19.340852 1.785076
   vertex 32.500000 19.472607 0.896857
  endloop
 endfacet
 facet normal -1 0 0
  outer loop
   vertex -32.500000 10.366667 0.000000
   vertex -32.500000 19.340852 1.785076
   vertex -32.500000 19.472607 0.896857
  endloop
 endfacet
 facet normal 1 0 0
  outer loop
   vertex 32.500000 10.366667 0.000000
   vertex 32.500000 19.472607 0.896857
   vertex 32.500000 19.340852 1.785076
  endloop
 endfacet
 facet normal 0 0.970031 0.24298
  outer loop
   vertex -32.500000 19.340852 1.785076
   vertex -32.500000 19.122671 2.656105
   vertex 32.500000 19.122671 2.656105
  endloop
 endfacet
 facet normal -0 0.970031 0.24298
  outer loop
   vertex -32.500000 19.340852 1.785076
   vertex 32.500000 19.122671 2.656105
   vertex 32.500000 19.340852 1.785076
  endloop
 endfacet
 facet normal -1 0 0
  outer loop
   vertex -32.500000 10.366667 0.000000
   vertex -32.500000 19.122671 2.656105
   vertex -32.500000 19.340852 1.785076
  endloop
 endfacet
 facet normal 1 0 0
  outer loop
   vertex 32.500000 10.366667 0.000000
   vertex 32.500000 19.340852 1.785076
   vertex 32.500000 19.122671 2.656105
  endloop
 endfacet
 facet normal 0 0.941544 0.33689
  outer loop
   vertex -32.500000 19.122671 2.656105
   vertex -32.500000 18.820164 3.501553
   vertex 32.500000 18.820164 3.501553
  endloop
 endfacet
 facet normal -0 0.941544 0.33689
  outer loop
   vertex -32.500000 19.122671 2.656105
   vertex 32.500000 18.820164 3.501553
   vertex 32.500000 19.122671 2.656105
  endloop
 endfacet
 facet normal -1 0 0
  outer loop
   vertex -32.500000 10.366667 0.000000
   vertex -32.500000 18.820164 3.501553
   vertex -32.500000 19.122671 2.656105
  endloop
 endfacet
 facet normal 1 0 0
  outer loop
   vertex 32.500000 10.366667 0.000000
   vertex 32.500000 19.122671 2.656105
   vertex 32.500000 18.820164 3.501553
  endloop
 endfacet
 facet normal 0 0.903989 0.427555
  outer loop
   vertex -32.500000 18.820164 3.501553
   vertex -32.500000 18.436246 4.313280
   vertex 32.500000 18.436246 4.313280
  endloop
 endfacet
 facet normal -0 0.903989 0.427555
  outer loop
   vertex -32.500000 18.820164 3.501553
   vertex 32.500000 18.436246 4.313280
   vertex 32.500000 18.820164 3.501553
  endloop
 endfacet
 facet normal -1 0 0
  outer loop
   vertex -32.500000 10.366667 0.000000
   vertex -32.500000 18.436246 4.313280
   vertex -32.500000 18.820164 3.501553
  endloop
 endfacet
 facet normal 1 0 0
  outer loop
   vertex 32.500000 10.366667 0.000000
   vertex 32.500000 18.820164 3.501553
   vertex 32.500000 18.436246 4.313280
  endloop
 endfacet
 facet normal 0 0.857729 0.514103
  outer loop
   vertex -32.500000 18.436246 4.313280
   vertex -32.500000 17.974614 5.083468
   vertex 32.500000 17.974614 5.083468
  endloop
 endfacet
 facet normal -0 0.857729 0.514103
  outer loop
   vertex -32.500000 18.436246 4.313280
   vertex 32.500000 17.974614 5.083468
   vertex 32.500000 18.436246 4.313280
  endloop
 endfacet
 facet normal -1 0 0
  outer loop
   vertex -32.500000 10.366667 0.000000
   vertex -32.500000 17.974614 5.083468
   vertex -32.500000 18.436246 4.313280
  endloop
 endfacet
 facet normal 1 0 0
  outer loop
   vertex 32.500000 10.366667 0.000000
   vertex 32.500000 18.436246 4.313280
   vertex 32.500000 17.974614 5.083468
  endloop
 endfacet
 facet normal 0 0.803208 0.595699
  outer loop
   vertex -32.500000 17.974614 5.083468
   vertex -32.500000 17.439712 5.804699
   vertex 32.500000 17.439712 5.804699
  endloop
 endfacet
 facet normal -0 0.803208 0.595699
  outer loop
   vertex -32.500000 17.974614 5.083468
   vertex 32.500000 17.439712 5.804699
   vertex 32.500000 17.974614 5.083468
  endloop
 endfacet
 facet normal -1 0 0
  outer loop
   vertex -32.500000 10.366667 0.000000
   vertex -32.500000 17.439712 5.804699
   vertex -32.500000 17.974614 5.083468
  endloop
 endfacet
 facet normal 1 0 0
  outer loop
   vertex 32.500000 10.366667 0.000000
   vertex 32.500000 17.974614 5.083468
   vertex 32.500000 17.439712 5.804699
  endloop
 endfacet
 facet normal 0 0.740951 0.671559
  outer loop
   vertex -32.500000 17.439712 5.804699
   vertex -32.500000 16.836694 6.470027
   vertex 32.500000 16.836694 6.470027
  endloop
 endfacet
 facet normal -0 0.740951 0.671559
  outer loop
   vertex -32.500000 17.439712 5.804699
   vertex 32.500000 16.836694 6.470027
   vertex 32.500000 17.439712 5.804699
  endloop
 endfacet
 facet normal -1 0 0
  outer loop
   vertex -32.500000 10.366667 0.000000
   vertex -32.500000 16.836694 6.470027
   vertex -32.500000 17.439712 5.804699
  endloop
 endfacet
 facet normal 1 0 0
  outer loop
   vertex 32.500000 10.366667 0.000000
   vertex 32.500000 17.439712 5.804699
   vertex 32.500000 16.836694 6.470027
  endloop
 endfacet
 facet normal 0 0.671559 0.740951
  outer loop
   vertex -32.500000 16.836694 6.470027
   vertex -32.500000 16.171365 7.073046
   vertex 32.500000 16.171365 7.073046
  endloop
 endfacet
 facet normal -0 0.671559 0.740951
  outer loop
   vertex -32.500000 16.836694 6.470027
   vertex 32.500000 16.171365 7.073046
   vertex 32.500000 16.836694 6.470027
  endloop
 endfacet
 facet normal -1 0 0
  outer loop
   vertex -32.500000 10.366667 0.000000
   vertex -32.500000 16.171365 7.073046
   vertex -32.500000 16.836694 6.470027
  endloop
 endfacet
 facet normal 1 0 0
  outer loop
   vertex 32.500000 10.366667 0.000000
   vertex 32.500000 16.836694 6.470027
   vertex 32.500000 16.171365 7.073046
  endloop
 endfacet
 facet normal 0 0.595699 0.803208
  outer loop
   vertex -32.500000 16.171365 7.073046
   vertex -32.500000 15.450134 7.607947
   vertex 32.500000 15.450134 7.607947
  endloop
 endfacet
 facet normal -0 0.595699 0.803208
  outer loop
   vertex -32.500000 16.171365 7.073046
   vertex 32.500000 15.450134 7.607947
   vertex 32.500000 16.171365 7.073046
  endloop
 endfacet
 facet normal -1 0 0
  outer loop
   vertex -32.500000 10.366667 0.000000
   vertex -32.500000 15.450134 7.607947
   vertex -32.500000 16.171365 7.073046
  endloop
 endfacet
 facet normal 1 0 0
  outer loop
   vertex 32.500000 10.366667 0.000000
   vertex 32.500000 16.171365 7.073046
   vertex 32.500000 15.450134 7.607947
  endloop
 endfacet
 facet normal 0 0.514103 0.857729
  outer loop
   vertex -32.500000 15.450134 7.607947
   vertex -32.500000 14.679947 8.069580
   vertex 32.500000 14.679947 8.069580
  endloop
 endfacet
 facet normal -0 0.514103 0.857729
  outer loop
   vertex -32.500000 15.450134 7.607947
   vertex 32.500000 14.679947 8.069580
   vertex 32.500000 15.450134 7.607947
  endloop
 endfacet
 facet normal -1 0 0
  outer loop
   vertex -32.500000 10.366667 0.000000
   vertex -32.500000 14.679947 8.069580
   vertex -32.500000 15.450134 7.607947
  endloop
 endfacet
 facet normal 1 0 0
  outer loop
   vertex 32.500000 10.366667 0.000000
   vertex 32.500000 15.450134 7.607947
   vertex 32.500000 14.679947 8.069580
  endloop
 endfacet
 facet normal 0 0.427555 0.903989
  outer loop
   vertex -32.500000 14.679947 8.069580
   vertex -32.500000 13.868220 8.453498
   vertex 32.500000 13.868220 8.453498
  endloop
 endfacet
 facet normal -0 0.427555 0.903989
  outer loop
   vertex -32.500000 14.679947 8.069580
   vertex 32.500000 13.868220 8.453498
   vertex 32.500000 14.679947 8.069580
  endloop
 endfacet
 facet normal -1 0 0
  outer loop
   vertex -32.500000 10.366667 0.000000
   vertex -32.500000 13.868220 8.453498
   vertex -32.500000 14.679947 8.069580
  endloop
 endfacet
 facet normal 1 0 0
  outer loop
   vertex 32.500000 10.366667 0.000000
   vertex 32.500000 14.679947 8.069580
   vertex 32.500000 13.868220 8.453498
  endloop
 endfacet
 facet normal 0 0.33689 0.941544
  outer loop
   vertex -32.500000 13.868220 8.453498
   vertex -32.500000 13.022771 8.756004
   vertex 32.500000 13.022771 8.756004
  endloop
 endfacet
 facet normal -0 0.33689 0.941544
  outer loop
   vertex -32.500000 13.868220 8.453498
   vertex 32.500000 13.022771 8.756004
   vertex 32.500000 13.868220 8.453498
  endloop
 endfacet
 facet normal -1 0 0
  outer loop
   vertex -32.500000 10.366667 0.000000
   vertex -32.500000 13.022771 8.756004
   vertex -32.500000 13.868220 8.453498
  endloop
 endfacet
 facet normal 1 0 0
  outer loop
   vertex 32.500000 10.366667 0.000000
   vertex 32.500000 13.868220 8.453498
   vertex 32.500000 13.022771 8.756004
  endloop
 endfacet
 facet normal 0 0.24298 0.970031
  outer loop
   vertex -32.500000 13.022771 8.756004
   vertex -32.500000 12.151743 8.974185
   vertex 32.500000 12.151743 8.974185
  endloop
 endfacet
 facet normal -0 0.24298 0.970031
  outer loop
   vertex -32.500000 13.022771 8.756004
   vertex 32.500000 12.151743 8.974185
   vertex 32.500000 13.022771 8.756004
  endloop
 endfacet
 facet normal -1 0 0
  outer loop
   vertex -32.500000 10.366667 0.000000
   vertex -32.500000 12.151743 8.974185
   vertex -32.500000 13.022771 8.756004
  endloop
 endfacet
 facet normal 1 0 0
  outer loop
   vertex 32.500000 10.366667 0.000000
   vertex 32.500000 13.022771 8.756004
   vertex 32.500000 12.151743 8.974185
  endloop
 endfacet
 facet normal 0 0.14673 0.989177
  outer loop
   vertex -32.500000 12.151743 8.974185
   vertex -32.500000 11.263524 9.105940
   vertex 32.500000 11.263524 9.105940
  endloop
 endfacet
 facet normal -0 0.14673 0.989177
  outer loop
   vertex -32.500000 12.151743 8.974185
   vertex 32.500000 11.263524 9.105940
   vertex 32.500000 12.151743 8.974185
  endloop
 endfacet
 facet normal -1 0 0
  outer loop
   vertex -32.500000 10.366667 0.000000
   vertex -32.500000 11.263524 9.105940
   vertex -32.500000 12.151743 8.974185
  endloop
 endfacet
 facet normal 1 0 0
  outer loop
   vertex 32.500000 10.366667 0.000000
   vertex 32.500000 12.151743 8.974185
   vertex 32.500000 11.263524 9.105940
  endloop
 endfacet
 facet normal 0 0.0490677 0.998795
  outer loop
   vertex -32.500000 11.263524 9.105940
   vertex -32.500000 10.366667 9.150000
   vertex 32.500000 10.366667 9.150000
  endloop
 endfacet
 facet normal -0 0.0490677 0.998795
  outer loop
   vertex -32.500000 11.263524 9.105940
   vertex 32.500000 10.366667 9.150000
   vertex 32.500000 11.263524 9.105940
  endloop
 endfacet
 facet normal -1 0 0
  outer loop
   vertex -32.500000 10.366667 0.000000
   vertex -32.500000 10.366667 9.150000
   vertex -32.500000 11.263524 9.105940
  endloop
 endfacet
 facet normal 1 0 0
  outer loop
   vertex 32.500000 10.366667 0.000000
   vertex 32.500000 11.263524 9.105940
   vertex 32.500000 10.366667 9.150000
  endloop
 endfacet
 facet normal 0 -0.0490677 0.998795
  outer loop
   vertex -32.500000 10.366667 9.150000
   vertex -32.500000 9.469810 9.105940
   vertex 32.500000 9.469810 9.105940
  endloop
 endfacet
 facet normal 0 -0.0490677 0.998795
  outer loop
   vertex -32.500000 10.366667 9.150000
   vertex 32.500000 9.469810 9.105940
   vertex 32.500000 10.366667 9.150000
  endloop
 endfacet
 facet normal -1 0 0
  outer loop
   vertex -32.500000 10.366667 0.000000
   vertex -32.500000 9.469810 9.105940
   vertex -32.500000 10.366667 9.150000
  endloop
 endfacet
 facet normal 1 0 -0
  outer loop
   vertex 32.500000 10.366667 0.000000
   vertex 32.500000 10.366667 9.150000
   vertex 32.500000 9.469810 9.105940
  endloop
 endfacet
 facet normal 0 -0.14673 0.989177
  outer loop
   vertex -32.500000 9.469810 9.105940
   vertex -32.500000 8.581590 8.974185
   vertex 32.500000 8.581590 8.974185
  endloop
 endfacet
 facet normal 0 -0.14673 0.989177
  outer loop
   vertex -32.500000 9.469810 9.105940
   vertex 32.500000 8.581590 8.974185
   vertex 32.500000 9.469810 9.105940
  endloop
 endfacet
 facet normal -1 0 0
  outer loop
   vertex -32.500000 10.366667 0.000000
   vertex -32.500000 8.581590 8.974185
   vertex -32.500000 9.469810 9.105940
  endloop
 endfacet
 facet normal 1 0 0
  outer loop
   vertex 32.500000 10.366667 0.000000
   vertex 32.500000 9.469810 9.105940
   vertex 32.500000 8.581590 8.974185
  endloop
 endfacet
 facet normal 0 -0.24298 0.970031
  outer loop
   vertex -32.500000 8.581590 8.974185
   vertex -32.500000 7.710562 8.756004
   vertex 32.500000 7.710562 8.756004
  endloop
 endfacet
 facet normal 0 -0.24298 0.970031
  outer loop
   vertex -32.500000 8.581590 8.974185
   vertex 32.500000 7.710562 8.756004
   vertex 32.500000 8.581590 8.974185
  endloop
 endfacet
 facet normal -1 0 0
  outer loop
   vertex -32.500000 10.366667 0.000000
   vertex -32.500000 7.710562 8.756004
   vertex -32.500000 8.581590 8.974185
  endloop
 endfacet
 facet normal 1 0 0
  outer loop
   vertex 32.500000 10.366667 0.000000
   vertex 32.500000 8.581590 8.974185
   vertex 32.500000 7.710562 8.756004
  endloop
 endfacet
 facet normal 0 -0.33689 0.941544
  outer loop
   vertex -32.500000 7.710562 8.756004
   vertex -32.500000 6.865113 8.453498
   vertex 32.500000 6.865113 8.453498
  endloop
 endfacet
 facet normal 0 -0.33689 0.941544
  outer loop
   vertex -32.500000 7.710562 8.756004
   vertex 32.500000 6.865113 8.453498
   vertex 32.500000 7.710562 8.756004
  endloop
 endfacet
 facet normal -1 0 0
  outer loop
   vertex -32.500000 10.366667 0.000000
   vertex -32.500000 6.865113 8.453498
   vertex -32.500000 7.710562 8.756004
  endloop
 endfacet
 facet normal 1 0 0
  outer loop
   vertex 32.500000 10.366667 0.000000
   vertex 32.500000 7.710562 8.756004
   vertex 32.500000 6.865113 8.453498
  endloop
 endfacet
 facet normal 0 -0.427555 0.903989
  outer loop
   vertex -32.500000 6.865113 8.453498
   vertex -32.500000 6.053387 8.069580
   vertex 32.500000 6.053387 8.069580
  endloop
 endfacet
 facet normal 0 -0.427555 0.903989
  outer loop
   vertex -32.500000 6.865113 8.453498
   vertex 32.500000 6.053387 8.069580
   vertex 32.500000 6.865113 8.453498
  endloop
 endfacet
 facet normal -1 0 0
  outer loop
   vertex -32.500000 10.366667 0.000000
   vertex -32.500000 6.053387 8.069580
   vertex -32.500000 6.865113 8.453498
  endloop
 endfacet
 facet normal 1 0 0
  outer loop
   vertex 32.500000 10.366667 0.000000
   vertex 32.500000 6.865113 8.453498
   vertex 32.500000 6.053387 8.069580
  endloop
 endfacet
 facet normal 0 -0.514103 0.857729
  outer loop
   vertex -32.500000 6.053387 8.069580
   vertex -32.500000 5.283199 7.607947
   vertex 32.500000 5.283199 7.607947
  endloop
 endfacet
 facet normal 0 -0.514103 0.857729
  outer loop
   vertex -32.500000 6.053387 8.069580
   vertex 32.500000 5.283199 7.607947
   vertex 32.500000 6.053387 8.069580
  endloop
 endfacet
 facet normal -1 0 0
  outer loop
   vertex -32.500000 10.366667 0.000000
   vertex -32.500000 5.283199 7.607947
   vertex -32.500000 6.053387 8.069580
  endloop
 endfacet
 facet normal 1 0 0
  outer loop
   vertex 32.500000 10.366667 0.000000
   vertex 32.500000 6.053387 8.069580
   vertex 32.500000 5.283199 7.607947
  endloop
 endfacet
 facet normal 0 -0.595699 0.803208
  outer loop
   vertex -32.500000 5.283199 7.607947
   vertex -32.500000 4.561968 7.073046
   vertex 32.500000 4.561968 7.073046
  endloop
 endfacet
 facet normal 0 -0.595699 0.803208
  outer loop
   vertex -32.500000 5.283199 7.607947
   vertex 32.500000 4.561968 7.073046
   vertex 32.500000 5.283199 7.607947
  endloop
 endfacet
 facet normal -1 0 0
  outer loop
   vertex -32.500000 10.366667 0.000000
   vertex -32.500000 4.561968 7.073046
   vertex -32.500000 5.283199 7.607947
  endloop
 endfacet
 facet normal 1 0 0
  outer loop
   vertex 32.500000 10.366667 0.000000
   vertex 32.500000 5.283199 7.607947
   vertex 32.500000 4.561968 7.073046
  endloop
 endfacet
 facet normal 0 -0.671559 0.740951
  outer loop
   vertex -32.500000 4.561968 7.073046
   vertex -32.500000 3.896640 6.470027
   vertex 32.500000 3.896640 6.470027
  endloop
 endfacet
 facet normal 0 -0.671559 0.740951
  outer loop
   vertex -32.500000 4.561968 7.073046
   vertex 32.500000 3.896640 6.470027
   vertex 32.500000 4.561968 7.073046
  endloop
 endfacet
 facet normal -1 0 0
  outer loop
   vertex -32.500000 10.366667 0.000000
   vertex -32.500000 3.896640 6.470027
   vertex -32.500000 4.561968 7.073046
  endloop
 endfacet
 facet normal 1 0 0
  outer loop
   vertex 32.500000 10.366667 0.000000
   vertex 32.500000 4.561968 7.073046
   vertex 32.500000 3.896640 6.470027
  endloop
 endfacet
 facet normal 0 -0.740951 0.671559
  outer loop
   vertex -32.500000 3.896640 6.470027
   vertex -32.500000 3.293621 5.804699
   vertex 32.500000 3.293621 5.804699
  endloop
 endfacet
 facet normal 0 -0.740951 0.671559
  outer loop
   vertex -32.500000 3.896640 6.470027
   vertex 32.500000 3.293621 5.804699
   vertex 32.500000 3.896640 6.470027
  endloop
 endfacet
 facet normal -1 0 0
  outer loop
   vertex -32.500000 10.366667 0.000000
   vertex -32.500000 3.293621 5.804699
   vertex -32.500000 3.896640 6.470027
  endloop
 endfacet
 facet normal 1 0 0
  outer loop
   vertex 32.500000 10.366667 0.000000
   vertex 32.500000 3.896640 6.470027
   vertex 32.500000 3.293621 5.804699
  endloop
 endfacet
 facet normal 0 -0.803208 0.595699
  outer loop
   vertex -32.500000 3.293621 5.804699
   vertex -32.500000 2.758720 5.083468
   vertex 32.500000 2.758720 5.083468
  endloop
 endfacet
 facet normal 0 -0.803208 0.595699
  outer loop
   vertex -32.500000 3.293621 5.804699
   vertex 32.500000 2.758720 5.083468
   vertex 32.500000 3.293621 5.804699
  endloop
 endfacet
 facet normal -1 0 0
  outer loop
   vertex -32.500000 10.366667 0.000000
   vertex -32.500000 2.758720 5.083468
   vertex -32.500000 3.293621 5.804699
  endloop
 endfacet
 facet normal 1 0 0
  outer loop
   vertex 32.500000 10.366667 0.000000
   vertex 32.500000 3.293621 5.804699
   vertex 32.500000 2.758720 5.083468
  endloop
 endfacet
 facet normal 0 -0.857729 0.514103
  outer loop
   vertex -32.500000 2.758720 5.083468
   vertex -32.500000 2.297087 4.313280
   vertex 32.500000 2.297087 4.313280
  endloop
 endfacet
 facet normal 0 -0.857729 0.514103
  outer loop
   vertex -32.500000 2.758720 5.083468
   vertex 32.500000 2.297087 4.313280
   vertex 32.500000 2.758720 5.083468
  endloop
 endfacet
 facet normal -1 0 0
  outer loop
   vertex -32.500000 10.366667 0.000000
   vertex -32.500000 2.297087 4.313280
   vertex -32.500000 2.758720 5.083468
  endloop
 endfacet
 facet normal 1 0 0
  outer loop
   vertex 32.500000 10.366667 0.000000
   vertex 32.500000 2.758720 5.083468
   vertex 32.500000 2.297087 4.313280
  endloop
 endfacet
 facet normal 0 -0.903989 0.427555
  outer loop
   vertex -32.500000 2.297087 4.313280
   vertex -32.500000 1.913169 3.501553
   vertex 32.500000 1.913169 3.501553
  endloop
 endfacet
 facet normal 0 -0.903989 0.427555
  outer loop
   vertex -32.500000 2.297087 4.313280
   vertex 32.500000 1.913169 3.501553
   vertex 32.500000 2.297087 4.313280
  endloop
 endfacet
 facet normal -1 0 0
  outer loop
   vertex -32.500000 10.366667 0.000000
   vertex -32.500000 1.913169 3.501553
   vertex -32.500000 2.297087 4.313280
  endloop
 endfacet
 facet normal 1 0 0
  outer loop
   vertex 32.500000 10.366667 0.000000
   vertex 32.500000 2.297087 4.313280
   vertex 32.500000 1.913169 3.501553
  endloop
 endfacet
 facet normal 0 -0.941544 0.33689
  outer loop
   vertex -32.500000 1.913169 3.501553
   vertex -32.500000 1.610663 2.656105
   vertex 32.500000 1.610663 2.656105
  endloop
 endfacet
 facet normal 0 -0.941544 0.33689
  outer loop
   vertex -32.500000 1.913169 3.501553
   vertex 32.500000 1.610663 2.656105
   vertex 32.500000 1.913169 3.501553
  endloop
 endfacet
 facet normal -1 0 0
  outer loop
   vertex -32.500000 10.366667 0.000000
   vertex -32.500000 1.610663 2.656105
   vertex -32.500000 1.913169 3.501553
  endloop
 endfacet
 facet normal 1 0 0
  outer loop
   vertex 32.500000 10.366667 0.000000
   vertex 32.500000 1.913169 3.501553
   vertex 32.500000 1.610663 2.656105
  endloop
 endfacet
 facet normal 0 -0.970031 0.24298
  outer loop
   vertex -32.500000 1.610663 2.656105
   vertex -32.500000 1.392481 1.785076
   vertex 32.500000 1.392481 1.785076
  endloop
 endfacet
 facet normal 0 -0.970031 0.24298
  outer loop
   vertex -32.500000 1.610663 2.656105
   vertex 32.500000 1.392481 1.785076
   vertex 32.500000 1.610663 2.656105
  endloop
 endfacet
 facet normal -1 0 0
  outer loop
   vertex -32.500000 10.366667 0.000000
   vertex -32.500000 1.392481 1.785076
   vertex -32.500000 1.610663 2.656105
  endloop
 endfacet
 facet normal 1 0 0
  outer loop
   vertex 32.500000 10.366667 0.000000
   vertex 32.500000 1.610663 2.656105
   vertex 32.500000 1.392481 1.785076
  endloop
 endfacet
 facet normal 0 -0.989177 0.14673
  outer loop
   vertex -32.500000 1.392481 1.785076
   vertex -32.500000 1.260726 0.896857
   vertex 32.500000 1.260726 0.896857
  endloop
 endfacet
 facet normal 0 -0.989177 0.14673
  outer loop
   vertex -32.500000 1.392481 1.785076
   vertex 32.500000 1.260726 0.896857
   vertex 32.500000 1.392481 1.785076
  endloop
 endfacet
 facet normal -1 0 0
  outer loop
   vertex -32.500000 10.366667 0.000000
   vertex -32.500000 1.260726 0.896857
   vertex -32.500000 1.392481 1.785076
  endloop
 endfacet
 facet normal 1 0 0
  outer loop
   vertex 32.500000 10.366667 0.000000
   vertex 32.500000 1.392481 1.785076
   vertex 32.500000 1.260726 0.896857
  endloop
 endfacet
 facet normal 0 -0.998795 0.0490677
  outer loop
   vertex -32.500000 1.260726 0.896857
   vertex -32.500000 1.216667 0.000000
   vertex 32.500000 1.216667 0.000000
  endloop
 endfacet
 facet normal 0 -0.998795 0.0490677
  outer loop
   vertex -32.500000 1.260726 0.896857
   vertex 32.500000 1.216667 0.000000
   vertex 32.500000 1.260726 0.896857
  endloop
 endfacet
 facet normal -1 0 0
  outer loop
   vertex -32.500000 10.366667 0.000000
   vertex -32.500000 1.216667 0.000000
   vertex -32.500000 1.260726 0.896857
  endloop
 endfacet
 facet normal 1 0 0
  outer loop
   vertex 32.500000 10.366667 0.000000
   vertex 32.500000 1.260726 0.896857
   vertex 32.500000 1.216667 0.000000
  endloop
 endfacet
 facet normal 0 -0.998795 -0.0490677
  outer loop
   vertex -32.500000 1.216667 0.000000
   vertex -32.500000 1.260726 -0.896857
   vertex 32.500000 1.260726 -0.896857
  endloop
 endfacet
 facet normal 0 -0.998795 -0.0490677
  outer loop
   vertex -32.500000 1.216667 0.000000
   vertex 32.500000 1.260726 -0.896857
   vertex 32.500000 1.216667 0.000000
  endloop
 endfacet
 facet normal -1 -0 0
  outer loop
   vertex -32.500000 10.366667 0.000000
   vertex -32.500000 1.260726 -0.896857
   vertex -32.500000 1.216667 0.000000
  endloop
 endfacet
 facet normal 1 0 0
  outer loop
   vertex 32.500000 10.366667 0.000000
   vertex 32.500000 1.216667 0.000000
   vertex 32.500000 1.260726 -0.896857
  endloop
 endfacet
 facet normal 0 -0.989177 -0.14673
  outer loop
   vertex -32.500000 1.260726 -0.896857
   vertex -32.500000 1.392481 -1.785076
   vertex 32.500000 1.392481 -1.785076
  endloop
 endfacet
 facet normal 0 -0.989177 -0.14673
  outer loop
   vertex -32.500000 1.260726 -0.896857
   vertex 32.500000 1.392481 -1.785076
   vertex 32.500000 1.260726 -0.896857
  endloop
 endfacet
 facet normal -1 0 0
  outer loop
   vertex -32.500000 10.366667 0.000000
   vertex -32.500000 1.392481 -1.785076
   vertex -32.500000 1.260726 -0.896857
  endloop
 endfacet
 facet normal 1 0 0
  outer loop
   vertex 32.500000 10.366667 0.000000
   vertex 32.500000 1.260726 -0.896857
   vertex 32.500000 1.392481 -1.785076
  endloop
 endfacet
 facet normal 0 -0.970031 -0.24298
  outer loop
   vertex -32.500000 1.392481 -1.785076
   vertex -32.500000 1.610663 -2.656105
   vertex 32.500000 1.610663 -2.656105
  endloop
 endfacet
 facet normal 0 -0.970031 -0.24298
  outer loop
   vertex -32.500000 1.392481 -1.785076
   vertex 32.500000 1.610663 -2.656105
   vertex 32.500000 1.392481 -1.785076
  endloop
 endfacet
 facet normal -1 0 0
  outer loop
   vertex -32.500000 10.366667 0.000000
   vertex -32.500000 1.610663 -2.656105
   vertex -32.500000 1.392481 -1.785076
  endloop
 endfacet
 facet normal 1 0 0
  outer loop
   vertex 32.500000 10.366667 0.000000
   vertex 32.500000 1.392481 -1.785076
   vertex 32.500000 1.610663 -2.656105
  endloop
 endfacet
 facet normal 0 -0.941544 -0.33689
  outer loop
   vertex -32.500000 1.610663 -2.656105
   vertex -32.500000 1.913169 -3.501553
   vertex 32.500000 1.913169 -3.501553
  endloop
 endfacet
 facet normal 0 -0.941544 -0.33689
  outer loop
   vertex -32.500000 1.610663 -2.656105
   vertex 32.500000 1.913169 -3.501553
   vertex 32.500000 1.610663 -2.656105
  endloop
 endfacet
 facet normal -1 0 0
  outer loop
   vertex -32.500000 10.366667 0.000000
   vertex -32.500000 1.913169 -3.501553
   vertex -32.500000 1.610663 -2.656105
  endloop
 endfacet
 facet normal 1 0 0
  outer loop
   vertex 32.500000 10.366667 0.000000
   vertex 32.500000 1.610663 -2.656105
   vertex 32.500000 1.913169 -3.501553
  endloop
 endfacet
 facet normal 0 -0.903989 -0.427555
  outer loop
   vertex -32.500000 1.913169 -3.501553
   vertex -32.500000 2.297087 -4.313280
   vertex 32.500000 2.297087 -4.313280
  endloop
 endfacet
 facet normal 0 -0.903989 -0.427555
  outer loop
   vertex -32.500000 1.913169 -3.501553
   vertex 32.500000 2.297087 -4.313280
   vertex 32.500000 1.913169 -3.501553
  endloop
 endfacet
 facet normal -1 0 0
  outer loop
   vertex -32.500000 10.366667 0.000000
   vertex -32.500000 2.297087 -4.313280
   vertex -32.500000 1.913169 -3.501553
  endloop
 endfacet
 facet normal 1 0 0
  outer loop
   vertex 32.500000 10.366667 0.000000
   vertex 32.500000 1.913169 -3.501553
   vertex 32.500000 2.297087 -4.313280
  endloop
 endfacet
 facet normal 0 -0.857729 -0.514103
  outer loop
   vertex -32.500000 2.297087 -4.313280
   vertex -32.500000 2.758720 -5.083468
   vertex 32.500000 2.758720 -5.083468
  endloop
 endfacet
 facet normal 0 -0.857729 -0.514103
  outer loop
   vertex -32.500000 2.297087 -4.313280
   vertex 32.500000 2.758720 -5.083468
   vertex 32.500000 2.297087 -4.313280
  endloop
 endfacet
 facet normal -1 0 0
  outer loop
   vertex -32.500000 10.366667 0.000000
   vertex -32.500000 2.758720 -5.083468
   vertex -32.500000 2.297087 -4.313280
  endloop
 endfacet
 facet normal 1 0 0
  outer loop
   vertex 32.500000 10.366667 0.000000
   vertex 32.500000 2.297087 -4.313280
   vertex 32.500000 2.758720 -5.083468
  endloop
 endfacet
 facet normal 0 -0.803208 -0.595699
  outer loop
   vertex -32.500000 2.758720 -5.083468
   vertex -32.500000 3.293621 -5.804699
   vertex 32.500000 3.293621 -5.804699
  endloop
 endfacet
 facet normal 0 -0.803208 -0.595699
  outer loop
   vertex -32.500000 2.758720 -5.083468
   vertex 32.500000 3.293621 -5.804699
   vertex 32.500000 2.758720 -5.083468
  endloop
 endfacet
 facet normal -1 0 0
  outer loop
   vertex -32.500000 10.366667 0.000000
   vertex -32.500000 3.293621 -5.804699
   vertex -32.500000 2.758720 -5.083468
  endloop
 endfacet
 facet normal 1 0 0
  outer loop
   vertex 32.500000 10.366667 0.000000
   vertex 32.500000 2.758720 -5.083468
   vertex 32.500000 3.293621 -5.804699
  endloop
 endfacet
 facet normal 0 -0.740951 -0.671559
  outer loop
   vertex -32.500000 3.293621 -5.804699
   vertex -32.500000 3.896640 -6.470027
   vertex 32.500000 3.896640 -6.470027
  endloop
 endfacet
 facet normal 0 -0.740951 -0.671559
  outer loop
   vertex -32.500000 3.293621 -5.804699
   vertex 32.500000 3.896640 -6.470027
   vertex 32.500000 3.293621 -5.804699
  endloop
 endfacet
 facet normal -1 0 0
  outer loop
   vertex -32.500000 10.366667 0.000000
   vertex -32.500000 3.896640 -6.470027
   vertex -32.500000 3.293621 -5.804699
  endloop
 endfacet
 facet normal 1 0 0
  outer loop
   vertex 32.500000 10.366667 0.000000
   vertex 32.500000 3.293621 -5.804699
   vertex 32.500000 3.896640 -6.470027
  endloop
 endfacet
 facet normal 0 -0.671559 -0.740951
  outer loop
   vertex -32.500000 3.896640 -6.470027
   vertex -32.500000 4.561968 -7.073046
   vertex 32.500000 4.561968 -7.073046
  endloop
 endfacet
 facet normal 0 -0.671559 -0.740951
  outer loop
   vertex -32.500000 3.896640 -6.470027
   vertex 32.500000 4.561968 -7.073046
   vertex 32.500000 3.896640 -6.470027
  endloop
 endfacet
 facet normal -1 0 0
  outer loop
   vertex -32.500000 10.366667 0.000000
   vertex -32.500000 4.561968 -7.073046
   vertex -32.500000 3.896640 -6.470027
  endloop
 endfacet
 facet normal 1 0 0
  outer loop
   vertex 32.500000 10.366667 0.000000
   vertex 32.500000 3.896640 -6.470027
   vertex 32.500000 4.561968 -7.073046
  endloop
 endfacet
 facet normal 0 -0.595699 -0.803208
  outer loop
   vertex -32.500000 4.561968 -7.073046
   vertex -32.500000 5.283199 -7.607947
   vertex 32.500000 5.283199 -7.607947
  endloop
 endfacet
 facet normal 0 -0.595699 -0.803208
  outer loop
   vertex -32.500000 4.561968 -7.073046
   vertex 32.500000 5.283199 -7.607947
   vertex 32.500000 4.561968 -7.073046
  endloop
 endfacet
 facet normal -1 0 0
  outer loop
   vertex -32.500000 10.366667 0.000000
   vertex -32.500000 5.283199 -7.607947
   vertex -32.500000 4.561968 -7.073046
  endloop
 endfacet
 facet normal 1 0 0
  outer loop
   vertex 32.500000 10.366667 0.000000
   vertex 32.500000 4.561968 -7.073046
   vertex 32.500000 5.283199 -7.607947
  endloop
 endfacet
 facet normal 0 -0.514103 -0.857729
  outer loop
   vertex -32.500000 5.283199 -7.607947
   vertex -32.500000 6.053387 -8.069580
   vertex 32.500000 6.053387 -8.069580
  endloop
 endfacet
 facet normal 0 -0.514103 -0.857729
  outer loop
   vertex -32.500000 5.283199 -7.607947
   vertex 32.500000 6.053387 -8.069580
   vertex 32.500000 5.283199 -7.607947
  endloop
 endfacet
 facet normal -1 0 0
  outer loop
   vertex -32.500000 10.366667 0.000000
   vertex -32.500000 6.053387 -8.069580
   vertex -32.500000 5.283199 -7.607947
  endloop
 endfacet
 facet normal 1 0 0
  outer loop
   vertex 32.500000 10.366667 0.000000
   vertex 32.500000 5.283199 -7.607947
   vertex 32.500000 6.053387 -8.069580
  endloop
 endfacet
 facet normal 0 -0.427555 -0.903989
  outer loop
   vertex -32.500000 6.053387 -8.069580
   vertex -32.500000 6.865113 -8.453498
   vertex 32.500000 6.865113 -8.453498
  endloop
 endfacet
 facet normal 0 -0.427555 -0.903989
  outer loop
   vertex -32.500000 6.053387 -8.069580
   vertex 32.500000 6.865113 -8.453498
   vertex 32.500000 6.053387 -8.069580
  endloop
 endfacet
 facet normal -1 0 0
  outer loop
   vertex -32.500000 10.366667 0.000000
   vertex -32.500000 6.865113 -8.453498
   vertex -32.500000 6.053387 -8.069580
  endloop
 endfacet
 facet normal 1 0 0
  outer loop
   vertex 32.500000 10.366667 0.000000
   vertex 32.500000 6.053387 -8.069580
   vertex 32.500000 6.865113 -8.453498
  endloop
 endfacet
 facet normal 0 -0.33689 -0.941544
  outer loop
   vertex -32.500000 6.865113 -8.453498
   vertex -32.500000 7.710562 -8.756004
   vertex 32.500000 7.710562 -8.756004
  endloop
 endfacet
 facet normal 0 -0.33689 -0.941544
  outer loop
   vertex -32.500000 6.865113 -8.453498
   vertex 32.500000 7.710562 -8.756004
   vertex 32.500000 6.865113 -8.453498
  endloop
 endfacet
 facet normal -1 0 0
  outer loop
   vertex -32.500000 10.366667 0.000000
   vertex -32.500000 7.710562 -8.756004
   vertex -32.500000 6.865113 -8.453498
  endloop
 endfacet
 facet normal 1 0 0
  outer loop
   vertex 32.500000 10.366667 0.000000
   vertex 32.500000 6.865113 -8.453498
   vertex 32.500000 7.710562 -8.756004
  endloop
 endfacet
 facet normal 0 -0.24298 -0.970031
  outer loop
   vertex -32.500000 7.710562 -8.756004
   vertex -32.500000 8.581590 -8.974185
   vertex 32.500000 8.581590 -8.974185
  endloop
 endfacet
 facet normal 0 -0.24298 -0.970031
  outer loop
   vertex -32.500000 7.710562 -8.756004
   vertex 32.500000 8.581590 -8.974185
   vertex 32.500000 7.710562 -8.756004
  endloop
 endfacet
 facet normal -1 0 0
  outer loop
   vertex -32.500000 10.366667 0.000000
   vertex -32.500000 8.581590 -8.974185
   vertex -32.500000 7.710562 -8.756004
  endloop
 endfacet
 facet normal 1 0 0
  outer loop
   vertex 32.500000 10.366667 0.000000
   vertex 32.500000 7.710562 -8.756004
   vertex 32.500000 8.581590 -8.974185
  endloop
 endfacet
 facet normal 0 -0.14673 -0.989177
  outer loop
   vertex -32.500000 8.581590 -8.974185
   vertex -32.500000 9.469810 -9.105940
   vertex 32.500000 9.469810 -9.105940
  endloop
 endfacet
 facet normal 0 -0.14673 -0.989177
  outer loop
   vertex -32.500000 8.581590 -8.974185
   vertex 32.500000 9.469810 -9.105940
   vertex 32.500000 8.581590 -8.974185
  endloop
 endfacet
 facet normal -1 0 0
  outer loop
   vertex -32.500000 10.366667 0.000000
   vertex -32.500000 9.469810 -9.105940
   vertex -32.500000 8.581590 -8.974185
  endloop
 endfacet
 facet normal 1 0 0
  outer loop
   vertex 32.500000 10.366667 0.000000
   vertex 32.500000 8.581590 -8.974185
   vertex 32.500000 9.469810 -9.105940
  endloop
 endfacet
 facet normal 0 -0.0490677 -0.998795
  outer loop
   vertex -32.500000 9.469810 -9.105940
   vertex -32.500000 10.366667 -9.150000
   vertex 32.500000 10.366667 -9.150000
  endloop
 endfacet
 facet normal 0 -0.0490677 -0.998795
  outer loop
   vertex -32.500000 9.469810 -9.105940
   vertex 32.500000 10.366667 -9.150000
   vertex 32.500000 9.469810 -9.105940
  endloop
 endfacet
 facet normal -1 0 0
  outer loop
   vertex -32.500000 10.366667 0.000000
   vertex -32.500000 10.366667 -9.150000
   vertex -32.500000 9.469810 -9.105940
  endloop
 endfacet
 facet normal 1 0 0
  outer loop
   vertex 32.500000 10.366667 0.000000
   vertex 32.500000 9.469810 -9.105940
   vertex 32.500000 10.366667 -9.150000
  endloop
 endfacet
 facet normal 0 0.0490677 -0.998795
  outer loop
   vertex -32.500000 10.366667 -9.150000
   vertex -32.500000 11.263524 -9.105940
   vertex 32.500000 11.263524 -9.105940
  endloop
 endfacet
 facet normal 0 0.0490677 -0.998795
  outer loop
   vertex -32.500000 10.366667 -9.150000
   vertex 32.500000 11.263524 -9.105940
   vertex 32.500000 10.366667 -9.150000
  endloop
 endfacet
 facet normal -1 0 -0
  outer loop
   vertex -32.500000 10.366667 0.000000
   vertex -32.500000 11.263524 -9.105940
   vertex -32.500000 10.366667 -9.150000
  endloop
 endfacet
 facet normal 1 0 0
  outer loop
   vertex 32.500000 10.366667 0.000000
   vertex 32.500000 10.366667 -9.150000
   vertex 32.500000 11.263524 -9.105940
  endloop
 endfacet
 facet normal 0 0.14673 -0.989177
  outer loop
   vertex -32.500000 11.263524 -9.105940
   vertex -32.500000 12.151743 -8.974185
   vertex 32.500000 12.151743 -8.974185
  endloop
 endfacet
 facet normal 0 0.14673 -0.989177
  outer loop
   vertex -32.500000 11.263524 -9.105940
   vertex 32.500000 12.151743 -8.974185
   vertex 32.500000 11.263524 -9.105940
  endloop
 endfacet
 facet normal -1 0 0
  outer loop
   vertex -32.500000 10.366667 0.000000
   vertex -32.500000 12.151743 -8.974185
   vertex -32.500000 11.263524 -9.105940
  endloop
 endfacet
 facet normal 1 0 0
  outer loop
   vertex 32.500000 10.366667 0.000000
   vertex 32.500000 11.263524 -9.105940
   vertex 32.500000 12.151743 -8.974185
  endloop
 endfacet
 facet normal 0 0.24298 -0.970031
  outer loop
   vertex -32.500000 12.151743 -8.974185
   vertex -32.500000 13.022771 -8.756004
   vertex 32.500000 13.022771 -8.756004
  endloop
 endfacet
 facet normal 0 0.24298 -0.970031
  outer loop
   vertex -32.500000 12.151743 -8.974185
   vertex 32.500000 13.022771 -8.756004
   vertex 32.500000 12.151743 -8.974185
  endloop
 endfacet
 facet normal -1 0 0
  outer loop
   vertex -32.500000 10.366667 0.000000
   vertex -32.500000 13.022771 -8.756004
   vertex -32.500000 12.151743 -8.974185
  endloop
 endfacet
 facet normal 1 0 0
  outer loop
   vertex 32.500000 10.366667 0.000000
   vertex 32.500000 12.151743 -8.974185
   vertex 32.500000 13.022771 -8.756004
  endloop
 endfacet
 facet normal 0 0.33689 -0.941544
  outer loop
   vertex -32.500000 13.022771 -8.756004
   vertex -32.500000 13.868220 -8.453498
   vertex 32.500000 13.868220 -8.453498
  endloop
 endfacet
 facet normal 0 0.33689 -0.941544
  outer loop
   vertex -32.500000 13.022771 -8.756004
   vertex 32.500000 13.868220 -8.453498
   vertex 32.500000 13.022771 -8.756004
  endloop
 endfacet
 facet normal -1 0 0
  outer loop
   vertex -32.500000 10.366667 0.000000
   vertex -32.500000 13.868220 -8.453498
   vertex -32.500000 13.022771 -8.756004
  endloop
 endfacet
 facet normal 1 0 0
  outer loop
   vertex 32.500000 10.366667 0.000000
   vertex 32.500000 13.022771 -8.756004
   vertex 32.500000 13.868220 -8.453498
  endloop
 endfacet
 facet normal 0 0.427555 -0.903989
  outer loop
   vertex -32.500000 13.868220 -8.453498
   vertex -32.500000 14.679947 -8.069580
   vertex 32.500000 14.679947 -8.069580
  endloop
 endfacet
 facet normal 0 0.427555 -0.903989
  outer loop
   vertex -32.500000 13.868220 -8.453498
   vertex 32.500000 14.679947 -8.069580
   vertex 32.500000 13.868220 -8.453498
  endloop
 endfacet
 facet normal -1 0 0
  outer loop
   vertex -32.500000 10.366667 0.000000
   vertex -32.500000 14.679947 -8.069580
   vertex -32.500000 13.868220 -8.453498
  endloop
 endfacet
 facet normal 1 0 0
  outer loop
   vertex 32.500000 10.366667 0.000000
   vertex 32.500000 13.868220 -8.453498
   vertex 32.500000 14.679947 -8.069580
  endloop
 endfacet
 facet normal 0 0.514103 -0.857729
  outer loop
   vertex -32.500000 14.679947 -8.069580
   vertex -32.500000 15.450134 -7.607947
   vertex 32.500000 15.450134 -7.607947
  endloop
 endfacet
 facet normal 0 0.514103 -0.857729
  outer loop
   vertex -32.500000 14.679947 -8.069580
   vertex 32.500000 15.450134 -7.607947
   vertex 32.500000 14.679947 -8.069580
  endloop
 endfacet
 facet normal -1 0 0
  outer loop
   vertex -32.500000 10.366667 0.000000
   vertex -32.500000 15.450134 -7.607947
   vertex -32.500000 14.679947 -8.069580
  endloop
 endfacet
 facet normal 1 0 0
  outer loop
   vertex 32.500000 10.366667 0.000000
   vertex 32.500000 14.679947 -8.069580
   vertex 32.500000 15.450134 -7.607947
  endloop
 endfacet
 facet normal 0 0.595699 -0.803208
  outer loop
   vertex -32.500000 15.450134 -7.607947
   vertex -32.500000 16.171365 -7.073046
   vertex 32.500000 16.171365 -7.073046
  endloop
 endfacet
 facet normal 0 0.595699 -0.803208
  outer loop
   vertex -32.500000 15.450134 -7.607947
   vertex 32.500000 16.171365 -7.073046
   vertex 32.500000 15.450134 -7.607947
  endloop
 endfacet
 facet normal -1 0 0
  outer loop
   vertex -32.500000 10.366667 0.000000
   vertex -32.500000 16.171365 -7.073046
   vertex -32.500000 15.450134 -7.607947
  endloop
 endfacet
 facet normal 1 0 0
  outer loop
   vertex 32.500000 10.366667 0.000000
   vertex 32.500000 15.450134 -7.607947
   vertex 32.500000 16.171365 -7.073046
  endloop
 endfacet
 facet normal 0 0.671559 -0.740951
  outer loop
   vertex -32.500000 16.171365 -7.073046
   vertex -32.500000 16.836694 -6.470027
   vertex 32.500000 16.836694 -6.470027
  endloop
 endfacet
 facet normal 0 0.671559 -0.740951
  outer loop
   vertex -32.500000 16.171365 -7.073046
   vertex 32.500000 16.836694 -6.470027
   vertex 32.500000 16.171365 -7.073046
  endloop
 endfacet
 facet normal -1 0 0
  outer loop
   vertex -32.500000 10.366667 0.000000
   vertex -32.500000 16.836694 -6.470027
   vertex -32.500000 16.171365 -7.073046
  endloop
 endfacet
 facet normal 1 0 0
  outer loop
   vertex 32.500000 10.366667 0.000000
   vertex 32.500000 16.171365 -7.073046
   vertex 32.500000 16.836694 -6.470027
  endloop
 endfacet
 facet normal 0 0.740951 -0.671559
  outer loop
   vertex -32.500000 16.836694 -6.470027
   vertex -32.500000 17.439712 -5.804699
   vertex 32.500000 17.439712 -5.804699
  endloop
 endfacet
 facet normal 0 0.740951 -0.671559
  outer loop
   vertex -32.500000 16.836694 -6.470027
   vertex 32.500000 17.439712 -5.804699
   vertex 32.500000 16.836694 -6.470027
  endloop
 endfacet
 facet normal -1 0 0
  outer loop
   vertex -32.500000 10.366667 0.000000
   vertex -32.500000 17.439712 -5.804699
   vertex -32.500000 16.836694 -6.470027
  endloop
 endfacet
 facet normal 1 0 0
  outer loop
   vertex 32.500000 10.366667 0.000000
   vertex 32.500000 16.836694 -6.470027
   vertex 32.500000 17.439712 -5.804699
  endloop
 endfacet
 facet normal 0 0.803208 -0.595699
  outer loop
   vertex -32.500000 17.439712 -5.804699
   vertex -32.500000 17.974614 -5.083468
   vertex 32.500000 17.974614 -5.083468
  endloop
 endfacet
 facet normal 0 0.803208 -0.595699
  outer loop
   vertex -32.500000 17.439712 -5.804699
   vertex 32.500000 17.974614 -5.083468
   vertex 32.500000 17.439712 -5.804699
  endloop
 endfacet
 facet normal -1 0 0
  outer loop
   vertex -32.500000 10.366667 0.000000
   vertex -32.500000 17.974614 -5.083468
   vertex -32.500000 17.439712 -5.804699
  endloop
 endfacet
 facet normal 1 0 0
  outer loop
   vertex 32.500000 10.366667 0.000000
   vertex 32.500000 17.439712 -5.804699
   vertex 32.500000 17.974614 -5.083468
  endloop
 endfacet
 facet normal 0 0.857729 -0.514103
  outer loop
   vertex -32.500000 17.974614 -5.083468
   vertex -32.500000 18.436246 -4.313280
   vertex 32.500000 18.436246 -4.313280
  endloop
 endfacet
 facet normal 0 0.857729 -0.514103
  outer loop
   vertex -32.500000 17.974614 -5.083468
   vertex 32.500000 18.436246 -4.313280
   vertex 32.500000 17.974614 -5.083468
  endloop
 endfacet
 facet normal -1 0 0
  outer loop
   vertex -32.500000 10.366667 0.000000
   vertex -32.500000 18.436246 -4.313280
   vertex -32.500000 17.974614 -5.083468
  endloop
 endfacet
 facet normal 1 0 0
  outer loop
   vertex 32.500000 10.366667 0.000000
   vertex 32.500000 17.974614 -5.083468
   vertex 32.500000 18.436246 -4.313280
  endloop
 endfacet
 facet normal 0 0.903989 -0.427555
  outer loop
   vertex -32.500000 18.436246 -4.313280
   vertex -32.500000 18.820164 -3.501553
   vertex 32.500000 18.820164 -3.501553
  endloop
 endfacet
 facet normal 0 0.903989 -0.427555
  outer loop
   vertex -32.500000 18.436246 -4.313280
   vertex 32.500000 18.820164 -3.501553
   vertex 32.500000 18.436246 -4.313280
  endloop
 endfacet
 facet normal -1 0 0
  outer loop
   vertex -32.500000 10.366667 0.000000
   vertex -32.500000 18.820164 -3.501553
   vertex -32.500000 18.436246 -4.313280
  endloop
 endfacet
 facet normal 1 0 0
  outer loop
   vertex 32.500000 10.366667 0.000000
   vertex 32.500000 18.436246 -4.313280
   vertex 32.500000 18.820164 -3.501553
  endloop
 endfacet
 facet normal 0 0.941544 -0.33689
  outer loop
   vertex -32.500000 18.820164 -3.501553
   vertex -32.500000 19.122671 -2.656105
   vertex 32.500000 19.122671 -2.656105
  endloop
 endfacet
 facet normal 0 0.941544 -0.33689
  outer loop
   vertex -32.500000 18.820164 -3.501553
   vertex 32.500000 19.122671 -2.656105
   vertex 32.500000 18.820164 -3.501553
  endloop
 endfacet
 facet normal -1 0 0
  outer loop
   vertex -32.500000 10.366667 0.000000
   vertex -32.500000 19.122671 -2.656105
   vertex -32.500000 18.820164 -3.501553
  endloop
 endfacet
 facet normal 1 0 0
  outer loop
   vertex 32.500000 10.366667 0.000000
   vertex 32.500000 18.820164 -3.501553
   vertex 32.500000 19.122671 -2.656105
  endloop
 endfacet
 facet normal 0 0.970031 -0.24298
  outer loop
   vertex -32.500000 19.122671 -2.656105
   vertex -32.500000 19.340852 -1.785076
   vertex 32.500000 19.340852 -1.785076
  endloop
 endfacet
 facet normal 0 0.970031 -0.24298
  outer loop
   vertex -32.500000 19.122671 -2.656105
   vertex 32.500000 19.340852 -1.785076
   vertex 32.500000 19.122671 -2.656105
  endloop
 endfacet
 facet normal -1 0 0
  outer loop
   vertex -32.500000 10.366667 0.000000
   vertex -32.500000 19.340852 -1.785076
   vertex -32.500000 19.122671 -2.656105
  endloop
 endfacet
 facet normal 1 0 0
  outer loop
   vertex 32.500000 10.366667 0.000000
   vertex 32.500000 19.122671 -2.656105
   vertex 32.500000 19.340852 -1.785076
  endloop
 endfacet
 facet normal 0 0.989177 -0.14673
  outer loop
   vertex -32.500000 19.340852 -1.785076
   vertex -32.500000 19.472607 -0.896857
   vertex 32.500000 19.472607 -0.896857
  endloop
 endfacet
 facet normal 0 0.989177 -0.14673
  outer loop
   vertex -32.500000 19.340852 -1.785076
   vertex 32.500000 19.472607 -0.896857
   vertex 32.500000 19.340852 -1.785076
  endloop
 endfacet
 facet normal -1 0 0
  outer loop
   vertex -32.500000 10.366667 0.000000
   vertex -32.500000 19.472607 -0.896857
   vertex -32.500000 19.340852 -1.785076
  endloop
 endfacet
 facet normal 1 0 0
  outer loop
   vertex 32.500000 10.366667 0.000000
   vertex 32.500000 19.340852 -1.785076
   vertex 32.500000 19.472607 -0.896857
  endloop
 endfacet
 facet normal 0 0.998795 -0.0490677
  outer loop
   vertex -32.500000 19.472607 -0.896857
   vertex -32.500000 19.516667 -0.000000
   vertex 32.500000 19.516667 -0.000000
  endloop
 endfacet
 facet normal 0 0.998795 -0.0490677
  outer loop
   vertex -32.500000 19.472607 -0.896857
   vertex 32.500000 19.516667 -0.000000
   vertex 32.500000 19.472607 -0.896857
  endloop
 endfacet
 facet normal -1 0 0
  outer loop
   vertex -32.500000 10.366667 0.000000
   vertex -32.500000 19.516667 -0.000000
   vertex -32.500000 19.472607 -0.896857
  endloop
 endfacet
 facet normal 1 0 0
  outer loop
   vertex 32.500000 10.366667 0.000000
   vertex 32.500000 19.472607 -0.896857
   vertex 32.500000 19.516667 -0.000000
  endloop
 endfacet
 facet normal 0 0.998795 0.0490677
  outer loop
   vertex -32.500000 -1.216667 20.350000
   vertex -32.500000 -1.260726 21.246857
   vertex 32.500000 -1.260726 21.246857
  endloop
 endfacet
 facet normal -0 0.998795 0.0490677
  outer loop
   vertex -32.500000 -1.216667 20.350000
   vertex 32.500000 -1.260726 21.246857
   vertex 32.500000 -1.216667 20.350000
  endloop
 endfacet
 facet normal -1 0 0
  outer loop
   vertex -32.500000 -10.366667 20.350000
   vertex -32.500000 -1.260726 21.246857
   vertex -32.500000 -1.216667 20.350000
  endloop
 endfacet
 facet normal 1 0 0
  outer loop
   vertex 32.500000 -10.366667 20.350000
   vertex 32.500000 -1.216667 20.350000
   vertex 32.500000 -1.260726 21.246857
  endloop
 endfacet
 facet normal 0 0.989177 0.14673
  outer loop
   vertex -32.500000 -1.260726 21.246857
   vertex -32.500000 -1.392481 22.135076
   vertex 32.500000 -1.392481 22.135076
  endloop
 endfacet
 facet normal -0 0.989177 0.14673
  outer loop
   vertex -32.500000 -1.260726 21.246857
   vertex 32.500000 -1.392481 22.135076
   vertex 32.500000 -1.260726 21.246857
  endloop
 endfacet
 facet normal -1 0 0
  outer loop
   vertex -32.500000 -10.366667 20.350000
   vertex -32.500000 -1.392481 22.135076
   vertex -32.500000 -1.260726 21.246857
  endloop
 endfacet
 facet normal 1 0 0
  outer loop
   vertex 32.500000 -10.366667 20.350000
   vertex 32.500000 -1.260726 21.246857
   vertex 32.500000 -1.392481 22.135076
  endloop
 endfacet
 facet normal 0 0.970031 0.24298
  outer loop
   vertex -32.500000 -1.392481 22.135076
   vertex -32.500000 -1.610663 23.006105
   vertex 32.500000 -1.610663 23.006105
  endloop
 endfacet
 facet normal -0 0.970031 0.24298
  outer loop
   vertex -32.500000 -1.392481 22.135076
   vertex 32.500000 -1.610663 23.006105
   vertex 32.500000 -1.392481 22.135076
  endloop
 endfacet
 facet normal -1 0 0
  outer loop
   vertex -32.500000 -10.366667 20.350000
   vertex -32.500000 -1.610663 23.006105
   vertex -32.500000 -1.392481 22.135076
  endloop
 endfacet
 facet normal 1 0 0
  outer loop
   vertex 32.500000 -10.366667 20.350000
   vertex 32.500000 -1.392481 22.135076
   vertex 32.500000 -1.610663 23.006105
  endloop
 endfacet
 facet normal 0 0.941544 0.33689
  outer loop
   vertex -32.500000 -1.610663 23.006105
   vertex -32.500000 -1.913169 23.851553
   vertex 32.500000 -1.913169 23.851553
  endloop
 endfacet
 facet normal -0 0.941544 0.33689
  outer loop
   vertex -32.500000 -1.610663 23.006105
   vertex 32.500000 -1.913169 23.851553
   vertex 32.500000 -1.610663 23.006105
  endloop
 endfacet
 facet normal -1 0 0
  outer loop
   vertex -32.500000 -10.366667 20.350000
   vertex -32.500000 -1.913169 23.851553
   vertex -32.500000 -1.610663 23.006105
  endloop
 endfacet
 facet normal 1 0 0
  outer loop
   vertex 32.500000 -10.366667 20.350000
   vertex 32.500000 -1.610663 23.006105
   vertex 32.500000 -1.913169 23.851553
  endloop
 endfacet
 facet normal 0 0.903989 0.427555
  outer loop
   vertex -32.500000 -1.913169 23.851553
   vertex -32.500000 -2.297087 24.663280
   vertex 32.500000 -2.297087 24.663280
  endloop
 endfacet
 facet normal -0 0.903989 0.427555
  outer loop
   vertex -32.500000 -1.913169 23.851553
   vertex 32.500000 -2.297087 24.663280
   vertex 32.500000 -1.913169 23.851553
  endloop
 endfacet
 facet normal -1 0 0
  outer loop
   vertex -32.500000 -10.366667 20.350000
   vertex -32.500000 -2.297087 24.663280
   vertex -32.500000 -1.913169 23.851553
  endloop
 endfacet
 facet normal 1 0 0
  outer loop
   vertex 32.500000 -10.366667 20.350000
   vertex 32.500000 -1.913169 23.851553
   vertex 32.500000 -2.297087 24.663280
  endloop
 endfacet
 facet normal 0 0.857729 0.514103
  outer loop
   vertex -32.500000 -2.297087 24.663280
   vertex -32.500000 -2.758720 25.433468
   vertex 32.500000 -2.758720 25.433468
  endloop
 endfacet
 facet normal -0 0.857729 0.514103
  outer loop
   vertex -32.500000 -2.297087 24.663280
   vertex 32.500000 -2.758720 25.433468
   vertex 32.500000 -2.297087 24.663280
  endloop
 endfacet
 facet normal -1 0 0
  outer loop
   vertex -32.500000 -10.366667 20.350000
   vertex -32.500000 -2.758720 25.433468
   vertex -32.500000 -2.297087 24.663280
  endloop
 endfacet
 facet normal 1 0 0
  outer loop
   vertex 32.500000 -10.366667 20.350000
   vertex 32.500000 -2.297087 24.663280
   vertex 32.500000 -2.758720 25.433468
  endloop
 endfacet
 facet normal 0 0.803208 0.595699
  outer loop
   vertex -32.500000 -2.758720 25.433468
   vertex -32.500000 -3.293621 26.154699
   vertex 32.500000 -3.293621 26.154699
  endloop
 endfacet
 facet normal -0 0.803208 0.595699
  outer loop
   vertex -32.500000 -2.758720 25.433468
   vertex 32.500000 -3.293621 26.154699
   vertex 32.500000 -2.758720 25.433468
  endloop
 endfacet
 facet normal -1 0 0
  outer loop
   vertex -32.500000 -10.366667 20.350000
   vertex -32.500000 -3.293621 26.154699
   vertex -32.500000 -2.758720 25.433468
  endloop
 endfacet
 facet normal 1 0 0
  outer loop
   vertex 32.500000 -10.366667 20.350000
   vertex 32.500000 -2.758720 25.433468
   vertex 32.500000 -3.293621 26.154699
  endloop
 endfacet
 facet normal 0 0.740951 0.671559
  outer loop
   vertex -32.500000 -3.293621 26.154699
   vertex -32.500000 -3.896640 26.820027
   vertex 32.500000 -3.896640 26.820027
  endloop
 endfacet
 facet normal -0 0.740951 0.671559
  outer loop
   vertex -32.500000 -3.293621 26.154699
   vertex 32.500000 -3.896640 26.820027
   vertex 32.500000 -3.293621 26.154699
  endloop
 endfacet
 facet normal -1 0 0
  outer loop
   vertex -32.500000 -10.366667 20.350000
   vertex -32.500000 -3.896640 26.820027
   vertex -32.500000 -3.293621 26.154699
  endloop
 endfacet
 facet normal 1 0 0
  outer loop
   vertex 32.500000 -10.366667 20.350000
   vertex 32.500000 -3.293621 26.154699
   vertex 32.500000 -3.896640 26.820027
  endloop
 endfacet
 facet normal 0 0.671559 0.740951
  outer loop
   vertex -32.500000 -3.896640 26.820027
   vertex -32.500000 -4.561968 27.423046
   vertex 32.500000 -4.561968 27.423046
  endloop
 endfacet
 facet normal -0 0.671559 0.740951
  outer loop
   vertex -32.500000 -3.896640 26.820027
   vertex 32.500000 -4.561968 27.423046
   vertex 32.500000 -3.896640 26.820027
  endloop
 endfacet
 facet normal -1 0 0
  outer loop
   vertex -32.500000 -10.366667 20.350000
   vertex -32.500000 -4.561968 27.423046
   vertex -32.500000 -3.896640 26.820027
  endloop
 endfacet
 facet normal 1 0 0
  outer loop
   vertex 32.500000 -10.366667 20.350000
   vertex 32.500000 -3.896640 26.820027
   vertex 32.500000 -4.561968 27.423046
  endloop
 endfacet
 facet normal 0 0.595699 0.803208
  outer loop
   vertex -32.500000 -4.561968 27.423046
   vertex -32.500000 -5.283199 27.957947
   vertex 32.500000 -5.283199 27.957947
  endloop
 endfacet
 facet normal -0 0.595699 0.803208
  outer loop
   vertex -32.500000 -4.561968 27.423046
   vertex 32.500000 -5.283199 27.957947
   vertex 32.500000 -4.561968 27.423046
  endloop
 endfacet
 facet normal -1 0 0
  outer loop
   vertex -32.500000 -10.366667 20.350000
   vertex -32.500000 -5.283199 27.957947
   vertex -32.500000 -4.561968 27.423046
  endloop
 endfacet
 facet normal 1 0 0
  outer loop
   vertex 32.500000 -10.366667 20.350000
   vertex 32.500000 -4.561968 27.423046
   vertex 32.500000 -5.283199 27.957947
  endloop
 endfacet
 facet normal 0 0.514103 0.857729
  outer loop
   vertex -32.500000 -5.283199 27.957947
   vertex -32.500000 -6.053387 28.419580
   vertex 32.500000 -6.053387 28.419580
  endloop
 endfacet
 facet normal -0 0.514103 0.857729
  outer loop
   vertex -32.500000 -5.283199 27.957947
   vertex 32.500000 -6.053387 28.419580
   vertex 32.500000 -5.283199 27.957947
  endloop
 endfacet
 facet normal -1 0 0
  outer loop
   vertex -32.500000 -10.366667 20.350000
   vertex -32.500000 -6.053387 28.419580
   vertex -32.500000 -5.283199 27.957947
  endloop
 endfacet
 facet normal 1 0 0
  outer loop
   vertex 32.500000 -10.366667 20.350000
   vertex 32.500000 -5.283199 27.957947
   vertex 32.500000 -6.053387 28.419580
  endloop
 endfacet
 facet normal 0 0.427555 0.903989
  outer loop
   vertex -32.500000 -6.053387 28.419580
   vertex -32.500000 -6.865113 28.803498
   vertex 32.500000 -6.865113 28.803498
  endloop
 endfacet
 facet normal -0 0.427555 0.903989
  outer loop
   vertex -32.500000 -6.053387 28.419580
   vertex 32.500000 -6.865113 28.803498
   vertex 32.500000 -6.053387 28.419580
  endloop
 endfacet
 facet normal -1 0 0
  outer loop
   vertex -32.500000 -10.366667 20.350000
   vertex -32.500000 -6.865113 28.803498
   vertex -32.500000 -6.053387 28.419580
  endloop
 endfacet
 facet normal 1 0 0
  outer loop
   vertex 32.500000 -10.366667 20.350000
   vertex 32.500000 -6.053387 28.419580
   vertex 32.500000 -6.865113 28.803498
  endloop
 endfacet
 facet normal 0 0.33689 0.941544
  outer loop
   vertex -32.500000 -6.865113 28.803498
   vertex -32.500000 -7.710562 29.106004
   vertex 32.500000 -7.710562 29.106004
  endloop
 endfacet
 facet normal -0 0.33689 0.941544
  outer loop
   vertex -32.500000 -6.865113 28.803498
   vertex 32.500000 -7.710562 29.106004
   vertex 32.500000 -6.865113 28.803498
  endloop
 endfacet
 facet normal -1 0 0
  outer loop
   vertex -32.500000 -10.366667 20.350000
   vertex -32.500000 -7.710562 29.106004
   vertex -32.500000 -6.865113 28.803498
  endloop
 endfacet
 facet normal 1 0 0
  outer loop
   vertex 32.500000 -10.366667 20.350000
   vertex 32.500000 -6.865113 28.803498
   vertex 32.500000 -7.710562 29.106004
  endloop
 endfacet
 facet normal 0 0.24298 0.970031
  outer loop
   vertex -32.500000 -7.710562 29.106004
   vertex -32.500000 -8.581590 29.324185
   vertex 32.500000 -8.581590 29.324185
  endloop
 endfacet
 facet normal -0 0.24298 0.970031
  outer loop
   vertex -32.500000 -7.710562 29.106004
   vertex 32.500000 -8.581590 29.324185
   vertex 32.500000 -7.710562 29.106004
  endloop
 endfacet
 facet normal -1 0 0
  outer loop
   vertex -32.500000 -10.366667 20.350000
   vertex -32.500000 -8.581590 29.324185
   vertex -32.500000 -7.710562 29.106004
  endloop
 endfacet
 facet normal 1 0 0
  outer loop
   vertex 32.500000 -10.366667 20.350000
   vertex 32.500000 -7.710562 29.106004
   vertex 32.500000 -8.581590 29.324185
  endloop
 endfacet
 facet normal 0 0.14673 0.989177
  outer loop
   vertex -32.500000 -8.581590 29.324185
   vertex -32.500000 -9.469810 29.455940
   vertex 32.500000 -9.469810 29.455940
  endloop
 endfacet
 facet normal -0 0.14673 0.989177
  outer loop
   vertex -32.500000 -8.581590 29.324185
   vertex 32.500000 -9.469810 29.455940
   vertex 32.500000 -8.581590 29.324185
  endloop
 endfacet
 facet normal -1 0 0
  outer loop
   vertex -32.500000 -10.366667 20.350000
   vertex -32.500000 -9.469810 29.455940
   vertex -32.500000 -8.581590 29.324185
  endloop
 endfacet
 facet normal 1 0 0
  outer loop
   vertex 32.500000 -10.366667 20.350000
   vertex 32.500000 -8.581590 29.324185
   vertex 32.500000 -9.469810 29.455940
  endloop
 endfacet
 facet normal 0 0.0490677 0.998795
  outer loop
   vertex -32.500000 -9.469810 29.455940
   vertex -32.500000 -10.366667 29.500000
   vertex 32.500000 -10.366667 29.500000
  endloop
 endfacet
 facet normal -0 0.0490677 0.998795
  outer loop
   vertex -32.500000 -9.469810 29.455940
   vertex 32.500000 -10.366667 29.500000
   vertex 32.500000 -9.469810 29.455940
  endloop
 endfacet
 facet normal -1 0 0
  outer loop
   vertex -32.500000 -10.366667 20.350000
   vertex -32.500000 -10.366667 29.500000
   vertex -32.500000 -9.469810 29.455940
  endloop
 endfacet
 facet normal 1 0 0
  outer loop
   vertex 32.500000 -10.366667 20.350000
   vertex 32.500000 -9.469810 29.455940
   vertex 32.500000 -10.366667 29.500000
  endloop
 endfacet
 facet normal 0 -0.0490677 0.998795
  outer loop
   vertex -32.500000 -10.366667 29.500000
   vertex -32.500000 -11.263524 29.455940
   vertex 32.500000 -11.263524 29.455940
  endloop
 endfacet
 facet normal 0 -0.0490677 0.998795
  outer loop
   vertex -32.500000 -10.366667 29.500000
   vertex 32.500000 -11.263524 29.455940
   vertex 32.500000 -10.366667 29.500000
  endloop
 endfacet
 facet normal -1 0 0
  outer loop
   vertex -32.500000 -10.366667 20.350000
   vertex -32.500000 -11.263524 29.455940
   vertex -32.500000 -10.366667 29.500000
  endloop
 endfacet
 facet normal 1 0 -0
  outer loop
   vertex 32.500000 -10.366667 20.350000
   vertex 32.500000 -10.366667 29.500000
   vertex 32.500000 -11.263524 29.455940
  endloop
 endfacet
 facet normal 0 -0.14673 0.989177
  outer loop
   vertex -32.500000 -11.263524 29.455940
   vertex -32.500000 -12.151743 29.324185
   vertex 32.500000 -12.151743 29.324185
  endloop
 endfacet
 facet normal 0 -0.14673 0.989177
  outer loop
   vertex -32.500000 -11.263524 29.455940
   vertex 32.500000 -12.151743 29.324185
   vertex 32.500000 -11.263524 29.455940
  endloop
 endfacet
 facet normal -1 0 0
  outer loop
   vertex -32.500000 -10.366667 20.350000
   vertex -32.500000 -12.151743 29.324185
   vertex -32.500000 -11.263524 29.455940
  endloop
 endfacet
 facet normal 1 0 0
  outer loop
   vertex 32.500000 -10.366667 20.350000
   vertex 32.500000 -11.263524 29.455940
   vertex 32.500000 -12.151743 29.324185
  endloop
 endfacet
 facet normal 0 -0.24298 0.970031
  outer loop
   vertex -32.500000 -12.151743 29.324185
   vertex -32.500000 -13.022771 29.106004
   vertex 32.500000 -13.022771 29.106004
  endloop
 endfacet
 facet normal 0 -0.24298 0.970031
  outer loop
   vertex -32.500000 -12.151743 29.324185
   vertex 32.500000 -13.022771 29.106004
   vertex 32.500000 -12.151743 29.324185
  endloop
 endfacet
 facet normal -1 0 0
  outer loop
   vertex -32.500000 -10.366667 20.350000
   vertex -32.500000 -13.022771 29.106004
   vertex -32.500000 -12.151743 29.324185
  endloop
 endfacet
 facet normal 1 0 0
  outer loop
   vertex 32.500000 -10.366667 20.350000
   vertex 32.500000 -12.151743 29.324185
   vertex 32.500000 -13.022771 29.106004
  endloop
 endfacet
 facet normal 0 -0.33689 0.941544
  outer loop
   vertex -32.500000 -13.022771 29.106004
   vertex -32.500000 -13.868220 28.803498
   vertex 32.500000 -13.868220 28.803498
  endloop
 endfacet
 facet normal 0 -0.33689 0.941544
  outer loop
   vertex -32.500000 -13.022771 29.106004
   vertex 32.500000 -13.868220 28.803498
   vertex 32.500000 -13.022771 29.106004
  endloop
 endfacet
 facet normal -1 0 0
  outer loop
   vertex -32.500000 -10.366667 20.350000
   vertex -32.500000 -13.868220 28.803498
   vertex -32.500000 -13.022771 29.106004
  endloop
 endfacet
 facet normal 1 0 0
  outer loop
   vertex 32.500000 -10.366667 20.350000
   vertex 32.500000 -13.022771 29.106004
   vertex 32.500000 -13.868220 28.803498
  endloop
 endfacet
 facet normal 0 -0.427555 0.903989
  outer loop
   vertex -32.500000 -13.868220 28.803498
   vertex -32.500000 -14.679947 28.419580
   vertex 32.500000 -14.679947 28.419580
  endloop
 endfacet
 facet normal 0 -0.427555 0.903989
  outer loop
   vertex -32.500000 -13.868220 28.803498
   vertex 32.500000 -14.679947 28.419580
   vertex 32.500000 -13.868220 28.803498
  endloop
 endfacet
 facet normal -1 0 0
  outer loop
   vertex -32.500000 -10.366667 20.350000
   vertex -32.500000 -14.679947 28.419580
   vertex -32.500000 -13.868220 28.803498
  endloop
 endfacet
 facet normal 1 0 0
  outer loop
   vertex 32.500000 -10.366667 20.350000
   vertex 32.500000 -13.868220 28.803498
   vertex 32.500000 -14.679947 28.419580
  endloop
 endfacet
 facet normal 0 -0.514103 0.857729
  outer loop
   vertex -32.500000 -14.679947 28.419580
   vertex -32.500000 -15.450134 27.957947
   vertex 32.500000 -15.450134 27.957947
  endloop
 endfacet
 facet normal 0 -0.514103 0.857729
  outer loop
   vertex -32.500000 -14.679947 28.419580
   vertex 32.500000 -15.450134 27.957947
   vertex 32.500000 -14.679947 28.419580
  endloop
 endfacet
 facet normal -1 0 0
  outer loop
   vertex -32.500000 -10.366667 20.350000
   vertex -32.500000 -15.450134 27.957947
   vertex -32.500000 -14.679947 28.419580
  endloop
 endfacet
 facet normal 1 0 0
  outer loop
   vertex 32.500000 -10.366667 20.350000
   vertex 32.500000 -14.679947 28.419580
   vertex 32.500000 -15.450134 27.957947
  endloop
 endfacet
 facet normal 0 -0.595699 0.803208
  outer loop
   vertex -32.500000 -15.450134 27.957947
   vertex -32.500000 -16.171365 27.423046
   vertex 32.500000 -16.171365 27.423046
  endloop
 endfacet
 facet normal 0 -0.595699 0.803208
  outer loop
   vertex -32.500000 -15.450134 27.957947
   vertex 32.500000 -16.171365 27.423046
   vertex 32.500000 -15.450134 27.957947
  endloop
 endfacet
 facet normal -1 0 0
  outer loop
   vertex -32.500000 -10.366667 20.350000
   vertex -32.500000 -16.171365 27.423046
   vertex -32.500000 -15.450134 27.957947
  endloop
 endfacet
 facet normal 1 0 0
  outer loop
   vertex 32.500000 -10.366667 20.350000
   vertex 32.500000 -15.450134 27.957947
   vertex 32.500000 -16.171365 27.423046
  endloop
 endfacet
 facet normal 0 -0.671559 0.740951
  outer loop
   vertex -32.500000 -16.171365 27.423046
   vertex -32.500000 -16.836694 26.820027
   vertex 32.500000 -16.836694 26.820027
  endloop
 endfacet
 facet normal 0 -0.671559 0.740951
  outer loop
   vertex -32.500000 -16.171365 27.423046
   vertex 32.500000 -16.836694 26.820027
   vertex 32.500000 -16.171365 27.423046
  endloop
 endfacet
 facet normal -1 0 0
  outer loop
   vertex -32.500000 -10.366667 20.350000
   vertex -32.500000 -16.836694 26.820027
   vertex -32.500000 -16.171365 27.423046
  endloop
 endfacet
 facet normal 1 0 0
  outer loop
   vertex 32.500000 -10.366667 20.350000
   vertex 32.500000 -16.171365 27.423046
   vertex 32.500000 -16.836694 26.820027
  endloop
 endfacet
 facet normal 0 -0.740951 0.671559
  outer loop
   vertex -32.500000 -16.836694 26.820027
   vertex -32.500000 -17.439712 26.154699
   vertex 32.500000 -17.439712 26.154699
  endloop
 endfacet
 facet normal 0 -0.740951 0.671559
  outer loop
   vertex -32.500000 -16.836694 26.820027
   vertex 32.500000 -17.439712 26.154699
   vertex 32.500000 -16.836694 26.820027
  endloop
 endfacet
 facet normal -1 0 0
  outer loop
   vertex -32.500000 -10.366667 20.350000
   vertex -32.500000 -17.439712 26.154699
   vertex -32.500000 -16.836694 26.820027
  endloop
 endfacet
 facet normal 1 0 0
  outer loop
   vertex 32.500000 -10.366667 20.350000
   vertex 32.500000 -16.836694 26.820027
   vertex 32.500000 -17.439712 26.154699
  endloop
 endfacet
 facet normal 0 -0.803208 0.595699
  outer loop
   vertex -32.500000 -17.439712 26.154699
   vertex -32.500000 -17.974614 25.433468
   vertex 32.500000 -17.974614 25.433468
  endloop
 endfacet
 facet normal 0 -0.803208 0.595699
  outer loop
   vertex -32.500000 -17.439712 26.154699
   vertex 32.500000 -17.974614 25.433468
   vertex 32.500000 -17.439712 26.154699
  endloop
 endfacet
 facet normal -1 0 0
  outer loop
   vertex -32.500000 -10.366667 20.350000
   vertex -32.500000 -17.974614 25.433468
   vertex -32.500000 -17.439712 26.154699
  endloop
 endfacet
 facet normal 1 0 0
  outer loop
   vertex 32.500000 -10.366667 20.350000
   vertex 32.500000 -17.439712 26.154699
   vertex 32.500000 -17.974614 25.433468
  endloop
 endfacet
 facet normal 0 -0.857729 0.514103
  outer loop
   vertex -32.500000 -17.974614 25.433468
   vertex -32.500000 -18.436246 24.663280
   vertex 32.500000 -18.436246 24.663280
  endloop
 endfacet
 facet normal 0 -0.857729 0.514103
  outer loop
   vertex -32.500000 -17.974614 25.433468
   vertex 32.500000 -18.436246 24.663280
   vertex 32.500000 -17.974614 25.433468
  endloop
 endfacet
 facet normal -1 0 0
  outer loop
   vertex -32.500000 -10.366667 20.350000
   vertex -32.500000 -18.436246 24.663280
   vertex -32.500000 -17.974614 25.433468
  endloop
 endfacet
 facet normal 1 0 0
  outer loop
   vertex 32.500000 -10.366667 20.350000
   vertex 32.500000 -17.974614 25.433468
   vertex 32.500000 -18.436246 24.663280
  endloop
 endfacet
 facet normal 0 -0.903989 0.427555
  outer loop
   vertex -32.500000 -18.436246 24.663280
   vertex -32.500000 -18.820164 23.851553
   vertex 32.500000 -18.820164 23.851553
  endloop
 endfacet
 facet normal 0 -0.903989 0.427555
  outer loop
   vertex -32.500000 -18.436246 24.663280
   vertex 32.500000 -18.820164 23.851553
   vertex 32.500000 -18.436246 24.663280
  endloop
 endfacet
 facet normal -1 0 0
  outer loop
   vertex -32.500000 -10.366667 20.350000
   vertex -32.500000 -18.820164 23.851553
   vertex -32.500000 -18.436246 24.663280
  endloop
 endfacet
 facet normal 1 0 0
  outer loop
   vertex 32.500000 -10.366667 20.350000
   vertex 32.500000 -18.436246 24.663280
   vertex 32.500000 -18.820164 23.851553
  endloop
 endfacet
 facet normal 0 -0.941544 0.33689
  outer loop
   vertex -32.500000 -18.820164 23.851553
   vertex -32.500000 -19.122671 23.006105
   vertex 32.500000 -19.122671 23.006105
  endloop
 endfacet
 facet normal 0 -0.941544 0.33689
  outer loop
   vertex -32.500000 -18.820164 23.851553
   vertex 32.500000 -19.122671 23.006105
   vertex 32.500000 -18.820164 23.851553
  endloop
 endfacet
 facet normal -1 0 0
  outer loop
   vertex -32.500000 -10.366667 20.350000
   vertex -32.500000 -19.122671 23.006105
   vertex -32.500000 -18.820164 23.851553
  endloop
 endfacet
 facet normal 1 0 0
  outer loop
   vertex 32.500000 -10.366667 20.350000
   vertex 32.500000 -18.820164 23.851553
   vertex 32.500000 -19.122671 23.006105
  endloop
 endfacet
 facet normal 0 -0.970031 0.24298
  outer loop
   vertex -32.500000 -19.122671 23.006105
   vertex -32.500000 -19.340852 22.135076
   vertex 32.500000 -19.340852 22.135076
  endloop
 endfacet
 facet normal 0 -0.970031 0.24298
  outer loop
   vertex -32.500000 -19.122671 23.006105
   vertex 32.500000 -19.340852 22.135076
   vertex 32.500000 -19.122671 23.006105
  endloop
 endfacet
 facet normal -1 0 0
  outer loop
   vertex -32.500000 -10.366667 20.350000
   vertex -32.500000 -19.340852 22.135076
   vertex -32.500000 -19.122671 23.006105
  endloop
 endfacet
 facet normal 1 0 0
  outer loop
   vertex 32.500000 -10.366667 20.350000
   vertex 32.500000 -19.122671 23.006105
   vertex 32.500000 -19.340852 22.135076
  endloop
 endfacet
 facet normal 0 -0.989177 0.14673
  outer loop
   vertex -32.500000 -19.340852 22.135076
   vertex -32.500000 -19.472607 21.246857
   vertex 32.500000 -19.472607 21.246857
  endloop
 endfacet
 facet normal 0 -0.989177 0.14673
  outer loop
   vertex -32.500000 -19.340852 22.135076
   vertex 32.500000 -19.472607 21.246857
   vertex 32.500000 -19.340852 22.135076
  endloop
 endfacet
 facet normal -1 0 0
  outer loop
   vertex -32.500000 -10.366667 20.350000
   vertex -32.500000 -19.472607 21.246857
   vertex -32.500000 -19.340852 22.135076
  endloop
 endfacet
 facet normal 1 0 0
  outer loop
   vertex 32.500000 -10.366667 20.350000
   vertex 32.500000 -19.340852 22.135076
   vertex 32.500000 -19.472607 21.246857
  endloop
 endfacet
 facet normal 0 -0.998795 0.0490677
  outer loop
   vertex -32.500000 -19.472607 21.246857
   vertex -32.500000 -19.516667 20.350000
   vertex 32.500000 -19.516667 20.350000
  endloop
 endfacet
 facet normal 0 -0.998795 0.0490677
  outer loop
   vertex -32.500000 -19.472607 21.246857
   vertex 32.500000 -19.516667 20.350000
   vertex 32.500000 -19.472607 21.246857
  endloop
 endfacet
 facet normal -1 0 0
  outer loop
   vertex -32.500000 -10.366667 20.350000
   vertex -32.500000 -19.516667 20.350000
   vertex -32.500000 -19.472607 21.246857
  endloop
 endfacet
 facet normal 1 0 0
  outer loop
   vertex 32.500000 -10.366667 20.350000
   vertex 32.500000 -19.472607 21.246857
   vertex 32.500000 -19.516667 20.350000
  endloop
 endfacet
 facet normal 0 -0.998795 -0.0490677
  outer loop
   vertex -32.500000 -19.516667 20.350000
   vertex -32.500000 -19.472607 19.453143
   vertex 32.500000 -19.472607 19.453143
  endloop
 endfacet
 facet normal 0 -0.998795 -0.0490677
  outer loop
   vertex -32.500000 -19.516667 20.350000
   vertex 32.500000 -19.472607 19.453143
   vertex 32.500000 -19.516667 20.350000
  endloop
 endfacet
 facet normal -1 -0 0
  outer loop
   vertex -32.500000 -10.366667 20.350000
   vertex -32.500000 -19.472607 19.453143
   vertex -32.500000 -19.516667 20.350000
  endloop
 endfacet
 facet normal 1 0 0
  outer loop
   vertex 32.500000 -10.366667 20.350000
   vertex 32.500000 -19.516667 20.350000
   vertex 32.500000 -19.472607 19.453143
  endloop
 endfacet
 facet normal 0 -0.989177 -0.14673
  outer loop
   vertex -32.500000 -19.472607 19.453143
   vertex -32.500000 -19.340852 18.564924
   vertex 32.500000 -19.340852 18.564924
  endloop
 endfacet
 facet normal 0 -0.989177 -0.14673
  outer loop
   vertex -32.500000 -19.472607 19.453143
   vertex 32.500000 -19.340852 18.564924
   vertex 32.500000 -19.472607 19.453143
  endloop
 endfacet
 facet normal -1 0 0
  outer loop
   vertex -32.500000 -10.366667 20.350000
   vertex -32.500000 -19.340852 18.564924
   vertex -32.500000 -19.472607 19.453143
  endloop
 endfacet
 facet normal 1 0 0
  outer loop
   vertex 32.500000 -10.366667 20.350000
   vertex 32.500000 -19.472607 19.453143
   vertex 32.500000 -19.340852 18.564924
  endloop
 endfacet
 facet normal 0 -0.970031 -0.24298
  outer loop
   vertex -32.500000 -19.340852 18.564924
   vertex -32.500000 -19.122671 17.693895
   vertex 32.500000 -19.122671 17.693895
  endloop
 endfacet
 facet normal 0 -0.970031 -0.24298
  outer loop
   vertex -32.500000 -19.340852 18.564924
   vertex 32.500000 -19.122671 17.693895
   vertex 32.500000 -19.340852 18.564924
  endloop
 endfacet
 facet normal -1 0 0
  outer loop
   vertex -32.500000 -10.366667 20.350000
   vertex -32.500000 -19.122671 17.693895
   vertex -32.500000 -19.340852 18.564924
  endloop
 endfacet
 facet normal 1 0 0
  outer loop
   vertex 32.500000 -10.366667 20.350000
   vertex 32.500000 -19.340852 18.564924
   vertex 32.500000 -19.122671 17.693895
  endloop
 endfacet
 facet normal 0 -0.941544 -0.33689
  outer loop
   vertex -32.500000 -19.122671 17.693895
   vertex -32.500000 -18.820164 16.848447
   vertex 32.500000 -18.820164 16.848447
  endloop
 endfacet
 facet normal 0 -0.941544 -0.33689
  outer loop
   vertex -32.500000 -19.122671 17.693895
   vertex 32.500000 -18.820164 16.848447
   vertex 32.500000 -19.122671 17.693895
  endloop
 endfacet
 facet normal -1 0 0
  outer loop
   vertex -32.500000 -10.366667 20.350000
   vertex -32.500000 -18.820164 16.848447
   vertex -32.500000 -19.122671 17.693895
  endloop
 endfacet
 facet normal 1 0 0
  outer loop
   vertex 32.500000 -10.366667 20.350000
   vertex 32.500000 -19.122671 17.693895
   vertex 32.500000 -18.820164 16.848447
  endloop
 endfacet
 facet normal 0 -0.903989 -0.427555
  outer loop
   vertex -32.500000 -18.820164 16.848447
   vertex -32.500000 -18.436246 16.036720
   vertex 32.500000 -18.436246 16.036720
  endloop
 endfacet
 facet normal 0 -0.903989 -0.427555
  outer loop
   vertex -32.500000 -18.820164 16.848447
   vertex 32.500000 -18.436246 16.036720
   vertex 32.500000 -18.820164 16.848447
  endloop
 endfacet
 facet normal -1 0 0
  outer loop
   vertex -32.500000 -10.366667 20.350000
   vertex -32.500000 -18.436246 16.036720
   vertex -32.500000 -18.820164 16.848447
  endloop
 endfacet
 facet normal 1 0 0
  outer loop
   vertex 32.500000 -10.366667 20.350000
   vertex 32.500000 -18.820164 16.848447
   vertex 32.500000 -18.436246 16.036720
  endloop
 endfacet
 facet normal 0 -0.857729 -0.514103
  outer loop
   vertex -32.500000 -18.436246 16.036720
   vertex -32.500000 -17.974614 15.266532
   vertex 32.500000 -17.974614 15.266532
  endloop
 endfacet
 facet normal 0 -0.857729 -0.514103
  outer loop
   vertex -32.500000 -18.436246 16.036720
   vertex 32.500000 -17.974614 15.266532
   vertex 32.500000 -18.436246 16.036720
  endloop
 endfacet
 facet normal -1 0 0
  outer loop
   vertex -32.500000 -10.366667 20.350000
   vertex -32.500000 -17.974614 15.266532
   vertex -32.500000 -18.436246 16.036720
  endloop
 endfacet
 facet normal 1 0 0
  outer loop
   vertex 32.500000 -10.366667 20.350000
   vertex 32.500000 -18.436246 16.036720
   vertex 32.500000 -17.974614 15.266532
  endloop
 endfacet
 facet normal 0 -0.803208 -0.595699
  outer loop
   vertex -32.500000 -17.974614 15.266532
   vertex -32.500000 -17.439712 14.545301
   vertex 32.500000 -17.439712 14.545301
  endloop
 endfacet
 facet normal 0 -0.803208 -0.595699
  outer loop
   vertex -32.500000 -17.974614 15.266532
   vertex 32.500000 -17.439712 14.545301
   vertex 32.500000 -17.974614 15.266532
  endloop
 endfacet
 facet normal -1 0 0
  outer loop
   vertex -32.500000 -10.366667 20.350000
   vertex -32.500000 -17.439712 14.545301
   vertex -32.500000 -17.974614 15.266532
  endloop
 endfacet
 facet normal 1 0 0
  outer loop
   vertex 32.500000 -10.366667 20.350000
   vertex 32.500000 -17.974614 15.266532
   vertex 32.500000 -17.439712 14.545301
  endloop
 endfacet
 facet normal 0 -0.740951 -0.671559
  outer loop
   vertex -32.500000 -17.439712 14.545301
   vertex -32.500000 -16.836694 13.879973
   vertex 32.500000 -16.836694 13.879973
  endloop
 endfacet
 facet normal 0 -0.740951 -0.671559
  outer loop
   vertex -32.500000 -17.439712 14.545301
   vertex 32.500000 -16.836694 13.879973
   vertex 32.500000 -17.439712 14.545301
  endloop
 endfacet
 facet normal -1 0 0
  outer loop
   vertex -32.500000 -10.366667 20.350000
   vertex -32.500000 -16.836694 13.879973
   vertex -32.500000 -17.439712 14.545301
  endloop
 endfacet
 facet normal 1 0 0
  outer loop
   vertex 32.500000 -10.366667 20.350000
   vertex 32.500000 -17.439712 14.545301
   vertex 32.500000 -16.836694 13.879973
  endloop
 endfacet
 facet normal 0 -0.671559 -0.740951
  outer loop
   vertex -32.500000 -16.836694 13.879973
   vertex -32.500000 -16.171365 13.276954
   vertex 32.500000 -16.171365 13.276954
  endloop
 endfacet
 facet normal 0 -0.671559 -0.740951
  outer loop
   vertex -32.500000 -16.836694 13.879973
   vertex 32.500000 -16.171365 13.276954
   vertex 32.500000 -16.836694 13.879973
  endloop
 endfacet
 facet normal -1 0 0
  outer loop
   vertex -32.500000 -10.366667 20.350000
   vertex -32.500000 -16.171365 13.276954
   vertex -32.500000 -16.836694 13.879973
  endloop
 endfacet
 facet normal 1 0 0
  outer loop
   vertex 32.500000 -10.366667 20.350000
   vertex 32.500000 -16.836694 13.879973
   vertex 32.500000 -16.171365 13.276954
  endloop
 endfacet
 facet normal 0 -0.595699 -0.803208
  outer loop
   vertex -32.500000 -16.171365 13.276954
   vertex -32.500000 -15.450134 12.742053
   vertex 32.500000 -15.450134 12.742053
  endloop
 endfacet
 facet normal 0 -0.595699 -0.803208
  outer loop
   vertex -32.500000 -16.171365 13.276954
   vertex 32.500000 -15.450134 12.742053
   vertex 32.500000 -16.171365 13.276954
  endloop
 endfacet
 facet normal -1 0 0
  outer loop
   vertex -32.500000 -10.366667 20.350000
   vertex -32.500000 -15.450134 12.742053
   vertex -32.500000 -16.171365 13.276954
  endloop
 endfacet
 facet normal 1 0 0
  outer loop
   vertex 32.500000 -10.366667 20.350000
   vertex 32.500000 -16.171365 13.276954
   vertex 32.500000 -15.450134 12.742053
  endloop
 endfacet
 facet normal 0 -0.514103 -0.857729
  outer loop
   vertex -32.500000 -15.450134 12.742053
   vertex -32.500000 -14.679947 12.280420
   vertex 32.500000 -14.679947 12.280420
  endloop
 endfacet
 facet normal 0 -0.514103 -0.857729
  outer loop
   vertex -32.500000 -15.450134 12.742053
   vertex 32.500000 -14.679947 12.280420
   vertex 32.500000 -15.450134 12.742053
  endloop
 endfacet
 facet normal -1 0 0
  outer loop
   vertex -32.500000 -10.366667 20.350000
   vertex -32.500000 -14.679947 12.280420
   vertex -32.500000 -15.450134 12.742053
  endloop
 endfacet
 facet normal 1 0 0
  outer loop
   vertex 32.500000 -10.366667 20.350000
   vertex 32.500000 -15.450134 12.742053
   vertex 32.500000 -14.679947 12.280420
  endloop
 endfacet
 facet normal 0 -0.427555 -0.903989
  outer loop
   vertex -32.500000 -14.679947 12.280420
   vertex -32.500000 -13.868220 11.896502
   vertex 32.500000 -13.868220 11.896502
  endloop
 endfacet
 facet normal 0 -0.427555 -0.903989
  outer loop
   vertex -32.500000 -14.679947 12.280420
   vertex 32.500000 -13.868220 11.896502
   vertex 32.500000 -14.679947 12.280420
  endloop
 endfacet
 facet normal -1 0 0
  outer loop
   vertex -32.500000 -10.366667 20.350000
   vertex -32.500000 -13.868220 11.896502
   vertex -32.500000 -14.679947 12.280420
  endloop
 endfacet
 facet normal 1 0 0
  outer loop
   vertex 32.500000 -10.366667 20.350000
   vertex 32.500000 -14.679947 12.280420
   vertex 32.500000 -13.868220 11.896502
  endloop
 endfacet
 facet normal 0 -0.33689 -0.941544
  outer loop
   vertex -32.500000 -13.868220 11.896502
   vertex -32.500000 -13.022771 11.593996
   vertex 32.500000 -13.022771 11.593996
  endloop
 endfacet
 facet normal 0 -0.33689 -0.941544
  outer loop
   vertex -32.500000 -13.868220 11.896502
   vertex 32.500000 -13.022771 11.593996
   vertex 32.500000 -13.868220 11.896502
  endloop
 endfacet
 facet normal -1 0 0
  outer loop
   vertex -32.500000 -10.366667 20.350000
   vertex -32.500000 -13.022771 11.593996
   vertex -32.500000 -13.868220 11.896502
  endloop
 endfacet
 facet normal 1 0 0
  outer loop
   vertex 32.500000 -10.366667 20.350000
   vertex 32.500000 -13.868220 11.896502
   vertex 32.500000 -13.022771 11.593996
  endloop
 endfacet
 facet normal 0 -0.24298 -0.970031
  outer loop
   vertex -32.500000 -13.022771 11.593996
   vertex -32.500000 -12.151743 11.375815
   vertex 32.500000 -12.151743 11.375815
  endloop
 endfacet
 facet normal 0 -0.24298 -0.970031
  outer loop
   vertex -32.500000 -13.022771 11.593996
   vertex 32.500000 -12.151743 11.375815
   vertex 32.500000 -13.022771 11.593996
  endloop
 endfacet
 facet normal -1 0 0
  outer loop
   vertex -32.500000 -10.366667 20.350000
   vertex -32.500000 -12.151743 11.375815
   vertex -32.500000 -13.022771 11.593996
  endloop
 endfacet
 facet normal 1 0 0
  outer loop
   vertex 32.500000 -10.366667 20.350000
   vertex 32.500000 -13.022771 11.593996
   vertex 32.500000 -12.151743 11.375815
  endloop
 endfacet
 facet normal 0 -0.14673 -0.989177
  outer loop
   vertex -32.500000 -12.151743 11.375815
   vertex -32.500000 -11.263524 11.244060
   vertex 32.500000 -11.263524 11.244060
  endloop
 endfacet
 facet normal 0 -0.14673 -0.989177
  outer loop
   vertex -32.500000 -12.151743 11.375815
   vertex 32.500000 -11.263524 11.244060
   vertex 32.500000 -12.151743 11.375815
  endloop
 endfacet
 facet normal -1 0 0
  outer loop
   vertex -32.500000 -10.366667 20.350000
   vertex -32.500000 -11.263524 11.244060
   vertex -32.500000 -12.151743 11.375815
  endloop
 endfacet
 facet normal 1 0 0
  outer loop
   vertex 32.500000 -10.366667 20.350000
   vertex 32.500000 -12.151743 11.375815
   vertex 32.500000 -11.263524 11.244060
  endloop
 endfacet
 facet normal 0 -0.0490677 -0.998795
  outer loop
   vertex -32.500000 -11.263524 11.244060
   vertex -32.500000 -10.366667 11.200000
   vertex 32.500000 -10.366667 11.200000
  endloop
 endfacet
 facet normal 0 -0.0490677 -0.998795
  outer loop
   vertex -32.500000 -11.263524 11.244060
   vertex 32.500000 -10.366667 11.200000
   vertex 32.500000 -11.263524 11.244060
  endloop
 endfacet
 facet normal -1 0 0
  outer loop
   vertex -32.500000 -10.366667 20.350000
   vertex -32.500000 -10.366667 11.200000
   vertex -32.500000 -11.263524 11.244060
  endloop
 endfacet
 facet normal 1 0 0
  outer loop
   vertex 32.500000 -10.366667 20.350000
   vertex 32.500000 -11.263524 11.244060
   vertex 32.500000 -10.366667 11.200000
  endloop
 endfacet
 facet normal 0 0.0490677 -0.998795
  outer loop
   vertex -32.500000 -10.366667 11.200000
   vertex -32.500000 -9.469810 11.244060
   vertex 32.500000 -9.469810 11.244060
  endloop
 endfacet
 facet normal 0 0.0490677 -0.998795
  outer loop
   vertex -32.500000 -10.366667 11.200000
   vertex 32.500000 -9.469810 11.244060
   vertex 32.500000 -10.366667 11.200000
  endloop
 endfacet
 facet normal -1 0 -0
  outer loop
   vertex -32.500000 -10.366667 20.350000
   vertex -32.500000 -9.469810 11.244060
   vertex -32.500000 -10.366667 11.200000
  endloop
 endfacet
 facet normal 1 0 0
  outer loop
   vertex 32.500000 -10.366667 20.350000
   vertex 32.500000 -10.366667 11.200000
   vertex 32.500000 -9.469810 11.244060
  endloop
 endfacet
 facet normal 0 0.14673 -0.989177
  outer loop
   vertex -32.500000 -9.469810 11.244060
   vertex -32.500000 -8.581590 11.375815
   vertex 32.500000 -8.581590 11.375815
  endloop
 endfacet
 facet normal 0 0.14673 -0.989177
  outer loop
   vertex -32.500000 -9.469810 11.244060
   vertex 32.500000 -8.581590 11.375815
   vertex 32.500000 -9.469810 11.244060
  endloop
 endfacet
 facet normal -1 0 0
  outer loop
   vertex -32.500000 -10.366667 20.350000
   vertex -32.500000 -8.581590 11.375815
   vertex -32.500000 -9.469810 11.244060
  endloop
 endfacet
 facet normal 1 0 0
  outer loop
   vertex 32.500000 -10.366667 20.350000
   vertex 32.500000 -9.469810 11.244060
   vertex 32.500000 -8.581590 11.375815
  endloop
 endfacet
 facet normal 0 0.24298 -0.970031
  outer loop
   vertex -32.500000 -8.581590 11.375815
   vertex -32.500000 -7.710562 11.593996
   vertex 32.500000 -7.710562 11.593996
  endloop
 endfacet
 facet normal 0 0.24298 -0.970031
  outer loop
   vertex -32.500000 -8.581590 11.375815
   vertex 32.500000 -7.710562 11.593996
   vertex 32.500000 -8.581590 11.375815
  endloop
 endfacet
 facet normal -1 0 0
  outer loop
   vertex -32.500000 -10.366667 20.350000
   vertex -32.500000 -7.710562 11.593996
   vertex -32.500000 -8.581590 11.375815
  endloop
 endfacet
 facet normal 1 0 0
  outer loop
   vertex 32.500000 -10.366667 20.350000
   vertex 32.500000 -8.581590 11.375815
   vertex 32.500000 -7.710562 11.593996
  endloop
 endfacet
 facet normal 0 0.33689 -0.941544
  outer loop
   vertex -32.500000 -7.710562 11.593996
   vertex -32.500000 -6.865113 11.896502
   vertex 32.500000 -6.865113 11.896502
  endloop
 endfacet
 facet normal 0 0.33689 -0.941544
  outer loop
   vertex -32.500000 -7.710562 11.593996
   vertex 32.500000 -6.865113 11.896502
   vertex 32.500000 -7.710562 11.593996
  endloop
 endfacet
 facet normal -1 0 0
  outer loop
   vertex -32.500000 -10.366667 20.350000
   vertex -32.500000 -6.865113 11.896502
   vertex -32.500000 -7.710562 11.593996
  endloop
 endfacet
 facet normal 1 0 0
  outer loop
   vertex 32.500000 -10.366667 20.350000
   vertex 32.500000 -7.710562 11.593996
   vertex 32.500000 -6.865113 11.896502
  endloop
 endfacet
 facet normal 0 0.427555 -0.903989
  outer loop
   vertex -32.500000 -6.865113 11.896502
   vertex -32.500000 -6.053387 12.280420
   vertex 32.500000 -6.053387 12.280420
  endloop
 endfacet
 facet normal 0 0.427555 -0.903989
  outer loop
   vertex -32.500000 -6.865113 11.896502
   vertex 32.500000 -6.053387 12.280420
   vertex 32.500000 -6.865113 11.896502
  endloop
 endfacet
 facet normal -1 0 0
  outer loop
   vertex -32.500000 -10.366667 20.350000
   vertex -32.500000 -6.053387 12.280420
   vertex -32.500000 -6.865113 11.896502
  endloop
 endfacet
 facet normal 1 0 0
  outer loop
   vertex 32.500000 -10.366667 20.350000
   vertex 32.500000 -6.865113 11.896502
   vertex 32.500000 -6.053387 12.280420
  endloop
 endfacet
 facet normal 0 0.514103 -0.857729
  outer loop
   vertex -32.500000 -6.053387 12.280420
   vertex -32.500000 -5.283199 12.742053
   vertex 32.500000 -5.283199 12.742053
  endloop
 endfacet
 facet normal 0 0.514103 -0.857729
  outer loop
   vertex -32.500000 -6.053387 12.280420
   vertex 32.500000 -5.283199 12.742053
   vertex 32.500000 -6.053387 12.280420
  endloop
 endfacet
 facet normal -1 0 0
  outer loop
   vertex -32.500000 -10.366667 20.350000
   vertex -32.500000 -5.283199 12.742053
   vertex -32.500000 -6.053387 12.280420
  endloop
 endfacet
 facet normal 1 0 0
  outer loop
   vertex 32.500000 -10.366667 20.350000
   vertex 32.500000 -6.053387 12.280420
   vertex 32.500000 -5.283199 12.742053
  endloop
 endfacet
 facet normal 0 0.595699 -0.803208
  outer loop
   vertex -32.500000 -5.283199 12.742053
   vertex -32.500000 -4.561968 13.276954
   vertex 32.500000 -4.561968 13.276954
  endloop
 endfacet
 facet normal 0 0.595699 -0.803208
  outer loop
   vertex -32.500000 -5.283199 12.742053
   vertex 32.500000 -4.561968 13.276954
   vertex 32.500000 -5.283199 12.742053
  endloop
 endfacet
 facet normal -1 0 0
  outer loop
   vertex -32.500000 -10.366667 20.350000
   vertex -32.500000 -4.561968 13.276954
   vertex -32.500000 -5.283199 12.742053
  endloop
 endfacet
 facet normal 1 0 0
  outer loop
   vertex 32.500000 -10.366667 20.350000
   vertex 32.500000 -5.283199 12.742053
   vertex 32.500000 -4.561968 13.276954
  endloop
 endfacet
 facet normal 0 0.671559 -0.740951
  outer loop
   vertex -32.500000 -4.561968 13.276954
   vertex -32.500000 -3.896640 13.879973
   vertex 32.500000 -3.896640 13.879973
  endloop
 endfacet
 facet normal 0 0.671559 -0.740951
  outer loop
   vertex -32.500000 -4.561968 13.276954
   vertex 32.500000 -3.896640 13.879973
   vertex 32.500000 -4.561968 13.276954
  endloop
 endfacet
 facet normal -1 0 0
  outer loop
   vertex -32.500000 -10.366667 20.350000
   vertex -32.500000 -3.896640 13.879973
   vertex -32.500000 -4.561968 13.276954
  endloop
 endfacet
 facet normal 1 0 0
  outer loop
   vertex 32.500000 -10.366667 20.350000
   vertex 32.500000 -4.561968 13.276954
   vertex 32.500000 -3.896640 13.879973
  endloop
 endfacet
 facet normal 0 0.740951 -0.671559
  outer loop
   vertex -32.500000 -3.896640 13.879973
   vertex -32.500000 -3.293621 14.545301
   vertex 32.500000 -3.293621 14.545301
  endloop
 endfacet
 facet normal 0 0.740951 -0.671559
  outer loop
   vertex -32.500000 -3.896640 13.879973
   vertex 32.500000 -3.293621 14.545301
   vertex 32.500000 -3.896640 13.879973
  endloop
 endfacet
 facet normal -1 0 0
  outer loop
   vertex -32.500000 -10.366667 20.350000
   vertex -32.500000 -3.293621 14.545301
   vertex -32.500000 -3.896640 13.879973
  endloop
 endfacet
 facet normal 1 0 0
  outer loop
   vertex 32.500000 -10.366667 20.350000
   vertex 32.500000 -3.896640 13.879973
   vertex 32.500000 -3.293621 14.545301
  endloop
 endfacet
 facet normal 0 0.803208 -0.595699
  outer loop
   vertex -32.500000 -3.293621 14.545301
   vertex -32.500000 -2.758720 15.266532
   vertex 32.500000 -2.758720 15.266532
  endloop
 endfacet
 facet normal 0 0.803208 -0.595699
  outer loop
   vertex -32.500000 -3.293621 14.545301
   vertex 32.500000 -2.758720 15.266532
   vertex 32.500000 -3.293621 14.545301
  endloop
 endfacet
 facet normal -1 0 0
  outer loop
   vertex -32.500000 -10.366667 20.350000
   vertex -32.500000 -2.758720 15.266532
   vertex -32.500000 -3.293621 14.545301
  endloop
 endfacet
 facet normal 1 0 0
  outer loop
   vertex 32.500000 -10.366667 20.350000
   vertex 32.500000 -3.293621 14.545301
   vertex 32.500000 -2.758720 15.266532
  endloop
 endfacet
 facet normal 0 0.857729 -0.514103
  outer loop
   vertex -32.500000 -2.758720 15.266532
   vertex -32.500000 -2.297087 16.036720
   vertex 32.500000 -2.297087 16.036720
  endloop
 endfacet
 facet normal 0 0.857729 -0.514103
  outer loop
   vertex -32.500000 -2.758720 15.266532
   vertex 32.500000 -2.297087 16.036720
   vertex 32.500000 -2.758720 15.266532
  endloop
 endfacet
 facet normal -1 0 0
  outer loop
   vertex -32.500000 -10.366667 20.350000
   vertex -32.500000 -2.297087 16.036720
   vertex -32.500000 -2.758720 15.266532
  endloop
 endfacet
 facet normal 1 0 0
  outer loop
   vertex 32.500000 -10.366667 20.350000
   vertex 32.500000 -2.758720 15.266532
   vertex 32.500000 -2.297087 16.036720
  endloop
 endfacet
 facet normal 0 0.903989 -0.427555
  outer loop
   vertex -32.500000 -2.297087 16.036720
   vertex -32.500000 -1.913169 16.848447
   vertex 32.500000 -1.913169 16.848447
  endloop
 endfacet
 facet normal 0 0.903989 -0.427555
  outer loop
   vertex -32.500000 -2.297087 16.036720
   vertex 32.500000 -1.913169 16.848447
   vertex 32.500000 -2.297087 16.036720
  endloop
 endfacet
 facet normal -1 0 0
  outer loop
   vertex -32.500000 -10.366667 20.350000
   vertex -32.500000 -1.913169 16.848447
   vertex -32.500000 -2.297087 16.036720
  endloop
 endfacet
 facet normal 1 0 0
  outer loop
   vertex 32.500000 -10.366667 20.350000
   vertex 32.500000 -2.297087 16.036720
   vertex 32.500000 -1.913169 16.848447
  endloop
 endfacet
 facet normal 0 0.941544 -0.33689
  outer loop
   vertex -32.500000 -1.913169 16.848447
   vertex -32.500000 -1.610663 17.693895
   vertex 32.500000 -1.610663 17.693895
  endloop
 endfacet
 facet normal 0 0.941544 -0.33689
  outer loop
   vertex -32.500000 -1.913169 16.848447
   vertex 32.500000 -1.610663 17.693895
   vertex 32.500000 -1.913169 16.848447
  endloop
 endfacet
 facet normal -1 0 0
  outer loop
   vertex -32.500000 -10.366667 20.350000
   vertex -32.500000 -1.610663 17.693895
   vertex -32.500000 -1.913169 16.848447
  endloop
 endfacet
 facet normal 1 0 0
  outer loop
   vertex 32.500000 -10.366667 20.350000
   vertex 32.500000 -1.913169 16.848447
   vertex 32.500000 -1.610663 17.693895
  endloop
 endfacet
 facet normal 0 0.970031 -0.24298
  outer loop
   vertex -32.500000 -1.610663 17.693895
   vertex -32.500000 -1.392481 18.564924
   vertex 32.500000 -1.392481 18.564924
  endloop
 endfacet
 facet normal 0 0.970031 -0.24298
  outer loop
   vertex -32.500000 -1.610663 17.693895
   vertex 32.500000 -1.392481 18.564924
   vertex 32.500000 -1.610663 17.693895
  endloop
 endfacet
 facet normal -1 0 0
  outer loop
   vertex -32.500000 -10.366667 20.350000
   vertex -32.500000 -1.392481 18.564924
   vertex -32.500000 -1.610663 17.693895
  endloop
 endfacet
 facet normal 1 0 0
  outer loop
   vertex 32.500000 -10.366667 20.350000
   vertex 32.500000 -1.610663 17.693895
   vertex 32.500000 -1.392481 18.564924
  endloop
 endfacet
 facet normal 0 0.989177 -0.14673
  outer loop
   vertex -32.500000 -1.392481 18.564924
   vertex -32.500000 -1.260726 19.453143
   vertex 32.500000 -1.260726 19.453143
  endloop
 endfacet
 facet normal 0 0.989177 -0.14673
  outer loop
   vertex -32.500000 -1.392481 18.564924
   vertex 32.500000 -1.260726 19.453143
   vertex 32.500000 -1.392481 18.564924
  endloop
 endfacet
 facet normal -1 0 0
  outer loop
   vertex -32.500000 -10.366667 20.350000
   vertex -32.500000 -1.260726 19.453143
   vertex -32.500000 -1.392481 18.564924
  endloop
 endfacet
 facet normal 1 0 0
  outer loop
   vertex 32.500000 -10.366667 20.350000
   vertex 32.500000 -1.392481 18.564924
   vertex 32.500000 -1.260726 19.453143
  endloop
 endfacet
 facet normal 0 0.998795 -0.0490677
  outer loop
   vertex -32.500000 -1.260726 19.453143
   vertex -32.500000 -1.216667 20.350000
   vertex 32.500000 -1.216667 20.350000
  endloop
 endfacet
 facet normal 0 0.998795 -0.0490677
  outer loop
   vertex -32.500000 -1.260726 19.453143
   vertex 32.500000 -1.216667 20.350000
   vertex 32.500000 -1.260726 19.453143
  endloop
 endfacet
 facet normal -1 0 0
  outer loop
   vertex -32.500000 -10.366667 20.350000
   vertex -32.500000 -1.216667 20.350000
   vertex -32.500000 -1.260726 19.453143
  endloop
 endfacet
 facet normal 1 0 0
  outer loop
   vertex 32.500000 -10.366667 20.350000
   vertex 32.500000 -1.260726 19.453143
   vertex 32.500000 -1.216667 20.350000
  endloop
 endfacet
 facet normal 0 0.998795 0.0490677
  outer loop
   vertex -32.500000 19.516667 20.350000
   vertex -32.500000 19.472607 21.246857
   vertex 32.500000 19.472607 21.246857
  endloop
 endfacet
 facet normal -0 0.998795 0.0490677
  outer loop
   vertex -32.500000 19.516667 20.350000
   vertex 32.500000 19.472607 21.246857
   vertex 32.500000 19.516667 20.350000
  endloop
 endfacet
 facet normal -1 0 0
  outer loop
   vertex -32.500000 10.366667 20.350000
   vertex -32.500000 19.472607 21.246857
   vertex -32.500000 19.516667 20.350000
  endloop
 endfacet
 facet normal 1 0 0
  outer loop
   vertex 32.500000 10.366667 20.350000
   vertex 32.500000 19.516667 20.350000
   vertex 32.500000 19.472607 21.246857
  endloop
 endfacet
 facet normal 0 0.989177 0.14673
  outer loop
   vertex -32.500000 19.472607 21.246857
   vertex -32.500000 19.340852 22.135076
   vertex 32.500000 19.340852 22.135076
  endloop
 endfacet
 facet normal -0 0.989177 0.14673
  outer loop
   vertex -32.500000 19.472607 21.246857
   vertex 32.500000 19.340852 22.135076
   vertex 32.500000 19.472607 21.246857
  endloop
 endfacet
 facet normal -1 0 0
  outer loop
   vertex -32.500000 10.366667 20.350000
   vertex -32.500000 19.340852 22.135076
   vertex -32.500000 19.472607 21.246857
  endloop
 endfacet
 facet normal 1 0 0
  outer loop
   vertex 32.500000 10.366667 20.350000
   vertex 32.500000 19.472607 21.246857
   vertex 32.500000 19.340852 22.135076
  endloop
 endfacet
 facet normal 0 0.970031 0.24298
  outer loop
   vertex -32.500000 19.340852 22.135076
   vertex -32.500000 19.122671 23.006105
   vertex 32.500000 19.122671 23.006105
  endloop
 endfacet
 facet normal -0 0.970031 0.24298
  outer loop
   vertex -32.500000 19.340852 22.135076
   vertex 32.500000 19.122671 23.006105
   vertex 32.500000 19.340852 22.135076
  endloop
 endfacet
 facet normal -1 0 0
  outer loop
   vertex -32.500000 10.366667 20.350000
   vertex -32.500000 19.122671 23.006105
   vertex -32.500000 19.340852 22.135076
  endloop
 endfacet
 facet normal 1 0 0
  outer loop
   vertex 32.500000 10.366667 20.350000
   vertex 32.500000 19.340852 22.135076
   vertex 32.500000 19.122671 23.006105
  endloop
 endfacet
 facet normal 0 0.941544 0.33689
  outer loop
   vertex -32.500000 19.122671 23.006105
   vertex -32.500000 18.820164 23.851553
   vertex 32.500000 18.820164 23.851553
  endloop
 endfacet
 facet normal -0 0.941544 0.33689
  outer loop
   vertex -32.500000 19.122671 23.006105
   vertex 32.500000 18.820164 23.851553
   vertex 32.500000 19.122671 23.006105
  endloop
 endfacet
 facet normal -1 0 0
  outer loop
   vertex -32.500000 10.366667 20.350000
   vertex -32.500000 18.820164 23.851553
   vertex -32.500000 19.122671 23.006105
  endloop
 endfacet
 facet normal 1 0 0
  outer loop
   vertex 32.500000 10.366667 20.350000
   vertex 32.500000 19.122671 23.006105
   vertex 32.500000 18.820164 23.851553
  endloop
 endfacet
 facet normal 0 0.903989 0.427555
  outer loop
   vertex -32.500000 18.820164 23.851553
   vertex -32.500000 18.436246 24.663280
   vertex 32.500000 18.436246 24.663280
  endloop
 endfacet
 facet normal -0 0.903989 0.427555
  outer loop
   vertex -32.500000 18.820164 23.851553
   vertex 32.500000 18.436246 24.663280
   vertex 32.500000 18.820164 23.851553
  endloop
 endfacet
 facet normal -1 0 0
  outer loop
   vertex -32.500000 10.366667 20.350000
   vertex -32.500000 18.436246 24.663280
   vertex -32.500000 18.820164 23.851553
  endloop
 endfacet
 facet normal 1 0 0
  outer loop
   vertex 32.500000 10.366667 20.350000
   vertex 32.500000 18.820164 23.851553
   vertex 32.500000 18.436246 24.663280
  endloop
 endfacet
 facet normal 0 0.857729 0.514103
  outer loop
   vertex -32.500000 18.436246 24.663280
   vertex -32.500000 17.974614 25.433468
   vertex 32.500000 17.974614 25.433468
  endloop
 endfacet
 facet normal -0 0.857729 0.514103
  outer loop
   vertex -32.500000 18.436246 24.663280
   vertex 32.500000 17.974614 25.433468
   vertex 32.500000 18.436246 24.663280
  endloop
 endfacet
 facet normal -1 0 0
  outer loop
   vertex -32.500000 10.366667 20.350000
   vertex -32.500000 17.974614 25.433468
   vertex -32.500000 18.436246 24.663280
  endloop
 endfacet
 facet normal 1 0 0
  outer loop
   vertex 32.500000 10.366667 20.350000
   vertex 32.500000 18.436246 24.663280
   vertex 32.500000 17.974614 25.433468
  endloop
 endfacet
 facet normal 0 0.803208 0.595699
  outer loop
   vertex -32.500000 17.974614 25.433468
   vertex -32.500000 17.439712 26.154699
   vertex 32.500000 17.439712 26.154699
  endloop
 endfacet
 facet normal -0 0.803208 0.595699
  outer loop
   vertex -32.500000 17.974614 25.433468
   vertex 32.500000 17.439712 26.154699
   vertex 32.500000 17.974614 25.433468
  endloop
 endfacet
 facet normal -1 0 0
  outer loop
   vertex -32.500000 10.366667 20.350000
   vertex -32.500000 17.439712 26.154699
   vertex -32.500000 17.974614 25.433468
  endloop
 endfacet
 facet normal 1 0 0
  outer loop
   vertex 32.500000 10.366667 20.350000
   vertex 32.500000 17.974614 25.433468
   vertex 32.500000 17.439712 26.154699
  endloop
 endfacet
 facet normal 0 0.740951 0.671559
  outer loop
   vertex -32.500000 17.439712 26.154699
   vertex -32.500000 16.836694 26.820027
   vertex 32.500000 16.836694 26.820027
  endloop
 endfacet
 facet normal -0 0.740951 0.671559
  outer loop
   vertex -32.500000 17.439712 26.154699
   vertex 32.500000 16.836694 26.820027
   vertex 32.500000 17.439712 26.154699
  endloop
 endfacet
 facet normal -1 0 0
  outer loop
   vertex -32.500000 10.366667 20.350000
   vertex -32.500000 16.836694 26.820027
   vertex -32.500000 17.439712 26.154699
  endloop
 endfacet
 facet normal 1 0 0
  outer loop
   vertex 32.500000 10.366667 20.350000
   vertex 32.500000 17.439712 26.154699
   vertex 32.500000 16.836694 26.820027
  endloop
 endfacet
 facet normal 0 0.671559 0.740951
  outer loop
   vertex -32.500000 16.836694 26.820027
   vertex -32.500000 16.171365 27.423046
   vertex 32.500000 16.171365 27.423046
  endloop
 endfacet
 facet normal -0 0.671559 0.740951
  outer loop
   vertex -32.500000 16.836694 26.820027
   vertex 32.500000 16.171365 27.423046
   vertex 32.500000 16.836694 26.820027
  endloop
 endfacet
 facet normal -1 0 0
  outer loop
   vertex -32.500000 10.366667 20.350000
   vertex -32.500000 16.171365 27.423046
   vertex -32.500000 16.836694 26.820027
  endloop
 endfacet
 facet normal 1 0 0
  outer loop
   vertex 32.500000 10.366667 20.350000
   vertex 32.500000 16.836694 26.820027
   vertex 32.500000 16.171365 27.423046
  endloop
 endfacet
 facet normal 0 0.595699 0.803208
  outer loop
   vertex -32.500000 16.171365 27.423046
   vertex -32.500000 15.450134 27.957947
   vertex 32.500000 15.450134 27.957947
  endloop
 endfacet
 facet normal -0 0.595699 0.803208
  outer loop
   vertex -32.500000 16.171365 27.423046
   vertex 32.500000 15.450134 27.957947
   vertex 32.500000 16.171365 27.423046
  endloop
 endfacet
 facet normal -1 0 0
  outer loop
   vertex -32.500000 10.366667 20.350000
   vertex -32.500000 15.450134 27.957947
   vertex -32.500000 16.171365 27.423046
  endloop
 endfacet
 facet normal 1 0 0
  outer loop
   vertex 32.500000 10.366667 20.350000
   vertex 32.500000 16.171365 27.423046
   vertex 32.500000 15.450134 27.957947
  endloop
 endfacet
 facet normal 0 0.514103 0.857729
  outer loop
   vertex -32.500000 15.450134 27.957947
   vertex -32.500000 14.679947 28.419580
   vertex 32.500000 14.679947 28.419580
  endloop
 endfacet
 facet normal -0 0.514103 0.857729
  outer loop
   vertex -32.500000 15.450134 27.957947
   vertex 32.500000 14.679947 28.419580
   vertex 32.500000 15.450134 27.957947
  endloop
 endfacet
 facet normal -1 0 0
  outer loop
   vertex -32.500000 10.366667 20.350000
   vertex -32.500000 14.679947 28.419580
   vertex -32.500000 15.450134 27.957947
  endloop
 endfacet
 facet normal 1 0 0
  outer loop
   vertex 32.500000 10.366667 20.350000
   vertex 32.500000 15.450134 27.957947
   vertex 32.500000 14.679947 28.419580
  endloop
 endfacet
 facet normal 0 0.427555 0.903989
  outer loop
   vertex -32.500000 14.679947 28.419580
   vertex -32.500000 13.868220 28.803498
   vertex 32.500000 13.868220 28.803498
  endloop
 endfacet
 facet normal -0 0.427555 0.903989
  outer loop
   vertex -32.500000 14.679947 28.419580
   vertex 32.500000 13.868220 28.803498
   vertex 32.500000 14.679947 28.419580
  endloop
 endfacet
 facet normal -1 0 0
  outer loop
   vertex -32.500000 10.366667 20.350000
   vertex -32.500000 13.868220 28.803498
   vertex -32.500000 14.679947 28.419580
  endloop
 endfacet
 facet normal 1 0 0
  outer loop
   vertex 32.500000 10.366667 20.350000
   vertex 32.500000 14.679947 28.419580
   vertex 32.500000 13.868220 28.803498
  endloop
 endfacet
 facet normal 0 0.33689 0.941544
  outer loop
   vertex -32.500000 13.868220 28.803498
   vertex -32.500000 13.022771 29.106004
   vertex 32.500000 13.022771 29.106004
  endloop
 endfacet
 facet normal -0 0.33689 0.941544
  outer loop
   vertex -32.500000 13.868220 28.803498
   vertex 32.500000 13.022771 29.106004
   vertex 32.500000 13.868220 28.803498
  endloop
 endfacet
 facet normal -1 0 0
  outer loop
   vertex -32.500000 10.366667 20.350000
   vertex -32.500000 13.022771 29.106004
   vertex -32.500000 13.868220 28.803498
  endloop
 endfacet
 facet normal 1 0 0
  outer loop
   vertex 32.500000 10.366667 20.350000
   vertex 32.500000 13.868220 28.803498
   vertex 32.500000 13.022771 29.106004
  endloop
 endfacet
 facet normal 0 0.24298 0.970031
  outer loop
   vertex -32.500000 13.022771 29.106004
   vertex -32.500000 12.151743 29.324185
   vertex 32.500000 12.151743 29.324185
  endloop
 endfacet
 facet normal -0 0.24298 0.970031
  outer loop
   vertex -32.500000 13.022771 29.106004
   vertex 32.500000 12.151743 29.324185
   vertex 32.500000 13.022771 29.106004
  endloop
 endfacet
 facet normal -1 0 0
  outer loop
   vertex -32.500000 10.366667 20.350000
   vertex -32.500000 12.151743 29.324185
   vertex -32.500000 13.022771 29.106004
  endloop
 endfacet
 facet normal 1 0 0
  outer loop
   vertex 32.500000 10.366667 20.350000
   vertex 32.500000 13.022771 29.106004
   vertex 32.500000 12.151743 29.324185
  endloop
 endfacet
 facet normal 0 0.14673 0.989177
  outer loop
   vertex -32.500000 12.151743 29.324185
   vertex -32.500000 11.263524 29.455940
   vertex 32.500000 11.263524 29.455940
  endloop
 endfacet
 facet normal -0 0.14673 0.989177
  outer loop
   vertex -32.500000 12.151743 29.324185
   vertex 32.500000 11.263524 29.455940
   vertex 32.500000 12.151743 29.324185
  endloop
 endfacet
 facet normal -1 0 0
  outer loop
   vertex -32.500000 10.366667 20.350000
   vertex -32.500000 11.263524 29.455940
   vertex -32.500000 12.151743 29.324185
  endloop
 endfacet
 facet normal 1 0 0
  outer loop
   vertex 32.500000 10.366667 20.350000
   vertex 32.500000 12.151743 29.324185
   vertex 32.500000 11.263524 29.455940
  endloop
 endfacet
 facet normal 0 0.0490677 0.998795
  outer loop
   vertex -32.500000 11.263524 29.455940
   vertex -32.500000 10.366667 29.500000
   vertex 32.500000 10.366667 29.500000
  endloop
 endfacet
 facet normal -0 0.0490677 0.998795
  outer loop
   vertex -32.500000 11.263524 29.455940
   vertex 32.500000 10.366667 29.500000
   vertex 32.500000 11.263524 29.455940
  endloop
 endfacet
 facet normal -1 0 0
  outer loop
   vertex -32.500000 10.366667 20.350000
   vertex -32.500000 10.366667 29.500000
   vertex -32.500000 11.263524 29.455940
  endloop
 endfacet
 facet normal 1 0 0
  outer loop
   vertex 32.500000 10.366667 20.350000
   vertex 32.500000 11.263524 29.455940
   vertex 32.500000 10.366667 29.500000
  endloop
 endfacet
 facet normal 0 -0.0490677 0.998795
  outer loop
   vertex -32.500000 10.366667 29.500000
   vertex -32.500000 9.469810 29.455940
   vertex 32.500000 9.469810 29.455940
  endloop
 endfacet
 facet normal 0 -0.0490677 0.998795
  outer loop
   vertex -32.500000 10.366667 29.500000
   vertex 32.500000 9.469810 29.455940
   vertex 32.500000 10.366667 29.500000
  endloop
 endfacet
 facet normal -1 0 0
  outer loop
   vertex -32.500000 10.366667 20.350000
   vertex -32.500000 9.469810 29.455940
   vertex -32.500000 10.366667 29.500000
  endloop
 endfacet
 facet normal 1 0 -0
  outer loop
   vertex 32.500000 10.366667 20.350000
   vertex 32.500000 10.366667 29.500000
   vertex 32.500000 9.469810 29.455940
  endloop
 endfacet
 facet normal 0 -0.14673 0.989177
  outer loop
   vertex -32.500000 9.469810 29.455940
   vertex -32.500000 8.581590 29.324185
   vertex 32.500000 8.581590 29.324185
  endloop
 endfacet
 facet normal 0 -0.14673 0.989177
  outer loop
   vertex -32.500000 9.469810 29.455940
   vertex 32.500000 8.581590 29.324185
   vertex 32.500000 9.469810 29.455940
  endloop
 endfacet
 facet normal -1 0 0
  outer loop
   vertex -32.500000 10.366667 20.350000
   vertex -32.500000 8.581590 29.324185
   vertex -32.500000 9.469810 29.455940
  endloop
 endfacet
 facet normal 1 0 0
  outer loop
   vertex 32.500000 10.366667 20.350000
   vertex 32.500000 9.469810 29.455940
   vertex 32.500000 8.581590 29.324185
  endloop
 endfacet
 facet normal 0 -0.24298 0.970031
  outer loop
   vertex -32.500000 8.581590 29.324185
   vertex -32.500000 7.710562 29.106004
   vertex 32.500000 7.710562 29.106004
  endloop
 endfacet
 facet normal 0 -0.24298 0.970031
  outer loop
   vertex -32.500000 8.581590 29.324185
   vertex 32.500000 7.710562 29.106004
   vertex 32.500000 8.581590 29.324185
  endloop
 endfacet
 facet normal -1 0 0
  outer loop
   vertex -32.500000 10.366667 20.350000
   vertex -32.500000 7.710562 29.106004
   vertex -32.500000 8.581590 29.324185
  endloop
 endfacet
 facet normal 1 0 0
  outer loop
   vertex 32.500000 10.366667 20.350000
   vertex 32.500000 8.581590 29.324185
   vertex 32.500000 7.710562 29.106004
  endloop
 endfacet
 facet normal 0 -0.33689 0.941544
  outer loop
   vertex -32.500000 7.710562 29.106004
   vertex -32.500000 6.865113 28.803498
   vertex 32.500000 6.865113 28.803498
  endloop
 endfacet
 facet normal 0 -0.33689 0.941544
  outer loop
   vertex -32.500000 7.710562 29.106004
   vertex 32.500000 6.865113 28.803498
   vertex 32.500000 7.710562 29.106004
  endloop
 endfacet
 facet normal -1 0 0
  outer loop
   vertex -32.500000 10.366667 20.350000
   vertex -32.500000 6.865113 28.803498
   vertex -32.500000 7.710562 29.106004
  endloop
 endfacet
 facet normal 1 0 0
  outer loop
   vertex 32.500000 10.366667 20.350000
   vertex 32.500000 7.710562 29.106004
   vertex 32.500000 6.865113 28.803498
  endloop
 endfacet
 facet normal 0 -0.427555 0.903989
  outer loop
   vertex -32.500000 6.865113 28.803498
   vertex -32.500000 6.053387 28.419580
   vertex 32.500000 6.053387 28.419580
  endloop
 endfacet
 facet normal 0 -0.427555 0.903989
  outer loop
   vertex -32.500000 6.865113 28.803498
   vertex 32.500000 6.053387 28.419580
   vertex 32.500000 6.865113 28.803498
  endloop
 endfacet
 facet normal -1 0 0
  outer loop
   vertex -32.500000 10.366667 20.350000
   vertex -32.500000 6.053387 28.419580
   vertex -32.500000 6.865113 28.803498
  endloop
 endfacet
 facet normal 1 0 0
  outer loop
   vertex 32.500000 10.366667 20.350000
   vertex 32.500000 6.865113 28.803498
   vertex 32.500000 6.053387 28.419580
  endloop
 endfacet
 facet normal 0 -0.514103 0.857729
  outer loop
   vertex -32.500000 6.053387 28.419580
   vertex -32.500000 5.283199 27.957947
   vertex 32.500000 5.283199 27.957947
  endloop
 endfacet
 facet normal 0 -0.514103 0.857729
  outer loop
   vertex -32.500000 6.053387 28.419580
   vertex 32.500000 5.283199 27.957947
   vertex 32.500000 6.053387 28.419580
  endloop
 endfacet
 facet normal -1 0 0
  outer loop
   vertex -32.500000 10.366667 20.350000
   vertex -32.500000 5.283199 27.957947
   vertex -32.500000 6.053387 28.419580
  endloop
 endfacet
 facet normal 1 0 0
  outer loop
   vertex 32.500000 10.366667 20.350000
   vertex 32.500000 6.053387 28.419580
   vertex 32.500000 5.283199 27.957947
  endloop
 endfacet
 facet normal 0 -0.595699 0.803208
  outer loop
   vertex -32.500000 5.283199 27.957947
   vertex -32.500000 4.561968 27.423046
   vertex 32.500000 4.561968 27.423046
  endloop
 endfacet
 facet normal 0 -0.595699 0.803208
  outer loop
   vertex -32.500000 5.283199 27.957947
   vertex 32.500000 4.561968 27.423046
   vertex 32.500000 5.283199 27.957947
  endloop
 endfacet
 facet normal -1 0 0
  outer loop
   vertex -32.500000 10.366667 20.350000
   vertex -32.500000 4.561968 27.423046
   vertex -32.500000 5.283199 27.957947
  endloop
 endfacet
 facet normal 1 0 0
  outer loop
   vertex 32.500000 10.366667 20.350000
   vertex 32.500000 5.283199 27.957947
   vertex 32.500000 4.561968 27.423046
  endloop
 endfacet
 facet normal 0 -0.671559 0.740951
  outer loop
   vertex -32.500000 4.561968 27.423046
   vertex -32.500000 3.896640 26.820027
   vertex 32.500000 3.896640 26.820027
  endloop
 endfacet
 facet normal 0 -0.671559 0.740951
  outer loop
   vertex -32.500000 4.561968 27.423046
   vertex 32.500000 3.896640 26.820027
   vertex 32.500000 4.561968 27.423046
  endloop
 endfacet
 facet normal -1 0 0
  outer loop
   vertex -32.500000 10.366667 20.350000
   vertex -32.500000 3.896640 26.820027
   vertex -32.500000 4.561968 27.423046
  endloop
 endfacet
 facet normal 1 0 0
  outer loop
   vertex 32.500000 10.366667 20.350000
   vertex 32.500000 4.561968 27.423046
   vertex 32.500000 3.896640 26.820027
  endloop
 endfacet
 facet normal 0 -0.740951 0.671559
  outer loop
   vertex -32.500000 3.896640 26.820027
   vertex -32.500000 3.293621 26.154699
   vertex 32.500000 3.293621 26.154699
  endloop
 endfacet
 facet normal 0 -0.740951 0.671559
  outer loop
   vertex -32.500000 3.896640 26.820027
   vertex 32.500000 3.293621 26.154699
   vertex 32.500000 3.896640 26.820027
  endloop
 endfacet
 facet normal -1 0 0
  outer loop
   vertex -32.500000 10.366667 20.350000
   vertex -32.500000 3.293621 26.154699
   vertex -32.500000 3.896640 26.820027
  endloop
 endfacet
 facet normal 1 0 0
  outer loop
   vertex 32.500000 10.366667 20.350000
   vertex 32.500000 3.896640 26.820027
   vertex 32.500000 3.293621 26.154699
  endloop
 endfacet
 facet normal 0 -0.803208 0.595699
  outer loop
   vertex -32.500000 3.293621 26.154699
   vertex -32.500000 2.758720 25.433468
   vertex 32.500000 2.758720 25.433468
  endloop
 endfacet
 facet normal 0 -0.803208 0.595699
  outer loop
   vertex -32.500000 3.293621 26.154699
   vertex 32.500000 2.758720 25.433468
   vertex 32.500000 3.293621 26.154699
  endloop
 endfacet
 facet normal -1 0 0
  outer loop
   vertex -32.500000 10.366667 20.350000
   vertex -32.500000 2.758720 25.433468
   vertex -32.500000 3.293621 26.154699
  endloop
 endfacet
 facet normal 1 0 0
  outer loop
   vertex 32.500000 10.366667 20.350000
   vertex 32.500000 3.293621 26.154699
   vertex 32.500000 2.758720 25.433468
  endloop
 endfacet
 facet normal 0 -0.857729 0.514103
  outer loop
   vertex -32.500000 2.758720 25.433468
   vertex -32.500000 2.297087 24.663280
   vertex 32.500000 2.297087 24.663280
  endloop
 endfacet
 facet normal 0 -0.857729 0.514103
  outer loop
   vertex -32.500000 2.758720 25.433468
   vertex 32.500000 2.297087 24.663280
   vertex 32.500000 2.758720 25.433468
  endloop
 endfacet
 facet normal -1 0 0
  outer loop
   vertex -32.500000 10.366667 20.350000
   vertex -32.500000 2.297087 24.663280
   vertex -32.500000 2.758720 25.433468
  endloop
 endfacet
 facet normal 1 0 0
  outer loop
   vertex 32.500000 10.366667 20.350000
   vertex 32.500000 2.758720 25.433468
   vertex 32.500000 2.297087 24.663280
  endloop
 endfacet
 facet normal 0 -0.903989 0.427555
  outer loop
   vertex -32.500000 2.297087 24.663280
   vertex -32.500000 1.913169 23.851553
   vertex 32.500000 1.913169 23.851553
  endloop
 endfacet
 facet normal 0 -0.903989 0.427555
  outer loop
   vertex -32.500000 2.297087 24.663280
   vertex 32.500000 1.913169 23.851553
   vertex 32.500000 2.297087 24.663280
  endloop
 endfacet
 facet normal -1 0 0
  outer loop
   vertex -32.500000 10.366667 20.350000
   vertex -32.500000 1.913169 23.851553
   vertex -32.500000 2.297087 24.663280
  endloop
 endfacet
 facet normal 1 0 0
  outer loop
   vertex 32.500000 10.366667 20.350000
   vertex 32.500000 2.297087 24.663280
   vertex 32.500000 1.913169 23.851553
  endloop
 endfacet
 facet normal 0 -0.941544 0.33689
  outer loop
   vertex -32.500000 1.913169 23.851553
   vertex -32.500000 1.610663 23.006105
   vertex 32.500000 1.610663 23.006105
  endloop
 endfacet
 facet normal 0 -0.941544 0.33689
  outer loop
   vertex -32.500000 1.913169 23.851553
   vertex 32.500000 1.610663 23.006105
   vertex 32.500000 1.913169 23.851553
  endloop
 endfacet
 facet normal -1 0 0
  outer loop
   vertex -32.500000 10.366667 20.350000
   vertex -32.500000 1.610663 23.006105
   vertex -32.500000 1.913169 23.851553
  endloop
 endfacet
 facet normal 1 0 0
  outer loop
   vertex 32.500000 10.366667 20.350000
   vertex 32.500000 1.913169 23.851553
   vertex 32.500000 1.610663 23.006105
  endloop
 endfacet
 facet normal 0 -0.970031 0.24298
  outer loop
   vertex -32.500000 1.610663 23.006105
   vertex -32.500000 1.392481 22.135076
   vertex 32.500000 1.392481 22.135076
  endloop
 endfacet
 facet normal 0 -0.970031 0.24298
  outer loop
   vertex -32.500000 1.610663 23.006105
   vertex 32.500000 1.392481 22.135076
   vertex 32.500000 1.610663 23.006105
  endloop
 endfacet
 facet normal -1 0 0
  outer loop
   vertex -32.500000 10.366667 20.350000
   vertex -32.500000 1.392481 22.135076
   vertex -32.500000 1.610663 23.006105
  endloop
 endfacet
 facet normal 1 0 0
  outer loop
   vertex 32.500000 10.366667 20.350000
   vertex 32.500000 1.610663 23.006105
   vertex 32.500000 1.392481 22.135076
  endloop
 endfacet
 facet normal 0 -0.989177 0.14673
  outer loop
   vertex -32.500000 1.392481 22.135076
   vertex -32.500000 1.260726 21.246857
   vertex 32.500000 1.260726 21.246857
  endloop
 endfacet
 facet normal 0 -0.989177 0.14673
  outer loop
   vertex -32.500000 1.392481 22.135076
   vertex 32.500000 1.260726 21.246857
   vertex 32.500000 1.392481 22.135076
  endloop
 endfacet
 facet normal -1 0 0
  outer loop
   vertex -32.500000 10.366667 20.350000
   vertex -32.500000 1.260726 21.246857
   vertex -32.500000 1.392481 22.135076
  endloop
 endfacet
 facet normal 1 0 0
  outer loop
   vertex 32.500000 10.366667 20.350000
   vertex 32.500000 1.392481 22.135076
   vertex 32.500000 1.260726 21.246857
  endloop
 endfacet
 facet normal 0 -0.998795 0.0490677
  outer loop
   vertex -32.500000 1.260726 21.246857
   vertex -32.500000 1.216667 20.350000
   vertex 32.500000 1.216667 20.350000
  endloop
 endfacet
 facet normal 0 -0.998795 0.0490677
  outer loop
   vertex -32.500000 1.260726 21.246857
   vertex 32.500000 1.216667 20.350000
   vertex 32.500000 1.260726 21.246857
  endloop
 endfacet
 facet normal -1 0 0
  outer loop
   vertex -32.500000 10.366667 20.350000
   vertex -32.500000 1.216667 20.350000
   vertex -32.500000 1.260726 21.246857
  endloop
 endfacet
 facet normal 1 0 0
  outer loop
   vertex 32.500000 10.366667 20.350000
   vertex 32.500000 1.260726 21.246857
   vertex 32.500000 1.216667 20.350000
  endloop
 endfacet
 facet normal 0 -0.998795 -0.0490677
  outer loop
   vertex -32.500000 1.216667 20.350000
   vertex -32.500000 1.260726 19.453143
   vertex 32.500000 1.260726 19.453143
  endloop
 endfacet
 facet normal 0 -0.998795 -0.0490677
  outer loop
   vertex -32.500000 1.216667 20.350000
   vertex 32.500000 1.260726 19.453143
   vertex 32.500000 1.216667 20.350000
  endloop
 endfacet
 facet normal -1 -0 0
  outer loop
   vertex -32.500000 10.366667 20.350000
   vertex -32.500000 1.260726 19.453143
   vertex -32.500000 1.216667 20.350000
  endloop
 endfacet
 facet normal 1 0 0
  outer loop
   vertex 32.500000 10.366667 20.350000
   vertex 32.500000 1.216667 20.350000
   vertex 32.500000 1.260726 19.453143
  endloop
 endfacet
 facet normal 0 -0.989177 -0.14673
  outer loop
   vertex -32.500000 1.260726 19.453143
   vertex -32.500000 1.392481 18.564924
   vertex 32.500000 1.392481 18.564924
  endloop
 endfacet
 facet normal 0 -0.989177 -0.14673
  outer loop
   vertex -32.500000 1.260726 19.453143
   vertex 32.500000 1.392481 18.564924
   vertex 32.500000 1.260726 19.453143
  endloop
 endfacet
 facet normal -1 0 0
  outer loop
   vertex -32.500000 10.366667 20.350000
   vertex -32.500000 1.392481 18.564924
   vertex -32.500000 1.260726 19.453143
  endloop
 endfacet
 facet normal 1 0 0
  outer loop
   vertex 32.500000 10.366667 20.350000
   vertex 32.500000 1.260726 19.453143
   vertex 32.500000 1.392481 18.564924
  endloop
 endfacet
 facet normal 0 -0.970031 -0.24298
  outer loop
   vertex -32.500000 1.392481 18.564924
   vertex -32.500000 1.610663 17.693895
   vertex 32.500000 1.610663 17.693895
  endloop
 endfacet
 facet normal 0 -0.970031 -0.24298
  outer loop
   vertex -32.500000 1.392481 18.564924
   vertex 32.500000 1.610663 17.693895
   vertex 32.500000 1.392481 18.564924
  endloop
 endfacet
 facet normal -1 0 0
  outer loop
   vertex -32.500000 10.366667 20.350000
   vertex -32.500000 1.610663 17.693895
   vertex -32.500000 1.392481 18.564924
  endloop
 endfacet
 facet normal 1 0 0
  outer loop
   vertex 32.500000 10.366667 20.350000
   vertex 32.500000 1.392481 18.564924
   vertex 32.500000 1.610663 17.693895
  endloop
 endfacet
 facet normal 0 -0.941544 -0.33689
  outer loop
   vertex -32.500000 1.610663 17.693895
   vertex -32.500000 1.913169 16.848447
   vertex 32.500000 1.913169 16.848447
  endloop
 endfacet
 facet normal 0 -0.941544 -0.33689
  outer loop
   vertex -32.500000 1.610663 17.693895
   vertex 32.500000 1.913169 16.848447
   vertex 32.500000 1.610663 17.693895
  endloop
 endfacet
 facet normal -1 0 0
  outer loop
   vertex -32.500000 10.366667 20.350000
   vertex -32.500000 1.913169 16.848447
   vertex -32.500000 1.610663 17.693895
  endloop
 endfacet
 facet normal 1 0 0
  outer loop
   vertex 32.500000 10.366667 20.350000
   vertex 32.500000 1.610663 17.693895
   vertex 32.500000 1.913169 16.848447
  endloop
 endfacet
 facet normal 0 -0.903989 -0.427555
  outer loop
   vertex -32.500000 1.913169 16.848447
   vertex -32.500000 2.297087 16.036720
   vertex 32.500000 2.297087 16.036720
  endloop
 endfacet
 facet normal 0 -0.903989 -0.427555
  outer loop
   vertex -32.500000 1.913169 16.848447
   vertex 32.500000 2.297087 16.036720
   vertex 32.500000 1.913169 16.848447
  endloop
 endfacet
 facet normal -1 0 0
  outer loop
   vertex -32.500000 10.366667 20.350000
   vertex -32.500000 2.297087 16.036720
   vertex -32.500000 1.913169 16.848447
  endloop
 endfacet
 facet normal 1 0 0
  outer loop
   vertex 32.500000 10.366667 20.350000
   vertex 32.500000 1.913169 16.848447
   vertex 32.500000 2.297087 16.036720
  endloop
 endfacet
 facet normal 0 -0.857729 -0.514103
  outer loop
   vertex -32.500000 2.297087 16.036720
   vertex -32.500000 2.758720 15.266532
   vertex 32.500000 2.758720 15.266532
  endloop
 endfacet
 facet normal 0 -0.857729 -0.514103
  outer loop
   vertex -32.500000 2.297087 16.036720
   vertex 32.500000 2.758720 15.266532
   vertex 32.500000 2.297087 16.036720
  endloop
 endfacet
 facet normal -1 0 0
  outer loop
   vertex -32.500000 10.366667 20.350000
   vertex -32.500000 2.758720 15.266532
   vertex -32.500000 2.297087 16.036720
  endloop
 endfacet
 facet normal 1 0 0
  outer loop
   vertex 32.500000 10.366667 20.350000
   vertex 32.500000 2.297087 16.036720
   vertex 32.500000 2.758720 15.266532
  endloop
 endfacet
 facet normal 0 -0.803208 -0.595699
  outer loop
   vertex -32.500000 2.758720 15.266532
   vertex -32.500000 3.293621 14.545301
   vertex 32.500000 3.293621 14.545301
  endloop
 endfacet
 facet normal 0 -0.803208 -0.595699
  outer loop
   vertex -32.500000 2.758720 15.266532
   vertex 32.500000 3.293621 14.545301
   vertex 32.500000 2.758720 15.266532
  endloop
 endfacet
 facet normal -1 0 0
  outer loop
   vertex -32.500000 10.366667 20.350000
   vertex -32.500000 3.293621 14.545301
   vertex -32.500000 2.758720 15.266532
  endloop
 endfacet
 facet normal 1 0 0
  outer loop
   vertex 32.500000 10.366667 20.350000
   vertex 32.500000 2.758720 15.266532
   vertex 32.500000 3.293621 14.545301
  endloop
 endfacet
 facet normal 0 -0.740951 -0.671559
  outer loop
   vertex -32.500000 3.293621 14.545301
   vertex -32.500000 3.896640 13.879973
   vertex 32.500000 3.896640 13.879973
  endloop
 endfacet
 facet normal 0 -0.740951 -0.671559
  outer loop
   vertex -32.500000 3.293621 14.545301
   vertex 32.500000 3.896640 13.879973
   vertex 32.500000 3.293621 14.545301
  endloop
 endfacet
 facet normal -1 0 0
  outer loop
   vertex -32.500000 10.366667 20.350000
   vertex -32.500000 3.896640 13.879973
   vertex -32.500000 3.293621 14.545301
  endloop
 endfacet
 facet normal 1 0 0
  outer loop
   vertex 32.500000 10.366667 20.350000
   vertex 32.500000 3.293621 14.545301
   vertex 32.500000 3.896640 13.879973
  endloop
 endfacet
 facet normal 0 -0.671559 -0.740951
  outer loop
   vertex -32.500000 3.896640 13.879973
   vertex -32.500000 4.561968 13.276954
   vertex 32.500000 4.561968 13.276954
  endloop
 endfacet
 facet normal 0 -0.671559 -0.740951
  outer loop
   vertex -32.500000 3.896640 13.879973
   vertex 32.500000 4.561968 13.276954
   vertex 32.500000 3.896640 13.879973
  endloop
 endfacet
 facet normal -1 0 0
  outer loop
   vertex -32.500000 10.366667 20.350000
   vertex -32.500000 4.561968 13.276954
   vertex -32.500000 3.896640 13.879973
  endloop
 endfacet
 facet normal 1 0 0
  outer loop
   vertex 32.500000 10.366667 20.350000
   vertex 32.500000 3.896640 13.879973
   vertex 32.500000 4.561968 13.276954
  endloop
 endfacet
 facet normal 0 -0.595699 -0.803208
  outer loop
   vertex -32.500000 4.561968 13.276954
   vertex -32.500000 5.283199 12.742053
   vertex 32.500000 5.283199 12.742053
  endloop
 endfacet
 facet normal 0 -0.595699 -0.803208
  outer loop
   vertex -32.500000 4.561968 13.276954
   vertex 32.500000 5.283199 12.742053
   vertex 32.500000 4.561968 13.276954
  endloop
 endfacet
 facet normal -1 0 0
  outer loop
   vertex -32.500000 10.366667 20.350000
   vertex -32.500000 5.283199 12.742053
   vertex -32.500000 4.561968 13.276954
  endloop
 endfacet
 facet normal 1 0 0
  outer loop
   vertex 32.500000 10.366667 20.350000
   vertex 32.500000 4.561968 13.276954
   vertex 32.500000 5.283199 12.742053
  endloop
 endfacet
 facet normal 0 -0.514103 -0.857729
  outer loop
   vertex -32.500000 5.283199 12.742053
   vertex -32.500000 6.053387 12.280420
   vertex 32.500000 6.053387 12.280420
  endloop
 endfacet
 facet normal 0 -0.514103 -0.857729
  outer loop
   vertex -32.500000 5.283199 12.742053
   vertex 32.500000 6.053387 12.280420
   vertex 32.500000 5.283199 12.742053
  endloop
 endfacet
 facet normal -1 0 0
  outer loop
   vertex -32.500000 10.366667 20.350000
   vertex -32.500000 6.053387 12.280420
   vertex -32.500000 5.283199 12.742053
  endloop
 endfacet
 facet normal 1 0 0
  outer loop
   vertex 32.500000 10.366667 20.350000
   vertex 32.500000 5.283199 12.742053
   vertex 32.500000 6.053387 12.280420
  endloop
 endfacet
 facet normal 0 -0.427555 -0.903989
  outer loop
   vertex -32.500000 6.053387 12.280420
   vertex -32.500000 6.865113 11.896502
   vertex 32.500000 6.865113 11.896502
  endloop
 endfacet
 facet normal 0 -0.427555 -0.903989
  outer loop
   vertex -32.500000 6.053387 12.280420
   vertex 32.500000 6.865113 11.896502
   vertex 32.500000 6.053387 12.280420
  endloop
 endfacet
 facet normal -1 0 0
  outer loop
   vertex -32.500000 10.366667 20.350000
   vertex -32.500000 6.865113 11.896502
   vertex -32.500000 6.053387 12.280420
  endloop
 endfacet
 facet normal 1 0 0
  outer loop
   vertex 32.500000 10.366667 20.350000
   vertex 32.500000 6.053387 12.280420
   vertex 32.500000 6.865113 11.896502
  endloop
 endfacet
 facet normal 0 -0.33689 -0.941544
  outer loop
   vertex -32.500000 6.865113 11.896502
   vertex -32.500000 7.710562 11.593996
   vertex 32.500000 7.710562 11.593996
  endloop
 endfacet
 facet normal 0 -0.33689 -0.941544
  outer loop
   vertex -32.500000 6.865113 11.896502
   vertex 32.500000 7.710562 11.593996
   vertex 32.500000 6.865113 11.896502
  endloop
 endfacet
 facet normal -1 0 0
  outer loop
   vertex -32.500000 10.366667 20.350000
   vertex -32.500000 7.710562 11.593996
   vertex -32.500000 6.865113 11.896502
  endloop
 endfacet
 facet normal 1 0 0
  outer loop
   vertex 32.500000 10.366667 20.350000
   vertex 32.500000 6.865113 11.896502
   vertex 32.500000 7.710562 11.593996
  endloop
 endfacet
 facet normal 0 -0.24298 -0.970031
  outer loop
   vertex -32.500000 7.710562 11.593996
   vertex -32.500000 8.581590 11.375815
   vertex 32.500000 8.581590 11.375815
  endloop
 endfacet
 facet normal 0 -0.24298 -0.970031
  outer loop
   vertex -32.500000 7.710562 11.593996
   vertex 32.500000 8.581590 11.375815
   vertex 32.500000 7.710562 11.593996
  endloop
 endfacet
 facet normal -1 0 0
  outer loop
   vertex -32.500000 10.366667 20.350000
   vertex -32.500000 8.581590 11.375815
   vertex -32.500000 7.710562 11.593996
  endloop
 endfacet
 facet normal 1 0 0
  outer loop
   vertex 32.500000 10.366667 20.350000
   vertex 32.500000 7.710562 11.593996
   vertex 32.500000 8.581590 11.375815
  endloop
 endfacet
 facet normal 0 -0.14673 -0.989177
  outer loop
   vertex -32.500000 8.581590 11.375815
   vertex -32.500000 9.469810 11.244060
   vertex 32.500000 9.469810 11.244060
  endloop
 endfacet
 facet normal 0 -0.14673 -0.989177
  outer loop
   vertex -32.500000 8.581590 11.375815
   vertex 32.500000 9.469810 11.244060
   vertex 32.500000 8.581590 11.375815
  endloop
 endfacet
 facet normal -1 0 0
  outer loop
   vertex -32.500000 10.366667 20.350000
   vertex -32.500000 9.469810 11.244060
   vertex -32.500000 8.581590 11.375815
  endloop
 endfacet
 facet normal 1 0 0
  outer loop
   vertex 32.500000 10.366667 20.350000
   vertex 32.500000 8.581590 11.375815
   vertex 32.500000 9.469810 11.244060
  endloop
 endfacet
 facet normal 0 -0.0490677 -0.998795
  outer loop
   vertex -32.500000 9.469810 11.244060
   vertex -32.500000 10.366667 11.200000
   vertex 32.500000 10.366667 11.200000
  endloop
 endfacet
 facet normal 0 -0.0490677 -0.998795
  outer loop
   vertex -32.500000 9.469810 11.244060
   vertex 32.500000 10.366667 11.200000
   vertex 32.500000 9.469810 11.244060
  endloop
 endfacet
 facet normal -1 0 0
  outer loop
   vertex -32.500000 10.366667 20.350000
   vertex -32.500000 10.366667 11.200000
   vertex -32.500000 9.469810 11.244060
  endloop
 endfacet
 facet normal 1 0 0
  outer loop
   vertex 32.500000 10.366667 20.350000
   vertex 32.500000 9.469810 11.244060
   vertex 32.500000 10.366667 11.200000
  endloop
 endfacet
 facet normal 0 0.0490677 -0.998795
  outer loop
   vertex -32.500000 10.366667 11.200000
   vertex -32.500000 11.263524 11.244060
   vertex 32.500000 11.263524 11.244060
  endloop
 endfacet
 facet normal 0 0.0490677 -0.998795
  outer loop
   vertex -32.500000 10.366667 11.200000
   vertex 32.500000 11.263524 11.244060
   vertex 32.500000 10.366667 11.200000
  endloop
 endfacet
 facet normal -1 0 -0
  outer loop
   vertex -32.500000 10.366667 20.350000
   vertex -32.500000 11.263524 11.244060
   vertex -32.500000 10.366667 11.200000
  endloop
 endfacet
 facet normal 1 0 0
  outer loop
   vertex 32.500000 10.366667 20.350000
   vertex 32.500000 10.366667 11.200000
   vertex 32.500000 11.263524 11.244060
  endloop
 endfacet
 facet normal 0 0.14673 -0.989177
  outer loop
   vertex -32.500000 11.263524 11.244060
   vertex -32.500000 12.151743 11.375815
   vertex 32.500000 12.151743 11.375815
  endloop
 endfacet
 facet normal 0 0.14673 -0.989177
  outer loop
   vertex -32.500000 11.263524 11.244060
   vertex 32.500000 12.151743 11.375815
   vertex 32.500000 11.263524 11.244060
  endloop
 endfacet
 facet normal -1 0 0
  outer loop
   vertex -32.500000 10.366667 20.350000
   vertex -32.500000 12.151743 11.375815
   vertex -32.500000 11.263524 11.244060
  endloop
 endfacet
 facet normal 1 0 0
  outer loop
   vertex 32.500000 10.366667 20.350000
   vertex 32.500000 11.263524 11.244060
   vertex 32.500000 12.151743 11.375815
  endloop
 endfacet
 facet normal 0 0.24298 -0.970031
  outer loop
   vertex -32.500000 12.151743 11.375815
   vertex -32.500000 13.022771 11.593996
   vertex 32.500000 13.022771 11.593996
  endloop
 endfacet
 facet normal 0 0.24298 -0.970031
  outer loop
   vertex -32.500000 12.151743 11.375815
   vertex 32.500000 13.022771 11.593996
   vertex 32.500000 12.151743 11.375815
  endloop
 endfacet
 facet normal -1 0 0
  outer loop
   vertex -32.500000 10.366667 20.350000
   vertex -32.500000 13.022771 11.593996
   vertex -32.500000 12.151743 11.375815
  endloop
 endfacet
 facet normal 1 0 0
  outer loop
   vertex 32.500000 10.366667 20.350000
   vertex 32.500000 12.151743 11.375815
   vertex 32.500000 13.022771 11.593996
  endloop
 endfacet
 facet normal 0 0.33689 -0.941544
  outer loop
   vertex -32.500000 13.022771 11.593996
   vertex -32.500000 13.868220 11.896502
   vertex 32.500000 13.868220 11.896502
  endloop
 endfacet
 facet normal 0 0.33689 -0.941544
  outer loop
   vertex -32.500000 13.022771 11.593996
   vertex 32.500000 13.868220 11.896502
   vertex 32.500000 13.022771 11.593996
  endloop
 endfacet
 facet normal -1 0 0
  outer loop
   vertex -32.500000 10.366667 20.350000
   vertex -32.500000 13.868220 11.896502
   vertex -32.500000 13.022771 11.593996
  endloop
 endfacet
 facet normal 1 0 0
  outer loop
   vertex 32.500000 10.366667 20.350000
   vertex 32.500000 13.022771 11.593996
   vertex 32.500000 13.868220 11.896502
  endloop
 endfacet
 facet normal 0 0.427555 -0.903989
  outer loop
   vertex -32.500000 13.868220 11.896502
   vertex -32.500000 14.679947 12.280420
   vertex 32.500000 14.679947 12.280420
  endloop
 endfacet
 facet normal 0 0.427555 -0.903989
  outer loop
   vertex -32.500000 13.868220 11.896502
   vertex 32.500000 14.679947 12.280420
   vertex 32.500000 13.868220 11.896502
  endloop
 endfacet
 facet normal -1 0 0
  outer loop
   vertex -32.500000 10.366667 20.350000
   vertex -32.500000 14.679947 12.280420
   vertex -32.500000 13.868220 11.896502
  endloop
 endfacet
 facet normal 1 0 0
  outer loop
   vertex 32.500000 10.366667 20.350000
   vertex 32.500000 13.868220 11.896502
   vertex 32.500000 14.679947 12.280420
  endloop
 endfacet
 facet normal 0 0.514103 -0.857729
  outer loop
   vertex -32.500000 14.679947 12.280420
   vertex -32.500000 15.450134 12.742053
   vertex 32.500000 15.450134 12.742053
  endloop
 endfacet
 facet normal 0 0.514103 -0.857729
  outer loop
   vertex -32.500000 14.679947 12.280420
   vertex 32.500000 15.450134 12.742053
   vertex 32.500000 14.679947 12.280420
  endloop
 endfacet
 facet normal -1 0 0
  outer loop
   vertex -32.500000 10.366667 20.350000
   vertex -32.500000 15.450134 12.742053
   vertex -32.500000 14.679947 12.280420
  endloop
 endfacet
 facet normal 1 0 0
  outer loop
   vertex 32.500000 10.366667 20.350000
   vertex 32.500000 14.679947 12.280420
   vertex 32.500000 15.450134 12.742053
  endloop
 endfacet
 facet normal 0 0.595699 -0.803208
  outer loop
   vertex -32.500000 15.450134 12.742053
   vertex -32.500000 16.171365 13.276954
   vertex 32.500000 16.171365 13.276954
  endloop
 endfacet
 facet normal 0 0.595699 -0.803208
  outer loop
   vertex -32.500000 15.450134 12.742053
   vertex 32.500000 16.171365 13.276954
   vertex 32.500000 15.450134 12.742053
  endloop
 endfacet
 facet normal -1 0 0
  outer loop
   vertex -32.500000 10.366667 20.350000
   vertex -32.500000 16.171365 13.276954
   vertex -32.500000 15.450134 12.742053
  endloop
 endfacet
 facet normal 1 0 0
  outer loop
   vertex 32.500000 10.366667 20.350000
   vertex 32.500000 15.450134 12.742053
   vertex 32.500000 16.171365 13.276954
  endloop
 endfacet
 facet normal 0 0.671559 -0.740951
  outer loop
   vertex -32.500000 16.171365 13.276954
   vertex -32.500000 16.836694 13.879973
   vertex 32.500000 16.836694 13.879973
  endloop
 endfacet
 facet normal 0 0.671559 -0.740951
  outer loop
   vertex -32.500000 16.171365 13.276954
   vertex 32.500000 16.836694 13.879973
   vertex 32.500000 16.171365 13.276954
  endloop
 endfacet
 facet normal -1 0 0
  outer loop
   vertex -32.500000 10.366667 20.350000
   vertex -32.500000 16.836694 13.879973
   vertex -32.500000 16.171365 13.276954
  endloop
 endfacet
 facet normal 1 0 0
  outer loop
   vertex 32.500000 10.366667 20.350000
   vertex 32.500000 16.171365 13.276954
   vertex 32.500000 16.836694 13.879973
  endloop
 endfacet
 facet normal 0 0.740951 -0.671559
  outer loop
   vertex -32.500000 16.836694 13.879973
   vertex -32.500000 17.439712 14.545301
   vertex 32.500000 17.439712 14.545301
  endloop
 endfacet
 facet normal 0 0.740951 -0.671559
  outer loop
   vertex -32.500000 16.836694 13.879973
   vertex 32.500000 17.439712 14.545301
   vertex 32.500000 16.836694 13.879973
  endloop
 endfacet
 facet normal -1 0 0
  outer loop
   vertex -32.500000 10.366667 20.350000
   vertex -32.500000 17.439712 14.545301
   vertex -32.500000 16.836694 13.879973
  endloop
 endfacet
 facet normal 1 0 0
  outer loop
   vertex 32.500000 10.366667 20.350000
   vertex 32.500000 16.836694 13.879973
   vertex 32.500000 17.439712 14.545301
  endloop
 endfacet
 facet normal 0 0.803208 -0.595699
  outer loop
   vertex -32.500000 17.439712 14.545301
   vertex -32.500000 17.974614 15.266532
   vertex 32.500000 17.974614 15.266532
  endloop
 endfacet
 facet normal 0 0.803208 -0.595699
  outer loop
   vertex -32.500000 17.439712 14.545301
   vertex 32.500000 17.974614 15.266532
   vertex 32.500000 17.439712 14.545301
  endloop
 endfacet
 facet normal -1 0 0
  outer loop
   vertex -32.500000 10.366667 20.350000
   vertex -32.500000 17.974614 15.266532
   vertex -32.500000 17.439712 14.545301
  endloop
 endfacet
 facet normal 1 0 0
  outer loop
   vertex 32.500000 10.366667 20.350000
   vertex 32.500000 17.439712 14.545301
   vertex 32.500000 17.974614 15.266532
  endloop
 endfacet
 facet normal 0 0.857729 -0.514103
  outer loop
   vertex -32.500000 17.974614 15.266532
   vertex -32.500000 18.436246 16.036720
   vertex 32.500000 18.436246 16.036720
  endloop
 endfacet
 facet normal 0 0.857729 -0.514103
  outer loop
   vertex -32.500000 17.974614 15.266532
   vertex 32.500000 18.436246 16.036720
   vertex 32.500000 17.974614 15.266532
  endloop
 endfacet
 facet normal -1 0 0
  outer loop
   vertex -32.500000 10.366667 20.350000
   vertex -32.500000 18.436246 16.036720
   vertex -32.500000 17.974614 15.266532
  endloop
 endfacet
 facet normal 1 0 0
  outer loop
   vertex 32.500000 10.366667 20.350000
   vertex 32.500000 17.974614 15.266532
   vertex 32.500000 18.436246 16.036720
  endloop
 endfacet
 facet normal 0 0.903989 -0.427555
  outer loop
   vertex -32.500000 18.436246 16.036720
   vertex -32.500000 18.820164 16.848447
   vertex 32.500000 18.820164 16.848447
  endloop
 endfacet
 facet normal 0 0.903989 -0.427555
  outer loop
   vertex -32.500000 18.436246 16.036720
   vertex 32.500000 18.820164 16.848447
   vertex 32.500000 18.436246 16.036720
  endloop
 endfacet
 facet normal -1 0 0
  outer loop
   vertex -32.500000 10.366667 20.350000
   vertex -32.500000 18.820164 16.848447
   vertex -32.500000 18.436246 16.036720
  endloop
 endfacet
 facet normal 1 0 0
  outer loop
   vertex 32.500000 10.366667 20.350000
   vertex 32.500000 18.436246 16.036720
   vertex 32.500000 18.820164 16.848447
  endloop
 endfacet
 facet normal 0 0.941544 -0.33689
  outer loop
   vertex -32.500000 18.820164 16.848447
   vertex -32.500000 19.122671 17.693895
   vertex 32.500000 19.122671 17.693895
  endloop
 endfacet
 facet normal 0 0.941544 -0.33689
  outer loop
   vertex -32.500000 18.820164 16.848447
   vertex 32.500000 19.122671 17.693895
   vertex 32.500000 18.820164 16.848447
  endloop
 endfacet
 facet normal -1 0 0
  outer loop
   vertex -32.500000 10.366667 20.350000
   vertex -32.500000 19.122671 17.693895
   vertex -32.500000 18.820164 16.848447
  endloop
 endfacet
 facet normal 1 0 0
  outer loop
   vertex 32.500000 10.366667 20.350000
   vertex 32.500000 18.820164 16.848447
   vertex 32.500000 19.122671 17.693895
  endloop
 endfacet
 facet normal 0 0.970031 -0.24298
  outer loop
   vertex -32.500000 19.122671 17.693895
   vertex -32.500000 19.340852 18.564924
   vertex 32.500000 19.340852 18.564924
  endloop
 endfacet
 facet normal 0 0.970031 -0.24298
  outer loop
   vertex -32.500000 19.122671 17.693895
   vertex 32.500000 19.340852 18.564924
   vertex 32.500000 19.122671 17.693895
  endloop
 endfacet
 facet normal -1 0 0
  outer loop
   vertex -32.500000 10.366667 20.350000
   vertex -32.500000 19.340852 18.564924
   vertex -32.500000 19.122671 17.693895
  endloop
 endfacet
 facet normal 1 0 0
  outer loop
   vertex 32.500000 10.366667 20.350000
   vertex 32.500000 19.122671 17.693895
   vertex 32.500000 19.340852 18.564924
  endloop
 endfacet
 facet normal 0 0.989177 -0.14673
  outer loop
   vertex -32.500000 19.340852 18.564924
   vertex -32.500000 19.472607 19.453143
   vertex 32.500000 19.472607 19.453143
  endloop
 endfacet
 facet normal 0 0.989177 -0.14673
  outer loop
   vertex -32.500000 19.340852 18.564924
   vertex 32.500000 19.472607 19.453143
   vertex 32.500000 19.340852 18.564924
  endloop
 endfacet
 facet normal -1 0 0
  outer loop
   vertex -32.500000 10.366667 20.350000
   vertex -32.500000 19.472607 19.453143
   vertex -32.500000 19.340852 18.564924
  endloop
 endfacet
 facet normal 1 0 0
  outer loop
   vertex 32.500000 10.366667 20.350000
   vertex 32.500000 19.340852 18.564924
   vertex 32.500000 19.472607 19.453143
  endloop
 endfacet
 facet normal 0 0.998795 -0.0490677
  outer loop
   vertex -32.500000 19.472607 19.453143
   vertex -32.500000 19.516667 20.350000
   vertex 32.500000 19.516667 20.350000
  endloop
 endfacet
 facet normal 0 0.998795 -0.0490677
  outer loop
   vertex -32.500000 19.472607 19.453143
   vertex 32.500000 19.516667 20.350000
   vertex 32.500000 19.472607 19.453143
  endloop
 endfacet
 facet normal -1 0 0
  outer loop
   vertex -32.500000 10.366667 20.350000
   vertex -32.500000 19.516667 20.350000
   vertex -32.500000 19.472607 19.453143
  endloop
 endfacet
 facet normal 1 0 0
  outer loop
   vertex 32.500000 10.366667 20.350000
   vertex 32.500000 19.472607 19.453143
   vertex 32.500000 19.516667 20.350000
  endloop
 endfacet
 facet normal 0 0 -1
  outer loop
   vertex -31.850000 -21.950000 -31.550000
   vertex -31.200000 21.950000 -31.550000
   vertex -31.200000 -21.950000 -31.550000
  endloop
 endfacet
 facet normal 0 0 -1
  outer loop
   vertex -31.850000 -21.950000 -31.550000
   vertex -31.850000 21.950000 -31.550000
   vertex -31.200000 21.950000 -31.550000
  endloop
 endfacet
 facet normal 0 0 1
  outer loop
   vertex -31.850000 -21.950000 31.550000
   vertex -31.200000 -21.950000 31.550000
   vertex -31.200000 21.950000 31.550000
  endloop
 endfacet
 facet normal 0 0 1
  outer loop
   vertex -31.850000 -21.950000 31.550000
   vertex -31.200000 21.950000 31.550000
   vertex -31.850000 21.950000 31.550000
  endloop
 endfacet
 facet normal 0 -1 0
  outer loop
   vertex -31.850000 -21.950000 -31.550000
   vertex -31.200000 -21.950000 -31.550000
   vertex -31.200000 -21.950000 31.550000
  endloop
 endfacet
 facet normal 0 -1 0
  outer loop
   vertex -31.850000 -21.950000 -31.550000
   vertex -31.200000 -21.950000 31.550000
   vertex -31.850000 -21.950000 31.550000
  endloop
 endfacet
 facet normal 1 0 0
  outer loop
   vertex -31.200000 -21.950000 -31.550000
   vertex -31.200000 21.950000 -31.550000
   vertex -31.200000 21.950000 31.550000
  endloop
 endfacet
 facet normal 1 0 0
  outer loop
   vertex -31.200000 -21.950000 -31.550000
   vertex -31.200000 21.950000 31.550000
   vertex -31.200000 -21.950000 31.550000
  endloop
 endfacet
 facet normal 0 1 0
  outer loop
   vertex -31.200000 21.950000 -31.550000
   vertex -31.850000 21.950000 -31.550000
   vertex -31.850000 21.950000 31.550000
  endloop
 endfacet
 facet normal 0 1 -0
  outer loop
   vertex -31.200000 21.950000 -31.550000
   vertex -31.850000 21.950000 31.550000
   vertex -31.200000 21.950000 31.550000
  endloop
 endfacet
 facet normal -1 0 0
  outer loop
   vertex -31.850000 21.950000 -31.550000
   vertex -31.850000 -21.950000 -31.550000
   vertex -31.850000 -21.950000 31.550000
  endloop
 endfacet
 facet normal -1 0 0
  outer loop
   vertex -31.850000 21.950000 -31.550000
   vertex -31.850000 -21.950000 31.550000
   vertex -31.850000 21.950000 31.550000
  endloop
 endfacet
 facet normal 0 0 -1
  outer loop
   vertex 31.200000 -21.950000 -31.550000
   vertex 31.850000 21.950000 -31.550000
   vertex 31.850000 -21.950000 -31.550000
  endloop
 endfacet
 facet normal 0 0 -1
  outer loop
   vertex 31.200000 -21.950000 -31.550000
   vertex 31.200000 21.950000 -31.550000
   vertex 31.850000 21.950000 -31.550000
  endloop
 endfacet
 facet normal 0 0 1
  outer loop
   vertex 31.200000 -21.950000 31.550000
   vertex 31.850000 -21.950000 31.550000
   vertex 31.850000 21.950000 31.550000
  endloop
 endfacet
 facet normal 0 0 1
  outer loop
   vertex 31.200000 -21.950000 31.550000
   vertex 31.850000 21.950000 31.550000
   vertex 31.200000 21.950000 31.550000
  endloop
 endfacet
 facet normal 0 -1 0
  outer loop
   vertex 31.200000 -21.950000 -31.550000
   vertex 31.850000 -21.950000 -31.550000
   vertex 31.850000 -21.950000 31.550000
  endloop
 endfacet
 facet normal 0 -1 0
  outer loop
   vertex 31.200000 -21.950000 -31.550000
   vertex 31.850000 -21.950000 31.550000
   vertex 31.200000 -21.950000 31.550000
  endloop
 endfacet
 facet normal 1 0 0
  outer loop
   vertex 31.850000 -21.950000 -31.550000
   vertex 31.850000 21.950000 -31.550000
   vertex 31.850000 21.950000 31.550000
  endloop
 endfacet
 facet normal 1 0 0
  outer loop
   vertex 31.850000 -21.950000 -31.550000
   vertex 31.850000 21.950000 31.550000
   vertex 31.850000 -21.950000 31.550000
  endloop
 endfacet
 facet normal 0 1 0
  outer loop
   vertex 31.850000 21.950000 -31.550000
   vertex 31.200000 21.950000 -31.550000
   vertex 31.200000 21.950000 31.550000
  endloop
 endfacet
 facet normal 0 1 -0
  outer loop
   vertex 31.850000 21.950000 -31.550000
   vertex 31.200000 21.950000 31.550000
   vertex 31.850000 21.950000 31.550000
  endloop
 endfacet
 facet normal -1 0 0
  outer loop
   vertex 31.200000 21.950000 -31.550000
   vertex 31.200000 -21.950000 -31.550000
   vertex 31.200000 -21.950000 31.550000
  endloop
 endfacet
 facet normal -1 0 0
  outer loop
   vertex 31.200000 21.950000 -31.550000
   vertex 31.200000 -21.950000 31.550000
   vertex 31.200000 21.950000 31.550000
  endloop
 endfacet
 facet normal 0 0 -1
  outer loop
   vertex -31.850000 -21.950000 -31.550000
   vertex 31.850000 -20.800000 -31.550000
   vertex 31.850000 -21.950000 -31.550000
  endloop
 endfacet
 facet normal 0 0 -1
  outer loop
   vertex -31.850000 -21.950000 -31.550000
   vertex -31.850000 -20.800000 -31.550000
   vertex 31.850000 -20.800000 -31.550000
  endloop
 endfacet
 facet normal 0 0 1
  outer loop
   vertex -31.850000 -21.950000 31.550000
   vertex 31.850000 -21.950000 31.550000
   vertex 31.850000 -20.800000 31.550000
  endloop
 endfacet
 facet normal 0 0 1
  outer loop
   vertex -31.850000 -21.950000 31.550000
   vertex 31.850000 -20.800000 31.550000
   vertex -31.850000 -20.800000 31.550000
  endloop
 endfacet
 facet normal 0 -1 0
  outer loop
   vertex -31.850000 -21.950000 -31.550000
   vertex 31.850000 -21.950000 -31.550000
   vertex 31.850000 -21.950000 31.550000
  endloop
 endfacet
 facet normal 0 -1 0
  outer loop
   vertex -31.850000 -21.950000 -31.550000
   vertex 31.850000 -21.950000 31.550000
   vertex -31.850000 -21.950000 31.550000
  endloop
 endfacet
 facet normal 1 0 0
  outer loop
   vertex 31.850000 -21.950000 -31.550000
   vertex 31.850000 -20.800000 -31.550000
   vertex 31.850000 -20.800000 31.550000
  endloop
 endfacet
 facet normal 1 0 0
  outer loop
   vertex 31.850000 -21.950000 -31.550000
   vertex 31.850000 -20.800000 31.550000
   vertex 31.850000 -21.950000 31.550000
  endloop
 endfacet
 facet normal 0 1 0
  outer loop
   vertex 31.850000 -20.800000 -31.550000
   vertex -31.850000 -20.800000 -31.550000
   vertex -31.850000 -20.800000 31.550000
  endloop
 endfacet
 facet normal 0 1 -0
  outer loop
   vertex 31.850000 -20.800000 -31.550000
   vertex -31.850000 -20.800000 31.550000
   vertex 31.850000 -20.800000 31.550000
  endloop
 endfacet
 facet normal -1 0 0
  outer loop
   vertex -31.850000 -20.800000 -31.550000
   vertex -31.850000 -21.950000 -31.550000
   vertex -31.850000 -21.950000 31.550000
  endloop
 endfacet
 facet normal -1 0 0
  outer loop
   vertex -31.850000 -20.800000 -31.550000
   vertex -31.850000 -21.950000 31.550000
   vertex -31.850000 -20.800000 31.550000
  endloop
 endfacet
 facet normal 0 0 -1
  outer loop
   vertex -31.850000 20.800000 -31.550000
   vertex 31.850000 21.950000 -31.550000
   vertex 31.850000 20.800000 -31.550000
  endloop
 endfacet
 facet normal 0 0 -1
  outer loop
   vertex -31.850000 20.800000 -31.550000
   vertex -31.850000 21.950000 -31.550000
   vertex 31.850000 21.950000 -31.550000
  endloop
 endfacet
 facet normal 0 0 1
  outer loop
   vertex -31.850000 20.800000 31.550000
   vertex 31.850000 20.800000 31.550000
   vertex 31.850000 21.950000 31.550000
  endloop
 endfacet
 facet normal 0 0 1
  outer loop
   vertex -31.850000 20.800000 31.550000
   vertex 31.850000 21.950000 31.550000
   vertex -31.850000 21.950000 31.550000
  endloop
 endfacet
 facet normal 0 -1 0
  outer loop
   vertex -31.850000 20.800000 -31.550000
   vertex 31.850000 20.800000 -31.550000
   vertex 31.850000 20.800000 31.550000
  endloop
 endfacet
 facet normal 0 -1 0
  outer loop
   vertex -31.850000 20.800000 -31.550000
   vertex 31.850000 20.800000 31.550000
   vertex -31.850000 20.800000 31.550000
  endloop
 endfacet
 facet normal 1 0 0
  outer loop
   vertex 31.850000 20.800000 -31.550000
   vertex 31.850000 21.950000 -31.550000
   vertex 31.850000 21.950000 31.550000
  endloop
 endfacet
 facet normal 1 0 0
  outer loop
   vertex 31.850000 20.800000 -31.550000
   vertex 31.850000 21.950000 31.550000
   vertex 31.850000 20.800000 31.550000
  endloop
 endfacet
 facet normal 0 1 0
  outer loop
   vertex 31.850000 21.950000 -31.550000
   vertex -31.850000 21.950000 -31.550000
   vertex -31.850000 21.950000 31.550000
  endloop
 endfacet
 facet normal 0 1 -0
  outer loop
   vertex 31.850000 21.950000 -31.550000
   vertex -31.850000 21.950000 31.550000
   vertex 31.850000 21.950000 31.550000
  endloop
 endfacet
 facet normal -1 0 0
  outer loop
   vertex -31.850000 21.950000 -31.550000
   vertex -31.850000 20.800000 -31.550000
   vertex -31.850000 20.800000 31.550000
  endloop
 endfacet
 facet normal -1 0 0
  outer loop
   vertex -31.850000 21.950000 -31.550000
   vertex -31.850000 20.800000 31.550000
   vertex -31.850000 21.950000 31.550000
  endloop
 endfacet
 facet normal 0 0 -1
  outer loop
   vertex -31.850000 -21.950000 -31.550000
   vertex 31.850000 21.950000 -31.550000
   vertex 31.850000 -21.950000 -31.550000
  endloop
 endfacet
 facet normal 0 0 -1
  outer loop
   vertex -31.850000 -21.950000 -31.550000
   vertex -31.850000 21.950000 -31.550000
   vertex 31.850000 21.950000 -31.550000
  endloop
 endfacet
 facet normal 0 0 1
  outer loop
   vertex -31.850000 -21.950000 -29.550000
   vertex 31.850000 -21.950000 -29.550000
   vertex 31.850000 21.950000 -29.550000
  endloop
 endfacet
 facet normal 0 0 1
  outer loop
   vertex -31.850000 -21.950000 -29.550000
   vertex 31.850000 21.950000 -29.550000
   vertex -31.850000 21.950000 -29.550000
  endloop
 endfacet
 facet normal 0 -1 0
  outer loop
   vertex -31.850000 -21.950000 -31.550000
   vertex 31.850000 -21.950000 -31.550000
   vertex 31.850000 -21.950000 -29.550000
  endloop
 endfacet
 facet normal 0 -1 0
  outer loop
   vertex -31.850000 -21.950000 -31.550000
   vertex 31.850000 -21.950000 -29.550000
   vertex -31.850000 -21.950000 -29.550000
  endloop
 endfacet
 facet normal 1 0 0
  outer loop
   vertex 31.850000 -21.950000 -31.550000
   vertex 31.850000 21.950000 -31.550000
   vertex 31.850000 21.950000 -29.550000
  endloop
 endfacet
 facet normal 1 0 0
  outer loop
   vertex 31.850000 -21.950000 -31.550000
   vertex 31.850000 21.950000 -29.550000
   vertex 31.850000 -21.950000 -29.550000
  endloop
 endfacet
 facet normal 0 1 0
  outer loop
   vertex 31.850000 21.950000 -31.550000
   vertex -31.850000 21.950000 -31.550000
   vertex -31.850000 21.950000 -29.550000
  endloop
 endfacet
 facet normal 0 1 -0
  outer loop
   vertex 31.850000 21.950000 -31.550000
   vertex -31.850000 21.950000 -29.550000
   vertex 31.850000 21.950000 -29.550000
  endloop
 endfacet
 facet normal -1 0 0
  outer loop
   vertex -31.850000 21.950000 -31.550000
   vertex -31.850000 -21.950000 -31.550000
   vertex -31.850000 -21.950000 -29.550000
  endloop
 endfacet
 facet normal -1 0 0
  outer loop
   vertex -31.850000 21.950000 -31.550000
   vertex -31.850000 -21.950000 -29.550000
   vertex -31.850000 21.950000 -29.550000
  endloop
 endfacet
 facet normal 0 0 -1
  outer loop
   vertex -31.850000 -21.950000 29.550000
   vertex 31.850000 21.950000 29.550000
   vertex 31.850000 -21.950000 29.550000
  endloop
 endfacet
 facet normal 0 0 -1
  outer loop
   vertex -31.850000 -21.950000 29.550000
   vertex -31.850000 21.950000 29.550000
   vertex 31.850000 21.950000 29.550000
  endloop
 endfacet
 facet normal 0 0 1
  outer loop
   vertex -31.850000 -21.950000 31.550000
   vertex 31.850000 -21.950000 31.550000
   vertex 31.850000 21.950000 31.550000
  endloop
 endfacet
 facet normal 0 0 1
  outer loop
   vertex -31.850000 -21.950000 31.550000
   vertex 31.850000 21.950000 31.550000
   vertex -31.850000 21.950000 31.550000
  endloop
 endfacet
 facet normal 0 -1 0
  outer loop
   vertex -31.850000 -21.950000 29.550000
   vertex 31.850000 -21.950000 29.550000
   vertex 31.850000 -21.950000 31.550000
  endloop
 endfacet
 facet normal 0 -1 0
  outer loop
   vertex -31.850000 -21.950000 29.550000
   vertex 31.850000 -21.950000 31.550000
   vertex -31.850000 -21.950000 31.550000
  endloop
 endfacet
 facet normal 1 0 0
  outer loop
   vertex 31.850000 -21.950000 29.550000
   vertex 31.850000 21.950000 29.550000
   vertex 31.850000 21.950000 31.550000
  endloop
 endfacet
 facet normal 1 0 0
  outer loop
   vertex 31.850000 -21.950000 29.550000
   vertex 31.850000 21.950000 31.550000
   vertex 31.850000 -21.950000 31.550000
  endloop
 endfacet
 facet normal 0 1 0
  outer loop
   vertex 31.850000 21.950000 29.550000
   vertex -31.850000 21.950000 29.550000
   vertex -31.850000 21.950000 31.550000
  endloop
 endfacet
 facet normal 0 1 -0
  outer loop
   vertex 31.850000 21.950000 29.550000
   vertex -31.850000 21.950000 31.550000
   vertex 31.850000 21.950000 31.550000
  endloop
 endfacet
 facet normal -1 0 0
  outer loop
   vertex -31.850000 21.950000 29.550000
   vertex -31.850000 -21.950000 29.550000
   vertex -31.850000 -21.950000 31.550000
  endloop
 endfacet
 facet normal -1 0 0
  outer loop
   vertex -31.850000 21.950000 29.550000
   vertex -31.850000 -21.950000 31.550000
   vertex -31.850000 21.950000 31.550000
  endloop
 endfacet
 facet normal 0 0 -1
  outer loop
   vertex -31.850000 -21.950000 -11.175000
   vertex 31.850000 21.950000 -11.175000
   vertex 31.850000 -21.950000 -11.175000
  endloop
 endfacet
 facet normal 0 0 -1
  outer loop
   vertex -31.850000 -21.950000 -11.175000
   vertex -31.850000 21.950000 -11.175000
   vertex 31.850000 21.950000 -11.175000
  endloop
 endfacet
 facet normal 0 0 1
  outer loop
   vertex -31.850000 -21.950000 -9.175000
   vertex 31.850000 -21.950000 -9.175000
   vertex 31.850000 21.950000 -9.175000
  endloop
 endfacet
 facet normal 0 0 1
  outer loop
   vertex -31.850000 -21.950000 -9.175000
   vertex 31.850000 21.950000 -9.175000
   vertex -31.850000 21.950000 -9.175000
  endloop
 endfacet
 facet normal 0 -1 0
  outer loop
   vertex -31.850000 -21.950000 -11.175000
   vertex 31.850000 -21.950000 -11.175000
   vertex 31.850000 -21.950000 -9.175000
  endloop
 endfacet
 facet normal 0 -1 0
  outer loop
   vertex -31.850000 -21.950000 -11.175000
   vertex 31.850000 -21.950000 -9.175000
   vertex -31.850000 -21.950000 -9.175000
  endloop
 endfacet
 facet normal 1 0 0
  outer loop
   vertex 31.850000 -21.950000 -11.175000
   vertex 31.850000 21.950000 -11.175000
   vertex 31.850000 21.950000 -9.175000
  endloop
 endfacet
 facet normal 1 0 0
  outer loop
   vertex 31.850000 -21.950000 -11.175000
   vertex 31.850000 21.950000 -9.175000
   vertex 31.850000 -21.950000 -9.175000
  endloop
 endfacet
 facet normal 0 1 0
  outer loop
   vertex 31.850000 21.950000 -11.175000
   vertex -31.850000 21.950000 -11.175000
   vertex -31.850000 21.950000 -9.175000
  endloop
 endfacet
 facet normal 0 1 -0
  outer loop
   vertex 31.850000 21.950000 -11.175000
   vertex -31.850000 21.950000 -9.175000
   vertex 31.850000 21.950000 -9.175000
  endloop
 endfacet
 facet normal -1 0 0
  outer loop
   vertex -31.850000 21.950000 -11.175000
   vertex -31.850000 -21.950000 -11.175000
   vertex -31.850000 -21.950000 -9.175000
  endloop
 endfacet
 facet normal -1 0 0
  outer loop
   vertex -31.850000 21.950000 -11.175000
   vertex -31.850000 -21.950000 -9.175000
   vertex -31.850000 21.950000 -9.175000
  endloop
 endfacet
 facet normal 0 0 -1
  outer loop
   vertex -31.850000 -21.950000 9.175000
   vertex 31.850000 21.950000 9.175000
   vertex 31.850000 -21.950000 9.175000
  endloop
 endfacet
 facet normal 0 0 -1
  outer loop
   vertex -31.850000 -21.950000 9.175000
   vertex -31.850000 21.950000 9.175000
   vertex 31.850000 21.950000 9.175000
  endloop
 endfacet
 facet normal 0 0 1
  outer loop
   vertex -31.850000 -21.950000 11.175000
   vertex 31.850000 -21.950000 11.175000
   vertex 31.850000 21.950000 11.175000
  endloop
 endfacet
 facet normal 0 0 1
  outer loop
   vertex -31.850000 -21.950000 11.175000
   vertex 31.850000 21.950000 11.175000
   vertex -31.850000 21.950000 11.175000
  endloop
 endfacet
 facet normal 0 -1 0
  outer loop
   vertex -31.850000 -21.950000 9.175000
   vertex 31.850000 -21.950000 9.175000
   vertex 31.850000 -21.950000 11.175000
  endloop
 endfacet
 facet normal 0 -1 0
  outer loop
   vertex -31.850000 -21.950000 9.175000
   vertex 31.850000 -21.950000 11.175000
   vertex -31.850000 -21.950000 11.175000
  endloop
 endfacet
 facet normal 1 0 0
  outer loop
   vertex 31.850000 -21.950000 9.175000
   vertex 31.850000 21.950000 9.175000
   vertex 31.850000 21.950000 11.175000
  endloop
 endfacet
 facet normal 1 0 0
  outer loop
   vertex 31.850000 -21.950000 9.175000
   vertex 31.850000 21.950000 11.175000
   vertex 31.850000 -21.950000 11.175000
  endloop
 endfacet
 facet normal 0 1 0
  outer loop
   vertex 31.850000 21.950000 9.175000
   vertex -31.850000 21.950000 9.175000
   vertex -31.850000 21.950000 11.175000
  endloop
 endfacet
 facet normal 0 1 -0
  outer loop
   vertex 31.850000 21.950000 9.175000
   vertex -31.850000 21.950000 11.175000
   vertex 31.850000 21.950000 11.175000
  endloop
 endfacet
 facet normal -1 0 0
  outer loop
   vertex -31.850000 21.950000 9.175000
   vertex -31.850000 -21.950000 9.175000
   vertex -31.850000 -21.950000 11.175000
  endloop
 endfacet
 facet normal -1 0 0
  outer loop
   vertex -31.850000 21.950000 9.175000
   vertex -31.850000 -21.950000 11.175000
   vertex -31.850000 21.950000 11.175000
  endloop
 endfacet
 facet normal 0 0 -1
  outer loop
   vertex -48.350000 -21.950000 -20.300000
   vertex 48.350000 -20.810000 -20.300000
   vertex 48.350000 -21.950000 -20.300000
  endloop
 endfacet
 facet normal 0 0 -1
  outer loop
   vertex -48.350000 -21.950000 -20.300000
   vertex -48.350000 -20.810000 -20.300000
   vertex 48.350000 -20.810000 -20.300000
  endloop
 endfacet
 facet normal 0 0 1
  outer loop
   vertex -48.350000 -21.950000 20.300000
   vertex 48.350000 -21.950000 20.300000
   vertex 48.350000 -20.810000 20.300000
  endloop
 endfacet
 facet normal 0 0 1
  outer loop
   vertex -48.350000 -21.950000 20.300000
   vertex 48.350000 -20.810000 20.300000
   vertex -48.350000 -20.810000 20.300000
  endloop
 endfacet
 facet normal 0 -1 0
  outer loop
   vertex -48.350000 -21.950000 -20.300000
   vertex 48.350000 -21.950000 -20.300000
   vertex 48.350000 -21.950000 20.300000
  endloop
 endfacet
 facet normal 0 -1 0
  outer loop
   vertex -48.350000 -21.950000 -20.300000
   vertex 48.350000 -21.950000 20.300000
   vertex -48.350000 -21.950000 20.300000
  endloop
 endfacet
 facet normal 1 0 0
  outer loop
   vertex 48.350000 -21.950000 -20.300000
   vertex 48.350000 -20.810000 -20.300000
   vertex 48.350000 -20.810000 20.300000
  endloop
 endfacet
 facet normal 1 0 0
  outer loop
   vertex 48.350000 -21.950000 -20.300000
   vertex 48.350000 -20.810000 20.300000
   vertex 48.350000 -21.950000 20.300000
  endloop
 endfacet
 facet normal 0 1 0
  outer loop
   vertex 48.350000 -20.810000 -20.300000
   vertex -48.350000 -20.810000 -20.300000
   vertex -48.350000 -20.810000 20.300000
  endloop
 endfacet
 facet normal 0 1 -0
  outer loop
   vertex 48.350000 -20.810000 -20.300000
   vertex -48.350000 -20.810000 20.300000
   vertex 48.350000 -20.810000 20.300000
  endloop
 endfacet
 facet normal -1 0 0
  outer loop
   vertex -48.350000 -20.810000 -20.300000
   vertex -48.350000 -21.950000 -20.300000
   vertex -48.350000 -21.950000 20.300000
  endloop
 endfacet
 facet normal -1 0 0
  outer loop
   vertex -48.350000 -20.810000 -20.300000
   vertex -48.350000 -21.950000 20.300000
   vertex -48.350000 -20.810000 20.300000
  endloop
 endfacet
 facet normal 0 0 -1
  outer loop
   vertex -26.650000 20.810000 -10.400000
   vertex 26.650000 21.950000 -10.400000
   vertex 26.650000 20.810000 -10.400000
  endloop
 endfacet
 facet normal 0 0 -1
  outer loop
   vertex -26.650000 20.810000 -10.400000
   vertex -26.650000 21.950000 -10.400000
   vertex 26.650000 21.950000 -10.400000
  endloop
 endfacet
 facet normal 0 0 1
  outer loop
   vertex -26.650000 20.810000 10.400000
   vertex 26.650000 20.810000 10.400000
   vertex 26.650000 21.950000 10.400000
  endloop
 endfacet
 facet normal 0 0 1
  outer loop
   vertex -26.650000 20.810000 10.400000
   vertex 26.650000 21.950000 10.400000
   vertex -26.650000 21.950000 10.400000
  endloop
 endfacet
 facet normal 0 -1 0
  outer loop
   vertex -26.650000 20.810000 -10.400000
   vertex 26.650000 20.810000 -10.400000
   vertex 26.650000 20.810000 10.400000
  endloop
 endfacet
 facet normal 0 -1 0
  outer loop
   vertex -26.650000 20.810000 -10.400000
   vertex 26.650000 20.810000 10.400000
   vertex -26.650000 20.810000 10.400000
  endloop
 endfacet
 facet normal 1 0 0
  outer loop
   vertex 26.650000 20.810000 -10.400000
   vertex 26.650000 21.950000 -10.400000
   vertex 26.650000 21.950000 10.400000
  endloop
 endfacet
 facet normal 1 0 0
  outer loop
   vertex 26.650000 20.810000 -10.400000
   vertex 26.650000 21.950000 10.400000
   vertex 26.650000 20.810000 10.400000
  endloop
 endfacet
 facet normal 0 1 0
  outer loop
   vertex 26.650000 21.950000 -10.400000
   vertex -26.650000 21.950000 -10.400000
   vertex -26.650000 21.950000 10.400000
  endloop
 endfacet
 facet normal 0 1 -0
  outer loop
   vertex 26.650000 21.950000 -10.400000
   vertex -26.650000 21.950000 10.400000
   vertex 26.650000 21.950000 10.400000
  endloop
 endfacet
 facet normal -1 0 0
  outer loop
   vertex -26.650000 21.950000 -10.400000
   vertex -26.650000 20.810000 -10.400000
   vertex -26.650000 20.810000 10.400000
  endloop
 endfacet
 facet normal -1 0 0
  outer loop
   vertex -26.650000 21.950000 -10.400000
   vertex -26.650000 20.810000 10.400000
   vertex -26.650000 21.950000 10.400000
  endloop
 endfacet
 facet normal 0 0 -1
  outer loop
   vertex -48.350000 -21.950000 -1.630000
   vertex -41.000000 -20.810000 -1.630000
   vertex -41.000000 -21.950000 -1.630000
  endloop
 endfacet
 facet normal 0 0 -1
  outer loop
   vertex -48.350000 -21.950000 -1.630000
   vertex -48.350000 -20.810000 -1.630000
   vertex -41.000000 -20.810000 -1.630000
  endloop
 endfacet
 facet normal 0 0 1
  outer loop
   vertex -48.350000 -21.950000 1.630000
   vertex -41.000000 -21.950000 1.630000
   vertex -41.000000 -20.810000 1.630000
  endloop
 endfacet
 facet normal 0 0 1
  outer loop
   vertex -48.350000 -21.950000 1.630000
   vertex -41.000000 -20.810000 1.630000
   vertex -48.350000 -20.810000 1.630000
  endloop
 endfacet
 facet normal 0 -1 0
  outer loop
   vertex -48.350000 -21.950000 -1.630000
   vertex -41.000000 -21.950000 -1.630000
   vertex -41.000000 -21.950000 1.630000
  endloop
 endfacet
 facet normal 0 -1 0
  outer loop
   vertex -48.350000 -21.950000 -1.630000
   vertex -41.000000 -21.950000 1.630000
   vertex -48.350000 -21.950000 1.630000
  endloop
 endfacet
 facet normal 1 0 0
  outer loop
   vertex -41.000000 -21.950000 -1.630000
   vertex -41.000000 -20.810000 -1.630000
   vertex -41.000000 -20.810000 1.630000
  endloop
 endfacet
 facet normal 1 0 0
  outer loop
   vertex -41.000000 -21.950000 -1.630000
   vertex -41.000000 -20.810000 1.630000
   vertex -41.000000 -21.950000 1.630000
  endloop
 endfacet
 facet normal 0 1 0
  outer loop
   vertex -41.000000 -20.810000 -1.630000
   vertex -48.350000 -20.810000 -1.630000
   vertex -48.350000 -20.810000 1.630000
  endloop
 endfacet
 facet normal 0 1 -0
  outer loop
   vertex -41.000000 -20.810000 -1.630000
   vertex -48.350000 -20.810000 1.630000
   vertex -41.000000 -20.810000 1.630000
  endloop
 endfacet
 facet normal -1 0 0
  outer loop
   vertex -48.350000 -20.810000 -1.630000
   vertex -48.350000 -21.950000 -1.630000
   vertex -48.350000 -21.950000 1.630000
  endloop
 endfacet
 facet normal -1 0 0
  outer loop
   vertex -48.350000 -20.810000 -1.630000
   vertex -48.350000 -21.950000 1.630000
   vertex -48.350000 -20.810000 1.630000
  endloop
 endfacet
 facet normal 0 0.995185 0.0980171
  outer loop
   vertex -48.350000 -13.950000 12.000000
   vertex -48.350000 -14.026859 12.780361
   vertex -38.350000 -14.026859 12.780361
  endloop
 endfacet
 facet normal -0 0.995185 0.0980171
  outer loop
   vertex -48.350000 -13.950000 12.000000
   vertex -38.350000 -14.026859 12.780361
   vertex -38.350000 -13.950000 12.000000
  endloop
 endfacet
 facet normal -1 0 0
  outer loop
   vertex -48.350000 -17.950000 12.000000
   vertex -48.350000 -14.026859 12.780361
   vertex -48.350000 -13.950000 12.000000
  endloop
 endfacet
 facet normal 1 0 0
  outer loop
   vertex -38.350000 -17.950000 12.000000
   vertex -38.350000 -13.950000 12.000000
   vertex -38.350000 -14.026859 12.780361
  endloop
 endfacet
 facet normal 0 0.95694 0.290285
  outer loop
   vertex -48.350000 -14.026859 12.780361
   vertex -48.350000 -14.254482 13.530734
   vertex -38.350000 -14.254482 13.530734
  endloop
 endfacet
 facet normal -0 0.95694 0.290285
  outer loop
   vertex -48.350000 -14.026859 12.780361
   vertex -38.350000 -14.254482 13.530734
   vertex -38.350000 -14.026859 12.780361
  endloop
 endfacet
 facet normal -1 0 0
  outer loop
   vertex -48.350000 -17.950000 12.000000
   vertex -48.350000 -14.254482 13.530734
   vertex -48.350000 -14.026859 12.780361
  endloop
 endfacet
 facet normal 1 0 0
  outer loop
   vertex -38.350000 -17.950000 12.000000
   vertex -38.350000 -14.026859 12.780361
   vertex -38.350000 -14.254482 13.530734
  endloop
 endfacet
 facet normal 0 0.881921 0.471397
  outer loop
   vertex -48.350000 -14.254482 13.530734
   vertex -48.350000 -14.624122 14.222281
   vertex -38.350000 -14.624122 14.222281
  endloop
 endfacet
 facet normal -0 0.881921 0.471397
  outer loop
   vertex -48.350000 -14.254482 13.530734
   vertex -38.350000 -14.624122 14.222281
   vertex -38.350000 -14.254482 13.530734
  endloop
 endfacet
 facet normal -1 0 0
  outer loop
   vertex -48.350000 -17.950000 12.000000
   vertex -48.350000 -14.624122 14.222281
   vertex -48.350000 -14.254482 13.530734
  endloop
 endfacet
 facet normal 1 0 0
  outer loop
   vertex -38.350000 -17.950000 12.000000
   vertex -38.350000 -14.254482 13.530734
   vertex -38.350000 -14.624122 14.222281
  endloop
 endfacet
 facet normal 0 0.77301 0.634393
  outer loop
   vertex -48.350000 -14.624122 14.222281
   vertex -48.350000 -15.121573 14.828427
   vertex -38.350000 -15.121573 14.828427
  endloop
 endfacet
 facet normal -0 0.77301 0.634393
  outer loop
   vertex -48.350000 -14.624122 14.222281
   vertex -38.350000 -15.121573 14.828427
   vertex -38.350000 -14.624122 14.222281
  endloop
 endfacet
 facet normal -1 0 0
  outer loop
   vertex -48.350000 -17.950000 12.000000
   vertex -48.350000 -15.121573 14.828427
   vertex -48.350000 -14.624122 14.222281
  endloop
 endfacet
 facet normal 1 0 0
  outer loop
   vertex -38.350000 -17.950000 12.000000
   vertex -38.350000 -14.624122 14.222281
   vertex -38.350000 -15.121573 14.828427
  endloop
 endfacet
 facet normal 0 0.634393 0.77301
  outer loop
   vertex -48.350000 -15.121573 14.828427
   vertex -48.350000 -15.727719 15.325878
   vertex -38.350000 -15.727719 15.325878
  endloop
 endfacet
 facet normal -0 0.634393 0.77301
  outer loop
   vertex -48.350000 -15.121573 14.828427
   vertex -38.350000 -15.727719 15.325878
   vertex -38.350000 -15.121573 14.828427
  endloop
 endfacet
 facet normal -1 0 0
  outer loop
   vertex -48.350000 -17.950000 12.000000
   vertex -48.350000 -15.727719 15.325878
   vertex -48.350000 -15.121573 14.828427
  endloop
 endfacet
 facet normal 1 0 0
  outer loop
   vertex -38.350000 -17.950000 12.000000
   vertex -38.350000 -15.121573 14.828427
   vertex -38.350000 -15.727719 15.325878
  endloop
 endfacet
 facet normal 0 0.471397 0.881921
  outer loop
   vertex -48.350000 -15.727719 15.325878
   vertex -48.350000 -16.419266 15.695518
   vertex -38.350000 -16.419266 15.695518
  endloop
 endfacet
 facet normal -0 0.471397 0.881921
  outer loop
   vertex -48.350000 -15.727719 15.325878
   vertex -38.350000 -16.419266 15.695518
   vertex -38.350000 -15.727719 15.325878
  endloop
 endfacet
 facet normal -1 0 0
  outer loop
   vertex -48.350000 -17.950000 12.000000
   vertex -48.350000 -16.419266 15.695518
   vertex -48.350000 -15.727719 15.325878
  endloop
 endfacet
 facet normal 1 0 0
  outer loop
   vertex -38.350000 -17.950000 12.000000
   vertex -38.350000 -15.727719 15.325878
   vertex -38.350000 -16.419266 15.695518
  endloop
 endfacet
 facet normal 0 0.290285 0.95694
  outer loop
   vertex -48.350000 -16.419266 15.695518
   vertex -48.350000 -17.169639 15.923141
   vertex -38.350000 -17.169639 15.923141
  endloop
 endfacet
 facet normal -0 0.290285 0.95694
  outer loop
   vertex -48.350000 -16.419266 15.695518
   vertex -38.350000 -17.169639 15.923141
   vertex -38.350000 -16.419266 15.695518
  endloop
 endfacet
 facet normal -1 0 0
  outer loop
   vertex -48.350000 -17.950000 12.000000
   vertex -48.350000 -17.169639 15.923141
   vertex -48.350000 -16.419266 15.695518
  endloop
 endfacet
 facet normal 1 0 0
  outer loop
   vertex -38.350000 -17.950000 12.000000
   vertex -38.350000 -16.419266 15.695518
   vertex -38.350000 -17.169639 15.923141
  endloop
 endfacet
 facet normal 0 0.0980171 0.995185
  outer loop
   vertex -48.350000 -17.169639 15.923141
   vertex -48.350000 -17.950000 16.000000
   vertex -38.350000 -17.950000 16.000000
  endloop
 endfacet
 facet normal -0 0.0980171 0.995185
  outer loop
   vertex -48.350000 -17.169639 15.923141
   vertex -38.350000 -17.950000 16.000000
   vertex -38.350000 -17.169639 15.923141
  endloop
 endfacet
 facet normal -1 0 0
  outer loop
   vertex -48.350000 -17.950000 12.000000
   vertex -48.350000 -17.950000 16.000000
   vertex -48.350000 -17.169639 15.923141
  endloop
 endfacet
 facet normal 1 0 0
  outer loop
   vertex -38.350000 -17.950000 12.000000
   vertex -38.350000 -17.169639 15.923141
   vertex -38.350000 -17.950000 16.000000
  endloop
 endfacet
 facet normal 0 -0.0980171 0.995185
  outer loop
   vertex -48.350000 -17.950000 16.000000
   vertex -48.350000 -18.730361 15.923141
   vertex -38.350000 -18.730361 15.923141
  endloop
 endfacet
 facet normal 0 -0.0980171 0.995185
  outer loop
   vertex -48.350000 -17.950000 16.000000
   vertex -38.350000 -18.730361 15.923141
   vertex -38.350000 -17.950000 16.000000
  endloop
 endfacet
 facet normal -1 0 0
  outer loop
   vertex -48.350000 -17.950000 12.000000
   vertex -48.350000 -18.730361 15.923141
   vertex -48.350000 -17.950000 16.000000
  endloop
 endfacet
 facet normal 1 0 -0
  outer loop
   vertex -38.350000 -17.950000 12.000000
   vertex -38.350000 -17.950000 16.000000
   vertex -38.350000 -18.730361 15.923141
  endloop
 endfacet
 facet normal 0 -0.290285 0.95694
  outer loop
   vertex -48.350000 -18.730361 15.923141
   vertex -48.350000 -19.480734 15.695518
   vertex -38.350000 -19.480734 15.695518
  endloop
 endfacet
 facet normal 0 -0.290285 0.95694
  outer loop
   vertex -48.350000 -18.730361 15.923141
   vertex -38.350000 -19.480734 15.695518
   vertex -38.350000 -18.730361 15.923141
  endloop
 endfacet
 facet normal -1 0 0
  outer loop
   vertex -48.350000 -17.950000 12.000000
   vertex -48.350000 -19.480734 15.695518
   vertex -48.350000 -18.730361 15.923141
  endloop
 endfacet
 facet normal 1 0 0
  outer loop
   vertex -38.350000 -17.950000 12.000000
   vertex -38.350000 -18.730361 15.923141
   vertex -38.350000 -19.480734 15.695518
  endloop
 endfacet
 facet normal 0 -0.471397 0.881921
  outer loop
   vertex -48.350000 -19.480734 15.695518
   vertex -48.350000 -20.172281 15.325878
   vertex -38.350000 -20.172281 15.325878
  endloop
 endfacet
 facet normal 0 -0.471397 0.881921
  outer loop
   vertex -48.350000 -19.480734 15.695518
   vertex -38.350000 -20.172281 15.325878
   vertex -38.350000 -19.480734 15.695518
  endloop
 endfacet
 facet normal -1 0 0
  outer loop
   vertex -48.350000 -17.950000 12.000000
   vertex -48.350000 -20.172281 15.325878
   vertex -48.350000 -19.480734 15.695518
  endloop
 endfacet
 facet normal 1 0 0
  outer loop
   vertex -38.350000 -17.950000 12.000000
   vertex -38.350000 -19.480734 15.695518
   vertex -38.350000 -20.172281 15.325878
  endloop
 endfacet
 facet normal 0 -0.634393 0.77301
  outer loop
   vertex -48.350000 -20.172281 15.325878
   vertex -48.350000 -20.778427 14.828427
   vertex -38.350000 -20.778427 14.828427
  endloop
 endfacet
 facet normal 0 -0.634393 0.77301
  outer loop
   vertex -48.350000 -20.172281 15.325878
   vertex -38.350000 -20.778427 14.828427
   vertex -38.350000 -20.172281 15.325878
  endloop
 endfacet
 facet normal -1 0 0
  outer loop
   vertex -48.350000 -17.950000 12.000000
   vertex -48.350000 -20.778427 14.828427
   vertex -48.350000 -20.172281 15.325878
  endloop
 endfacet
 facet normal 1 0 0
  outer loop
   vertex -38.350000 -17.950000 12.000000
   vertex -38.350000 -20.172281 15.325878
   vertex -38.350000 -20.778427 14.828427
  endloop
 endfacet
 facet normal 0 -0.77301 0.634393
  outer loop
   vertex -48.350000 -20.778427 14.828427
   vertex -48.350000 -21.275878 14.222281
   vertex -38.350000 -21.275878 14.222281
  endloop
 endfacet
 facet normal 0 -0.77301 0.634393
  outer loop
   vertex -48.350000 -20.778427 14.828427
   vertex -38.350000 -21.275878 14.222281
   vertex -38.350000 -20.778427 14.828427
  endloop
 endfacet
 facet normal -1 0 0
  outer loop
   vertex -48.350000 -17.950000 12.000000
   vertex -48.350000 -21.275878 14.222281
   vertex -48.350000 -20.778427 14.828427
  endloop
 endfacet
 facet normal 1 0 0
  outer loop
   vertex -38.350000 -17.950000 12.000000
   vertex -38.350000 -20.778427 14.828427
   vertex -38.350000 -21.275878 14.222281
  endloop
 endfacet
 facet normal 0 -0.881921 0.471397
  outer loop
   vertex -48.350000 -21.275878 14.222281
   vertex -48.350000 -21.645518 13.530734
   vertex -38.350000 -21.645518 13.530734
  endloop
 endfacet
 facet normal 0 -0.881921 0.471397
  outer loop
   vertex -48.350000 -21.275878 14.222281
   vertex -38.350000 -21.645518 13.530734
   vertex -38.350000 -21.275878 14.222281
  endloop
 endfacet
 facet normal -1 0 0
  outer loop
   vertex -48.350000 -17.950000 12.000000
   vertex -48.350000 -21.645518 13.530734
   vertex -48.350000 -21.275878 14.222281
  endloop
 endfacet
 facet normal 1 0 0
  outer loop
   vertex -38.350000 -17.950000 12.000000
   vertex -38.350000 -21.275878 14.222281
   vertex -38.350000 -21.645518 13.530734
  endloop
 endfacet
 facet normal 0 -0.95694 0.290285
  outer loop
   vertex -48.350000 -21.645518 13.530734
   vertex -48.350000 -21.873141 12.780361
   vertex -38.350000 -21.873141 12.780361
  endloop
 endfacet
 facet normal 0 -0.95694 0.290285
  outer loop
   vertex -48.350000 -21.645518 13.530734
   vertex -38.350000 -21.873141 12.780361
   vertex -38.350000 -21.645518 13.530734
  endloop
 endfacet
 facet normal -1 0 0
  outer loop
   vertex -48.350000 -17.950000 12.000000
   vertex -48.350000 -21.873141 12.780361
   vertex -48.350000 -21.645518 13.530734
  endloop
 endfacet
 facet normal 1 0 0
  outer loop
   vertex -38.350000 -17.950000 12.000000
   vertex -38.350000 -21.645518 13.530734
   vertex -38.350000 -21.873141 12.780361
  endloop
 endfacet
 facet normal 0 -0.995185 0.0980171
  outer loop
   vertex -48.350000 -21.873141 12.780361
   vertex -48.350000 -21.950000 12.000000
   vertex -38.350000 -21.950000 12.000000
  endloop
 endfacet
 facet normal 0 -0.995185 0.0980171
  outer loop
   vertex -48.350000 -21.873141 12.780361
   vertex -38.350000 -21.950000 12.000000
   vertex -38.350000 -21.873141 12.780361
  endloop
 endfacet
 facet normal -1 0 0
  outer loop
   vertex -48.350000 -17.950000 12.000000
   vertex -48.350000 -21.950000 12.000000
   vertex -48.350000 -21.873141 12.780361
  endloop
 endfacet
 facet normal 1 0 0
  outer loop
   vertex -38.350000 -17.950000 12.000000
   vertex -38.350000 -21.873141 12.780361
   vertex -38.350000 -21.950000 12.000000
  endloop
 endfacet
 facet normal 0 -0.995185 -0.0980171
  outer loop
   vertex -48.350000 -21.950000 12.000000
   vertex -48.350000 -21.873141 11.219639
   vertex -38.350000 -21.873141 11.219639
  endloop
 endfacet
 facet normal 0 -0.995185 -0.0980171
  outer loop
   vertex -48.350000 -21.950000 12.000000
   vertex -38.350000 -21.873141 11.219639
   vertex -38.350000 -21.950000 12.000000
  endloop
 endfacet
 facet normal -1 -0 0
  outer loop
   vertex -48.350000 -17.950000 12.000000
   vertex -48.350000 -21.873141 11.219639
   vertex -48.350000 -21.950000 12.000000
  endloop
 endfacet
 facet normal 1 0 0
  outer loop
   vertex -38.350000 -17.950000 12.000000
   vertex -38.350000 -21.950000 12.000000
   vertex -38.350000 -21.873141 11.219639
  endloop
 endfacet
 facet normal 0 -0.95694 -0.290285
  outer loop
   vertex -48.350000 -21.873141 11.219639
   vertex -48.350000 -21.645518 10.469266
   vertex -38.350000 -21.645518 10.469266
  endloop
 endfacet
 facet normal 0 -0.95694 -0.290285
  outer loop
   vertex -48.350000 -21.873141 11.219639
   vertex -38.350000 -21.645518 10.469266
   vertex -38.350000 -21.873141 11.219639
  endloop
 endfacet
 facet normal -1 0 0
  outer loop
   vertex -48.350000 -17.950000 12.000000
   vertex -48.350000 -21.645518 10.469266
   vertex -48.350000 -21.873141 11.219639
  endloop
 endfacet
 facet normal 1 0 0
  outer loop
   vertex -38.350000 -17.950000 12.000000
   vertex -38.350000 -21.873141 11.219639
   vertex -38.350000 -21.645518 10.469266
  endloop
 endfacet
 facet normal 0 -0.881921 -0.471397
  outer loop
   vertex -48.350000 -21.645518 10.469266
   vertex -48.350000 -21.275878 9.777719
   vertex -38.350000 -21.275878 9.777719
  endloop
 endfacet
 facet normal 0 -0.881921 -0.471397
  outer loop
   vertex -48.350000 -21.645518 10.469266
   vertex -38.350000 -21.275878 9.777719
   vertex -38.350000 -21.645518 10.469266
  endloop
 endfacet
 facet normal -1 0 0
  outer loop
   vertex -48.350000 -17.950000 12.000000
   vertex -48.350000 -21.275878 9.777719
   vertex -48.350000 -21.645518 10.469266
  endloop
 endfacet
 facet normal 1 0 0
  outer loop
   vertex -38.350000 -17.950000 12.000000
   vertex -38.350000 -21.645518 10.469266
   vertex -38.350000 -21.275878 9.777719
  endloop
 endfacet
 facet normal 0 -0.77301 -0.634393
  outer loop
   vertex -48.350000 -21.275878 9.777719
   vertex -48.350000 -20.778427 9.171573
   vertex -38.350000 -20.778427 9.171573
  endloop
 endfacet
 facet normal 0 -0.77301 -0.634393
  outer loop
   vertex -48.350000 -21.275878 9.777719
   vertex -38.350000 -20.778427 9.171573
   vertex -38.350000 -21.275878 9.777719
  endloop
 endfacet
 facet normal -1 0 0
  outer loop
   vertex -48.350000 -17.950000 12.000000
   vertex -48.350000 -20.778427 9.171573
   vertex -48.350000 -21.275878 9.777719
  endloop
 endfacet
 facet normal 1 0 0
  outer loop
   vertex -38.350000 -17.950000 12.000000
   vertex -38.350000 -21.275878 9.777719
   vertex -38.350000 -20.778427 9.171573
  endloop
 endfacet
 facet normal 0 -0.634393 -0.77301
  outer loop
   vertex -48.350000 -20.778427 9.171573
   vertex -48.350000 -20.172281 8.674122
   vertex -38.350000 -20.172281 8.674122
  endloop
 endfacet
 facet normal 0 -0.634393 -0.77301
  outer loop
   vertex -48.350000 -20.778427 9.171573
   vertex -38.350000 -20.172281 8.674122
   vertex -38.350000 -20.778427 9.171573
  endloop
 endfacet
 facet normal -1 0 0
  outer loop
   vertex -48.350000 -17.950000 12.000000
   vertex -48.350000 -20.172281 8.674122
   vertex -48.350000 -20.778427 9.171573
  endloop
 endfacet
 facet normal 1 0 0
  outer loop
   vertex -38.350000 -17.950000 12.000000
   vertex -38.350000 -20.778427 9.171573
   vertex -38.350000 -20.172281 8.674122
  endloop
 endfacet
 facet normal 0 -0.471397 -0.881921
  outer loop
   vertex -48.350000 -20.172281 8.674122
   vertex -48.350000 -19.480734 8.304482
   vertex -38.350000 -19.480734 8.304482
  endloop
 endfacet
 facet normal 0 -0.471397 -0.881921
  outer loop
   vertex -48.350000 -20.172281 8.674122
   vertex -38.350000 -19.480734 8.304482
   vertex -38.350000 -20.172281 8.674122
  endloop
 endfacet
 facet normal -1 0 0
  outer loop
   vertex -48.350000 -17.950000 12.000000
   vertex -48.350000 -19.480734 8.304482
   vertex -48.350000 -20.172281 8.674122
  endloop
 endfacet
 facet normal 1 0 0
  outer loop
   vertex -38.350000 -17.950000 12.000000
   vertex -38.350000 -20.172281 8.674122
   vertex -38.350000 -19.480734 8.304482
  endloop
 endfacet
 facet normal 0 -0.290285 -0.95694
  outer loop
   vertex -48.350000 -19.480734 8.304482
   vertex -48.350000 -18.730361 8.076859
   vertex -38.350000 -18.730361 8.076859
  endloop
 endfacet
 facet normal 0 -0.290285 -0.95694
  outer loop
   vertex -48.350000 -19.480734 8.304482
   vertex -38.350000 -18.730361 8.076859
   vertex -38.350000 -19.480734 8.304482
  endloop
 endfacet
 facet normal -1 0 0
  outer loop
   vertex -48.350000 -17.950000 12.000000
   vertex -48.350000 -18.730361 8.076859
   vertex -48.350000 -19.480734 8.304482
  endloop
 endfacet
 facet normal 1 0 0
  outer loop
   vertex -38.350000 -17.950000 12.000000
   vertex -38.350000 -19.480734 8.304482
   vertex -38.350000 -18.730361 8.076859
  endloop
 endfacet
 facet normal 0 -0.0980171 -0.995185
  outer loop
   vertex -48.350000 -18.730361 8.076859
   vertex -48.350000 -17.950000 8.000000
   vertex -38.350000 -17.950000 8.000000
  endloop
 endfacet
 facet normal 0 -0.0980171 -0.995185
  outer loop
   vertex -48.350000 -18.730361 8.076859
   vertex -38.350000 -17.950000 8.000000
   vertex -38.350000 -18.730361 8.076859
  endloop
 endfacet
 facet normal -1 0 -0
  outer loop
   vertex -48.350000 -17.950000 12.000000
   vertex -48.350000 -17.950000 8.000000
   vertex -48.350000 -18.730361 8.076859
  endloop
 endfacet
 facet normal 1 0 0
  outer loop
   vertex -38.350000 -17.950000 12.000000
   vertex -38.350000 -18.730361 8.076859
   vertex -38.350000 -17.950000 8.000000
  endloop
 endfacet
 facet normal 0 0.0980171 -0.995185
  outer loop
   vertex -48.350000 -17.950000 8.000000
   vertex -48.350000 -17.169639 8.076859
   vertex -38.350000 -17.169639 8.076859
  endloop
 endfacet
 facet normal 0 0.0980171 -0.995185
  outer loop
   vertex -48.350000 -17.950000 8.000000
   vertex -38.350000 -17.169639 8.076859
   vertex -38.350000 -17.950000 8.000000
  endloop
 endfacet
 facet normal -1 0 0
  outer loop
   vertex -48.350000 -17.950000 12.000000
   vertex -48.350000 -17.169639 8.076859
   vertex -48.350000 -17.950000 8.000000
  endloop
 endfacet
 facet normal 1 0 0
  outer loop
   vertex -38.350000 -17.950000 12.000000
   vertex -38.350000 -17.950000 8.000000
   vertex -38.350000 -17.169639 8.076859
  endloop
 endfacet
 facet normal 0 0.290285 -0.95694
  outer loop
   vertex -48.350000 -17.169639 8.076859
   vertex -48.350000 -16.419266 8.304482
   vertex -38.350000 -16.419266 8.304482
  endloop
 endfacet
 facet normal 0 0.290285 -0.95694
  outer loop
   vertex -48.350000 -17.169639 8.076859
   vertex -38.350000 -16.419266 8.304482
   vertex -38.350000 -17.169639 8.076859
  endloop
 endfacet
 facet normal -1 0 0
  outer loop
   vertex -48.350000 -17.950000 12.000000
   vertex -48.350000 -16.419266 8.304482
   vertex -48.350000 -17.169639 8.076859
  endloop
 endfacet
 facet normal 1 0 0
  outer loop
   vertex -38.350000 -17.950000 12.000000
   vertex -38.350000 -17.169639 8.076859
   vertex -38.350000 -16.419266 8.304482
  endloop
 endfacet
 facet normal 0 0.471397 -0.881921
  outer loop
   vertex -48.350000 -16.419266 8.304482
   vertex -48.350000 -15.727719 8.674122
   vertex -38.350000 -15.727719 8.674122
  endloop
 endfacet
 facet normal 0 0.471397 -0.881921
  outer loop
   vertex -48.350000 -16.419266 8.304482
   vertex -38.350000 -15.727719 8.674122
   vertex -38.350000 -16.419266 8.304482
  endloop
 endfacet
 facet normal -1 0 0
  outer loop
   vertex -48.350000 -17.950000 12.000000
   vertex -48.350000 -15.727719 8.674122
   vertex -48.350000 -16.419266 8.304482
  endloop
 endfacet
 facet normal 1 0 0
  outer loop
   vertex -38.350000 -17.950000 12.000000
   vertex -38.350000 -16.419266 8.304482
   vertex -38.350000 -15.727719 8.674122
  endloop
 endfacet
 facet normal 0 0.634393 -0.77301
  outer loop
   vertex -48.350000 -15.727719 8.674122
   vertex -48.350000 -15.121573 9.171573
   vertex -38.350000 -15.121573 9.171573
  endloop
 endfacet
 facet normal 0 0.634393 -0.77301
  outer loop
   vertex -48.350000 -15.727719 8.674122
   vertex -38.350000 -15.121573 9.171573
   vertex -38.350000 -15.727719 8.674122
  endloop
 endfacet
 facet normal -1 0 0
  outer loop
   vertex -48.350000 -17.950000 12.000000
   vertex -48.350000 -15.121573 9.171573
   vertex -48.350000 -15.727719 8.674122
  endloop
 endfacet
 facet normal 1 0 0
  outer loop
   vertex -38.350000 -17.950000 12.000000
   vertex -38.350000 -15.727719 8.674122
   vertex -38.350000 -15.121573 9.171573
  endloop
 endfacet
 facet normal 0 0.77301 -0.634393
  outer loop
   vertex -48.350000 -15.121573 9.171573
   vertex -48.350000 -14.624122 9.777719
   vertex -38.350000 -14.624122 9.777719
  endloop
 endfacet
 facet normal 0 0.77301 -0.634393
  outer loop
   vertex -48.350000 -15.121573 9.171573
   vertex -38.350000 -14.624122 9.777719
   vertex -38.350000 -15.121573 9.171573
  endloop
 endfacet
 facet normal -1 0 0
  outer loop
   vertex -48.350000 -17.950000 12.000000
   vertex -48.350000 -14.624122 9.777719
   vertex -48.350000 -15.121573 9.171573
  endloop
 endfacet
 facet normal 1 0 0
  outer loop
   vertex -38.350000 -17.950000 12.000000
   vertex -38.350000 -15.121573 9.171573
   vertex -38.350000 -14.624122 9.777719
  endloop
 endfacet
 facet normal 0 0.881921 -0.471397
  outer loop
   vertex -48.350000 -14.624122 9.777719
   vertex -48.350000 -14.254482 10.469266
   vertex -38.350000 -14.254482 10.469266
  endloop
 endfacet
 facet normal 0 0.881921 -0.471397
  outer loop
   vertex -48.350000 -14.624122 9.777719
   vertex -38.350000 -14.254482 10.469266
   vertex -38.350000 -14.624122 9.777719
  endloop
 endfacet
 facet normal -1 0 0
  outer loop
   vertex -48.350000 -17.950000 12.000000
   vertex -48.350000 -14.254482 10.469266
   vertex -48.350000 -14.624122 9.777719
  endloop
 endfacet
 facet normal 1 0 0
  outer loop
   vertex -38.350000 -17.950000 12.000000
   vertex -38.350000 -14.624122 9.777719
   vertex -38.350000 -14.254482 10.469266
  endloop
 endfacet
 facet normal 0 0.95694 -0.290285
  outer loop
   vertex -48.350000 -14.254482 10.469266
   vertex -48.350000 -14.026859 11.219639
   vertex -38.350000 -14.026859 11.219639
  endloop
 endfacet
 facet normal 0 0.95694 -0.290285
  outer loop
   vertex -48.350000 -14.254482 10.469266
   vertex -38.350000 -14.026859 11.219639
   vertex -38.350000 -14.254482 10.469266
  endloop
 endfacet
 facet normal -1 0 0
  outer loop
   vertex -48.350000 -17.950000 12.000000
   vertex -48.350000 -14.026859 11.219639
   vertex -48.350000 -14.254482 10.469266
  endloop
 endfacet
 facet normal 1 0 0
  outer loop
   vertex -38.350000 -17.950000 12.000000
   vertex -38.350000 -14.254482 10.469266
   vertex -38.350000 -14.026859 11.219639
  endloop
 endfacet
 facet normal 0 0.995185 -0.0980171
  outer loop
   vertex -48.350000 -14.026859 11.219639
   vertex -48.350000 -13.950000 12.000000
   vertex -38.350000 -13.950000 12.000000
  endloop
 endfacet
 facet normal 0 0.995185 -0.0980171
  outer loop
   vertex -48.350000 -14.026859 11.219639
   vertex -38.350000 -13.950000 12.000000
   vertex -38.350000 -14.026859 11.219639
  endloop
 endfacet
 facet normal -1 0 0
  outer loop
   vertex -48.350000 -17.950000 12.000000
   vertex -48.350000 -13.950000 12.000000
   vertex -48.350000 -14.026859 11.219639
  endloop
 endfacet
 facet normal 1 0 0
  outer loop
   vertex -38.350000 -17.950000 12.000000
   vertex -38.350000 -14.026859 11.219639
   vertex -38.350000 -13.950000 12.000000
  endloop
 endfacet
 facet normal 0 0 -1
  outer loop
   vertex 5.000000 19.450000 4.250000
   vertex 11.000000 21.950000 4.250000
   vertex 11.000000 19.450000 4.250000
  endloop
 endfacet
 facet normal 0 0 -1
  outer loop
   vertex 5.000000 19.450000 4.250000
   vertex 5.000000 21.950000 4.250000
   vertex 11.000000 21.950000 4.250000
  endloop
 endfacet
 facet normal 0 0 1
  outer loop
   vertex 5.000000 19.450000 7.750000
   vertex 11.000000 19.450000 7.750000
   vertex 11.000000 21.950000 7.750000
  endloop
 endfacet
 facet normal 0 0 1
  outer loop
   vertex 5.000000 19.450000 7.750000
   vertex 11.000000 21.950000 7.750000
   vertex 5.000000 21.950000 7.750000
  endloop
 endfacet
 facet normal 0 -1 0
  outer loop
   vertex 5.000000 19.450000 4.250000
   vertex 11.000000 19.450000 4.250000
   vertex 11.000000 19.450000 7.750000
  endloop
 endfacet
 facet normal 0 -1 0
  outer loop
   vertex 5.000000 19.450000 4.250000
   vertex 11.000000 19.450000 7.750000
   vertex 5.000000 19.450000 7.750000
  endloop
 endfacet
 facet normal 1 0 0
  outer loop
   vertex 11.000000 19.450000 4.250000
   vertex 11.000000 21.950000 4.250000
   vertex 11.000000 21.950000 7.750000
  endloop
 endfacet
 facet normal 1 0 0
  outer loop
   vertex 11.000000 19.450000 4.250000
   vertex 11.000000 21.950000 7.750000
   vertex 11.000000 19.450000 7.750000
  endloop
 endfacet
 facet normal 0 1 0
  outer loop
   vertex 11.000000 21.950000 4.250000
   vertex 5.000000 21.950000 4.250000
   vertex 5.000000 21.950000 7.750000
  endloop
 endfacet
 facet normal 0 1 -0
  outer loop
   vertex 11.000000 21.950000 4.250000
   vertex 5.000000 21.950000 7.750000
   vertex 11.000000 21.950000 7.750000
  endloop
 endfacet
 facet normal -1 0 0
  outer loop
   vertex 5.000000 21.950000 4.250000
   vertex 5.000000 19.450000 4.250000
   vertex 5.000000 19.450000 7.750000
  endloop
 endfacet
 facet normal -1 0 0
  outer loop
   vertex 5.000000 21.950000 4.250000
   vertex 5.000000 19.450000 7.750000
   vertex 5.000000 21.950000 7.750000
  endloop
 endfacet
 facet normal 0.980785 0 0.19509
  outer loop
   vertex -10.500000 20.810000 -6.000000
   vertex -10.614181 21.950000 -5.425975
   vertex -10.614181 20.810000 -5.425975
  endloop
 endfacet
 facet normal 0.980785 -0 0.19509
  outer loop
   vertex -10.500000 20.810000 -6.000000
   vertex -10.500000 21.950000 -6.000000
   vertex -10.614181 21.950000 -5.425975
  endloop
 endfacet
 facet normal 0 -1 0
  outer loop
   vertex -12.000000 20.810000 -6.000000
   vertex -10.500000 20.810000 -6.000000
   vertex -10.614181 20.810000 -5.425975
  endloop
 endfacet
 facet normal 0 1 0
  outer loop
   vertex -12.000000 21.950000 -6.000000
   vertex -10.614181 21.950000 -5.425975
   vertex -10.500000 21.950000 -6.000000
  endloop
 endfacet
 facet normal 0.83147 0 0.55557
  outer loop
   vertex -10.614181 20.810000 -5.425975
   vertex -10.939340 21.950000 -4.939340
   vertex -10.939340 20.810000 -4.939340
  endloop
 endfacet
 facet normal 0.83147 -0 0.55557
  outer loop
   vertex -10.614181 20.810000 -5.425975
   vertex -10.614181 21.950000 -5.425975
   vertex -10.939340 21.950000 -4.939340
  endloop
 endfacet
 facet normal 0 -1 0
  outer loop
   vertex -12.000000 20.810000 -6.000000
   vertex -10.614181 20.810000 -5.425975
   vertex -10.939340 20.810000 -4.939340
  endloop
 endfacet
 facet normal 0 1 0
  outer loop
   vertex -12.000000 21.950000 -6.000000
   vertex -10.939340 21.950000 -4.939340
   vertex -10.614181 21.950000 -5.425975
  endloop
 endfacet
 facet normal 0.55557 0 0.83147
  outer loop
   vertex -10.939340 20.810000 -4.939340
   vertex -11.425975 21.950000 -4.614181
   vertex -11.425975 20.810000 -4.614181
  endloop
 endfacet
 facet normal 0.55557 -0 0.83147
  outer loop
   vertex -10.939340 20.810000 -4.939340
   vertex -10.939340 21.950000 -4.939340
   vertex -11.425975 21.950000 -4.614181
  endloop
 endfacet
 facet normal 0 -1 0
  outer loop
   vertex -12.000000 20.810000 -6.000000
   vertex -10.939340 20.810000 -4.939340
   vertex -11.425975 20.810000 -4.614181
  endloop
 endfacet
 facet normal 0 1 0
  outer loop
   vertex -12.000000 21.950000 -6.000000
   vertex -11.425975 21.950000 -4.614181
   vertex -10.939340 21.950000 -4.939340
  endloop
 endfacet
 facet normal 0.19509 0 0.980785
  outer loop
   vertex -11.425975 20.810000 -4.614181
   vertex -12.000000 21.950000 -4.500000
   vertex -12.000000 20.810000 -4.500000
  endloop
 endfacet
 facet normal 0.19509 -0 0.980785
  outer loop
   vertex -11.425975 20.810000 -4.614181
   vertex -11.425975 21.950000 -4.614181
   vertex -12.000000 21.950000 -4.500000
  endloop
 endfacet
 facet normal 0 -1 0
  outer loop
   vertex -12.000000 20.810000 -6.000000
   vertex -11.425975 20.810000 -4.614181
   vertex -12.000000 20.810000 -4.500000
  endloop
 endfacet
 facet normal 0 1 0
  outer loop
   vertex -12.000000 21.950000 -6.000000
   vertex -12.000000 21.950000 -4.500000
   vertex -11.425975 21.950000 -4.614181
  endloop
 endfacet
 facet normal -0.19509 0 0.980785
  outer loop
   vertex -12.000000 20.810000 -4.500000
   vertex -12.574025 21.950000 -4.614181
   vertex -12.574025 20.810000 -4.614181
  endloop
 endfacet
 facet normal -0.19509 0 0.980785
  outer loop
   vertex -12.000000 20.810000 -4.500000
   vertex -12.000000 21.950000 -4.500000
   vertex -12.574025 21.950000 -4.614181
  endloop
 endfacet
 facet normal 0 -1 0
  outer loop
   vertex -12.000000 20.810000 -6.000000
   vertex -12.000000 20.810000 -4.500000
   vertex -12.574025 20.810000 -4.614181
  endloop
 endfacet
 facet normal 0 1 -0
  outer loop
   vertex -12.000000 21.950000 -6.000000
   vertex -12.574025 21.950000 -4.614181
   vertex -12.000000 21.950000 -4.500000
  endloop
 endfacet
 facet normal -0.55557 0 0.83147
  outer loop
   vertex -12.574025 20.810000 -4.614181
   vertex -13.060660 21.950000 -4.939340
   vertex -13.060660 20.810000 -4.939340
  endloop
 endfacet
 facet normal -0.55557 0 0.83147
  outer loop
   vertex -12.574025 20.810000 -4.614181
   vertex -12.574025 21.950000 -4.614181
   vertex -13.060660 21.950000 -4.939340
  endloop
 endfacet
 facet normal 0 -1 0
  outer loop
   vertex -12.000000 20.810000 -6.000000
   vertex -12.574025 20.810000 -4.614181
   vertex -13.060660 20.810000 -4.939340
  endloop
 endfacet
 facet normal 0 1 0
  outer loop
   vertex -12.000000 21.950000 -6.000000
   vertex -13.060660 21.950000 -4.939340
   vertex -12.574025 21.950000 -4.614181
  endloop
 endfacet
 facet normal -0.83147 0 0.55557
  outer loop
   vertex -13.060660 20.810000 -4.939340
   vertex -13.385819 21.950000 -5.425975
   vertex -13.385819 20.810000 -5.425975
  endloop
 endfacet
 facet normal -0.83147 0 0.55557
  outer loop
   vertex -13.060660 20.810000 -4.939340
   vertex -13.060660 21.950000 -4.939340
   vertex -13.385819 21.950000 -5.425975
  endloop
 endfacet
 facet normal 0 -1 0
  outer loop
   vertex -12.000000 20.810000 -6.000000
   vertex -13.060660 20.810000 -4.939340
   vertex -13.385819 20.810000 -5.425975
  endloop
 endfacet
 facet normal 0 1 0
  outer loop
   vertex -12.000000 21.950000 -6.000000
   vertex -13.385819 21.950000 -5.425975
   vertex -13.060660 21.950000 -4.939340
  endloop
 endfacet
 facet normal -0.980785 0 0.19509
  outer loop
   vertex -13.385819 20.810000 -5.425975
   vertex -13.500000 21.950000 -6.000000
   vertex -13.500000 20.810000 -6.000000
  endloop
 endfacet
 facet normal -0.980785 0 0.19509
  outer loop
   vertex -13.385819 20.810000 -5.425975
   vertex -13.385819 21.950000 -5.425975
   vertex -13.500000 21.950000 -6.000000
  endloop
 endfacet
 facet normal 0 -1 0
  outer loop
   vertex -12.000000 20.810000 -6.000000
   vertex -13.385819 20.810000 -5.425975
   vertex -13.500000 20.810000 -6.000000
  endloop
 endfacet
 facet normal 0 1 0
  outer loop
   vertex -12.000000 21.950000 -6.000000
   vertex -13.500000 21.950000 -6.000000
   vertex -13.385819 21.950000 -5.425975
  endloop
 endfacet
 facet normal -0.980785 0 -0.19509
  outer loop
   vertex -13.500000 20.810000 -6.000000
   vertex -13.385819 21.950000 -6.574025
   vertex -13.385819 20.810000 -6.574025
  endloop
 endfacet
 facet normal -0.980785 0 -0.19509
  outer loop
   vertex -13.500000 20.810000 -6.000000
   vertex -13.500000 21.950000 -6.000000
   vertex -13.385819 21.950000 -6.574025
  endloop
 endfacet
 facet normal -0 -1 0
  outer loop
   vertex -12.000000 20.810000 -6.000000
   vertex -13.500000 20.810000 -6.000000
   vertex -13.385819 20.810000 -6.574025
  endloop
 endfacet
 facet normal 0 1 0
  outer loop
   vertex -12.000000 21.950000 -6.000000
   vertex -13.385819 21.950000 -6.574025
   vertex -13.500000 21.950000 -6.000000
  endloop
 endfacet
 facet normal -0.83147 0 -0.55557
  outer loop
   vertex -13.385819 20.810000 -6.574025
   vertex -13.060660 21.950000 -7.060660
   vertex -13.060660 20.810000 -7.060660
  endloop
 endfacet
 facet normal -0.83147 0 -0.55557
  outer loop
   vertex -13.385819 20.810000 -6.574025
   vertex -13.385819 21.950000 -6.574025
   vertex -13.060660 21.950000 -7.060660
  endloop
 endfacet
 facet normal 0 -1 0
  outer loop
   vertex -12.000000 20.810000 -6.000000
   vertex -13.385819 20.810000 -6.574025
   vertex -13.060660 20.810000 -7.060660
  endloop
 endfacet
 facet normal 0 1 0
  outer loop
   vertex -12.000000 21.950000 -6.000000
   vertex -13.060660 21.950000 -7.060660
   vertex -13.385819 21.950000 -6.574025
  endloop
 endfacet
 facet normal -0.55557 0 -0.83147
  outer loop
   vertex -13.060660 20.810000 -7.060660
   vertex -12.574025 21.950000 -7.385819
   vertex -12.574025 20.810000 -7.385819
  endloop
 endfacet
 facet normal -0.55557 0 -0.83147
  outer loop
   vertex -13.060660 20.810000 -7.060660
   vertex -13.060660 21.950000 -7.060660
   vertex -12.574025 21.950000 -7.385819
  endloop
 endfacet
 facet normal 0 -1 0
  outer loop
   vertex -12.000000 20.810000 -6.000000
   vertex -13.060660 20.810000 -7.060660
   vertex -12.574025 20.810000 -7.385819
  endloop
 endfacet
 facet normal 0 1 0
  outer loop
   vertex -12.000000 21.950000 -6.000000
   vertex -12.574025 21.950000 -7.385819
   vertex -13.060660 21.950000 -7.060660
  endloop
 endfacet
 facet normal -0.19509 0 -0.980785
  outer loop
   vertex -12.574025 20.810000 -7.385819
   vertex -12.000000 21.950000 -7.500000
   vertex -12.000000 20.810000 -7.500000
  endloop
 endfacet
 facet normal -0.19509 0 -0.980785
  outer loop
   vertex -12.574025 20.810000 -7.385819
   vertex -12.574025 21.950000 -7.385819
   vertex -12.000000 21.950000 -7.500000
  endloop
 endfacet
 facet normal 0 -1 -0
  outer loop
   vertex -12.000000 20.810000 -6.000000
   vertex -12.574025 20.810000 -7.385819
   vertex -12.000000 20.810000 -7.500000
  endloop
 endfacet
 facet normal 0 1 0
  outer loop
   vertex -12.000000 21.950000 -6.000000
   vertex -12.000000 21.950000 -7.500000
   vertex -12.574025 21.950000 -7.385819
  endloop
 endfacet
 facet normal 0.19509 0 -0.980785
  outer loop
   vertex -12.000000 20.810000 -7.500000
   vertex -11.425975 21.950000 -7.385819
   vertex -11.425975 20.810000 -7.385819
  endloop
 endfacet
 facet normal 0.19509 0 -0.980785
  outer loop
   vertex -12.000000 20.810000 -7.500000
   vertex -12.000000 21.950000 -7.500000
   vertex -11.425975 21.950000 -7.385819
  endloop
 endfacet
 facet normal 0 -1 0
  outer loop
   vertex -12.000000 20.810000 -6.000000
   vertex -12.000000 20.810000 -7.500000
   vertex -11.425975 20.810000 -7.385819
  endloop
 endfacet
 facet normal 0 1 0
  outer loop
   vertex -12.000000 21.950000 -6.000000
   vertex -11.425975 21.950000 -7.385819
   vertex -12.000000 21.950000 -7.500000
  endloop
 endfacet
 facet normal 0.55557 0 -0.83147
  outer loop
   vertex -11.425975 20.810000 -7.385819
   vertex -10.939340 21.950000 -7.060660
   vertex -10.939340 20.810000 -7.060660
  endloop
 endfacet
 facet normal 0.55557 0 -0.83147
  outer loop
   vertex -11.425975 20.810000 -7.385819
   vertex -11.425975 21.950000 -7.385819
   vertex -10.939340 21.950000 -7.060660
  endloop
 endfacet
 facet normal 0 -1 0
  outer loop
   vertex -12.000000 20.810000 -6.000000
   vertex -11.425975 20.810000 -7.385819
   vertex -10.939340 20.810000 -7.060660
  endloop
 endfacet
 facet normal 0 1 0
  outer loop
   vertex -12.000000 21.950000 -6.000000
   vertex -10.939340 21.950000 -7.060660
   vertex -11.425975 21.950000 -7.385819
  endloop
 endfacet
 facet normal 0.83147 0 -0.55557
  outer loop
   vertex -10.939340 20.810000 -7.060660
   vertex -10.614181 21.950000 -6.574025
   vertex -10.614181 20.810000 -6.574025
  endloop
 endfacet
 facet normal 0.83147 0 -0.55557
  outer loop
   vertex -10.939340 20.810000 -7.060660
   vertex -10.939340 21.950000 -7.060660
   vertex -10.614181 21.950000 -6.574025
  endloop
 endfacet
 facet normal 0 -1 0
  outer loop
   vertex -12.000000 20.810000 -6.000000
   vertex -10.939340 20.810000 -7.060660
   vertex -10.614181 20.810000 -6.574025
  endloop
 endfacet
 facet normal 0 1 0
  outer loop
   vertex -12.000000 21.950000 -6.000000
   vertex -10.614181 21.950000 -6.574025
   vertex -10.939340 21.950000 -7.060660
  endloop
 endfacet
 facet normal 0.980785 0 -0.19509
  outer loop
   vertex -10.614181 20.810000 -6.574025
   vertex -10.500000 21.950000 -6.000000
   vertex -10.500000 20.810000 -6.000000
  endloop
 endfacet
 facet normal 0.980785 0 -0.19509
  outer loop
   vertex -10.614181 20.810000 -6.574025
   vertex -10.614181 21.950000 -6.574025
   vertex -10.500000 21.950000 -6.000000
  endloop
 endfacet
 facet normal 0 -1 0
  outer loop
   vertex -12.000000 20.810000 -6.000000
   vertex -10.614181 20.810000 -6.574025
   vertex -10.500000 20.810000 -6.000000
  endloop
 endfacet
 facet normal -0 1 0
  outer loop
   vertex -12.000000 21.950000 -6.000000
   vertex -10.500000 21.950000 -6.000000
   vertex -10.614181 21.950000 -6.574025
  endloop
 endfacet
 facet normal 0.980785 0 0.19509
  outer loop
   vertex -2.500000 20.810000 -6.000000
   vertex -2.614181 21.950000 -5.425975
   vertex -2.614181 20.810000 -5.425975
  endloop
 endfacet
 facet normal 0.980785 -0 0.19509
  outer loop
   vertex -2.500000 20.810000 -6.000000
   vertex -2.500000 21.950000 -6.000000
   vertex -2.614181 21.950000 -5.425975
  endloop
 endfacet
 facet normal 0 -1 0
  outer loop
   vertex -4.000000 20.810000 -6.000000
   vertex -2.500000 20.810000 -6.000000
   vertex -2.614181 20.810000 -5.425975
  endloop
 endfacet
 facet normal 0 1 0
  outer loop
   vertex -4.000000 21.950000 -6.000000
   vertex -2.614181 21.950000 -5.425975
   vertex -2.500000 21.950000 -6.000000
  endloop
 endfacet
 facet normal 0.83147 0 0.55557
  outer loop
   vertex -2.614181 20.810000 -5.425975
   vertex -2.939340 21.950000 -4.939340
   vertex -2.939340 20.810000 -4.939340
  endloop
 endfacet
 facet normal 0.83147 -0 0.55557
  outer loop
   vertex -2.614181 20.810000 -5.425975
   vertex -2.614181 21.950000 -5.425975
   vertex -2.939340 21.950000 -4.939340
  endloop
 endfacet
 facet normal 0 -1 0
  outer loop
   vertex -4.000000 20.810000 -6.000000
   vertex -2.614181 20.810000 -5.425975
   vertex -2.939340 20.810000 -4.939340
  endloop
 endfacet
 facet normal 0 1 0
  outer loop
   vertex -4.000000 21.950000 -6.000000
   vertex -2.939340 21.950000 -4.939340
   vertex -2.614181 21.950000 -5.425975
  endloop
 endfacet
 facet normal 0.55557 0 0.83147
  outer loop
   vertex -2.939340 20.810000 -4.939340
   vertex -3.425975 21.950000 -4.614181
   vertex -3.425975 20.810000 -4.614181
  endloop
 endfacet
 facet normal 0.55557 -0 0.83147
  outer loop
   vertex -2.939340 20.810000 -4.939340
   vertex -2.939340 21.950000 -4.939340
   vertex -3.425975 21.950000 -4.614181
  endloop
 endfacet
 facet normal 0 -1 0
  outer loop
   vertex -4.000000 20.810000 -6.000000
   vertex -2.939340 20.810000 -4.939340
   vertex -3.425975 20.810000 -4.614181
  endloop
 endfacet
 facet normal 0 1 0
  outer loop
   vertex -4.000000 21.950000 -6.000000
   vertex -3.425975 21.950000 -4.614181
   vertex -2.939340 21.950000 -4.939340
  endloop
 endfacet
 facet normal 0.19509 0 0.980785
  outer loop
   vertex -3.425975 20.810000 -4.614181
   vertex -4.000000 21.950000 -4.500000
   vertex -4.000000 20.810000 -4.500000
  endloop
 endfacet
 facet normal 0.19509 -0 0.980785
  outer loop
   vertex -3.425975 20.810000 -4.614181
   vertex -3.425975 21.950000 -4.614181
   vertex -4.000000 21.950000 -4.500000
  endloop
 endfacet
 facet normal 0 -1 0
  outer loop
   vertex -4.000000 20.810000 -6.000000
   vertex -3.425975 20.810000 -4.614181
   vertex -4.000000 20.810000 -4.500000
  endloop
 endfacet
 facet normal 0 1 0
  outer loop
   vertex -4.000000 21.950000 -6.000000
   vertex -4.000000 21.950000 -4.500000
   vertex -3.425975 21.950000 -4.614181
  endloop
 endfacet
 facet normal -0.19509 0 0.980785
  outer loop
   vertex -4.000000 20.810000 -4.500000
   vertex -4.574025 21.950000 -4.614181
   vertex -4.574025 20.810000 -4.614181
  endloop
 endfacet
 facet normal -0.19509 0 0.980785
  outer loop
   vertex -4.000000 20.810000 -4.500000
   vertex -4.000000 21.950000 -4.500000
   vertex -4.574025 21.950000 -4.614181
  endloop
 endfacet
 facet normal 0 -1 0
  outer loop
   vertex -4.000000 20.810000 -6.000000
   vertex -4.000000 20.810000 -4.500000
   vertex -4.574025 20.810000 -4.614181
  endloop
 endfacet
 facet normal 0 1 -0
  outer loop
   vertex -4.000000 21.950000 -6.000000
   vertex -4.574025 21.950000 -4.614181
   vertex -4.000000 21.950000 -4.500000
  endloop
 endfacet
 facet normal -0.55557 0 0.83147
  outer loop
   vertex -4.574025 20.810000 -4.614181
   vertex -5.060660 21.950000 -4.939340
   vertex -5.060660 20.810000 -4.939340
  endloop
 endfacet
 facet normal -0.55557 0 0.83147
  outer loop
   vertex -4.574025 20.810000 -4.614181
   vertex -4.574025 21.950000 -4.614181
   vertex -5.060660 21.950000 -4.939340
  endloop
 endfacet
 facet normal 0 -1 0
  outer loop
   vertex -4.000000 20.810000 -6.000000
   vertex -4.574025 20.810000 -4.614181
   vertex -5.060660 20.810000 -4.939340
  endloop
 endfacet
 facet normal 0 1 0
  outer loop
   vertex -4.000000 21.950000 -6.000000
   vertex -5.060660 21.950000 -4.939340
   vertex -4.574025 21.950000 -4.614181
  endloop
 endfacet
 facet normal -0.83147 0 0.55557
  outer loop
   vertex -5.060660 20.810000 -4.939340
   vertex -5.385819 21.950000 -5.425975
   vertex -5.385819 20.810000 -5.425975
  endloop
 endfacet
 facet normal -0.83147 0 0.55557
  outer loop
   vertex -5.060660 20.810000 -4.939340
   vertex -5.060660 21.950000 -4.939340
   vertex -5.385819 21.950000 -5.425975
  endloop
 endfacet
 facet normal 0 -1 0
  outer loop
   vertex -4.000000 20.810000 -6.000000
   vertex -5.060660 20.810000 -4.939340
   vertex -5.385819 20.810000 -5.425975
  endloop
 endfacet
 facet normal 0 1 0
  outer loop
   vertex -4.000000 21.950000 -6.000000
   vertex -5.385819 21.950000 -5.425975
   vertex -5.060660 21.950000 -4.939340
  endloop
 endfacet
 facet normal -0.980785 0 0.19509
  outer loop
   vertex -5.385819 20.810000 -5.425975
   vertex -5.500000 21.950000 -6.000000
   vertex -5.500000 20.810000 -6.000000
  endloop
 endfacet
 facet normal -0.980785 0 0.19509
  outer loop
   vertex -5.385819 20.810000 -5.425975
   vertex -5.385819 21.950000 -5.425975
   vertex -5.500000 21.950000 -6.000000
  endloop
 endfacet
 facet normal 0 -1 0
  outer loop
   vertex -4.000000 20.810000 -6.000000
   vertex -5.385819 20.810000 -5.425975
   vertex -5.500000 20.810000 -6.000000
  endloop
 endfacet
 facet normal 0 1 0
  outer loop
   vertex -4.000000 21.950000 -6.000000
   vertex -5.500000 21.950000 -6.000000
   vertex -5.385819 21.950000 -5.425975
  endloop
 endfacet
 facet normal -0.980785 0 -0.19509
  outer loop
   vertex -5.500000 20.810000 -6.000000
   vertex -5.385819 21.950000 -6.574025
   vertex -5.385819 20.810000 -6.574025
  endloop
 endfacet
 facet normal -0.980785 0 -0.19509
  outer loop
   vertex -5.500000 20.810000 -6.000000
   vertex -5.500000 21.950000 -6.000000
   vertex -5.385819 21.950000 -6.574025
  endloop
 endfacet
 facet normal -0 -1 0
  outer loop
   vertex -4.000000 20.810000 -6.000000
   vertex -5.500000 20.810000 -6.000000
   vertex -5.385819 20.810000 -6.574025
  endloop
 endfacet
 facet normal 0 1 0
  outer loop
   vertex -4.000000 21.950000 -6.000000
   vertex -5.385819 21.950000 -6.574025
   vertex -5.500000 21.950000 -6.000000
  endloop
 endfacet
 facet normal -0.83147 0 -0.55557
  outer loop
   vertex -5.385819 20.810000 -6.574025
   vertex -5.060660 21.950000 -7.060660
   vertex -5.060660 20.810000 -7.060660
  endloop
 endfacet
 facet normal -0.83147 0 -0.55557
  outer loop
   vertex -5.385819 20.810000 -6.574025
   vertex -5.385819 21.950000 -6.574025
   vertex -5.060660 21.950000 -7.060660
  endloop
 endfacet
 facet normal 0 -1 0
  outer loop
   vertex -4.000000 20.810000 -6.000000
   vertex -5.385819 20.810000 -6.574025
   vertex -5.060660 20.810000 -7.060660
  endloop
 endfacet
 facet normal 0 1 0
  outer loop
   vertex -4.000000 21.950000 -6.000000
   vertex -5.060660 21.950000 -7.060660
   vertex -5.385819 21.950000 -6.574025
  endloop
 endfacet
 facet normal -0.55557 0 -0.83147
  outer loop
   vertex -5.060660 20.810000 -7.060660
   vertex -4.574025 21.950000 -7.385819
   vertex -4.574025 20.810000 -7.385819
  endloop
 endfacet
 facet normal -0.55557 0 -0.83147
  outer loop
   vertex -5.060660 20.810000 -7.060660
   vertex -5.060660 21.950000 -7.060660
   vertex -4.574025 21.950000 -7.385819
  endloop
 endfacet
 facet normal 0 -1 0
  outer loop
   vertex -4.000000 20.810000 -6.000000
   vertex -5.060660 20.810000 -7.060660
   vertex -4.574025 20.810000 -7.385819
  endloop
 endfacet
 facet normal 0 1 0
  outer loop
   vertex -4.000000 21.950000 -6.000000
   vertex -4.574025 21.950000 -7.385819
   vertex -5.060660 21.950000 -7.060660
  endloop
 endfacet
 facet normal -0.19509 0 -0.980785
  outer loop
   vertex -4.574025 20.810000 -7.385819
   vertex -4.000000 21.950000 -7.500000
   vertex -4.000000 20.810000 -7.500000
  endloop
 endfacet
 facet normal -0.19509 0 -0.980785
  outer loop
   vertex -4.574025 20.810000 -7.385819
   vertex -4.574025 21.950000 -7.385819
   vertex -4.000000 21.950000 -7.500000
  endloop
 endfacet
 facet normal 0 -1 -0
  outer loop
   vertex -4.000000 20.810000 -6.000000
   vertex -4.574025 20.810000 -7.385819
   vertex -4.000000 20.810000 -7.500000
  endloop
 endfacet
 facet normal 0 1 0
  outer loop
   vertex -4.000000 21.950000 -6.000000
   vertex -4.000000 21.950000 -7.500000
   vertex -4.574025 21.950000 -7.385819
  endloop
 endfacet
 facet normal 0.19509 0 -0.980785
  outer loop
   vertex -4.000000 20.810000 -7.500000
   vertex -3.425975 21.950000 -7.385819
   vertex -3.425975 20.810000 -7.385819
  endloop
 endfacet
 facet normal 0.19509 0 -0.980785
  outer loop
   vertex -4.000000 20.810000 -7.500000
   vertex -4.000000 21.950000 -7.500000
   vertex -3.425975 21.950000 -7.385819
  endloop
 endfacet
 facet normal 0 -1 0
  outer loop
   vertex -4.000000 20.810000 -6.000000
   vertex -4.000000 20.810000 -7.500000
   vertex -3.425975 20.810000 -7.385819
  endloop
 endfacet
 facet normal 0 1 0
  outer loop
   vertex -4.000000 21.950000 -6.000000
   vertex -3.425975 21.950000 -7.385819
   vertex -4.000000 21.950000 -7.500000
  endloop
 endfacet
 facet normal 0.55557 0 -0.83147
  outer loop
   vertex -3.425975 20.810000 -7.385819
   vertex -2.939340 21.950000 -7.060660
   vertex -2.939340 20.810000 -7.060660
  endloop
 endfacet
 facet normal 0.55557 0 -0.83147
  outer loop
   vertex -3.425975 20.810000 -7.385819
   vertex -3.425975 21.950000 -7.385819
   vertex -2.939340 21.950000 -7.060660
  endloop
 endfacet
 facet normal 0 -1 0
  outer loop
   vertex -4.000000 20.810000 -6.000000
   vertex -3.425975 20.810000 -7.385819
   vertex -2.939340 20.810000 -7.060660
  endloop
 endfacet
 facet normal 0 1 0
  outer loop
   vertex -4.000000 21.950000 -6.000000
   vertex -2.939340 21.950000 -7.060660
   vertex -3.425975 21.950000 -7.385819
  endloop
 endfacet
 facet normal 0.83147 0 -0.55557
  outer loop
   vertex -2.939340 20.810000 -7.060660
   vertex -2.614181 21.950000 -6.574025
   vertex -2.614181 20.810000 -6.574025
  endloop
 endfacet
 facet normal 0.83147 0 -0.55557
  outer loop
   vertex -2.939340 20.810000 -7.060660
   vertex -2.939340 21.950000 -7.060660
   vertex -2.614181 21.950000 -6.574025
  endloop
 endfacet
 facet normal 0 -1 0
  outer loop
   vertex -4.000000 20.810000 -6.000000
   vertex -2.939340 20.810000 -7.060660
   vertex -2.614181 20.810000 -6.574025
  endloop
 endfacet
 facet normal 0 1 0
  outer loop
   vertex -4.000000 21.950000 -6.000000
   vertex -2.614181 21.950000 -6.574025
   vertex -2.939340 21.950000 -7.060660
  endloop
 endfacet
 facet normal 0.980785 0 -0.19509
  outer loop
   vertex -2.614181 20.810000 -6.574025
   vertex -2.500000 21.950000 -6.000000
   vertex -2.500000 20.810000 -6.000000
  endloop
 endfacet
 facet normal 0.980785 0 -0.19509
  outer loop
   vertex -2.614181 20.810000 -6.574025
   vertex -2.614181 21.950000 -6.574025
   vertex -2.500000 21.950000 -6.000000
  endloop
 endfacet
 facet normal 0 -1 0
  outer loop
   vertex -4.000000 20.810000 -6.000000
   vertex -2.614181 20.810000 -6.574025
   vertex -2.500000 20.810000 -6.000000
  endloop
 endfacet
 facet normal -0 1 0
  outer loop
   vertex -4.000000 21.950000 -6.000000
   vertex -2.500000 21.950000 -6.000000
   vertex -2.614181 21.950000 -6.574025
  endloop
 endfacet
 facet normal 0.980785 0 0.19509
  outer loop
   vertex 5.500000 20.810000 -6.000000
   vertex 5.385819 21.950000 -5.425975
   vertex 5.385819 20.810000 -5.425975
  endloop
 endfacet
 facet normal 0.980785 -0 0.19509
  outer loop
   vertex 5.500000 20.810000 -6.000000
   vertex 5.500000 21.950000 -6.000000
   vertex 5.385819 21.950000 -5.425975
  endloop
 endfacet
 facet normal 0 -1 0
  outer loop
   vertex 4.000000 20.810000 -6.000000
   vertex 5.500000 20.810000 -6.000000
   vertex 5.385819 20.810000 -5.425975
  endloop
 endfacet
 facet normal 0 1 0
  outer loop
   vertex 4.000000 21.950000 -6.000000
   vertex 5.385819 21.950000 -5.425975
   vertex 5.500000 21.950000 -6.000000
  endloop
 endfacet
 facet normal 0.83147 0 0.55557
  outer loop
   vertex 5.385819 20.810000 -5.425975
   vertex 5.060660 21.950000 -4.939340
   vertex 5.060660 20.810000 -4.939340
  endloop
 endfacet
 facet normal 0.83147 -0 0.55557
  outer loop
   vertex 5.385819 20.810000 -5.425975
   vertex 5.385819 21.950000 -5.425975
   vertex 5.060660 21.950000 -4.939340
  endloop
 endfacet
 facet normal 0 -1 0
  outer loop
   vertex 4.000000 20.810000 -6.000000
   vertex 5.385819 20.810000 -5.425975
   vertex 5.060660 20.810000 -4.939340
  endloop
 endfacet
 facet normal 0 1 0
  outer loop
   vertex 4.000000 21.950000 -6.000000
   vertex 5.060660 21.950000 -4.939340
   vertex 5.385819 21.950000 -5.425975
  endloop
 endfacet
 facet normal 0.55557 0 0.83147
  outer loop
   vertex 5.060660 20.810000 -4.939340
   vertex 4.574025 21.950000 -4.614181
   vertex 4.574025 20.810000 -4.614181
  endloop
 endfacet
 facet normal 0.55557 -0 0.83147
  outer loop
   vertex 5.060660 20.810000 -4.939340
   vertex 5.060660 21.950000 -4.939340
   vertex 4.574025 21.950000 -4.614181
  endloop
 endfacet
 facet normal 0 -1 0
  outer loop
   vertex 4.000000 20.810000 -6.000000
   vertex 5.060660 20.810000 -4.939340
   vertex 4.574025 20.810000 -4.614181
  endloop
 endfacet
 facet normal 0 1 0
  outer loop
   vertex 4.000000 21.950000 -6.000000
   vertex 4.574025 21.950000 -4.614181
   vertex 5.060660 21.950000 -4.939340
  endloop
 endfacet
 facet normal 0.19509 0 0.980785
  outer loop
   vertex 4.574025 20.810000 -4.614181
   vertex 4.000000 21.950000 -4.500000
   vertex 4.000000 20.810000 -4.500000
  endloop
 endfacet
 facet normal 0.19509 -0 0.980785
  outer loop
   vertex 4.574025 20.810000 -4.614181
   vertex 4.574025 21.950000 -4.614181
   vertex 4.000000 21.950000 -4.500000
  endloop
 endfacet
 facet normal 0 -1 0
  outer loop
   vertex 4.000000 20.810000 -6.000000
   vertex 4.574025 20.810000 -4.614181
   vertex 4.000000 20.810000 -4.500000
  endloop
 endfacet
 facet normal 0 1 0
  outer loop
   vertex 4.000000 21.950000 -6.000000
   vertex 4.000000 21.950000 -4.500000
   vertex 4.574025 21.950000 -4.614181
  endloop
 endfacet
 facet normal -0.19509 0 0.980785
  outer loop
   vertex 4.000000 20.810000 -4.500000
   vertex 3.425975 21.950000 -4.614181
   vertex 3.425975 20.810000 -4.614181
  endloop
 endfacet
 facet normal -0.19509 0 0.980785
  outer loop
   vertex 4.000000 20.810000 -4.500000
   vertex 4.000000 21.950000 -4.500000
   vertex 3.425975 21.950000 -4.614181
  endloop
 endfacet
 facet normal 0 -1 0
  outer loop
   vertex 4.000000 20.810000 -6.000000
   vertex 4.000000 20.810000 -4.500000
   vertex 3.425975 20.810000 -4.614181
  endloop
 endfacet
 facet normal 0 1 -0
  outer loop
   vertex 4.000000 21.950000 -6.000000
   vertex 3.425975 21.950000 -4.614181
   vertex 4.000000 21.950000 -4.500000
  endloop
 endfacet
 facet normal -0.55557 0 0.83147
  outer loop
   vertex 3.425975 20.810000 -4.614181
   vertex 2.939340 21.950000 -4.939340
   vertex 2.939340 20.810000 -4.939340
  endloop
 endfacet
 facet normal -0.55557 0 0.83147
  outer loop
   vertex 3.425975 20.810000 -4.614181
   vertex 3.425975 21.950000 -4.614181
   vertex 2.939340 21.950000 -4.939340
  endloop
 endfacet
 facet normal 0 -1 0
  outer loop
   vertex 4.000000 20.810000 -6.000000
   vertex 3.425975 20.810000 -4.614181
   vertex 2.939340 20.810000 -4.939340
  endloop
 endfacet
 facet normal 0 1 0
  outer loop
   vertex 4.000000 21.950000 -6.000000
   vertex 2.939340 21.950000 -4.939340
   vertex 3.425975 21.950000 -4.614181
  endloop
 endfacet
 facet normal -0.83147 0 0.55557
  outer loop
   vertex 2.939340 20.810000 -4.939340
   vertex 2.614181 21.950000 -5.425975
   vertex 2.614181 20.810000 -5.425975
  endloop
 endfacet
 facet normal -0.83147 0 0.55557
  outer loop
   vertex 2.939340 20.810000 -4.939340
   vertex 2.939340 21.950000 -4.939340
   vertex 2.614181 21.950000 -5.425975
  endloop
 endfacet
 facet normal 0 -1 0
  outer loop
   vertex 4.000000 20.810000 -6.000000
   vertex 2.939340 20.810000 -4.939340
   vertex 2.614181 20.810000 -5.425975
  endloop
 endfacet
 facet normal 0 1 0
  outer loop
   vertex 4.000000 21.950000 -6.000000
   vertex 2.614181 21.950000 -5.425975
   vertex 2.939340 21.950000 -4.939340
  endloop
 endfacet
 facet normal -0.980785 0 0.19509
  outer loop
   vertex 2.614181 20.810000 -5.425975
   vertex 2.500000 21.950000 -6.000000
   vertex 2.500000 20.810000 -6.000000
  endloop
 endfacet
 facet normal -0.980785 0 0.19509
  outer loop
   vertex 2.614181 20.810000 -5.425975
   vertex 2.614181 21.950000 -5.425975
   vertex 2.500000 21.950000 -6.000000
  endloop
 endfacet
 facet normal 0 -1 0
  outer loop
   vertex 4.000000 20.810000 -6.000000
   vertex 2.614181 20.810000 -5.425975
   vertex 2.500000 20.810000 -6.000000
  endloop
 endfacet
 facet normal 0 1 0
  outer loop
   vertex 4.000000 21.950000 -6.000000
   vertex 2.500000 21.950000 -6.000000
   vertex 2.614181 21.950000 -5.425975
  endloop
 endfacet
 facet normal -0.980785 0 -0.19509
  outer loop
   vertex 2.500000 20.810000 -6.000000
   vertex 2.614181 21.950000 -6.574025
   vertex 2.614181 20.810000 -6.574025
  endloop
 endfacet
 facet normal -0.980785 0 -0.19509
  outer loop
   vertex 2.500000 20.810000 -6.000000
   vertex 2.500000 21.950000 -6.000000
   vertex 2.614181 21.950000 -6.574025
  endloop
 endfacet
 facet normal -0 -1 0
  outer loop
   vertex 4.000000 20.810000 -6.000000
   vertex 2.500000 20.810000 -6.000000
   vertex 2.614181 20.810000 -6.574025
  endloop
 endfacet
 facet normal 0 1 0
  outer loop
   vertex 4.000000 21.950000 -6.000000
   vertex 2.614181 21.950000 -6.574025
   vertex 2.500000 21.950000 -6.000000
  endloop
 endfacet
 facet normal -0.83147 0 -0.55557
  outer loop
   vertex 2.614181 20.810000 -6.574025
   vertex 2.939340 21.950000 -7.060660
   vertex 2.939340 20.810000 -7.060660
  endloop
 endfacet
 facet normal -0.83147 0 -0.55557
  outer loop
   vertex 2.614181 20.810000 -6.574025
   vertex 2.614181 21.950000 -6.574025
   vertex 2.939340 21.950000 -7.060660
  endloop
 endfacet
 facet normal 0 -1 0
  outer loop
   vertex 4.000000 20.810000 -6.000000
   vertex 2.614181 20.810000 -6.574025
   vertex 2.939340 20.810000 -7.060660
  endloop
 endfacet
 facet normal 0 1 0
  outer loop
   vertex 4.000000 21.950000 -6.000000
   vertex 2.939340 21.950000 -7.060660
   vertex 2.614181 21.950000 -6.574025
  endloop
 endfacet
 facet normal -0.55557 0 -0.83147
  outer loop
   vertex 2.939340 20.810000 -7.060660
   vertex 3.425975 21.950000 -7.385819
   vertex 3.425975 20.810000 -7.385819
  endloop
 endfacet
 facet normal -0.55557 0 -0.83147
  outer loop
   vertex 2.939340 20.810000 -7.060660
   vertex 2.939340 21.950000 -7.060660
   vertex 3.425975 21.950000 -7.385819
  endloop
 endfacet
 facet normal 0 -1 0
  outer loop
   vertex 4.000000 20.810000 -6.000000
   vertex 2.939340 20.810000 -7.060660
   vertex 3.425975 20.810000 -7.385819
  endloop
 endfacet
 facet normal 0 1 0
  outer loop
   vertex 4.000000 21.950000 -6.000000
   vertex 3.425975 21.950000 -7.385819
   vertex 2.939340 21.950000 -7.060660
  endloop
 endfacet
 facet normal -0.19509 0 -0.980785
  outer loop
   vertex 3.425975 20.810000 -7.385819
   vertex 4.000000 21.950000 -7.500000
   vertex 4.000000 20.810000 -7.500000
  endloop
 endfacet
 facet normal -0.19509 0 -0.980785
  outer loop
   vertex 3.425975 20.810000 -7.385819
   vertex 3.425975 21.950000 -7.385819
   vertex 4.000000 21.950000 -7.500000
  endloop
 endfacet
 facet normal 0 -1 0
  outer loop
   vertex 4.000000 20.810000 -6.000000
   vertex 3.425975 20.810000 -7.385819
   vertex 4.000000 20.810000 -7.500000
  endloop
 endfacet
 facet normal 0 1 0
  outer loop
   vertex 4.000000 21.950000 -6.000000
   vertex 4.000000 21.950000 -7.500000
   vertex 3.425975 21.950000 -7.385819
  endloop
 endfacet
 facet normal 0.19509 0 -0.980785
  outer loop
   vertex 4.000000 20.810000 -7.500000
   vertex 4.574025 21.950000 -7.385819
   vertex 4.574025 20.810000 -7.385819
  endloop
 endfacet
 facet normal 0.19509 0 -0.980785
  outer loop
   vertex 4.000000 20.810000 -7.500000
   vertex 4.000000 21.950000 -7.500000
   vertex 4.574025 21.950000 -7.385819
  endloop
 endfacet
 facet normal 0 -1 -0
  outer loop
   vertex 4.000000 20.810000 -6.000000
   vertex 4.000000 20.810000 -7.500000
   vertex 4.574025 20.810000 -7.385819
  endloop
 endfacet
 facet normal 0 1 0
  outer loop
   vertex 4.000000 21.950000 -6.000000
   vertex 4.574025 21.950000 -7.385819
   vertex 4.000000 21.950000 -7.500000
  endloop
 endfacet
 facet normal 0.55557 0 -0.83147
  outer loop
   vertex 4.574025 20.810000 -7.385819
   vertex 5.060660 21.950000 -7.060660
   vertex 5.060660 20.810000 -7.060660
  endloop
 endfacet
 facet normal 0.55557 0 -0.83147
  outer loop
   vertex 4.574025 20.810000 -7.385819
   vertex 4.574025 21.950000 -7.385819
   vertex 5.060660 21.950000 -7.060660
  endloop
 endfacet
 facet normal 0 -1 0
  outer loop
   vertex 4.000000 20.810000 -6.000000
   vertex 4.574025 20.810000 -7.385819
   vertex 5.060660 20.810000 -7.060660
  endloop
 endfacet
 facet normal 0 1 0
  outer loop
   vertex 4.000000 21.950000 -6.000000
   vertex 5.060660 21.950000 -7.060660
   vertex 4.574025 21.950000 -7.385819
  endloop
 endfacet
 facet normal 0.83147 0 -0.55557
  outer loop
   vertex 5.060660 20.810000 -7.060660
   vertex 5.385819 21.950000 -6.574025
   vertex 5.385819 20.810000 -6.574025
  endloop
 endfacet
 facet normal 0.83147 0 -0.55557
  outer loop
   vertex 5.060660 20.810000 -7.060660
   vertex 5.060660 21.950000 -7.060660
   vertex 5.385819 21.950000 -6.574025
  endloop
 endfacet
 facet normal 0 -1 0
  outer loop
   vertex 4.000000 20.810000 -6.000000
   vertex 5.060660 20.810000 -7.060660
   vertex 5.385819 20.810000 -6.574025
  endloop
 endfacet
 facet normal 0 1 0
  outer loop
   vertex 4.000000 21.950000 -6.000000
   vertex 5.385819 21.950000 -6.574025
   vertex 5.060660 21.950000 -7.060660
  endloop
 endfacet
 facet normal 0.980785 0 -0.19509
  outer loop
   vertex 5.385819 20.810000 -6.574025
   vertex 5.500000 21.950000 -6.000000
   vertex 5.500000 20.810000 -6.000000
  endloop
 endfacet
 facet normal 0.980785 0 -0.19509
  outer loop
   vertex 5.385819 20.810000 -6.574025
   vertex 5.385819 21.950000 -6.574025
   vertex 5.500000 21.950000 -6.000000
  endloop
 endfacet
 facet normal 0 -1 0
  outer loop
   vertex 4.000000 20.810000 -6.000000
   vertex 5.385819 20.810000 -6.574025
   vertex 5.500000 20.810000 -6.000000
  endloop
 endfacet
 facet normal -0 1 0
  outer loop
   vertex 4.000000 21.950000 -6.000000
   vertex 5.500000 21.950000 -6.000000
   vertex 5.385819 21.950000 -6.574025
  endloop
 endfacet
 facet normal 0.980785 0 0.19509
  outer loop
   vertex 13.500000 20.810000 -6.000000
   vertex 13.385819 21.950000 -5.425975
   vertex 13.385819 20.810000 -5.425975
  endloop
 endfacet
 facet normal 0.980785 -0 0.19509
  outer loop
   vertex 13.500000 20.810000 -6.000000
   vertex 13.500000 21.950000 -6.000000
   vertex 13.385819 21.950000 -5.425975
  endloop
 endfacet
 facet normal 0 -1 0
  outer loop
   vertex 12.000000 20.810000 -6.000000
   vertex 13.500000 20.810000 -6.000000
   vertex 13.385819 20.810000 -5.425975
  endloop
 endfacet
 facet normal 0 1 0
  outer loop
   vertex 12.000000 21.950000 -6.000000
   vertex 13.385819 21.950000 -5.425975
   vertex 13.500000 21.950000 -6.000000
  endloop
 endfacet
 facet normal 0.83147 0 0.55557
  outer loop
   vertex 13.385819 20.810000 -5.425975
   vertex 13.060660 21.950000 -4.939340
   vertex 13.060660 20.810000 -4.939340
  endloop
 endfacet
 facet normal 0.83147 -0 0.55557
  outer loop
   vertex 13.385819 20.810000 -5.425975
   vertex 13.385819 21.950000 -5.425975
   vertex 13.060660 21.950000 -4.939340
  endloop
 endfacet
 facet normal 0 -1 0
  outer loop
   vertex 12.000000 20.810000 -6.000000
   vertex 13.385819 20.810000 -5.425975
   vertex 13.060660 20.810000 -4.939340
  endloop
 endfacet
 facet normal 0 1 0
  outer loop
   vertex 12.000000 21.950000 -6.000000
   vertex 13.060660 21.950000 -4.939340
   vertex 13.385819 21.950000 -5.425975
  endloop
 endfacet
 facet normal 0.55557 0 0.83147
  outer loop
   vertex 13.060660 20.810000 -4.939340
   vertex 12.574025 21.950000 -4.614181
   vertex 12.574025 20.810000 -4.614181
  endloop
 endfacet
 facet normal 0.55557 -0 0.83147
  outer loop
   vertex 13.060660 20.810000 -4.939340
   vertex 13.060660 21.950000 -4.939340
   vertex 12.574025 21.950000 -4.614181
  endloop
 endfacet
 facet normal 0 -1 0
  outer loop
   vertex 12.000000 20.810000 -6.000000
   vertex 13.060660 20.810000 -4.939340
   vertex 12.574025 20.810000 -4.614181
  endloop
 endfacet
 facet normal 0 1 0
  outer loop
   vertex 12.000000 21.950000 -6.000000
   vertex 12.574025 21.950000 -4.614181
   vertex 13.060660 21.950000 -4.939340
  endloop
 endfacet
 facet normal 0.19509 0 0.980785
  outer loop
   vertex 12.574025 20.810000 -4.614181
   vertex 12.000000 21.950000 -4.500000
   vertex 12.000000 20.810000 -4.500000
  endloop
 endfacet
 facet normal 0.19509 -0 0.980785
  outer loop
   vertex 12.574025 20.810000 -4.614181
   vertex 12.574025 21.950000 -4.614181
   vertex 12.000000 21.950000 -4.500000
  endloop
 endfacet
 facet normal 0 -1 0
  outer loop
   vertex 12.000000 20.810000 -6.000000
   vertex 12.574025 20.810000 -4.614181
   vertex 12.000000 20.810000 -4.500000
  endloop
 endfacet
 facet normal 0 1 0
  outer loop
   vertex 12.000000 21.950000 -6.000000
   vertex 12.000000 21.950000 -4.500000
   vertex 12.574025 21.950000 -4.614181
  endloop
 endfacet
 facet normal -0.19509 0 0.980785
  outer loop
   vertex 12.000000 20.810000 -4.500000
   vertex 11.425975 21.950000 -4.614181
   vertex 11.425975 20.810000 -4.614181
  endloop
 endfacet
 facet normal -0.19509 0 0.980785
  outer loop
   vertex 12.000000 20.810000 -4.500000
   vertex 12.000000 21.950000 -4.500000
   vertex 11.425975 21.950000 -4.614181
  endloop
 endfacet
 facet normal 0 -1 0
  outer loop
   vertex 12.000000 20.810000 -6.000000
   vertex 12.000000 20.810000 -4.500000
   vertex 11.425975 20.810000 -4.614181
  endloop
 endfacet
 facet normal 0 1 -0
  outer loop
   vertex 12.000000 21.950000 -6.000000
   vertex 11.425975 21.950000 -4.614181
   vertex 12.000000 21.950000 -4.500000
  endloop
 endfacet
 facet normal -0.55557 0 0.83147
  outer loop
   vertex 11.425975 20.810000 -4.614181
   vertex 10.939340 21.950000 -4.939340
   vertex 10.939340 20.810000 -4.939340
  endloop
 endfacet
 facet normal -0.55557 0 0.83147
  outer loop
   vertex 11.425975 20.810000 -4.614181
   vertex 11.425975 21.950000 -4.614181
   vertex 10.939340 21.950000 -4.939340
  endloop
 endfacet
 facet normal 0 -1 0
  outer loop
   vertex 12.000000 20.810000 -6.000000
   vertex 11.425975 20.810000 -4.614181
   vertex 10.939340 20.810000 -4.939340
  endloop
 endfacet
 facet normal 0 1 0
  outer loop
   vertex 12.000000 21.950000 -6.000000
   vertex 10.939340 21.950000 -4.939340
   vertex 11.425975 21.950000 -4.614181
  endloop
 endfacet
 facet normal -0.83147 0 0.55557
  outer loop
   vertex 10.939340 20.810000 -4.939340
   vertex 10.614181 21.950000 -5.425975
   vertex 10.614181 20.810000 -5.425975
  endloop
 endfacet
 facet normal -0.83147 0 0.55557
  outer loop
   vertex 10.939340 20.810000 -4.939340
   vertex 10.939340 21.950000 -4.939340
   vertex 10.614181 21.950000 -5.425975
  endloop
 endfacet
 facet normal 0 -1 0
  outer loop
   vertex 12.000000 20.810000 -6.000000
   vertex 10.939340 20.810000 -4.939340
   vertex 10.614181 20.810000 -5.425975
  endloop
 endfacet
 facet normal 0 1 0
  outer loop
   vertex 12.000000 21.950000 -6.000000
   vertex 10.614181 21.950000 -5.425975
   vertex 10.939340 21.950000 -4.939340
  endloop
 endfacet
 facet normal -0.980785 0 0.19509
  outer loop
   vertex 10.614181 20.810000 -5.425975
   vertex 10.500000 21.950000 -6.000000
   vertex 10.500000 20.810000 -6.000000
  endloop
 endfacet
 facet normal -0.980785 0 0.19509
  outer loop
   vertex 10.614181 20.810000 -5.425975
   vertex 10.614181 21.950000 -5.425975
   vertex 10.500000 21.950000 -6.000000
  endloop
 endfacet
 facet normal 0 -1 0
  outer loop
   vertex 12.000000 20.810000 -6.000000
   vertex 10.614181 20.810000 -5.425975
   vertex 10.500000 20.810000 -6.000000
  endloop
 endfacet
 facet normal 0 1 0
  outer loop
   vertex 12.000000 21.950000 -6.000000
   vertex 10.500000 21.950000 -6.000000
   vertex 10.614181 21.950000 -5.425975
  endloop
 endfacet
 facet normal -0.980785 0 -0.19509
  outer loop
   vertex 10.500000 20.810000 -6.000000
   vertex 10.614181 21.950000 -6.574025
   vertex 10.614181 20.810000 -6.574025
  endloop
 endfacet
 facet normal -0.980785 0 -0.19509
  outer loop
   vertex 10.500000 20.810000 -6.000000
   vertex 10.500000 21.950000 -6.000000
   vertex 10.614181 21.950000 -6.574025
  endloop
 endfacet
 facet normal -0 -1 0
  outer loop
   vertex 12.000000 20.810000 -6.000000
   vertex 10.500000 20.810000 -6.000000
   vertex 10.614181 20.810000 -6.574025
  endloop
 endfacet
 facet normal 0 1 0
  outer loop
   vertex 12.000000 21.950000 -6.000000
   vertex 10.614181 21.950000 -6.574025
   vertex 10.500000 21.950000 -6.000000
  endloop
 endfacet
 facet normal -0.83147 0 -0.55557
  outer loop
   vertex 10.614181 20.810000 -6.574025
   vertex 10.939340 21.950000 -7.060660
   vertex 10.939340 20.810000 -7.060660
  endloop
 endfacet
 facet normal -0.83147 0 -0.55557
  outer loop
   vertex 10.614181 20.810000 -6.574025
   vertex 10.614181 21.950000 -6.574025
   vertex 10.939340 21.950000 -7.060660
  endloop
 endfacet
 facet normal 0 -1 0
  outer loop
   vertex 12.000000 20.810000 -6.000000
   vertex 10.614181 20.810000 -6.574025
   vertex 10.939340 20.810000 -7.060660
  endloop
 endfacet
 facet normal 0 1 0
  outer loop
   vertex 12.000000 21.950000 -6.000000
   vertex 10.939340 21.950000 -7.060660
   vertex 10.614181 21.950000 -6.574025
  endloop
 endfacet
 facet normal -0.55557 0 -0.83147
  outer loop
   vertex 10.939340 20.810000 -7.060660
   vertex 11.425975 21.950000 -7.385819
   vertex 11.425975 20.810000 -7.385819
  endloop
 endfacet
 facet normal -0.55557 0 -0.83147
  outer loop
   vertex 10.939340 20.810000 -7.060660
   vertex 10.939340 21.950000 -7.060660
   vertex 11.425975 21.950000 -7.385819
  endloop
 endfacet
 facet normal 0 -1 0
  outer loop
   vertex 12.000000 20.810000 -6.000000
   vertex 10.939340 20.810000 -7.060660
   vertex 11.425975 20.810000 -7.385819
  endloop
 endfacet
 facet normal 0 1 0
  outer loop
   vertex 12.000000 21.950000 -6.000000
   vertex 11.425975 21.950000 -7.385819
   vertex 10.939340 21.950000 -7.060660
  endloop
 endfacet
 facet normal -0.19509 0 -0.980785
  outer loop
   vertex 11.425975 20.810000 -7.385819
   vertex 12.000000 21.950000 -7.500000
   vertex 12.000000 20.810000 -7.500000
  endloop
 endfacet
 facet normal -0.19509 0 -0.980785
  outer loop
   vertex 11.425975 20.810000 -7.385819
   vertex 11.425975 21.950000 -7.385819
   vertex 12.000000 21.950000 -7.500000
  endloop
 endfacet
 facet normal 0 -1 -0
  outer loop
   vertex 12.000000 20.810000 -6.000000
   vertex 11.425975 20.810000 -7.385819
   vertex 12.000000 20.810000 -7.500000
  endloop
 endfacet
 facet normal 0 1 0
  outer loop
   vertex 12.000000 21.950000 -6.000000
   vertex 12.000000 21.950000 -7.500000
   vertex 11.425975 21.950000 -7.385819
  endloop
 endfacet
 facet normal 0.19509 0 -0.980785
  outer loop
   vertex 12.000000 20.810000 -7.500000
   vertex 12.574025 21.950000 -7.385819
   vertex 12.574025 20.810000 -7.385819
  endloop
 endfacet
 facet normal 0.19509 0 -0.980785
  outer loop
   vertex 12.000000 20.810000 -7.500000
   vertex 12.000000 21.950000 -7.500000
   vertex 12.574025 21.950000 -7.385819
  endloop
 endfacet
 facet normal 0 -1 0
  outer loop
   vertex 12.000000 20.810000 -6.000000
   vertex 12.000000 20.810000 -7.500000
   vertex 12.574025 20.810000 -7.385819
  endloop
 endfacet
 facet normal 0 1 0
  outer loop
   vertex 12.000000 21.950000 -6.000000
   vertex 12.574025 21.950000 -7.385819
   vertex 12.000000 21.950000 -7.500000
  endloop
 endfacet
 facet normal 0.55557 0 -0.83147
  outer loop
   vertex 12.574025 20.810000 -7.385819
   vertex 13.060660 21.950000 -7.060660
   vertex 13.060660 20.810000 -7.060660
  endloop
 endfacet
 facet normal 0.55557 0 -0.83147
  outer loop
   vertex 12.574025 20.810000 -7.385819
   vertex 12.574025 21.950000 -7.385819
   vertex 13.060660 21.950000 -7.060660
  endloop
 endfacet
 facet normal 0 -1 0
  outer loop
   vertex 12.000000 20.810000 -6.000000
   vertex 12.574025 20.810000 -7.385819
   vertex 13.060660 20.810000 -7.060660
  endloop
 endfacet
 facet normal 0 1 0
  outer loop
   vertex 12.000000 21.950000 -6.000000
   vertex 13.060660 21.950000 -7.060660
   vertex 12.574025 21.950000 -7.385819
  endloop
 endfacet
 facet normal 0.83147 0 -0.55557
  outer loop
   vertex 13.060660 20.810000 -7.060660
   vertex 13.385819 21.950000 -6.574025
   vertex 13.385819 20.810000 -6.574025
  endloop
 endfacet
 facet normal 0.83147 0 -0.55557
  outer loop
   vertex 13.060660 20.810000 -7.060660
   vertex 13.060660 21.950000 -7.060660
   vertex 13.385819 21.950000 -6.574025
  endloop
 endfacet
 facet normal 0 -1 0
  outer loop
   vertex 12.000000 20.810000 -6.000000
   vertex 13.060660 20.810000 -7.060660
   vertex 13.385819 20.810000 -6.574025
  endloop
 endfacet
 facet normal 0 1 0
  outer loop
   vertex 12.000000 21.950000 -6.000000
   vertex 13.385819 21.950000 -6.574025
   vertex 13.060660 21.950000 -7.060660
  endloop
 endfacet
 facet normal 0.980785 0 -0.19509
  outer loop
   vertex 13.385819 20.810000 -6.574025
   vertex 13.500000 21.950000 -6.000000
   vertex 13.500000 20.810000 -6.000000
  endloop
 endfacet
 facet normal 0.980785 0 -0.19509
  outer loop
   vertex 13.385819 20.810000 -6.574025
   vertex 13.385819 21.950000 -6.574025
   vertex 13.500000 21.950000 -6.000000
  endloop
 endfacet
 facet normal 0 -1 0
  outer loop
   vertex 12.000000 20.810000 -6.000000
   vertex 13.385819 20.810000 -6.574025
   vertex 13.500000 20.810000 -6.000000
  endloop
 endfacet
 facet normal -0 1 0
  outer loop
   vertex 12.000000 21.950000 -6.000000
   vertex 13.500000 21.950000 -6.000000
   vertex 13.385819 21.950000 -6.574025
  endloop
 endfacet
 facet normal 0 0 -1
  outer loop
   vertex 20.000000 -21.950000 29.550000
   vertex 32.000000 21.950000 29.550000
   vertex 32.000000 -21.950000 29.550000
  endloop
 endfacet
 facet normal 0 0 -1
  outer loop
   vertex 20.000000 -21.950000 29.550000
   vertex 20.000000 21.950000 29.550000
   vertex 32.000000 21.950000 29.550000
  endloop
 endfacet
 facet normal 0 0 1
  outer loop
   vertex 20.000000 -21.950000 31.550000
   vertex 32.000000 -21.950000 31.550000
   vertex 32.000000 21.950000 31.550000
  endloop
 endfacet
 facet normal 0 0 1
  outer loop
   vertex 20.000000 -21.950000 31.550000
   vertex 32.000000 21.950000 31.550000
   vertex 20.000000 21.950000 31.550000
  endloop
 endfacet
 facet normal 0 -1 0
  outer loop
   vertex 20.000000 -21.950000 29.550000
   vertex 32.000000 -21.950000 29.550000
   vertex 32.000000 -21.950000 31.550000
  endloop
 endfacet
 facet normal 0 -1 0
  outer loop
   vertex 20.000000 -21.950000 29.550000
   vertex 32.000000 -21.950000 31.550000
   vertex 20.000000 -21.950000 31.550000
  endloop
 endfacet
 facet normal 1 0 0
  outer loop
   vertex 32.000000 -21.950000 29.550000
   vertex 32.000000 21.950000 29.550000
   vertex 32.000000 21.950000 31.550000
  endloop
 endfacet
 facet normal 1 0 0
  outer loop
   vertex 32.000000 -21.950000 29.550000
   vertex 32.000000 21.950000 31.550000
   vertex 32.000000 -21.950000 31.550000
  endloop
 endfacet
 facet normal 0 1 0
  outer loop
   vertex 32.000000 21.950000 29.550000
   vertex 20.000000 21.950000 29.550000
   vertex 20.000000 21.950000 31.550000
  endloop
 endfacet
 facet normal 0 1 -0
  outer loop
   vertex 32.000000 21.950000 29.550000
   vertex 20.000000 21.950000 31.550000
   vertex 32.000000 21.950000 31.550000
  endloop
 endfacet
 facet normal -1 0 0
  outer loop
   vertex 20.000000 21.950000 29.550000
   vertex 20.000000 -21.950000 29.550000
   vertex 20.000000 -21.950000 31.550000
  endloop
 endfacet
 facet normal -1 0 0
  outer loop
   vertex 20.000000 21.950000 29.550000
   vertex 20.000000 -21.950000 31.550000
   vertex 20.000000 21.950000 31.550000
  endloop
 endfacet
endsolid battery_pack_v2
