solid enclosure_lid
 facet normal 0.000000 0.000000 -1.000000
  outer loop
   vertex -49.900000 -32.270000 35.125000
   vertex 49.900000 27.420000 35.125000
   vertex 49.900000 -32.270000 35.125000
  endloop
 endfacet
 facet normal 0.000000 0.000000 -1.000000
  outer loop
   vertex -49.900000 -32.270000 35.125000
   vertex -49.900000 27.420000 35.125000
   vertex 49.900000 27.420000 35.125000
  endloop
 endfacet
 facet normal 0.000000 0.000000 1.000000
  outer loop
   vertex -49.900000 -32.270000 37.125000
   vertex 49.900000 -32.270000 37.125000
   vertex 49.900000 27.420000 37.125000
  endloop
 endfacet
 facet normal 0.000000 0.000000 1.000000
  outer loop
   vertex -49.900000 -32.270000 37.125000
   vertex 49.900000 27.420000 37.125000
   vertex -49.900000 27.420000 37.125000
  endloop
 endfacet
 facet normal 0.000000 -1.000000 0.000000
  outer loop
   vertex -49.900000 -32.270000 35.125000
   vertex 49.900000 -32.270000 35.125000
   vertex 49.900000 -32.270000 37.125000
  endloop
 endfacet
 facet normal 0.000000 -1.000000 0.000000
  outer loop
   vertex -49.900000 -32.270000 35.125000
   vertex 49.900000 -32.270000 37.125000
   vertex -49.900000 -32.270000 37.125000
  endloop
 endfacet
 facet normal 1.000000 0.000000 0.000000
  outer loop
   vertex 49.900000 -32.270000 35.125000
   vertex 49.900000 27.420000 35.125000
   vertex 49.900000 27.420000 37.125000
  endloop
 endfacet
 facet normal 1.000000 0.000000 0.000000
  outer loop
   vertex 49.900000 -32.270000 35.125000
   vertex 49.900000 27.420000 37.125000
   vertex 49.900000 -32.270000 37.125000
  endloop
 endfacet
 facet normal 0.000000 1.000000 0.000000
  outer loop
   vertex 49.900000 27.420000 35.125000
   vertex -49.900000 27.420000 35.125000
   vertex -49.900000 27.420000 37.125000
  endloop
 endfacet
 facet normal 0.000000 1.000000 -0.000000
  outer loop
   vertex 49.900000 27.420000 35.125000
   vertex -49.900000 27.420000 37.125000
   vertex 49.900000 27.420000 37.125000
  endloop
 endfacet
 facet normal -1.000000 0.000000 0.000000
  outer loop
   vertex -49.900000 27.420000 35.125000
   vertex -49.900000 -32.270000 35.125000
   vertex -49.900000 -32.270000 37.125000
  endloop
 endfacet
 facet normal -1.000000 0.000000 0.000000
  outer loop
   vertex -49.900000 27.420000 35.125000
   vertex -49.900000 -32.270000 37.125000
   vertex -49.900000 27.420000 37.125000
  endloop
 endfacet
 facet normal 0.998427 0.056070 0.000000
  outer loop
   vertex 49.900000 23.420000 10.000000
   vertex 49.874849 23.867858 10.000000
   vertex 49.874849 23.867858 35.125000
  endloop
 endfacet
 facet normal 0.998427 0.056070 -0.000000
  outer loop
   vertex 49.900000 23.420000 10.000000
   vertex 49.874849 23.867858 35.125000
   vertex 49.900000 23.420000 35.125000
  endloop
 endfacet
 facet normal 0.985871 0.167506 0.000000
  outer loop
   vertex 49.874849 23.867858 10.000000
   vertex 49.799712 24.310084 10.000000
   vertex 49.799712 24.310084 35.125000
  endloop
 endfacet
 facet normal 0.985871 0.167506 -0.000000
  outer loop
   vertex 49.874849 23.867858 10.000000
   vertex 49.799712 24.310084 35.125000
   vertex 49.874849 23.867858 35.125000
  endloop
 endfacet
 facet normal 0.960917 0.276836 0.000000
  outer loop
   vertex 49.799712 24.310084 10.000000
   vertex 49.675533 24.741116 10.000000
   vertex 49.675533 24.741116 35.125000
  endloop
 endfacet
 facet normal 0.960917 0.276836 -0.000000
  outer loop
   vertex 49.799712 24.310084 10.000000
   vertex 49.675533 24.741116 35.125000
   vertex 49.799712 24.310084 35.125000
  endloop
 endfacet
 facet normal 0.923880 0.382683 0.000000
  outer loop
   vertex 49.675533 24.741116 10.000000
   vertex 49.503875 25.155535 10.000000
   vertex 49.503875 25.155535 35.125000
  endloop
 endfacet
 facet normal 0.923880 0.382683 -0.000000
  outer loop
   vertex 49.675533 24.741116 10.000000
   vertex 49.503875 25.155535 35.125000
   vertex 49.675533 24.741116 35.125000
  endloop
 endfacet
 facet normal 0.875223 0.483719 0.000000
  outer loop
   vertex 49.503875 25.155535 10.000000
   vertex 49.286897 25.548128 10.000000
   vertex 49.286897 25.548128 35.125000
  endloop
 endfacet
 facet normal 0.875223 0.483719 -0.000000
  outer loop
   vertex 49.503875 25.155535 10.000000
   vertex 49.286897 25.548128 35.125000
   vertex 49.503875 25.155535 35.125000
  endloop
 endfacet
 facet normal 0.815561 0.578671 0.000000
  outer loop
   vertex 49.286897 25.548128 10.000000
   vertex 49.027326 25.913959 10.000000
   vertex 49.027326 25.913959 35.125000
  endloop
 endfacet
 facet normal 0.815561 0.578671 -0.000000
  outer loop
   vertex 49.286897 25.548128 10.000000
   vertex 49.027326 25.913959 35.125000
   vertex 49.286897 25.548128 35.125000
  endloop
 endfacet
 facet normal 0.745642 0.666347 0.000000
  outer loop
   vertex 49.027326 25.913959 10.000000
   vertex 48.728427 26.248427 10.000000
   vertex 48.728427 26.248427 35.125000
  endloop
 endfacet
 facet normal 0.745642 0.666347 -0.000000
  outer loop
   vertex 49.027326 25.913959 10.000000
   vertex 48.728427 26.248427 35.125000
   vertex 49.027326 25.913959 35.125000
  endloop
 endfacet
 facet normal 0.666347 0.745642 0.000000
  outer loop
   vertex 48.728427 26.248427 10.000000
   vertex 48.393959 26.547326 10.000000
   vertex 48.393959 26.547326 35.125000
  endloop
 endfacet
 facet normal 0.666347 0.745642 -0.000000
  outer loop
   vertex 48.728427 26.248427 10.000000
   vertex 48.393959 26.547326 35.125000
   vertex 48.728427 26.248427 35.125000
  endloop
 endfacet
 facet normal 0.578671 0.815561 0.000000
  outer loop
   vertex 48.393959 26.547326 10.000000
   vertex 48.028128 26.806897 10.000000
   vertex 48.028128 26.806897 35.125000
  endloop
 endfacet
 facet normal 0.578671 0.815561 -0.000000
  outer loop
   vertex 48.393959 26.547326 10.000000
   vertex 48.028128 26.806897 35.125000
   vertex 48.393959 26.547326 35.125000
  endloop
 endfacet
 facet normal 0.483719 0.875223 0.000000
  outer loop
   vertex 48.028128 26.806897 10.000000
   vertex 47.635535 27.023875 10.000000
   vertex 47.635535 27.023875 35.125000
  endloop
 endfacet
 facet normal 0.483719 0.875223 -0.000000
  outer loop
   vertex 48.028128 26.806897 10.000000
   vertex 47.635535 27.023875 35.125000
   vertex 48.028128 26.806897 35.125000
  endloop
 endfacet
 facet normal 0.382683 0.923880 0.000000
  outer loop
   vertex 47.635535 27.023875 10.000000
   vertex 47.221116 27.195533 10.000000
   vertex 47.221116 27.195533 35.125000
  endloop
 endfacet
 facet normal 0.382683 0.923880 -0.000000
  outer loop
   vertex 47.635535 27.023875 10.000000
   vertex 47.221116 27.195533 35.125000
   vertex 47.635535 27.023875 35.125000
  endloop
 endfacet
 facet normal 0.276836 0.960917 0.000000
  outer loop
   vertex 47.221116 27.195533 10.000000
   vertex 46.790084 27.319712 10.000000
   vertex 46.790084 27.319712 35.125000
  endloop
 endfacet
 facet normal 0.276836 0.960917 -0.000000
  outer loop
   vertex 47.221116 27.195533 10.000000
   vertex 46.790084 27.319712 35.125000
   vertex 47.221116 27.195533 35.125000
  endloop
 endfacet
 facet normal 0.167506 0.985871 0.000000
  outer loop
   vertex 46.790084 27.319712 10.000000
   vertex 46.347858 27.394849 10.000000
   vertex 46.347858 27.394849 35.125000
  endloop
 endfacet
 facet normal 0.167506 0.985871 -0.000000
  outer loop
   vertex 46.790084 27.319712 10.000000
   vertex 46.347858 27.394849 35.125000
   vertex 46.790084 27.319712 35.125000
  endloop
 endfacet
 facet normal 0.056070 0.998427 0.000000
  outer loop
   vertex 46.347858 27.394849 10.000000
   vertex 45.900000 27.420000 10.000000
   vertex 45.900000 27.420000 35.125000
  endloop
 endfacet
 facet normal 0.056070 0.998427 -0.000000
  outer loop
   vertex 46.347858 27.394849 10.000000
   vertex 45.900000 27.420000 35.125000
   vertex 46.347858 27.394849 35.125000
  endloop
 endfacet
 facet normal 0.000000 1.000000 0.000000
  outer loop
   vertex 45.900000 27.420000 10.000000
   vertex -45.900000 27.420000 10.000000
   vertex -45.900000 27.420000 35.125000
  endloop
 endfacet
 facet normal 0.000000 1.000000 -0.000000
  outer loop
   vertex 45.900000 27.420000 10.000000
   vertex -45.900000 27.420000 35.125000
   vertex 45.900000 27.420000 35.125000
  endloop
 endfacet
 facet normal -0.056070 0.998427 0.000000
  outer loop
   vertex -45.900000 27.420000 10.000000
   vertex -46.347858 27.394849 10.000000
   vertex -46.347858 27.394849 35.125000
  endloop
 endfacet
 facet normal -0.056070 0.998427 0.000000
  outer loop
   vertex -45.900000 27.420000 10.000000
   vertex -46.347858 27.394849 35.125000
   vertex -45.900000 27.420000 35.125000
  endloop
 endfacet
 facet normal -0.167506 0.985871 0.000000
  outer loop
   vertex -46.347858 27.394849 10.000000
   vertex -46.790084 27.319712 10.000000
   vertex -46.790084 27.319712 35.125000
  endloop
 endfacet
 facet normal -0.167506 0.985871 0.000000
  outer loop
   vertex -46.347858 27.394849 10.000000
   vertex -46.790084 27.319712 35.125000
   vertex -46.347858 27.394849 35.125000
  endloop
 endfacet
 facet normal -0.276836 0.960917 0.000000
  outer loop
   vertex -46.790084 27.319712 10.000000
   vertex -47.221116 27.195533 10.000000
   vertex -47.221116 27.195533 35.125000
  endloop
 endfacet
 facet normal -0.276836 0.960917 0.000000
  outer loop
   vertex -46.790084 27.319712 10.000000
   vertex -47.221116 27.195533 35.125000
   vertex -46.790084 27.319712 35.125000
  endloop
 endfacet
 facet normal -0.382683 0.923880 0.000000
  outer loop
   vertex -47.221116 27.195533 10.000000
   vertex -47.635535 27.023875 10.000000
   vertex -47.635535 27.023875 35.125000
  endloop
 endfacet
 facet normal -0.382683 0.923880 0.000000
  outer loop
   vertex -47.221116 27.195533 10.000000
   vertex -47.635535 27.023875 35.125000
   vertex -47.221116 27.195533 35.125000
  endloop
 endfacet
 facet normal -0.483719 0.875223 0.000000
  outer loop
   vertex -47.635535 27.023875 10.000000
   vertex -48.028128 26.806897 10.000000
   vertex -48.028128 26.806897 35.125000
  endloop
 endfacet
 facet normal -0.483719 0.875223 0.000000
  outer loop
   vertex -47.635535 27.023875 10.000000
   vertex -48.028128 26.806897 35.125000
   vertex -47.635535 27.023875 35.125000
  endloop
 endfacet
 facet normal -0.578671 0.815561 0.000000
  outer loop
   vertex -48.028128 26.806897 10.000000
   vertex -48.393959 26.547326 10.000000
   vertex -48.393959 26.547326 35.125000
  endloop
 endfacet
 facet normal -0.578671 0.815561 0.000000
  outer loop
   vertex -48.028128 26.806897 10.000000
   vertex -48.393959 26.547326 35.125000
   vertex -48.028128 26.806897 35.125000
  endloop
 endfacet
 facet normal -0.666347 0.745642 0.000000
  outer loop
   vertex -48.393959 26.547326 10.000000
   vertex -48.728427 26.248427 10.000000
   vertex -48.728427 26.248427 35.125000
  endloop
 endfacet
 facet normal -0.666347 0.745642 0.000000
  outer loop
   vertex -48.393959 26.547326 10.000000
   vertex -48.728427 26.248427 35.125000
   vertex -48.393959 26.547326 35.125000
  endloop
 endfacet
 facet normal -0.745642 0.666347 0.000000
  outer loop
   vertex -48.728427 26.248427 10.000000
   vertex -49.027326 25.913959 10.000000
   vertex -49.027326 25.913959 35.125000
  endloop
 endfacet
 facet normal -0.745642 0.666347 0.000000
  outer loop
   vertex -48.728427 26.248427 10.000000
   vertex -49.027326 25.913959 35.125000
   vertex -48.728427 26.248427 35.125000
  endloop
 endfacet
 facet normal -0.815561 0.578671 0.000000
  outer loop
   vertex -49.027326 25.913959 10.000000
   vertex -49.286897 25.548128 10.000000
   vertex -49.286897 25.548128 35.125000
  endloop
 endfacet
 facet normal -0.815561 0.578671 0.000000
  outer loop
   vertex -49.027326 25.913959 10.000000
   vertex -49.286897 25.548128 35.125000
   vertex -49.027326 25.913959 35.125000
  endloop
 endfacet
 facet normal -0.875223 0.483719 0.000000
  outer loop
   vertex -49.286897 25.548128 10.000000
   vertex -49.503875 25.155535 10.000000
   vertex -49.503875 25.155535 35.125000
  endloop
 endfacet
 facet normal -0.875223 0.483719 0.000000
  outer loop
   vertex -49.286897 25.548128 10.000000
   vertex -49.503875 25.155535 35.125000
   vertex -49.286897 25.548128 35.125000
  endloop
 endfacet
 facet normal -0.923880 0.382683 0.000000
  outer loop
   vertex -49.503875 25.155535 10.000000
   vertex -49.675533 24.741116 10.000000
   vertex -49.675533 24.741116 35.125000
  endloop
 endfacet
 facet normal -0.923880 0.382683 0.000000
  outer loop
   vertex -49.503875 25.155535 10.000000
   vertex -49.675533 24.741116 35.125000
   vertex -49.503875 25.155535 35.125000
  endloop
 endfacet
 facet normal -0.960917 0.276836 0.000000
  outer loop
   vertex -49.675533 24.741116 10.000000
   vertex -49.799712 24.310084 10.000000
   vertex -49.799712 24.310084 35.125000
  endloop
 endfacet
 facet normal -0.960917 0.276836 0.000000
  outer loop
   vertex -49.675533 24.741116 10.000000
   vertex -49.799712 24.310084 35.125000
   vertex -49.675533 24.741116 35.125000
  endloop
 endfacet
 facet normal -0.985871 0.167506 0.000000
  outer loop
   vertex -49.799712 24.310084 10.000000
   vertex -49.874849 23.867858 10.000000
   vertex -49.874849 23.867858 35.125000
  endloop
 endfacet
 facet normal -0.985871 0.167506 0.000000
  outer loop
   vertex -49.799712 24.310084 10.000000
   vertex -49.874849 23.867858 35.125000
   vertex -49.799712 24.310084 35.125000
  endloop
 endfacet
 facet normal -0.998427 0.056070 0.000000
  outer loop
   vertex -49.874849 23.867858 10.000000
   vertex -49.900000 23.420000 10.000000
   vertex -49.900000 23.420000 35.125000
  endloop
 endfacet
 facet normal -0.998427 0.056070 0.000000
  outer loop
   vertex -49.874849 23.867858 10.000000
   vertex -49.900000 23.420000 35.125000
   vertex -49.874849 23.867858 35.125000
  endloop
 endfacet
 facet normal -1.000000 0.000000 0.000000
  outer loop
   vertex -49.900000 23.420000 10.000000
   vertex -49.900000 -28.270000 10.000000
   vertex -49.900000 -28.270000 35.125000
  endloop
 endfacet
 facet normal -1.000000 0.000000 0.000000
  outer loop
   vertex -49.900000 23.420000 10.000000
   vertex -49.900000 -28.270000 35.125000
   vertex -49.900000 23.420000 35.125000
  endloop
 endfacet
 facet normal -0.998427 -0.056070 0.000000
  outer loop
   vertex -49.900000 -28.270000 10.000000
   vertex -49.874849 -28.717858 10.000000
   vertex -49.874849 -28.717858 35.125000
  endloop
 endfacet
 facet normal -0.998427 -0.056070 0.000000
  outer loop
   vertex -49.900000 -28.270000 10.000000
   vertex -49.874849 -28.717858 35.125000
   vertex -49.900000 -28.270000 35.125000
  endloop
 endfacet
 facet normal -0.985871 -0.167506 0.000000
  outer loop
   vertex -49.874849 -28.717858 10.000000
   vertex -49.799712 -29.160084 10.000000
   vertex -49.799712 -29.160084 35.125000
  endloop
 endfacet
 facet normal -0.985871 -0.167506 0.000000
  outer loop
   vertex -49.874849 -28.717858 10.000000
   vertex -49.799712 -29.160084 35.125000
   vertex -49.874849 -28.717858 35.125000
  endloop
 endfacet
 facet normal -0.960917 -0.276836 0.000000
  outer loop
   vertex -49.799712 -29.160084 10.000000
   vertex -49.675533 -29.591116 10.000000
   vertex -49.675533 -29.591116 35.125000
  endloop
 endfacet
 facet normal -0.960917 -0.276836 0.000000
  outer loop
   vertex -49.799712 -29.160084 10.000000
   vertex -49.675533 -29.591116 35.125000
   vertex -49.799712 -29.160084 35.125000
  endloop
 endfacet
 facet normal -0.923880 -0.382683 0.000000
  outer loop
   vertex -49.675533 -29.591116 10.000000
   vertex -49.503875 -30.005535 10.000000
   vertex -49.503875 -30.005535 35.125000
  endloop
 endfacet
 facet normal -0.923880 -0.382683 0.000000
  outer loop
   vertex -49.675533 -29.591116 10.000000
   vertex -49.503875 -30.005535 35.125000
   vertex -49.675533 -29.591116 35.125000
  endloop
 endfacet
 facet normal -0.875223 -0.483719 0.000000
  outer loop
   vertex -49.503875 -30.005535 10.000000
   vertex -49.286897 -30.398128 10.000000
   vertex -49.286897 -30.398128 35.125000
  endloop
 endfacet
 facet normal -0.875223 -0.483719 0.000000
  outer loop
   vertex -49.503875 -30.005535 10.000000
   vertex -49.286897 -30.398128 35.125000
   vertex -49.503875 -30.005535 35.125000
  endloop
 endfacet
 facet normal -0.815561 -0.578671 0.000000
  outer loop
   vertex -49.286897 -30.398128 10.000000
   vertex -49.027326 -30.763959 10.000000
   vertex -49.027326 -30.763959 35.125000
  endloop
 endfacet
 facet normal -0.815561 -0.578671 0.000000
  outer loop
   vertex -49.286897 -30.398128 10.000000
   vertex -49.027326 -30.763959 35.125000
   vertex -49.286897 -30.398128 35.125000
  endloop
 endfacet
 facet normal -0.745642 -0.666347 0.000000
  outer loop
   vertex -49.027326 -30.763959 10.000000
   vertex -48.728427 -31.098427 10.000000
   vertex -48.728427 -31.098427 35.125000
  endloop
 endfacet
 facet normal -0.745642 -0.666347 0.000000
  outer loop
   vertex -49.027326 -30.763959 10.000000
   vertex -48.728427 -31.098427 35.125000
   vertex -49.027326 -30.763959 35.125000
  endloop
 endfacet
 facet normal -0.666347 -0.745642 0.000000
  outer loop
   vertex -48.728427 -31.098427 10.000000
   vertex -48.393959 -31.397326 10.000000
   vertex -48.393959 -31.397326 35.125000
  endloop
 endfacet
 facet normal -0.666347 -0.745642 0.000000
  outer loop
   vertex -48.728427 -31.098427 10.000000
   vertex -48.393959 -31.397326 35.125000
   vertex -48.728427 -31.098427 35.125000
  endloop
 endfacet
 facet normal -0.578671 -0.815561 0.000000
  outer loop
   vertex -48.393959 -31.397326 10.000000
   vertex -48.028128 -31.656897 10.000000
   vertex -48.028128 -31.656897 35.125000
  endloop
 endfacet
 facet normal -0.578671 -0.815561 0.000000
  outer loop
   vertex -48.393959 -31.397326 10.000000
   vertex -48.028128 -31.656897 35.125000
   vertex -48.393959 -31.397326 35.125000
  endloop
 endfacet
 facet normal -0.483719 -0.875223 0.000000
  outer loop
   vertex -48.028128 -31.656897 10.000000
   vertex -47.635535 -31.873875 10.000000
   vertex -47.635535 -31.873875 35.125000
  endloop
 endfacet
 facet normal -0.483719 -0.875223 0.000000
  outer loop
   vertex -48.028128 -31.656897 10.000000
   vertex -47.635535 -31.873875 35.125000
   vertex -48.028128 -31.656897 35.125000
  endloop
 endfacet
 facet normal -0.382683 -0.923880 0.000000
  outer loop
   vertex -47.635535 -31.873875 10.000000
   vertex -47.221116 -32.045533 10.000000
   vertex -47.221116 -32.045533 35.125000
  endloop
 endfacet
 facet normal -0.382683 -0.923880 0.000000
  outer loop
   vertex -47.635535 -31.873875 10.000000
   vertex -47.221116 -32.045533 35.125000
   vertex -47.635535 -31.873875 35.125000
  endloop
 endfacet
 facet normal -0.276836 -0.960917 0.000000
  outer loop
   vertex -47.221116 -32.045533 10.000000
   vertex -46.790084 -32.169712 10.000000
   vertex -46.790084 -32.169712 35.125000
  endloop
 endfacet
 facet normal -0.276836 -0.960917 0.000000
  outer loop
   vertex -47.221116 -32.045533 10.000000
   vertex -46.790084 -32.169712 35.125000
   vertex -47.221116 -32.045533 35.125000
  endloop
 endfacet
 facet normal -0.167506 -0.985871 0.000000
  outer loop
   vertex -46.790084 -32.169712 10.000000
   vertex -46.347858 -32.244849 10.000000
   vertex -46.347858 -32.244849 35.125000
  endloop
 endfacet
 facet normal -0.167506 -0.985871 0.000000
  outer loop
   vertex -46.790084 -32.169712 10.000000
   vertex -46.347858 -32.244849 35.125000
   vertex -46.790084 -32.169712 35.125000
  endloop
 endfacet
 facet normal -0.056070 -0.998427 0.000000
  outer loop
   vertex -46.347858 -32.244849 10.000000
   vertex -45.900000 -32.270000 10.000000
   vertex -45.900000 -32.270000 35.125000
  endloop
 endfacet
 facet normal -0.056070 -0.998427 0.000000
  outer loop
   vertex -46.347858 -32.244849 10.000000
   vertex -45.900000 -32.270000 35.125000
   vertex -46.347858 -32.244849 35.125000
  endloop
 endfacet
 facet normal 0.000000 -1.000000 0.000000
  outer loop
   vertex -45.900000 -32.270000 10.000000
   vertex 45.900000 -32.270000 10.000000
   vertex 45.900000 -32.270000 35.125000
  endloop
 endfacet
 facet normal 0.000000 -1.000000 0.000000
  outer loop
   vertex -45.900000 -32.270000 10.000000
   vertex 45.900000 -32.270000 35.125000
   vertex -45.900000 -32.270000 35.125000
  endloop
 endfacet
 facet normal 0.056070 -0.998427 0.000000
  outer loop
   vertex 45.900000 -32.270000 10.000000
   vertex 46.347858 -32.244849 10.000000
   vertex 46.347858 -32.244849 35.125000
  endloop
 endfacet
 facet normal 0.056070 -0.998427 0.000000
  outer loop
   vertex 45.900000 -32.270000 10.000000
   vertex 46.347858 -32.244849 35.125000
   vertex 45.900000 -32.270000 35.125000
  endloop
 endfacet
 facet normal 0.167506 -0.985871 0.000000
  outer loop
   vertex 46.347858 -32.244849 10.000000
   vertex 46.790084 -32.169712 10.000000
   vertex 46.790084 -32.169712 35.125000
  endloop
 endfacet
 facet normal 0.167506 -0.985871 0.000000
  outer loop
   vertex 46.347858 -32.244849 10.000000
   vertex 46.790084 -32.169712 35.125000
   vertex 46.347858 -32.244849 35.125000
  endloop
 endfacet
 facet normal 0.276836 -0.960917 0.000000
  outer loop
   vertex 46.790084 -32.169712 10.000000
   vertex 47.221116 -32.045533 10.000000
   vertex 47.221116 -32.045533 35.125000
  endloop
 endfacet
 facet normal 0.276836 -0.960917 0.000000
  outer loop
   vertex 46.790084 -32.169712 10.000000
   vertex 47.221116 -32.045533 35.125000
   vertex 46.790084 -32.169712 35.125000
  endloop
 endfacet
 facet normal 0.382683 -0.923880 0.000000
  outer loop
   vertex 47.221116 -32.045533 10.000000
   vertex 47.635535 -31.873875 10.000000
   vertex 47.635535 -31.873875 35.125000
  endloop
 endfacet
 facet normal 0.382683 -0.923880 0.000000
  outer loop
   vertex 47.221116 -32.045533 10.000000
   vertex 47.635535 -31.873875 35.125000
   vertex 47.221116 -32.045533 35.125000
  endloop
 endfacet
 facet normal 0.483719 -0.875223 0.000000
  outer loop
   vertex 47.635535 -31.873875 10.000000
   vertex 48.028128 -31.656897 10.000000
   vertex 48.028128 -31.656897 35.125000
  endloop
 endfacet
 facet normal 0.483719 -0.875223 0.000000
  outer loop
   vertex 47.635535 -31.873875 10.000000
   vertex 48.028128 -31.656897 35.125000
   vertex 47.635535 -31.873875 35.125000
  endloop
 endfacet
 facet normal 0.578671 -0.815561 0.000000
  outer loop
   vertex 48.028128 -31.656897 10.000000
   vertex 48.393959 -31.397326 10.000000
   vertex 48.393959 -31.397326 35.125000
  endloop
 endfacet
 facet normal 0.578671 -0.815561 0.000000
  outer loop
   vertex 48.028128 -31.656897 10.000000
   vertex 48.393959 -31.397326 35.125000
   vertex 48.028128 -31.656897 35.125000
  endloop
 endfacet
 facet normal 0.666347 -0.745642 0.000000
  outer loop
   vertex 48.393959 -31.397326 10.000000
   vertex 48.728427 -31.098427 10.000000
   vertex 48.728427 -31.098427 35.125000
  endloop
 endfacet
 facet normal 0.666347 -0.745642 0.000000
  outer loop
   vertex 48.393959 -31.397326 10.000000
   vertex 48.728427 -31.098427 35.125000
   vertex 48.393959 -31.397326 35.125000
  endloop
 endfacet
 facet normal 0.745642 -0.666347 0.000000
  outer loop
   vertex 48.728427 -31.098427 10.000000
   vertex 49.027326 -30.763959 10.000000
   vertex 49.027326 -30.763959 35.125000
  endloop
 endfacet
 facet normal 0.745642 -0.666347 0.000000
  outer loop
   vertex 48.728427 -31.098427 10.000000
   vertex 49.027326 -30.763959 35.125000
   vertex 48.728427 -31.098427 35.125000
  endloop
 endfacet
 facet normal 0.815561 -0.578671 0.000000
  outer loop
   vertex 49.027326 -30.763959 10.000000
   vertex 49.286897 -30.398128 10.000000
   vertex 49.286897 -30.398128 35.125000
  endloop
 endfacet
 facet normal 0.815561 -0.578671 0.000000
  outer loop
   vertex 49.027326 -30.763959 10.000000
   vertex 49.286897 -30.398128 35.125000
   vertex 49.027326 -30.763959 35.125000
  endloop
 endfacet
 facet normal 0.875223 -0.483719 0.000000
  outer loop
   vertex 49.286897 -30.398128 10.000000
   vertex 49.503875 -30.005535 10.000000
   vertex 49.503875 -30.005535 35.125000
  endloop
 endfacet
 facet normal 0.875223 -0.483719 0.000000
  outer loop
   vertex 49.286897 -30.398128 10.000000
   vertex 49.503875 -30.005535 35.125000
   vertex 49.286897 -30.398128 35.125000
  endloop
 endfacet
 facet normal 0.923880 -0.382683 0.000000
  outer loop
   vertex 49.503875 -30.005535 10.000000
   vertex 49.675533 -29.591116 10.000000
   vertex 49.675533 -29.591116 35.125000
  endloop
 endfacet
 facet normal 0.923880 -0.382683 0.000000
  outer loop
   vertex 49.503875 -30.005535 10.000000
   vertex 49.675533 -29.591116 35.125000
   vertex 49.503875 -30.005535 35.125000
  endloop
 endfacet
 facet normal 0.960917 -0.276836 0.000000
  outer loop
   vertex 49.675533 -29.591116 10.000000
   vertex 49.799712 -29.160084 10.000000
   vertex 49.799712 -29.160084 35.125000
  endloop
 endfacet
 facet normal 0.960917 -0.276836 0.000000
  outer loop
   vertex 49.675533 -29.591116 10.000000
   vertex 49.799712 -29.160084 35.125000
   vertex 49.675533 -29.591116 35.125000
  endloop
 endfacet
 facet normal 0.985871 -0.167506 0.000000
  outer loop
   vertex 49.799712 -29.160084 10.000000
   vertex 49.874849 -28.717858 10.000000
   vertex 49.874849 -28.717858 35.125000
  endloop
 endfacet
 facet normal 0.985871 -0.167506 0.000000
  outer loop
   vertex 49.799712 -29.160084 10.000000
   vertex 49.874849 -28.717858 35.125000
   vertex 49.799712 -29.160084 35.125000
  endloop
 endfacet
 facet normal 0.998427 -0.056070 0.000000
  outer loop
   vertex 49.874849 -28.717858 10.000000
   vertex 49.900000 -28.270000 10.000000
   vertex 49.900000 -28.270000 35.125000
  endloop
 endfacet
 facet normal 0.998427 -0.056070 0.000000
  outer loop
   vertex 49.874849 -28.717858 10.000000
   vertex 49.900000 -28.270000 35.125000
   vertex 49.874849 -28.717858 35.125000
  endloop
 endfacet
 facet normal 1.000000 0.000000 0.000000
  outer loop
   vertex 49.900000 -28.270000 10.000000
   vertex 49.900000 23.420000 10.000000
   vertex 49.900000 23.420000 35.125000
  endloop
 endfacet
 facet normal 1.000000 0.000000 0.000000
  outer loop
   vertex 49.900000 -28.270000 10.000000
   vertex 49.900000 23.420000 35.125000
   vertex 49.900000 -28.270000 35.125000
  endloop
 endfacet
 facet normal 0.998427 0.056070 0.000000
  outer loop
   vertex 47.900000 23.420000 10.000000
   vertex 47.887424 23.643929 10.000000
   vertex 47.887424 23.643929 35.125000
  endloop
 endfacet
 facet normal 0.998427 0.056070 -0.000000
  outer loop
   vertex 47.900000 23.420000 10.000000
   vertex 47.887424 23.643929 35.125000
   vertex 47.900000 23.420000 35.125000
  endloop
 endfacet
 facet normal 0.985871 0.167506 0.000000
  outer loop
   vertex 47.887424 23.643929 10.000000
   vertex 47.849856 23.865042 10.000000
   vertex 47.849856 23.865042 35.125000
  endloop
 endfacet
 facet normal 0.985871 0.167506 -0.000000
  outer loop
   vertex 47.887424 23.643929 10.000000
   vertex 47.849856 23.865042 35.125000
   vertex 47.887424 23.643929 35.125000
  endloop
 endfacet
 facet normal 0.960917 0.276836 0.000000
  outer loop
   vertex 47.849856 23.865042 10.000000
   vertex 47.787767 24.080558 10.000000
   vertex 47.787767 24.080558 35.125000
  endloop
 endfacet
 facet normal 0.960917 0.276836 -0.000000
  outer loop
   vertex 47.849856 23.865042 10.000000
   vertex 47.787767 24.080558 35.125000
   vertex 47.849856 23.865042 35.125000
  endloop
 endfacet
 facet normal 0.923880 0.382683 0.000000
  outer loop
   vertex 47.787767 24.080558 10.000000
   vertex 47.701938 24.287767 10.000000
   vertex 47.701938 24.287767 35.125000
  endloop
 endfacet
 facet normal 0.923880 0.382683 -0.000000
  outer loop
   vertex 47.787767 24.080558 10.000000
   vertex 47.701938 24.287767 35.125000
   vertex 47.787767 24.080558 35.125000
  endloop
 endfacet
 facet normal 0.875223 0.483719 0.000000
  outer loop
   vertex 47.701938 24.287767 10.000000
   vertex 47.593448 24.484064 10.000000
   vertex 47.593448 24.484064 35.125000
  endloop
 endfacet
 facet normal 0.875223 0.483719 -0.000000
  outer loop
   vertex 47.701938 24.287767 10.000000
   vertex 47.593448 24.484064 35.125000
   vertex 47.701938 24.287767 35.125000
  endloop
 endfacet
 facet normal 0.815561 0.578671 0.000000
  outer loop
   vertex 47.593448 24.484064 10.000000
   vertex 47.463663 24.666980 10.000000
   vertex 47.463663 24.666980 35.125000
  endloop
 endfacet
 facet normal 0.815561 0.578671 -0.000000
  outer loop
   vertex 47.593448 24.484064 10.000000
   vertex 47.463663 24.666980 35.125000
   vertex 47.593448 24.484064 35.125000
  endloop
 endfacet
 facet normal 0.745642 0.666347 0.000000
  outer loop
   vertex 47.463663 24.666980 10.000000
   vertex 47.314214 24.834214 10.000000
   vertex 47.314214 24.834214 35.125000
  endloop
 endfacet
 facet normal 0.745642 0.666347 -0.000000
  outer loop
   vertex 47.463663 24.666980 10.000000
   vertex 47.314214 24.834214 35.125000
   vertex 47.463663 24.666980 35.125000
  endloop
 endfacet
 facet normal 0.666347 0.745642 0.000000
  outer loop
   vertex 47.314214 24.834214 10.000000
   vertex 47.146980 24.983663 10.000000
   vertex 47.146980 24.983663 35.125000
  endloop
 endfacet
 facet normal 0.666347 0.745642 -0.000000
  outer loop
   vertex 47.314214 24.834214 10.000000
   vertex 47.146980 24.983663 35.125000
   vertex 47.314214 24.834214 35.125000
  endloop
 endfacet
 facet normal 0.578671 0.815561 0.000000
  outer loop
   vertex 47.146980 24.983663 10.000000
   vertex 46.964064 25.113448 10.000000
   vertex 46.964064 25.113448 35.125000
  endloop
 endfacet
 facet normal 0.578671 0.815561 -0.000000
  outer loop
   vertex 47.146980 24.983663 10.000000
   vertex 46.964064 25.113448 35.125000
   vertex 47.146980 24.983663 35.125000
  endloop
 endfacet
 facet normal 0.483719 0.875223 0.000000
  outer loop
   vertex 46.964064 25.113448 10.000000
   vertex 46.767767 25.221938 10.000000
   vertex 46.767767 25.221938 35.125000
  endloop
 endfacet
 facet normal 0.483719 0.875223 -0.000000
  outer loop
   vertex 46.964064 25.113448 10.000000
   vertex 46.767767 25.221938 35.125000
   vertex 46.964064 25.113448 35.125000
  endloop
 endfacet
 facet normal 0.382683 0.923880 0.000000
  outer loop
   vertex 46.767767 25.221938 10.000000
   vertex 46.560558 25.307767 10.000000
   vertex 46.560558 25.307767 35.125000
  endloop
 endfacet
 facet normal 0.382683 0.923880 -0.000000
  outer loop
   vertex 46.767767 25.221938 10.000000
   vertex 46.560558 25.307767 35.125000
   vertex 46.767767 25.221938 35.125000
  endloop
 endfacet
 facet normal 0.276836 0.960917 0.000000
  outer loop
   vertex 46.560558 25.307767 10.000000
   vertex 46.345042 25.369856 10.000000
   vertex 46.345042 25.369856 35.125000
  endloop
 endfacet
 facet normal 0.276836 0.960917 -0.000000
  outer loop
   vertex 46.560558 25.307767 10.000000
   vertex 46.345042 25.369856 35.125000
   vertex 46.560558 25.307767 35.125000
  endloop
 endfacet
 facet normal 0.167506 0.985871 0.000000
  outer loop
   vertex 46.345042 25.369856 10.000000
   vertex 46.123929 25.407424 10.000000
   vertex 46.123929 25.407424 35.125000
  endloop
 endfacet
 facet normal 0.167506 0.985871 -0.000000
  outer loop
   vertex 46.345042 25.369856 10.000000
   vertex 46.123929 25.407424 35.125000
   vertex 46.345042 25.369856 35.125000
  endloop
 endfacet
 facet normal 0.056070 0.998427 0.000000
  outer loop
   vertex 46.123929 25.407424 10.000000
   vertex 45.900000 25.420000 10.000000
   vertex 45.900000 25.420000 35.125000
  endloop
 endfacet
 facet normal 0.056070 0.998427 -0.000000
  outer loop
   vertex 46.123929 25.407424 10.000000
   vertex 45.900000 25.420000 35.125000
   vertex 46.123929 25.407424 35.125000
  endloop
 endfacet
 facet normal 0.000000 1.000000 0.000000
  outer loop
   vertex 45.900000 25.420000 10.000000
   vertex -45.900000 25.420000 10.000000
   vertex -45.900000 25.420000 35.125000
  endloop
 endfacet
 facet normal 0.000000 1.000000 -0.000000
  outer loop
   vertex 45.900000 25.420000 10.000000
   vertex -45.900000 25.420000 35.125000
   vertex 45.900000 25.420000 35.125000
  endloop
 endfacet
 facet normal -0.056070 0.998427 0.000000
  outer loop
   vertex -45.900000 25.420000 10.000000
   vertex -46.123929 25.407424 10.000000
   vertex -46.123929 25.407424 35.125000
  endloop
 endfacet
 facet normal -0.056070 0.998427 0.000000
  outer loop
   vertex -45.900000 25.420000 10.000000
   vertex -46.123929 25.407424 35.125000
   vertex -45.900000 25.420000 35.125000
  endloop
 endfacet
 facet normal -0.167506 0.985871 0.000000
  outer loop
   vertex -46.123929 25.407424 10.000000
   vertex -46.345042 25.369856 10.000000
   vertex -46.345042 25.369856 35.125000
  endloop
 endfacet
 facet normal -0.167506 0.985871 0.000000
  outer loop
   vertex -46.123929 25.407424 10.000000
   vertex -46.345042 25.369856 35.125000
   vertex -46.123929 25.407424 35.125000
  endloop
 endfacet
 facet normal -0.276836 0.960917 0.000000
  outer loop
   vertex -46.345042 25.369856 10.000000
   vertex -46.560558 25.307767 10.000000
   vertex -46.560558 25.307767 35.125000
  endloop
 endfacet
 facet normal -0.276836 0.960917 0.000000
  outer loop
   vertex -46.345042 25.369856 10.000000
   vertex -46.560558 25.307767 35.125000
   vertex -46.345042 25.369856 35.125000
  endloop
 endfacet
 facet normal -0.382683 0.923880 0.000000
  outer loop
   vertex -46.560558 25.307767 10.000000
   vertex -46.767767 25.221938 10.000000
   vertex -46.767767 25.221938 35.125000
  endloop
 endfacet
 facet normal -0.382683 0.923880 0.000000
  outer loop
   vertex -46.560558 25.307767 10.000000
   vertex -46.767767 25.221938 35.125000
   vertex -46.560558 25.307767 35.125000
  endloop
 endfacet
 facet normal -0.483719 0.875223 0.000000
  outer loop
   vertex -46.767767 25.221938 10.000000
   vertex -46.964064 25.113448 10.000000
   vertex -46.964064 25.113448 35.125000
  endloop
 endfacet
 facet normal -0.483719 0.875223 0.000000
  outer loop
   vertex -46.767767 25.221938 10.000000
   vertex -46.964064 25.113448 35.125000
   vertex -46.767767 25.221938 35.125000
  endloop
 endfacet
 facet normal -0.578671 0.815561 0.000000
  outer loop
   vertex -46.964064 25.113448 10.000000
   vertex -47.146980 24.983663 10.000000
   vertex -47.146980 24.983663 35.125000
  endloop
 endfacet
 facet normal -0.578671 0.815561 0.000000
  outer loop
   vertex -46.964064 25.113448 10.000000
   vertex -47.146980 24.983663 35.125000
   vertex -46.964064 25.113448 35.125000
  endloop
 endfacet
 facet normal -0.666347 0.745642 0.000000
  outer loop
   vertex -47.146980 24.983663 10.000000
   vertex -47.314214 24.834214 10.000000
   vertex -47.314214 24.834214 35.125000
  endloop
 endfacet
 facet normal -0.666347 0.745642 0.000000
  outer loop
   vertex -47.146980 24.983663 10.000000
   vertex -47.314214 24.834214 35.125000
   vertex -47.146980 24.983663 35.125000
  endloop
 endfacet
 facet normal -0.745642 0.666347 0.000000
  outer loop
   vertex -47.314214 24.834214 10.000000
   vertex -47.463663 24.666980 10.000000
   vertex -47.463663 24.666980 35.125000
  endloop
 endfacet
 facet normal -0.745642 0.666347 0.000000
  outer loop
   vertex -47.314214 24.834214 10.000000
   vertex -47.463663 24.666980 35.125000
   vertex -47.314214 24.834214 35.125000
  endloop
 endfacet
 facet normal -0.815561 0.578671 0.000000
  outer loop
   vertex -47.463663 24.666980 10.000000
   vertex -47.593448 24.484064 10.000000
   vertex -47.593448 24.484064 35.125000
  endloop
 endfacet
 facet normal -0.815561 0.578671 0.000000
  outer loop
   vertex -47.463663 24.666980 10.000000
   vertex -47.593448 24.484064 35.125000
   vertex -47.463663 24.666980 35.125000
  endloop
 endfacet
 facet normal -0.875223 0.483719 0.000000
  outer loop
   vertex -47.593448 24.484064 10.000000
   vertex -47.701938 24.287767 10.000000
   vertex -47.701938 24.287767 35.125000
  endloop
 endfacet
 facet normal -0.875223 0.483719 0.000000
  outer loop
   vertex -47.593448 24.484064 10.000000
   vertex -47.701938 24.287767 35.125000
   vertex -47.593448 24.484064 35.125000
  endloop
 endfacet
 facet normal -0.923880 0.382683 0.000000
  outer loop
   vertex -47.701938 24.287767 10.000000
   vertex -47.787767 24.080558 10.000000
   vertex -47.787767 24.080558 35.125000
  endloop
 endfacet
 facet normal -0.923880 0.382683 0.000000
  outer loop
   vertex -47.701938 24.287767 10.000000
   vertex -47.787767 24.080558 35.125000
   vertex -47.701938 24.287767 35.125000
  endloop
 endfacet
 facet normal -0.960917 0.276836 0.000000
  outer loop
   vertex -47.787767 24.080558 10.000000
   vertex -47.849856 23.865042 10.000000
   vertex -47.849856 23.865042 35.125000
  endloop
 endfacet
 facet normal -0.960917 0.276836 0.000000
  outer loop
   vertex -47.787767 24.080558 10.000000
   vertex -47.849856 23.865042 35.125000
   vertex -47.787767 24.080558 35.125000
  endloop
 endfacet
 facet normal -0.985871 0.167506 0.000000
  outer loop
   vertex -47.849856 23.865042 10.000000
   vertex -47.887424 23.643929 10.000000
   vertex -47.887424 23.643929 35.125000
  endloop
 endfacet
 facet normal -0.985871 0.167506 0.000000
  outer loop
   vertex -47.849856 23.865042 10.000000
   vertex -47.887424 23.643929 35.125000
   vertex -47.849856 23.865042 35.125000
  endloop
 endfacet
 facet normal -0.998427 0.056070 0.000000
  outer loop
   vertex -47.887424 23.643929 10.000000
   vertex -47.900000 23.420000 10.000000
   vertex -47.900000 23.420000 35.125000
  endloop
 endfacet
 facet normal -0.998427 0.056070 0.000000
  outer loop
   vertex -47.887424 23.643929 10.000000
   vertex -47.900000 23.420000 35.125000
   vertex -47.887424 23.643929 35.125000
  endloop
 endfacet
 facet normal -1.000000 0.000000 0.000000
  outer loop
   vertex -47.900000 23.420000 10.000000
   vertex -47.900000 -28.270000 10.000000
   vertex -47.900000 -28.270000 35.125000
  endloop
 endfacet
 facet normal -1.000000 0.000000 0.000000
  outer loop
   vertex -47.900000 23.420000 10.000000
   vertex -47.900000 -28.270000 35.125000
   vertex -47.900000 23.420000 35.125000
  endloop
 endfacet
 facet normal -0.998427 -0.056070 0.000000
  outer loop
   vertex -47.900000 -28.270000 10.000000
   vertex -47.887424 -28.493929 10.000000
   vertex -47.887424 -28.493929 35.125000
  endloop
 endfacet
 facet normal -0.998427 -0.056070 0.000000
  outer loop
   vertex -47.900000 -28.270000 10.000000
   vertex -47.887424 -28.493929 35.125000
   vertex -47.900000 -28.270000 35.125000
  endloop
 endfacet
 facet normal -0.985871 -0.167506 0.000000
  outer loop
   vertex -47.887424 -28.493929 10.000000
   vertex -47.849856 -28.715042 10.000000
   vertex -47.849856 -28.715042 35.125000
  endloop
 endfacet
 facet normal -0.985871 -0.167506 0.000000
  outer loop
   vertex -47.887424 -28.493929 10.000000
   vertex -47.849856 -28.715042 35.125000
   vertex -47.887424 -28.493929 35.125000
  endloop
 endfacet
 facet normal -0.960917 -0.276836 0.000000
  outer loop
   vertex -47.849856 -28.715042 10.000000
   vertex -47.787767 -28.930558 10.000000
   vertex -47.787767 -28.930558 35.125000
  endloop
 endfacet
 facet normal -0.960917 -0.276836 0.000000
  outer loop
   vertex -47.849856 -28.715042 10.000000
   vertex -47.787767 -28.930558 35.125000
   vertex -47.849856 -28.715042 35.125000
  endloop
 endfacet
 facet normal -0.923880 -0.382683 0.000000
  outer loop
   vertex -47.787767 -28.930558 10.000000
   vertex -47.701938 -29.137767 10.000000
   vertex -47.701938 -29.137767 35.125000
  endloop
 endfacet
 facet normal -0.923880 -0.382683 0.000000
  outer loop
   vertex -47.787767 -28.930558 10.000000
   vertex -47.701938 -29.137767 35.125000
   vertex -47.787767 -28.930558 35.125000
  endloop
 endfacet
 facet normal -0.875223 -0.483719 0.000000
  outer loop
   vertex -47.701938 -29.137767 10.000000
   vertex -47.593448 -29.334064 10.000000
   vertex -47.593448 -29.334064 35.125000
  endloop
 endfacet
 facet normal -0.875223 -0.483719 0.000000
  outer loop
   vertex -47.701938 -29.137767 10.000000
   vertex -47.593448 -29.334064 35.125000
   vertex -47.701938 -29.137767 35.125000
  endloop
 endfacet
 facet normal -0.815561 -0.578671 0.000000
  outer loop
   vertex -47.593448 -29.334064 10.000000
   vertex -47.463663 -29.516980 10.000000
   vertex -47.463663 -29.516980 35.125000
  endloop
 endfacet
 facet normal -0.815561 -0.578671 0.000000
  outer loop
   vertex -47.593448 -29.334064 10.000000
   vertex -47.463663 -29.516980 35.125000
   vertex -47.593448 -29.334064 35.125000
  endloop
 endfacet
 facet normal -0.745642 -0.666347 0.000000
  outer loop
   vertex -47.463663 -29.516980 10.000000
   vertex -47.314214 -29.684214 10.000000
   vertex -47.314214 -29.684214 35.125000
  endloop
 endfacet
 facet normal -0.745642 -0.666347 0.000000
  outer loop
   vertex -47.463663 -29.516980 10.000000
   vertex -47.314214 -29.684214 35.125000
   vertex -47.463663 -29.516980 35.125000
  endloop
 endfacet
 facet normal -0.666347 -0.745642 0.000000
  outer loop
   vertex -47.314214 -29.684214 10.000000
   vertex -47.146980 -29.833663 10.000000
   vertex -47.146980 -29.833663 35.125000
  endloop
 endfacet
 facet normal -0.666347 -0.745642 0.000000
  outer loop
   vertex -47.314214 -29.684214 10.000000
   vertex -47.146980 -29.833663 35.125000
   vertex -47.314214 -29.684214 35.125000
  endloop
 endfacet
 facet normal -0.578671 -0.815561 0.000000
  outer loop
   vertex -47.146980 -29.833663 10.000000
   vertex -46.964064 -29.963448 10.000000
   vertex -46.964064 -29.963448 35.125000
  endloop
 endfacet
 facet normal -0.578671 -0.815561 0.000000
  outer loop
   vertex -47.146980 -29.833663 10.000000
   vertex -46.964064 -29.963448 35.125000
   vertex -47.146980 -29.833663 35.125000
  endloop
 endfacet
 facet normal -0.483719 -0.875223 0.000000
  outer loop
   vertex -46.964064 -29.963448 10.000000
   vertex -46.767767 -30.071938 10.000000
   vertex -46.767767 -30.071938 35.125000
  endloop
 endfacet
 facet normal -0.483719 -0.875223 0.000000
  outer loop
   vertex -46.964064 -29.963448 10.000000
   vertex -46.767767 -30.071938 35.125000
   vertex -46.964064 -29.963448 35.125000
  endloop
 endfacet
 facet normal -0.382683 -0.923880 0.000000
  outer loop
   vertex -46.767767 -30.071938 10.000000
   vertex -46.560558 -30.157767 10.000000
   vertex -46.560558 -30.157767 35.125000
  endloop
 endfacet
 facet normal -0.382683 -0.923880 0.000000
  outer loop
   vertex -46.767767 -30.071938 10.000000
   vertex -46.560558 -30.157767 35.125000
   vertex -46.767767 -30.071938 35.125000
  endloop
 endfacet
 facet normal -0.276836 -0.960917 0.000000
  outer loop
   vertex -46.560558 -30.157767 10.000000
   vertex -46.345042 -30.219856 10.000000
   vertex -46.345042 -30.219856 35.125000
  endloop
 endfacet
 facet normal -0.276836 -0.960917 0.000000
  outer loop
   vertex -46.560558 -30.157767 10.000000
   vertex -46.345042 -30.219856 35.125000
   vertex -46.560558 -30.157767 35.125000
  endloop
 endfacet
 facet normal -0.167506 -0.985871 0.000000
  outer loop
   vertex -46.345042 -30.219856 10.000000
   vertex -46.123929 -30.257424 10.000000
   vertex -46.123929 -30.257424 35.125000
  endloop
 endfacet
 facet normal -0.167506 -0.985871 0.000000
  outer loop
   vertex -46.345042 -30.219856 10.000000
   vertex -46.123929 -30.257424 35.125000
   vertex -46.345042 -30.219856 35.125000
  endloop
 endfacet
 facet normal -0.056070 -0.998427 0.000000
  outer loop
   vertex -46.123929 -30.257424 10.000000
   vertex -45.900000 -30.270000 10.000000
   vertex -45.900000 -30.270000 35.125000
  endloop
 endfacet
 facet normal -0.056070 -0.998427 0.000000
  outer loop
   vertex -46.123929 -30.257424 10.000000
   vertex -45.900000 -30.270000 35.125000
   vertex -46.123929 -30.257424 35.125000
  endloop
 endfacet
 facet normal 0.000000 -1.000000 0.000000
  outer loop
   vertex -45.900000 -30.270000 10.000000
   vertex 45.900000 -30.270000 10.000000
   vertex 45.900000 -30.270000 35.125000
  endloop
 endfacet
 facet normal 0.000000 -1.000000 0.000000
  outer loop
   vertex -45.900000 -30.270000 10.000000
   vertex 45.900000 -30.270000 35.125000
   vertex -45.900000 -30.270000 35.125000
  endloop
 endfacet
 facet normal 0.056070 -0.998427 0.000000
  outer loop
   vertex 45.900000 -30.270000 10.000000
   vertex 46.123929 -30.257424 10.000000
   vertex 46.123929 -30.257424 35.125000
  endloop
 endfacet
 facet normal 0.056070 -0.998427 0.000000
  outer loop
   vertex 45.900000 -30.270000 10.000000
   vertex 46.123929 -30.257424 35.125000
   vertex 45.900000 -30.270000 35.125000
  endloop
 endfacet
 facet normal 0.167506 -0.985871 0.000000
  outer loop
   vertex 46.123929 -30.257424 10.000000
   vertex 46.345042 -30.219856 10.000000
   vertex 46.345042 -30.219856 35.125000
  endloop
 endfacet
 facet normal 0.167506 -0.985871 0.000000
  outer loop
   vertex 46.123929 -30.257424 10.000000
   vertex 46.345042 -30.219856 35.125000
   vertex 46.123929 -30.257424 35.125000
  endloop
 endfacet
 facet normal 0.276836 -0.960917 0.000000
  outer loop
   vertex 46.345042 -30.219856 10.000000
   vertex 46.560558 -30.157767 10.000000
   vertex 46.560558 -30.157767 35.125000
  endloop
 endfacet
 facet normal 0.276836 -0.960917 0.000000
  outer loop
   vertex 46.345042 -30.219856 10.000000
   vertex 46.560558 -30.157767 35.125000
   vertex 46.345042 -30.219856 35.125000
  endloop
 endfacet
 facet normal 0.382683 -0.923880 0.000000
  outer loop
   vertex 46.560558 -30.157767 10.000000
   vertex 46.767767 -30.071938 10.000000
   vertex 46.767767 -30.071938 35.125000
  endloop
 endfacet
 facet normal 0.382683 -0.923880 0.000000
  outer loop
   vertex 46.560558 -30.157767 10.000000
   vertex 46.767767 -30.071938 35.125000
   vertex 46.560558 -30.157767 35.125000
  endloop
 endfacet
 facet normal 0.483719 -0.875223 0.000000
  outer loop
   vertex 46.767767 -30.071938 10.000000
   vertex 46.964064 -29.963448 10.000000
   vertex 46.964064 -29.963448 35.125000
  endloop
 endfacet
 facet normal 0.483719 -0.875223 0.000000
  outer loop
   vertex 46.767767 -30.071938 10.000000
   vertex 46.964064 -29.963448 35.125000
   vertex 46.767767 -30.071938 35.125000
  endloop
 endfacet
 facet normal 0.578671 -0.815561 0.000000
  outer loop
   vertex 46.964064 -29.963448 10.000000
   vertex 47.146980 -29.833663 10.000000
   vertex 47.146980 -29.833663 35.125000
  endloop
 endfacet
 facet normal 0.578671 -0.815561 0.000000
  outer loop
   vertex 46.964064 -29.963448 10.000000
   vertex 47.146980 -29.833663 35.125000
   vertex 46.964064 -29.963448 35.125000
  endloop
 endfacet
 facet normal 0.666347 -0.745642 0.000000
  outer loop
   vertex 47.146980 -29.833663 10.000000
   vertex 47.314214 -29.684214 10.000000
   vertex 47.314214 -29.684214 35.125000
  endloop
 endfacet
 facet normal 0.666347 -0.745642 0.000000
  outer loop
   vertex 47.146980 -29.833663 10.000000
   vertex 47.314214 -29.684214 35.125000
   vertex 47.146980 -29.833663 35.125000
  endloop
 endfacet
 facet normal 0.745642 -0.666347 0.000000
  outer loop
   vertex 47.314214 -29.684214 10.000000
   vertex 47.463663 -29.516980 10.000000
   vertex 47.463663 -29.516980 35.125000
  endloop
 endfacet
 facet normal 0.745642 -0.666347 0.000000
  outer loop
   vertex 47.314214 -29.684214 10.000000
   vertex 47.463663 -29.516980 35.125000
   vertex 47.314214 -29.684214 35.125000
  endloop
 endfacet
 facet normal 0.815561 -0.578671 0.000000
  outer loop
   vertex 47.463663 -29.516980 10.000000
   vertex 47.593448 -29.334064 10.000000
   vertex 47.593448 -29.334064 35.125000
  endloop
 endfacet
 facet normal 0.815561 -0.578671 0.000000
  outer loop
   vertex 47.463663 -29.516980 10.000000
   vertex 47.593448 -29.334064 35.125000
   vertex 47.463663 -29.516980 35.125000
  endloop
 endfacet
 facet normal 0.875223 -0.483719 0.000000
  outer loop
   vertex 47.593448 -29.334064 10.000000
   vertex 47.701938 -29.137767 10.000000
   vertex 47.701938 -29.137767 35.125000
  endloop
 endfacet
 facet normal 0.875223 -0.483719 0.000000
  outer loop
   vertex 47.593448 -29.334064 10.000000
   vertex 47.701938 -29.137767 35.125000
   vertex 47.593448 -29.334064 35.125000
  endloop
 endfacet
 facet normal 0.923880 -0.382683 0.000000
  outer loop
   vertex 47.701938 -29.137767 10.000000
   vertex 47.787767 -28.930558 10.000000
   vertex 47.787767 -28.930558 35.125000
  endloop
 endfacet
 facet normal 0.923880 -0.382683 0.000000
  outer loop
   vertex 47.701938 -29.137767 10.000000
   vertex 47.787767 -28.930558 35.125000
   vertex 47.701938 -29.137767 35.125000
  endloop
 endfacet
 facet normal 0.960917 -0.276836 0.000000
  outer loop
   vertex 47.787767 -28.930558 10.000000
   vertex 47.849856 -28.715042 10.000000
   vertex 47.849856 -28.715042 35.125000
  endloop
 endfacet
 facet normal 0.960917 -0.276836 0.000000
  outer loop
   vertex 47.787767 -28.930558 10.000000
   vertex 47.849856 -28.715042 35.125000
   vertex 47.787767 -28.930558 35.125000
  endloop
 endfacet
 facet normal 0.985871 -0.167506 0.000000
  outer loop
   vertex 47.849856 -28.715042 10.000000
   vertex 47.887424 -28.493929 10.000000
   vertex 47.887424 -28.493929 35.125000
  endloop
 endfacet
 facet normal 0.985871 -0.167506 0.000000
  outer loop
   vertex 47.849856 -28.715042 10.000000
   vertex 47.887424 -28.493929 35.125000
   vertex 47.849856 -28.715042 35.125000
  endloop
 endfacet
 facet normal 0.998427 -0.056070 0.000000
  outer loop
   vertex 47.887424 -28.493929 10.000000
   vertex 47.900000 -28.270000 10.000000
   vertex 47.900000 -28.270000 35.125000
  endloop
 endfacet
 facet normal 0.998427 -0.056070 0.000000
  outer loop
   vertex 47.887424 -28.493929 10.000000
   vertex 47.900000 -28.270000 35.125000
   vertex 47.887424 -28.493929 35.125000
  endloop
 endfacet
 facet normal 1.000000 0.000000 0.000000
  outer loop
   vertex 47.900000 -28.270000 10.000000
   vertex 47.900000 23.420000 10.000000
   vertex 47.900000 23.420000 35.125000
  endloop
 endfacet
 facet normal 1.000000 0.000000 0.000000
  outer loop
   vertex 47.900000 -28.270000 10.000000
   vertex 47.900000 23.420000 35.125000
   vertex 47.900000 -28.270000 35.125000
  endloop
 endfacet
 facet normal -0.996195 -0.087156 0.000000
  outer loop
   vertex -38.200000 -22.270000 35.025000
   vertex -38.225827 -21.974798 37.225000
   vertex -38.225827 -21.974798 35.025000
  endloop
 endfacet
 facet normal -0.996195 -0.087156 0.000000
  outer loop
   vertex -38.200000 -22.270000 35.025000
   vertex -38.200000 -22.270000 37.225000
   vertex -38.225827 -21.974798 37.225000
  endloop
 endfacet
 facet normal -0.965926 -0.258819 0.000000
  outer loop
   vertex -38.225827 -21.974798 35.025000
   vertex -38.302523 -21.688566 37.225000
   vertex -38.302523 -21.688566 35.025000
  endloop
 endfacet
 facet normal -0.965926 -0.258819 0.000000
  outer loop
   vertex -38.225827 -21.974798 35.025000
   vertex -38.225827 -21.974798 37.225000
   vertex -38.302523 -21.688566 37.225000
  endloop
 endfacet
 facet normal -0.906308 -0.422618 0.000000
  outer loop
   vertex -38.302523 -21.688566 35.025000
   vertex -38.427757 -21.420000 37.225000
   vertex -38.427757 -21.420000 35.025000
  endloop
 endfacet
 facet normal -0.906308 -0.422618 0.000000
  outer loop
   vertex -38.302523 -21.688566 35.025000
   vertex -38.302523 -21.688566 37.225000
   vertex -38.427757 -21.420000 37.225000
  endloop
 endfacet
 facet normal -0.819152 -0.573576 0.000000
  outer loop
   vertex -38.427757 -21.420000 35.025000
   vertex -38.597724 -21.177261 37.225000
   vertex -38.597724 -21.177261 35.025000
  endloop
 endfacet
 facet normal -0.819152 -0.573576 0.000000
  outer loop
   vertex -38.427757 -21.420000 35.025000
   vertex -38.427757 -21.420000 37.225000
   vertex -38.597724 -21.177261 37.225000
  endloop
 endfacet
 facet normal -0.707107 -0.707107 0.000000
  outer loop
   vertex -38.597724 -21.177261 35.025000
   vertex -38.807261 -20.967724 37.225000
   vertex -38.807261 -20.967724 35.025000
  endloop
 endfacet
 facet normal -0.707107 -0.707107 0.000000
  outer loop
   vertex -38.597724 -21.177261 35.025000
   vertex -38.597724 -21.177261 37.225000
   vertex -38.807261 -20.967724 37.225000
  endloop
 endfacet
 facet normal -0.573576 -0.819152 0.000000
  outer loop
   vertex -38.807261 -20.967724 35.025000
   vertex -39.050000 -20.797757 37.225000
   vertex -39.050000 -20.797757 35.025000
  endloop
 endfacet
 facet normal -0.573576 -0.819152 0.000000
  outer loop
   vertex -38.807261 -20.967724 35.025000
   vertex -38.807261 -20.967724 37.225000
   vertex -39.050000 -20.797757 37.225000
  endloop
 endfacet
 facet normal -0.422618 -0.906308 0.000000
  outer loop
   vertex -39.050000 -20.797757 35.025000
   vertex -39.318566 -20.672523 37.225000
   vertex -39.318566 -20.672523 35.025000
  endloop
 endfacet
 facet normal -0.422618 -0.906308 0.000000
  outer loop
   vertex -39.050000 -20.797757 35.025000
   vertex -39.050000 -20.797757 37.225000
   vertex -39.318566 -20.672523 37.225000
  endloop
 endfacet
 facet normal -0.258819 -0.965926 0.000000
  outer loop
   vertex -39.318566 -20.672523 35.025000
   vertex -39.604798 -20.595827 37.225000
   vertex -39.604798 -20.595827 35.025000
  endloop
 endfacet
 facet normal -0.258819 -0.965926 0.000000
  outer loop
   vertex -39.318566 -20.672523 35.025000
   vertex -39.318566 -20.672523 37.225000
   vertex -39.604798 -20.595827 37.225000
  endloop
 endfacet
 facet normal -0.087156 -0.996195 0.000000
  outer loop
   vertex -39.604798 -20.595827 35.025000
   vertex -39.900000 -20.570000 37.225000
   vertex -39.900000 -20.570000 35.025000
  endloop
 endfacet
 facet normal -0.087156 -0.996195 0.000000
  outer loop
   vertex -39.604798 -20.595827 35.025000
   vertex -39.604798 -20.595827 37.225000
   vertex -39.900000 -20.570000 37.225000
  endloop
 endfacet
 facet normal 0.087156 -0.996195 0.000000
  outer loop
   vertex -39.900000 -20.570000 35.025000
   vertex -40.195202 -20.595827 37.225000
   vertex -40.195202 -20.595827 35.025000
  endloop
 endfacet
 facet normal 0.087156 -0.996195 0.000000
  outer loop
   vertex -39.900000 -20.570000 35.025000
   vertex -39.900000 -20.570000 37.225000
   vertex -40.195202 -20.595827 37.225000
  endloop
 endfacet
 facet normal 0.258819 -0.965926 0.000000
  outer loop
   vertex -40.195202 -20.595827 35.025000
   vertex -40.481434 -20.672523 37.225000
   vertex -40.481434 -20.672523 35.025000
  endloop
 endfacet
 facet normal 0.258819 -0.965926 0.000000
  outer loop
   vertex -40.195202 -20.595827 35.025000
   vertex -40.195202 -20.595827 37.225000
   vertex -40.481434 -20.672523 37.225000
  endloop
 endfacet
 facet normal 0.422618 -0.906308 0.000000
  outer loop
   vertex -40.481434 -20.672523 35.025000
   vertex -40.750000 -20.797757 37.225000
   vertex -40.750000 -20.797757 35.025000
  endloop
 endfacet
 facet normal 0.422618 -0.906308 0.000000
  outer loop
   vertex -40.481434 -20.672523 35.025000
   vertex -40.481434 -20.672523 37.225000
   vertex -40.750000 -20.797757 37.225000
  endloop
 endfacet
 facet normal 0.573576 -0.819152 0.000000
  outer loop
   vertex -40.750000 -20.797757 35.025000
   vertex -40.992739 -20.967724 37.225000
   vertex -40.992739 -20.967724 35.025000
  endloop
 endfacet
 facet normal 0.573576 -0.819152 0.000000
  outer loop
   vertex -40.750000 -20.797757 35.025000
   vertex -40.750000 -20.797757 37.225000
   vertex -40.992739 -20.967724 37.225000
  endloop
 endfacet
 facet normal 0.707107 -0.707107 0.000000
  outer loop
   vertex -40.992739 -20.967724 35.025000
   vertex -41.202276 -21.177261 37.225000
   vertex -41.202276 -21.177261 35.025000
  endloop
 endfacet
 facet normal 0.707107 -0.707107 0.000000
  outer loop
   vertex -40.992739 -20.967724 35.025000
   vertex -40.992739 -20.967724 37.225000
   vertex -41.202276 -21.177261 37.225000
  endloop
 endfacet
 facet normal 0.819152 -0.573576 0.000000
  outer loop
   vertex -41.202276 -21.177261 35.025000
   vertex -41.372243 -21.420000 37.225000
   vertex -41.372243 -21.420000 35.025000
  endloop
 endfacet
 facet normal 0.819152 -0.573576 0.000000
  outer loop
   vertex -41.202276 -21.177261 35.025000
   vertex -41.202276 -21.177261 37.225000
   vertex -41.372243 -21.420000 37.225000
  endloop
 endfacet
 facet normal 0.906308 -0.422618 0.000000
  outer loop
   vertex -41.372243 -21.420000 35.025000
   vertex -41.497477 -21.688566 37.225000
   vertex -41.497477 -21.688566 35.025000
  endloop
 endfacet
 facet normal 0.906308 -0.422618 0.000000
  outer loop
   vertex -41.372243 -21.420000 35.025000
   vertex -41.372243 -21.420000 37.225000
   vertex -41.497477 -21.688566 37.225000
  endloop
 endfacet
 facet normal 0.965926 -0.258819 0.000000
  outer loop
   vertex -41.497477 -21.688566 35.025000
   vertex -41.574173 -21.974798 37.225000
   vertex -41.574173 -21.974798 35.025000
  endloop
 endfacet
 facet normal 0.965926 -0.258819 0.000000
  outer loop
   vertex -41.497477 -21.688566 35.025000
   vertex -41.497477 -21.688566 37.225000
   vertex -41.574173 -21.974798 37.225000
  endloop
 endfacet
 facet normal 0.996195 -0.087156 0.000000
  outer loop
   vertex -41.574173 -21.974798 35.025000
   vertex -41.600000 -22.270000 37.225000
   vertex -41.600000 -22.270000 35.025000
  endloop
 endfacet
 facet normal 0.996195 -0.087156 0.000000
  outer loop
   vertex -41.574173 -21.974798 35.025000
   vertex -41.574173 -21.974798 37.225000
   vertex -41.600000 -22.270000 37.225000
  endloop
 endfacet
 facet normal 0.996195 0.087156 0.000000
  outer loop
   vertex -41.600000 -22.270000 35.025000
   vertex -41.574173 -22.565202 37.225000
   vertex -41.574173 -22.565202 35.025000
  endloop
 endfacet
 facet normal 0.996195 0.087156 -0.000000
  outer loop
   vertex -41.600000 -22.270000 35.025000
   vertex -41.600000 -22.270000 37.225000
   vertex -41.574173 -22.565202 37.225000
  endloop
 endfacet
 facet normal 0.965926 0.258819 0.000000
  outer loop
   vertex -41.574173 -22.565202 35.025000
   vertex -41.497477 -22.851434 37.225000
   vertex -41.497477 -22.851434 35.025000
  endloop
 endfacet
 facet normal 0.965926 0.258819 -0.000000
  outer loop
   vertex -41.574173 -22.565202 35.025000
   vertex -41.574173 -22.565202 37.225000
   vertex -41.497477 -22.851434 37.225000
  endloop
 endfacet
 facet normal 0.906308 0.422618 0.000000
  outer loop
   vertex -41.497477 -22.851434 35.025000
   vertex -41.372243 -23.120000 37.225000
   vertex -41.372243 -23.120000 35.025000
  endloop
 endfacet
 facet normal 0.906308 0.422618 -0.000000
  outer loop
   vertex -41.497477 -22.851434 35.025000
   vertex -41.497477 -22.851434 37.225000
   vertex -41.372243 -23.120000 37.225000
  endloop
 endfacet
 facet normal 0.819152 0.573576 0.000000
  outer loop
   vertex -41.372243 -23.120000 35.025000
   vertex -41.202276 -23.362739 37.225000
   vertex -41.202276 -23.362739 35.025000
  endloop
 endfacet
 facet normal 0.819152 0.573576 -0.000000
  outer loop
   vertex -41.372243 -23.120000 35.025000
   vertex -41.372243 -23.120000 37.225000
   vertex -41.202276 -23.362739 37.225000
  endloop
 endfacet
 facet normal 0.707107 0.707107 0.000000
  outer loop
   vertex -41.202276 -23.362739 35.025000
   vertex -40.992739 -23.572276 37.225000
   vertex -40.992739 -23.572276 35.025000
  endloop
 endfacet
 facet normal 0.707107 0.707107 -0.000000
  outer loop
   vertex -41.202276 -23.362739 35.025000
   vertex -41.202276 -23.362739 37.225000
   vertex -40.992739 -23.572276 37.225000
  endloop
 endfacet
 facet normal 0.573576 0.819152 0.000000
  outer loop
   vertex -40.992739 -23.572276 35.025000
   vertex -40.750000 -23.742243 37.225000
   vertex -40.750000 -23.742243 35.025000
  endloop
 endfacet
 facet normal 0.573576 0.819152 -0.000000
  outer loop
   vertex -40.992739 -23.572276 35.025000
   vertex -40.992739 -23.572276 37.225000
   vertex -40.750000 -23.742243 37.225000
  endloop
 endfacet
 facet normal 0.422618 0.906308 0.000000
  outer loop
   vertex -40.750000 -23.742243 35.025000
   vertex -40.481434 -23.867477 37.225000
   vertex -40.481434 -23.867477 35.025000
  endloop
 endfacet
 facet normal 0.422618 0.906308 -0.000000
  outer loop
   vertex -40.750000 -23.742243 35.025000
   vertex -40.750000 -23.742243 37.225000
   vertex -40.481434 -23.867477 37.225000
  endloop
 endfacet
 facet normal 0.258819 0.965926 0.000000
  outer loop
   vertex -40.481434 -23.867477 35.025000
   vertex -40.195202 -23.944173 37.225000
   vertex -40.195202 -23.944173 35.025000
  endloop
 endfacet
 facet normal 0.258819 0.965926 -0.000000
  outer loop
   vertex -40.481434 -23.867477 35.025000
   vertex -40.481434 -23.867477 37.225000
   vertex -40.195202 -23.944173 37.225000
  endloop
 endfacet
 facet normal 0.087156 0.996195 0.000000
  outer loop
   vertex -40.195202 -23.944173 35.025000
   vertex -39.900000 -23.970000 37.225000
   vertex -39.900000 -23.970000 35.025000
  endloop
 endfacet
 facet normal 0.087156 0.996195 -0.000000
  outer loop
   vertex -40.195202 -23.944173 35.025000
   vertex -40.195202 -23.944173 37.225000
   vertex -39.900000 -23.970000 37.225000
  endloop
 endfacet
 facet normal -0.087156 0.996195 0.000000
  outer loop
   vertex -39.900000 -23.970000 35.025000
   vertex -39.604798 -23.944173 37.225000
   vertex -39.604798 -23.944173 35.025000
  endloop
 endfacet
 facet normal -0.087156 0.996195 0.000000
  outer loop
   vertex -39.900000 -23.970000 35.025000
   vertex -39.900000 -23.970000 37.225000
   vertex -39.604798 -23.944173 37.225000
  endloop
 endfacet
 facet normal -0.258819 0.965926 0.000000
  outer loop
   vertex -39.604798 -23.944173 35.025000
   vertex -39.318566 -23.867477 37.225000
   vertex -39.318566 -23.867477 35.025000
  endloop
 endfacet
 facet normal -0.258819 0.965926 0.000000
  outer loop
   vertex -39.604798 -23.944173 35.025000
   vertex -39.604798 -23.944173 37.225000
   vertex -39.318566 -23.867477 37.225000
  endloop
 endfacet
 facet normal -0.422618 0.906308 0.000000
  outer loop
   vertex -39.318566 -23.867477 35.025000
   vertex -39.050000 -23.742243 37.225000
   vertex -39.050000 -23.742243 35.025000
  endloop
 endfacet
 facet normal -0.422618 0.906308 0.000000
  outer loop
   vertex -39.318566 -23.867477 35.025000
   vertex -39.318566 -23.867477 37.225000
   vertex -39.050000 -23.742243 37.225000
  endloop
 endfacet
 facet normal -0.573576 0.819152 0.000000
  outer loop
   vertex -39.050000 -23.742243 35.025000
   vertex -38.807261 -23.572276 37.225000
   vertex -38.807261 -23.572276 35.025000
  endloop
 endfacet
 facet normal -0.573576 0.819152 0.000000
  outer loop
   vertex -39.050000 -23.742243 35.025000
   vertex -39.050000 -23.742243 37.225000
   vertex -38.807261 -23.572276 37.225000
  endloop
 endfacet
 facet normal -0.707107 0.707107 0.000000
  outer loop
   vertex -38.807261 -23.572276 35.025000
   vertex -38.597724 -23.362739 37.225000
   vertex -38.597724 -23.362739 35.025000
  endloop
 endfacet
 facet normal -0.707107 0.707107 0.000000
  outer loop
   vertex -38.807261 -23.572276 35.025000
   vertex -38.807261 -23.572276 37.225000
   vertex -38.597724 -23.362739 37.225000
  endloop
 endfacet
 facet normal -0.819152 0.573576 0.000000
  outer loop
   vertex -38.597724 -23.362739 35.025000
   vertex -38.427757 -23.120000 37.225000
   vertex -38.427757 -23.120000 35.025000
  endloop
 endfacet
 facet normal -0.819152 0.573576 0.000000
  outer loop
   vertex -38.597724 -23.362739 35.025000
   vertex -38.597724 -23.362739 37.225000
   vertex -38.427757 -23.120000 37.225000
  endloop
 endfacet
 facet normal -0.906308 0.422618 0.000000
  outer loop
   vertex -38.427757 -23.120000 35.025000
   vertex -38.302523 -22.851434 37.225000
   vertex -38.302523 -22.851434 35.025000
  endloop
 endfacet
 facet normal -0.906308 0.422618 0.000000
  outer loop
   vertex -38.427757 -23.120000 35.025000
   vertex -38.427757 -23.120000 37.225000
   vertex -38.302523 -22.851434 37.225000
  endloop
 endfacet
 facet normal -0.965926 0.258819 0.000000
  outer loop
   vertex -38.302523 -22.851434 35.025000
   vertex -38.225827 -22.565202 37.225000
   vertex -38.225827 -22.565202 35.025000
  endloop
 endfacet
 facet normal -0.965926 0.258819 0.000000
  outer loop
   vertex -38.302523 -22.851434 35.025000
   vertex -38.302523 -22.851434 37.225000
   vertex -38.225827 -22.565202 37.225000
  endloop
 endfacet
 facet normal -0.996195 0.087156 0.000000
  outer loop
   vertex -38.225827 -22.565202 35.025000
   vertex -38.200000 -22.270000 37.225000
   vertex -38.200000 -22.270000 35.025000
  endloop
 endfacet
 facet normal -0.996195 0.087156 0.000000
  outer loop
   vertex -38.225827 -22.565202 35.025000
   vertex -38.225827 -22.565202 37.225000
   vertex -38.200000 -22.270000 37.225000
  endloop
 endfacet
 facet normal -0.996195 -0.087156 0.000000
  outer loop
   vertex -38.200000 17.420000 35.025000
   vertex -38.225827 17.715202 37.225000
   vertex -38.225827 17.715202 35.025000
  endloop
 endfacet
 facet normal -0.996195 -0.087156 0.000000
  outer loop
   vertex -38.200000 17.420000 35.025000
   vertex -38.200000 17.420000 37.225000
   vertex -38.225827 17.715202 37.225000
  endloop
 endfacet
 facet normal -0.965926 -0.258819 0.000000
  outer loop
   vertex -38.225827 17.715202 35.025000
   vertex -38.302523 18.001434 37.225000
   vertex -38.302523 18.001434 35.025000
  endloop
 endfacet
 facet normal -0.965926 -0.258819 0.000000
  outer loop
   vertex -38.225827 17.715202 35.025000
   vertex -38.225827 17.715202 37.225000
   vertex -38.302523 18.001434 37.225000
  endloop
 endfacet
 facet normal -0.906308 -0.422618 0.000000
  outer loop
   vertex -38.302523 18.001434 35.025000
   vertex -38.427757 18.270000 37.225000
   vertex -38.427757 18.270000 35.025000
  endloop
 endfacet
 facet normal -0.906308 -0.422618 0.000000
  outer loop
   vertex -38.302523 18.001434 35.025000
   vertex -38.302523 18.001434 37.225000
   vertex -38.427757 18.270000 37.225000
  endloop
 endfacet
 facet normal -0.819152 -0.573576 0.000000
  outer loop
   vertex -38.427757 18.270000 35.025000
   vertex -38.597724 18.512739 37.225000
   vertex -38.597724 18.512739 35.025000
  endloop
 endfacet
 facet normal -0.819152 -0.573576 0.000000
  outer loop
   vertex -38.427757 18.270000 35.025000
   vertex -38.427757 18.270000 37.225000
   vertex -38.597724 18.512739 37.225000
  endloop
 endfacet
 facet normal -0.707107 -0.707107 0.000000
  outer loop
   vertex -38.597724 18.512739 35.025000
   vertex -38.807261 18.722276 37.225000
   vertex -38.807261 18.722276 35.025000
  endloop
 endfacet
 facet normal -0.707107 -0.707107 0.000000
  outer loop
   vertex -38.597724 18.512739 35.025000
   vertex -38.597724 18.512739 37.225000
   vertex -38.807261 18.722276 37.225000
  endloop
 endfacet
 facet normal -0.573576 -0.819152 0.000000
  outer loop
   vertex -38.807261 18.722276 35.025000
   vertex -39.050000 18.892243 37.225000
   vertex -39.050000 18.892243 35.025000
  endloop
 endfacet
 facet normal -0.573576 -0.819152 0.000000
  outer loop
   vertex -38.807261 18.722276 35.025000
   vertex -38.807261 18.722276 37.225000
   vertex -39.050000 18.892243 37.225000
  endloop
 endfacet
 facet normal -0.422618 -0.906308 0.000000
  outer loop
   vertex -39.050000 18.892243 35.025000
   vertex -39.318566 19.017477 37.225000
   vertex -39.318566 19.017477 35.025000
  endloop
 endfacet
 facet normal -0.422618 -0.906308 0.000000
  outer loop
   vertex -39.050000 18.892243 35.025000
   vertex -39.050000 18.892243 37.225000
   vertex -39.318566 19.017477 37.225000
  endloop
 endfacet
 facet normal -0.258819 -0.965926 0.000000
  outer loop
   vertex -39.318566 19.017477 35.025000
   vertex -39.604798 19.094173 37.225000
   vertex -39.604798 19.094173 35.025000
  endloop
 endfacet
 facet normal -0.258819 -0.965926 0.000000
  outer loop
   vertex -39.318566 19.017477 35.025000
   vertex -39.318566 19.017477 37.225000
   vertex -39.604798 19.094173 37.225000
  endloop
 endfacet
 facet normal -0.087156 -0.996195 0.000000
  outer loop
   vertex -39.604798 19.094173 35.025000
   vertex -39.900000 19.120000 37.225000
   vertex -39.900000 19.120000 35.025000
  endloop
 endfacet
 facet normal -0.087156 -0.996195 0.000000
  outer loop
   vertex -39.604798 19.094173 35.025000
   vertex -39.604798 19.094173 37.225000
   vertex -39.900000 19.120000 37.225000
  endloop
 endfacet
 facet normal 0.087156 -0.996195 0.000000
  outer loop
   vertex -39.900000 19.120000 35.025000
   vertex -40.195202 19.094173 37.225000
   vertex -40.195202 19.094173 35.025000
  endloop
 endfacet
 facet normal 0.087156 -0.996195 0.000000
  outer loop
   vertex -39.900000 19.120000 35.025000
   vertex -39.900000 19.120000 37.225000
   vertex -40.195202 19.094173 37.225000
  endloop
 endfacet
 facet normal 0.258819 -0.965926 0.000000
  outer loop
   vertex -40.195202 19.094173 35.025000
   vertex -40.481434 19.017477 37.225000
   vertex -40.481434 19.017477 35.025000
  endloop
 endfacet
 facet normal 0.258819 -0.965926 0.000000
  outer loop
   vertex -40.195202 19.094173 35.025000
   vertex -40.195202 19.094173 37.225000
   vertex -40.481434 19.017477 37.225000
  endloop
 endfacet
 facet normal 0.422618 -0.906308 0.000000
  outer loop
   vertex -40.481434 19.017477 35.025000
   vertex -40.750000 18.892243 37.225000
   vertex -40.750000 18.892243 35.025000
  endloop
 endfacet
 facet normal 0.422618 -0.906308 0.000000
  outer loop
   vertex -40.481434 19.017477 35.025000
   vertex -40.481434 19.017477 37.225000
   vertex -40.750000 18.892243 37.225000
  endloop
 endfacet
 facet normal 0.573576 -0.819152 0.000000
  outer loop
   vertex -40.750000 18.892243 35.025000
   vertex -40.992739 18.722276 37.225000
   vertex -40.992739 18.722276 35.025000
  endloop
 endfacet
 facet normal 0.573576 -0.819152 0.000000
  outer loop
   vertex -40.750000 18.892243 35.025000
   vertex -40.750000 18.892243 37.225000
   vertex -40.992739 18.722276 37.225000
  endloop
 endfacet
 facet normal 0.707107 -0.707107 0.000000
  outer loop
   vertex -40.992739 18.722276 35.025000
   vertex -41.202276 18.512739 37.225000
   vertex -41.202276 18.512739 35.025000
  endloop
 endfacet
 facet normal 0.707107 -0.707107 0.000000
  outer loop
   vertex -40.992739 18.722276 35.025000
   vertex -40.992739 18.722276 37.225000
   vertex -41.202276 18.512739 37.225000
  endloop
 endfacet
 facet normal 0.819152 -0.573576 0.000000
  outer loop
   vertex -41.202276 18.512739 35.025000
   vertex -41.372243 18.270000 37.225000
   vertex -41.372243 18.270000 35.025000
  endloop
 endfacet
 facet normal 0.819152 -0.573576 0.000000
  outer loop
   vertex -41.202276 18.512739 35.025000
   vertex -41.202276 18.512739 37.225000
   vertex -41.372243 18.270000 37.225000
  endloop
 endfacet
 facet normal 0.906308 -0.422618 0.000000
  outer loop
   vertex -41.372243 18.270000 35.025000
   vertex -41.497477 18.001434 37.225000
   vertex -41.497477 18.001434 35.025000
  endloop
 endfacet
 facet normal 0.906308 -0.422618 0.000000
  outer loop
   vertex -41.372243 18.270000 35.025000
   vertex -41.372243 18.270000 37.225000
   vertex -41.497477 18.001434 37.225000
  endloop
 endfacet
 facet normal 0.965926 -0.258819 0.000000
  outer loop
   vertex -41.497477 18.001434 35.025000
   vertex -41.574173 17.715202 37.225000
   vertex -41.574173 17.715202 35.025000
  endloop
 endfacet
 facet normal 0.965926 -0.258819 0.000000
  outer loop
   vertex -41.497477 18.001434 35.025000
   vertex -41.497477 18.001434 37.225000
   vertex -41.574173 17.715202 37.225000
  endloop
 endfacet
 facet normal 0.996195 -0.087156 0.000000
  outer loop
   vertex -41.574173 17.715202 35.025000
   vertex -41.600000 17.420000 37.225000
   vertex -41.600000 17.420000 35.025000
  endloop
 endfacet
 facet normal 0.996195 -0.087156 0.000000
  outer loop
   vertex -41.574173 17.715202 35.025000
   vertex -41.574173 17.715202 37.225000
   vertex -41.600000 17.420000 37.225000
  endloop
 endfacet
 facet normal 0.996195 0.087156 0.000000
  outer loop
   vertex -41.600000 17.420000 35.025000
   vertex -41.574173 17.124798 37.225000
   vertex -41.574173 17.124798 35.025000
  endloop
 endfacet
 facet normal 0.996195 0.087156 -0.000000
  outer loop
   vertex -41.600000 17.420000 35.025000
   vertex -41.600000 17.420000 37.225000
   vertex -41.574173 17.124798 37.225000
  endloop
 endfacet
 facet normal 0.965926 0.258819 0.000000
  outer loop
   vertex -41.574173 17.124798 35.025000
   vertex -41.497477 16.838566 37.225000
   vertex -41.497477 16.838566 35.025000
  endloop
 endfacet
 facet normal 0.965926 0.258819 -0.000000
  outer loop
   vertex -41.574173 17.124798 35.025000
   vertex -41.574173 17.124798 37.225000
   vertex -41.497477 16.838566 37.225000
  endloop
 endfacet
 facet normal 0.906308 0.422618 0.000000
  outer loop
   vertex -41.497477 16.838566 35.025000
   vertex -41.372243 16.570000 37.225000
   vertex -41.372243 16.570000 35.025000
  endloop
 endfacet
 facet normal 0.906308 0.422618 -0.000000
  outer loop
   vertex -41.497477 16.838566 35.025000
   vertex -41.497477 16.838566 37.225000
   vertex -41.372243 16.570000 37.225000
  endloop
 endfacet
 facet normal 0.819152 0.573576 0.000000
  outer loop
   vertex -41.372243 16.570000 35.025000
   vertex -41.202276 16.327261 37.225000
   vertex -41.202276 16.327261 35.025000
  endloop
 endfacet
 facet normal 0.819152 0.573576 -0.000000
  outer loop
   vertex -41.372243 16.570000 35.025000
   vertex -41.372243 16.570000 37.225000
   vertex -41.202276 16.327261 37.225000
  endloop
 endfacet
 facet normal 0.707107 0.707107 0.000000
  outer loop
   vertex -41.202276 16.327261 35.025000
   vertex -40.992739 16.117724 37.225000
   vertex -40.992739 16.117724 35.025000
  endloop
 endfacet
 facet normal 0.707107 0.707107 -0.000000
  outer loop
   vertex -41.202276 16.327261 35.025000
   vertex -41.202276 16.327261 37.225000
   vertex -40.992739 16.117724 37.225000
  endloop
 endfacet
 facet normal 0.573576 0.819152 0.000000
  outer loop
   vertex -40.992739 16.117724 35.025000
   vertex -40.750000 15.947757 37.225000
   vertex -40.750000 15.947757 35.025000
  endloop
 endfacet
 facet normal 0.573576 0.819152 -0.000000
  outer loop
   vertex -40.992739 16.117724 35.025000
   vertex -40.992739 16.117724 37.225000
   vertex -40.750000 15.947757 37.225000
  endloop
 endfacet
 facet normal 0.422618 0.906308 0.000000
  outer loop
   vertex -40.750000 15.947757 35.025000
   vertex -40.481434 15.822523 37.225000
   vertex -40.481434 15.822523 35.025000
  endloop
 endfacet
 facet normal 0.422618 0.906308 -0.000000
  outer loop
   vertex -40.750000 15.947757 35.025000
   vertex -40.750000 15.947757 37.225000
   vertex -40.481434 15.822523 37.225000
  endloop
 endfacet
 facet normal 0.258819 0.965926 0.000000
  outer loop
   vertex -40.481434 15.822523 35.025000
   vertex -40.195202 15.745827 37.225000
   vertex -40.195202 15.745827 35.025000
  endloop
 endfacet
 facet normal 0.258819 0.965926 -0.000000
  outer loop
   vertex -40.481434 15.822523 35.025000
   vertex -40.481434 15.822523 37.225000
   vertex -40.195202 15.745827 37.225000
  endloop
 endfacet
 facet normal 0.087156 0.996195 0.000000
  outer loop
   vertex -40.195202 15.745827 35.025000
   vertex -39.900000 15.720000 37.225000
   vertex -39.900000 15.720000 35.025000
  endloop
 endfacet
 facet normal 0.087156 0.996195 -0.000000
  outer loop
   vertex -40.195202 15.745827 35.025000
   vertex -40.195202 15.745827 37.225000
   vertex -39.900000 15.720000 37.225000
  endloop
 endfacet
 facet normal -0.087156 0.996195 0.000000
  outer loop
   vertex -39.900000 15.720000 35.025000
   vertex -39.604798 15.745827 37.225000
   vertex -39.604798 15.745827 35.025000
  endloop
 endfacet
 facet normal -0.087156 0.996195 0.000000
  outer loop
   vertex -39.900000 15.720000 35.025000
   vertex -39.900000 15.720000 37.225000
   vertex -39.604798 15.745827 37.225000
  endloop
 endfacet
 facet normal -0.258819 0.965926 0.000000
  outer loop
   vertex -39.604798 15.745827 35.025000
   vertex -39.318566 15.822523 37.225000
   vertex -39.318566 15.822523 35.025000
  endloop
 endfacet
 facet normal -0.258819 0.965926 0.000000
  outer loop
   vertex -39.604798 15.745827 35.025000
   vertex -39.604798 15.745827 37.225000
   vertex -39.318566 15.822523 37.225000
  endloop
 endfacet
 facet normal -0.422618 0.906308 0.000000
  outer loop
   vertex -39.318566 15.822523 35.025000
   vertex -39.050000 15.947757 37.225000
   vertex -39.050000 15.947757 35.025000
  endloop
 endfacet
 facet normal -0.422618 0.906308 0.000000
  outer loop
   vertex -39.318566 15.822523 35.025000
   vertex -39.318566 15.822523 37.225000
   vertex -39.050000 15.947757 37.225000
  endloop
 endfacet
 facet normal -0.573576 0.819152 0.000000
  outer loop
   vertex -39.050000 15.947757 35.025000
   vertex -38.807261 16.117724 37.225000
   vertex -38.807261 16.117724 35.025000
  endloop
 endfacet
 facet normal -0.573576 0.819152 0.000000
  outer loop
   vertex -39.050000 15.947757 35.025000
   vertex -39.050000 15.947757 37.225000
   vertex -38.807261 16.117724 37.225000
  endloop
 endfacet
 facet normal -0.707107 0.707107 0.000000
  outer loop
   vertex -38.807261 16.117724 35.025000
   vertex -38.597724 16.327261 37.225000
   vertex -38.597724 16.327261 35.025000
  endloop
 endfacet
 facet normal -0.707107 0.707107 0.000000
  outer loop
   vertex -38.807261 16.117724 35.025000
   vertex -38.807261 16.117724 37.225000
   vertex -38.597724 16.327261 37.225000
  endloop
 endfacet
 facet normal -0.819152 0.573576 0.000000
  outer loop
   vertex -38.597724 16.327261 35.025000
   vertex -38.427757 16.570000 37.225000
   vertex -38.427757 16.570000 35.025000
  endloop
 endfacet
 facet normal -0.819152 0.573576 0.000000
  outer loop
   vertex -38.597724 16.327261 35.025000
   vertex -38.597724 16.327261 37.225000
   vertex -38.427757 16.570000 37.225000
  endloop
 endfacet
 facet normal -0.906308 0.422618 0.000000
  outer loop
   vertex -38.427757 16.570000 35.025000
   vertex -38.302523 16.838566 37.225000
   vertex -38.302523 16.838566 35.025000
  endloop
 endfacet
 facet normal -0.906308 0.422618 0.000000
  outer loop
   vertex -38.427757 16.570000 35.025000
   vertex -38.427757 16.570000 37.225000
   vertex -38.302523 16.838566 37.225000
  endloop
 endfacet
 facet normal -0.965926 0.258819 0.000000
  outer loop
   vertex -38.302523 16.838566 35.025000
   vertex -38.225827 17.124798 37.225000
   vertex -38.225827 17.124798 35.025000
  endloop
 endfacet
 facet normal -0.965926 0.258819 0.000000
  outer loop
   vertex -38.302523 16.838566 35.025000
   vertex -38.302523 16.838566 37.225000
   vertex -38.225827 17.124798 37.225000
  endloop
 endfacet
 facet normal -0.996195 0.087156 0.000000
  outer loop
   vertex -38.225827 17.124798 35.025000
   vertex -38.200000 17.420000 37.225000
   vertex -38.200000 17.420000 35.025000
  endloop
 endfacet
 facet normal -0.996195 0.087156 0.000000
  outer loop
   vertex -38.225827 17.124798 35.025000
   vertex -38.225827 17.124798 37.225000
   vertex -38.200000 17.420000 37.225000
  endloop
 endfacet
 facet normal -0.996195 -0.087156 0.000000
  outer loop
   vertex 41.600000 -22.270000 35.025000
   vertex 41.574173 -21.974798 37.225000
   vertex 41.574173 -21.974798 35.025000
  endloop
 endfacet
 facet normal -0.996195 -0.087156 0.000000
  outer loop
   vertex 41.600000 -22.270000 35.025000
   vertex 41.600000 -22.270000 37.225000
   vertex 41.574173 -21.974798 37.225000
  endloop
 endfacet
 facet normal -0.965926 -0.258819 0.000000
  outer loop
   vertex 41.574173 -21.974798 35.025000
   vertex 41.497477 -21.688566 37.225000
   vertex 41.497477 -21.688566 35.025000
  endloop
 endfacet
 facet normal -0.965926 -0.258819 0.000000
  outer loop
   vertex 41.574173 -21.974798 35.025000
   vertex 41.574173 -21.974798 37.225000
   vertex 41.497477 -21.688566 37.225000
  endloop
 endfacet
 facet normal -0.906308 -0.422618 0.000000
  outer loop
   vertex 41.497477 -21.688566 35.025000
   vertex 41.372243 -21.420000 37.225000
   vertex 41.372243 -21.420000 35.025000
  endloop
 endfacet
 facet normal -0.906308 -0.422618 0.000000
  outer loop
   vertex 41.497477 -21.688566 35.025000
   vertex 41.497477 -21.688566 37.225000
   vertex 41.372243 -21.420000 37.225000
  endloop
 endfacet
 facet normal -0.819152 -0.573576 0.000000
  outer loop
   vertex 41.372243 -21.420000 35.025000
   vertex 41.202276 -21.177261 37.225000
   vertex 41.202276 -21.177261 35.025000
  endloop
 endfacet
 facet normal -0.819152 -0.573576 0.000000
  outer loop
   vertex 41.372243 -21.420000 35.025000
   vertex 41.372243 -21.420000 37.225000
   vertex 41.202276 -21.177261 37.225000
  endloop
 endfacet
 facet normal -0.707107 -0.707107 0.000000
  outer loop
   vertex 41.202276 -21.177261 35.025000
   vertex 40.992739 -20.967724 37.225000
   vertex 40.992739 -20.967724 35.025000
  endloop
 endfacet
 facet normal -0.707107 -0.707107 0.000000
  outer loop
   vertex 41.202276 -21.177261 35.025000
   vertex 41.202276 -21.177261 37.225000
   vertex 40.992739 -20.967724 37.225000
  endloop
 endfacet
 facet normal -0.573576 -0.819152 0.000000
  outer loop
   vertex 40.992739 -20.967724 35.025000
   vertex 40.750000 -20.797757 37.225000
   vertex 40.750000 -20.797757 35.025000
  endloop
 endfacet
 facet normal -0.573576 -0.819152 0.000000
  outer loop
   vertex 40.992739 -20.967724 35.025000
   vertex 40.992739 -20.967724 37.225000
   vertex 40.750000 -20.797757 37.225000
  endloop
 endfacet
 facet normal -0.422618 -0.906308 0.000000
  outer loop
   vertex 40.750000 -20.797757 35.025000
   vertex 40.481434 -20.672523 37.225000
   vertex 40.481434 -20.672523 35.025000
  endloop
 endfacet
 facet normal -0.422618 -0.906308 0.000000
  outer loop
   vertex 40.750000 -20.797757 35.025000
   vertex 40.750000 -20.797757 37.225000
   vertex 40.481434 -20.672523 37.225000
  endloop
 endfacet
 facet normal -0.258819 -0.965926 0.000000
  outer loop
   vertex 40.481434 -20.672523 35.025000
   vertex 40.195202 -20.595827 37.225000
   vertex 40.195202 -20.595827 35.025000
  endloop
 endfacet
 facet normal -0.258819 -0.965926 0.000000
  outer loop
   vertex 40.481434 -20.672523 35.025000
   vertex 40.481434 -20.672523 37.225000
   vertex 40.195202 -20.595827 37.225000
  endloop
 endfacet
 facet normal -0.087156 -0.996195 0.000000
  outer loop
   vertex 40.195202 -20.595827 35.025000
   vertex 39.900000 -20.570000 37.225000
   vertex 39.900000 -20.570000 35.025000
  endloop
 endfacet
 facet normal -0.087156 -0.996195 0.000000
  outer loop
   vertex 40.195202 -20.595827 35.025000
   vertex 40.195202 -20.595827 37.225000
   vertex 39.900000 -20.570000 37.225000
  endloop
 endfacet
 facet normal 0.087156 -0.996195 0.000000
  outer loop
   vertex 39.900000 -20.570000 35.025000
   vertex 39.604798 -20.595827 37.225000
   vertex 39.604798 -20.595827 35.025000
  endloop
 endfacet
 facet normal 0.087156 -0.996195 0.000000
  outer loop
   vertex 39.900000 -20.570000 35.025000
   vertex 39.900000 -20.570000 37.225000
   vertex 39.604798 -20.595827 37.225000
  endloop
 endfacet
 facet normal 0.258819 -0.965926 0.000000
  outer loop
   vertex 39.604798 -20.595827 35.025000
   vertex 39.318566 -20.672523 37.225000
   vertex 39.318566 -20.672523 35.025000
  endloop
 endfacet
 facet normal 0.258819 -0.965926 0.000000
  outer loop
   vertex 39.604798 -20.595827 35.025000
   vertex 39.604798 -20.595827 37.225000
   vertex 39.318566 -20.672523 37.225000
  endloop
 endfacet
 facet normal 0.422618 -0.906308 0.000000
  outer loop
   vertex 39.318566 -20.672523 35.025000
   vertex 39.050000 -20.797757 37.225000
   vertex 39.050000 -20.797757 35.025000
  endloop
 endfacet
 facet normal 0.422618 -0.906308 0.000000
  outer loop
   vertex 39.318566 -20.672523 35.025000
   vertex 39.318566 -20.672523 37.225000
   vertex 39.050000 -20.797757 37.225000
  endloop
 endfacet
 facet normal 0.573576 -0.819152 0.000000
  outer loop
   vertex 39.050000 -20.797757 35.025000
   vertex 38.807261 -20.967724 37.225000
   vertex 38.807261 -20.967724 35.025000
  endloop
 endfacet
 facet normal 0.573576 -0.819152 0.000000
  outer loop
   vertex 39.050000 -20.797757 35.025000
   vertex 39.050000 -20.797757 37.225000
   vertex 38.807261 -20.967724 37.225000
  endloop
 endfacet
 facet normal 0.707107 -0.707107 0.000000
  outer loop
   vertex 38.807261 -20.967724 35.025000
   vertex 38.597724 -21.177261 37.225000
   vertex 38.597724 -21.177261 35.025000
  endloop
 endfacet
 facet normal 0.707107 -0.707107 0.000000
  outer loop
   vertex 38.807261 -20.967724 35.025000
   vertex 38.807261 -20.967724 37.225000
   vertex 38.597724 -21.177261 37.225000
  endloop
 endfacet
 facet normal 0.819152 -0.573576 0.000000
  outer loop
   vertex 38.597724 -21.177261 35.025000
   vertex 38.427757 -21.420000 37.225000
   vertex 38.427757 -21.420000 35.025000
  endloop
 endfacet
 facet normal 0.819152 -0.573576 0.000000
  outer loop
   vertex 38.597724 -21.177261 35.025000
   vertex 38.597724 -21.177261 37.225000
   vertex 38.427757 -21.420000 37.225000
  endloop
 endfacet
 facet normal 0.906308 -0.422618 0.000000
  outer loop
   vertex 38.427757 -21.420000 35.025000
   vertex 38.302523 -21.688566 37.225000
   vertex 38.302523 -21.688566 35.025000
  endloop
 endfacet
 facet normal 0.906308 -0.422618 0.000000
  outer loop
   vertex 38.427757 -21.420000 35.025000
   vertex 38.427757 -21.420000 37.225000
   vertex 38.302523 -21.688566 37.225000
  endloop
 endfacet
 facet normal 0.965926 -0.258819 0.000000
  outer loop
   vertex 38.302523 -21.688566 35.025000
   vertex 38.225827 -21.974798 37.225000
   vertex 38.225827 -21.974798 35.025000
  endloop
 endfacet
 facet normal 0.965926 -0.258819 0.000000
  outer loop
   vertex 38.302523 -21.688566 35.025000
   vertex 38.302523 -21.688566 37.225000
   vertex 38.225827 -21.974798 37.225000
  endloop
 endfacet
 facet normal 0.996195 -0.087156 0.000000
  outer loop
   vertex 38.225827 -21.974798 35.025000
   vertex 38.200000 -22.270000 37.225000
   vertex 38.200000 -22.270000 35.025000
  endloop
 endfacet
 facet normal 0.996195 -0.087156 0.000000
  outer loop
   vertex 38.225827 -21.974798 35.025000
   vertex 38.225827 -21.974798 37.225000
   vertex 38.200000 -22.270000 37.225000
  endloop
 endfacet
 facet normal 0.996195 0.087156 0.000000
  outer loop
   vertex 38.200000 -22.270000 35.025000
   vertex 38.225827 -22.565202 37.225000
   vertex 38.225827 -22.565202 35.025000
  endloop
 endfacet
 facet normal 0.996195 0.087156 -0.000000
  outer loop
   vertex 38.200000 -22.270000 35.025000
   vertex 38.200000 -22.270000 37.225000
   vertex 38.225827 -22.565202 37.225000
  endloop
 endfacet
 facet normal 0.965926 0.258819 0.000000
  outer loop
   vertex 38.225827 -22.565202 35.025000
   vertex 38.302523 -22.851434 37.225000
   vertex 38.302523 -22.851434 35.025000
  endloop
 endfacet
 facet normal 0.965926 0.258819 -0.000000
  outer loop
   vertex 38.225827 -22.565202 35.025000
   vertex 38.225827 -22.565202 37.225000
   vertex 38.302523 -22.851434 37.225000
  endloop
 endfacet
 facet normal 0.906308 0.422618 0.000000
  outer loop
   vertex 38.302523 -22.851434 35.025000
   vertex 38.427757 -23.120000 37.225000
   vertex 38.427757 -23.120000 35.025000
  endloop
 endfacet
 facet normal 0.906308 0.422618 -0.000000
  outer loop
   vertex 38.302523 -22.851434 35.025000
   vertex 38.302523 -22.851434 37.225000
   vertex 38.427757 -23.120000 37.225000
  endloop
 endfacet
 facet normal 0.819152 0.573576 0.000000
  outer loop
   vertex 38.427757 -23.120000 35.025000
   vertex 38.597724 -23.362739 37.225000
   vertex 38.597724 -23.362739 35.025000
  endloop
 endfacet
 facet normal 0.819152 0.573576 -0.000000
  outer loop
   vertex 38.427757 -23.120000 35.025000
   vertex 38.427757 -23.120000 37.225000
   vertex 38.597724 -23.362739 37.225000
  endloop
 endfacet
 facet normal 0.707107 0.707107 0.000000
  outer loop
   vertex 38.597724 -23.362739 35.025000
   vertex 38.807261 -23.572276 37.225000
   vertex 38.807261 -23.572276 35.025000
  endloop
 endfacet
 facet normal 0.707107 0.707107 -0.000000
  outer loop
   vertex 38.597724 -23.362739 35.025000
   vertex 38.597724 -23.362739 37.225000
   vertex 38.807261 -23.572276 37.225000
  endloop
 endfacet
 facet normal 0.573576 0.819152 0.000000
  outer loop
   vertex 38.807261 -23.572276 35.025000
   vertex 39.050000 -23.742243 37.225000
   vertex 39.050000 -23.742243 35.025000
  endloop
 endfacet
 facet normal 0.573576 0.819152 -0.000000
  outer loop
   vertex 38.807261 -23.572276 35.025000
   vertex 38.807261 -23.572276 37.225000
   vertex 39.050000 -23.742243 37.225000
  endloop
 endfacet
 facet normal 0.422618 0.906308 0.000000
  outer loop
   vertex 39.050000 -23.742243 35.025000
   vertex 39.318566 -23.867477 37.225000
   vertex 39.318566 -23.867477 35.025000
  endloop
 endfacet
 facet normal 0.422618 0.906308 -0.000000
  outer loop
   vertex 39.050000 -23.742243 35.025000
   vertex 39.050000 -23.742243 37.225000
   vertex 39.318566 -23.867477 37.225000
  endloop
 endfacet
 facet normal 0.258819 0.965926 0.000000
  outer loop
   vertex 39.318566 -23.867477 35.025000
   vertex 39.604798 -23.944173 37.225000
   vertex 39.604798 -23.944173 35.025000
  endloop
 endfacet
 facet normal 0.258819 0.965926 -0.000000
  outer loop
   vertex 39.318566 -23.867477 35.025000
   vertex 39.318566 -23.867477 37.225000
   vertex 39.604798 -23.944173 37.225000
  endloop
 endfacet
 facet normal 0.087156 0.996195 0.000000
  outer loop
   vertex 39.604798 -23.944173 35.025000
   vertex 39.900000 -23.970000 37.225000
   vertex 39.900000 -23.970000 35.025000
  endloop
 endfacet
 facet normal 0.087156 0.996195 -0.000000
  outer loop
   vertex 39.604798 -23.944173 35.025000
   vertex 39.604798 -23.944173 37.225000
   vertex 39.900000 -23.970000 37.225000
  endloop
 endfacet
 facet normal -0.087156 0.996195 0.000000
  outer loop
   vertex 39.900000 -23.970000 35.025000
   vertex 40.195202 -23.944173 37.225000
   vertex 40.195202 -23.944173 35.025000
  endloop
 endfacet
 facet normal -0.087156 0.996195 0.000000
  outer loop
   vertex 39.900000 -23.970000 35.025000
   vertex 39.900000 -23.970000 37.225000
   vertex 40.195202 -23.944173 37.225000
  endloop
 endfacet
 facet normal -0.258819 0.965926 0.000000
  outer loop
   vertex 40.195202 -23.944173 35.025000
   vertex 40.481434 -23.867477 37.225000
   vertex 40.481434 -23.867477 35.025000
  endloop
 endfacet
 facet normal -0.258819 0.965926 0.000000
  outer loop
   vertex 40.195202 -23.944173 35.025000
   vertex 40.195202 -23.944173 37.225000
   vertex 40.481434 -23.867477 37.225000
  endloop
 endfacet
 facet normal -0.422618 0.906308 0.000000
  outer loop
   vertex 40.481434 -23.867477 35.025000
   vertex 40.750000 -23.742243 37.225000
   vertex 40.750000 -23.742243 35.025000
  endloop
 endfacet
 facet normal -0.422618 0.906308 0.000000
  outer loop
   vertex 40.481434 -23.867477 35.025000
   vertex 40.481434 -23.867477 37.225000
   vertex 40.750000 -23.742243 37.225000
  endloop
 endfacet
 facet normal -0.573576 0.819152 0.000000
  outer loop
   vertex 40.750000 -23.742243 35.025000
   vertex 40.992739 -23.572276 37.225000
   vertex 40.992739 -23.572276 35.025000
  endloop
 endfacet
 facet normal -0.573576 0.819152 0.000000
  outer loop
   vertex 40.750000 -23.742243 35.025000
   vertex 40.750000 -23.742243 37.225000
   vertex 40.992739 -23.572276 37.225000
  endloop
 endfacet
 facet normal -0.707107 0.707107 0.000000
  outer loop
   vertex 40.992739 -23.572276 35.025000
   vertex 41.202276 -23.362739 37.225000
   vertex 41.202276 -23.362739 35.025000
  endloop
 endfacet
 facet normal -0.707107 0.707107 0.000000
  outer loop
   vertex 40.992739 -23.572276 35.025000
   vertex 40.992739 -23.572276 37.225000
   vertex 41.202276 -23.362739 37.225000
  endloop
 endfacet
 facet normal -0.819152 0.573576 0.000000
  outer loop
   vertex 41.202276 -23.362739 35.025000
   vertex 41.372243 -23.120000 37.225000
   vertex 41.372243 -23.120000 35.025000
  endloop
 endfacet
 facet normal -0.819152 0.573576 0.000000
  outer loop
   vertex 41.202276 -23.362739 35.025000
   vertex 41.202276 -23.362739 37.225000
   vertex 41.372243 -23.120000 37.225000
  endloop
 endfacet
 facet normal -0.906308 0.422618 0.000000
  outer loop
   vertex 41.372243 -23.120000 35.025000
   vertex 41.497477 -22.851434 37.225000
   vertex 41.497477 -22.851434 35.025000
  endloop
 endfacet
 facet normal -0.906308 0.422618 0.000000
  outer loop
   vertex 41.372243 -23.120000 35.025000
   vertex 41.372243 -23.120000 37.225000
   vertex 41.497477 -22.851434 37.225000
  endloop
 endfacet
 facet normal -0.965926 0.258819 0.000000
  outer loop
   vertex 41.497477 -22.851434 35.025000
   vertex 41.574173 -22.565202 37.225000
   vertex 41.574173 -22.565202 35.025000
  endloop
 endfacet
 facet normal -0.965926 0.258819 0.000000
  outer loop
   vertex 41.497477 -22.851434 35.025000
   vertex 41.497477 -22.851434 37.225000
   vertex 41.574173 -22.565202 37.225000
  endloop
 endfacet
 facet normal -0.996195 0.087156 0.000000
  outer loop
   vertex 41.574173 -22.565202 35.025000
   vertex 41.600000 -22.270000 37.225000
   vertex 41.600000 -22.270000 35.025000
  endloop
 endfacet
 facet normal -0.996195 0.087156 0.000000
  outer loop
   vertex 41.574173 -22.565202 35.025000
   vertex 41.574173 -22.565202 37.225000
   vertex 41.600000 -22.270000 37.225000
  endloop
 endfacet
 facet normal -0.996195 -0.087156 0.000000
  outer loop
   vertex 41.600000 17.420000 35.025000
   vertex 41.574173 17.715202 37.225000
   vertex 41.574173 17.715202 35.025000
  endloop
 endfacet
 facet normal -0.996195 -0.087156 0.000000
  outer loop
   vertex 41.600000 17.420000 35.025000
   vertex 41.600000 17.420000 37.225000
   vertex 41.574173 17.715202 37.225000
  endloop
 endfacet
 facet normal -0.965926 -0.258819 0.000000
  outer loop
   vertex 41.574173 17.715202 35.025000
   vertex 41.497477 18.001434 37.225000
   vertex 41.497477 18.001434 35.025000
  endloop
 endfacet
 facet normal -0.965926 -0.258819 0.000000
  outer loop
   vertex 41.574173 17.715202 35.025000
   vertex 41.574173 17.715202 37.225000
   vertex 41.497477 18.001434 37.225000
  endloop
 endfacet
 facet normal -0.906308 -0.422618 0.000000
  outer loop
   vertex 41.497477 18.001434 35.025000
   vertex 41.372243 18.270000 37.225000
   vertex 41.372243 18.270000 35.025000
  endloop
 endfacet
 facet normal -0.906308 -0.422618 0.000000
  outer loop
   vertex 41.497477 18.001434 35.025000
   vertex 41.497477 18.001434 37.225000
   vertex 41.372243 18.270000 37.225000
  endloop
 endfacet
 facet normal -0.819152 -0.573576 0.000000
  outer loop
   vertex 41.372243 18.270000 35.025000
   vertex 41.202276 18.512739 37.225000
   vertex 41.202276 18.512739 35.025000
  endloop
 endfacet
 facet normal -0.819152 -0.573576 0.000000
  outer loop
   vertex 41.372243 18.270000 35.025000
   vertex 41.372243 18.270000 37.225000
   vertex 41.202276 18.512739 37.225000
  endloop
 endfacet
 facet normal -0.707107 -0.707107 0.000000
  outer loop
   vertex 41.202276 18.512739 35.025000
   vertex 40.992739 18.722276 37.225000
   vertex 40.992739 18.722276 35.025000
  endloop
 endfacet
 facet normal -0.707107 -0.707107 0.000000
  outer loop
   vertex 41.202276 18.512739 35.025000
   vertex 41.202276 18.512739 37.225000
   vertex 40.992739 18.722276 37.225000
  endloop
 endfacet
 facet normal -0.573576 -0.819152 0.000000
  outer loop
   vertex 40.992739 18.722276 35.025000
   vertex 40.750000 18.892243 37.225000
   vertex 40.750000 18.892243 35.025000
  endloop
 endfacet
 facet normal -0.573576 -0.819152 0.000000
  outer loop
   vertex 40.992739 18.722276 35.025000
   vertex 40.992739 18.722276 37.225000
   vertex 40.750000 18.892243 37.225000
  endloop
 endfacet
 facet normal -0.422618 -0.906308 0.000000
  outer loop
   vertex 40.750000 18.892243 35.025000
   vertex 40.481434 19.017477 37.225000
   vertex 40.481434 19.017477 35.025000
  endloop
 endfacet
 facet normal -0.422618 -0.906308 0.000000
  outer loop
   vertex 40.750000 18.892243 35.025000
   vertex 40.750000 18.892243 37.225000
   vertex 40.481434 19.017477 37.225000
  endloop
 endfacet
 facet normal -0.258819 -0.965926 0.000000
  outer loop
   vertex 40.481434 19.017477 35.025000
   vertex 40.195202 19.094173 37.225000
   vertex 40.195202 19.094173 35.025000
  endloop
 endfacet
 facet normal -0.258819 -0.965926 0.000000
  outer loop
   vertex 40.481434 19.017477 35.025000
   vertex 40.481434 19.017477 37.225000
   vertex 40.195202 19.094173 37.225000
  endloop
 endfacet
 facet normal -0.087156 -0.996195 0.000000
  outer loop
   vertex 40.195202 19.094173 35.025000
   vertex 39.900000 19.120000 37.225000
   vertex 39.900000 19.120000 35.025000
  endloop
 endfacet
 facet normal -0.087156 -0.996195 0.000000
  outer loop
   vertex 40.195202 19.094173 35.025000
   vertex 40.195202 19.094173 37.225000
   vertex 39.900000 19.120000 37.225000
  endloop
 endfacet
 facet normal 0.087156 -0.996195 0.000000
  outer loop
   vertex 39.900000 19.120000 35.025000
   vertex 39.604798 19.094173 37.225000
   vertex 39.604798 19.094173 35.025000
  endloop
 endfacet
 facet normal 0.087156 -0.996195 0.000000
  outer loop
   vertex 39.900000 19.120000 35.025000
   vertex 39.900000 19.120000 37.225000
   vertex 39.604798 19.094173 37.225000
  endloop
 endfacet
 facet normal 0.258819 -0.965926 0.000000
  outer loop
   vertex 39.604798 19.094173 35.025000
   vertex 39.318566 19.017477 37.225000
   vertex 39.318566 19.017477 35.025000
  endloop
 endfacet
 facet normal 0.258819 -0.965926 0.000000
  outer loop
   vertex 39.604798 19.094173 35.025000
   vertex 39.604798 19.094173 37.225000
   vertex 39.318566 19.017477 37.225000
  endloop
 endfacet
 facet normal 0.422618 -0.906308 0.000000
  outer loop
   vertex 39.318566 19.017477 35.025000
   vertex 39.050000 18.892243 37.225000
   vertex 39.050000 18.892243 35.025000
  endloop
 endfacet
 facet normal 0.422618 -0.906308 0.000000
  outer loop
   vertex 39.318566 19.017477 35.025000
   vertex 39.318566 19.017477 37.225000
   vertex 39.050000 18.892243 37.225000
  endloop
 endfacet
 facet normal 0.573576 -0.819152 0.000000
  outer loop
   vertex 39.050000 18.892243 35.025000
   vertex 38.807261 18.722276 37.225000
   vertex 38.807261 18.722276 35.025000
  endloop
 endfacet
 facet normal 0.573576 -0.819152 0.000000
  outer loop
   vertex 39.050000 18.892243 35.025000
   vertex 39.050000 18.892243 37.225000
   vertex 38.807261 18.722276 37.225000
  endloop
 endfacet
 facet normal 0.707107 -0.707107 0.000000
  outer loop
   vertex 38.807261 18.722276 35.025000
   vertex 38.597724 18.512739 37.225000
   vertex 38.597724 18.512739 35.025000
  endloop
 endfacet
 facet normal 0.707107 -0.707107 0.000000
  outer loop
   vertex 38.807261 18.722276 35.025000
   vertex 38.807261 18.722276 37.225000
   vertex 38.597724 18.512739 37.225000
  endloop
 endfacet
 facet normal 0.819152 -0.573576 0.000000
  outer loop
   vertex 38.597724 18.512739 35.025000
   vertex 38.427757 18.270000 37.225000
   vertex 38.427757 18.270000 35.025000
  endloop
 endfacet
 facet normal 0.819152 -0.573576 0.000000
  outer loop
   vertex 38.597724 18.512739 35.025000
   vertex 38.597724 18.512739 37.225000
   vertex 38.427757 18.270000 37.225000
  endloop
 endfacet
 facet normal 0.906308 -0.422618 0.000000
  outer loop
   vertex 38.427757 18.270000 35.025000
   vertex 38.302523 18.001434 37.225000
   vertex 38.302523 18.001434 35.025000
  endloop
 endfacet
 facet normal 0.906308 -0.422618 0.000000
  outer loop
   vertex 38.427757 18.270000 35.025000
   vertex 38.427757 18.270000 37.225000
   vertex 38.302523 18.001434 37.225000
  endloop
 endfacet
 facet normal 0.965926 -0.258819 0.000000
  outer loop
   vertex 38.302523 18.001434 35.025000
   vertex 38.225827 17.715202 37.225000
   vertex 38.225827 17.715202 35.025000
  endloop
 endfacet
 facet normal 0.965926 -0.258819 0.000000
  outer loop
   vertex 38.302523 18.001434 35.025000
   vertex 38.302523 18.001434 37.225000
   vertex 38.225827 17.715202 37.225000
  endloop
 endfacet
 facet normal 0.996195 -0.087156 0.000000
  outer loop
   vertex 38.225827 17.715202 35.025000
   vertex 38.200000 17.420000 37.225000
   vertex 38.200000 17.420000 35.025000
  endloop
 endfacet
 facet normal 0.996195 -0.087156 0.000000
  outer loop
   vertex 38.225827 17.715202 35.025000
   vertex 38.225827 17.715202 37.225000
   vertex 38.200000 17.420000 37.225000
  endloop
 endfacet
 facet normal 0.996195 0.087156 0.000000
  outer loop
   vertex 38.200000 17.420000 35.025000
   vertex 38.225827 17.124798 37.225000
   vertex 38.225827 17.124798 35.025000
  endloop
 endfacet
 facet normal 0.996195 0.087156 -0.000000
  outer loop
   vertex 38.200000 17.420000 35.025000
   vertex 38.200000 17.420000 37.225000
   vertex 38.225827 17.124798 37.225000
  endloop
 endfacet
 facet normal 0.965926 0.258819 0.000000
  outer loop
   vertex 38.225827 17.124798 35.025000
   vertex 38.302523 16.838566 37.225000
   vertex 38.302523 16.838566 35.025000
  endloop
 endfacet
 facet normal 0.965926 0.258819 -0.000000
  outer loop
   vertex 38.225827 17.124798 35.025000
   vertex 38.225827 17.124798 37.225000
   vertex 38.302523 16.838566 37.225000
  endloop
 endfacet
 facet normal 0.906308 0.422618 0.000000
  outer loop
   vertex 38.302523 16.838566 35.025000
   vertex 38.427757 16.570000 37.225000
   vertex 38.427757 16.570000 35.025000
  endloop
 endfacet
 facet normal 0.906308 0.422618 -0.000000
  outer loop
   vertex 38.302523 16.838566 35.025000
   vertex 38.302523 16.838566 37.225000
   vertex 38.427757 16.570000 37.225000
  endloop
 endfacet
 facet normal 0.819152 0.573576 0.000000
  outer loop
   vertex 38.427757 16.570000 35.025000
   vertex 38.597724 16.327261 37.225000
   vertex 38.597724 16.327261 35.025000
  endloop
 endfacet
 facet normal 0.819152 0.573576 -0.000000
  outer loop
   vertex 38.427757 16.570000 35.025000
   vertex 38.427757 16.570000 37.225000
   vertex 38.597724 16.327261 37.225000
  endloop
 endfacet
 facet normal 0.707107 0.707107 0.000000
  outer loop
   vertex 38.597724 16.327261 35.025000
   vertex 38.807261 16.117724 37.225000
   vertex 38.807261 16.117724 35.025000
  endloop
 endfacet
 facet normal 0.707107 0.707107 -0.000000
  outer loop
   vertex 38.597724 16.327261 35.025000
   vertex 38.597724 16.327261 37.225000
   vertex 38.807261 16.117724 37.225000
  endloop
 endfacet
 facet normal 0.573576 0.819152 0.000000
  outer loop
   vertex 38.807261 16.117724 35.025000
   vertex 39.050000 15.947757 37.225000
   vertex 39.050000 15.947757 35.025000
  endloop
 endfacet
 facet normal 0.573576 0.819152 -0.000000
  outer loop
   vertex 38.807261 16.117724 35.025000
   vertex 38.807261 16.117724 37.225000
   vertex 39.050000 15.947757 37.225000
  endloop
 endfacet
 facet normal 0.422618 0.906308 0.000000
  outer loop
   vertex 39.050000 15.947757 35.025000
   vertex 39.318566 15.822523 37.225000
   vertex 39.318566 15.822523 35.025000
  endloop
 endfacet
 facet normal 0.422618 0.906308 -0.000000
  outer loop
   vertex 39.050000 15.947757 35.025000
   vertex 39.050000 15.947757 37.225000
   vertex 39.318566 15.822523 37.225000
  endloop
 endfacet
 facet normal 0.258819 0.965926 0.000000
  outer loop
   vertex 39.318566 15.822523 35.025000
   vertex 39.604798 15.745827 37.225000
   vertex 39.604798 15.745827 35.025000
  endloop
 endfacet
 facet normal 0.258819 0.965926 -0.000000
  outer loop
   vertex 39.318566 15.822523 35.025000
   vertex 39.318566 15.822523 37.225000
   vertex 39.604798 15.745827 37.225000
  endloop
 endfacet
 facet normal 0.087156 0.996195 0.000000
  outer loop
   vertex 39.604798 15.745827 35.025000
   vertex 39.900000 15.720000 37.225000
   vertex 39.900000 15.720000 35.025000
  endloop
 endfacet
 facet normal 0.087156 0.996195 -0.000000
  outer loop
   vertex 39.604798 15.745827 35.025000
   vertex 39.604798 15.745827 37.225000
   vertex 39.900000 15.720000 37.225000
  endloop
 endfacet
 facet normal -0.087156 0.996195 0.000000
  outer loop
   vertex 39.900000 15.720000 35.025000
   vertex 40.195202 15.745827 37.225000
   vertex 40.195202 15.745827 35.025000
  endloop
 endfacet
 facet normal -0.087156 0.996195 0.000000
  outer loop
   vertex 39.900000 15.720000 35.025000
   vertex 39.900000 15.720000 37.225000
   vertex 40.195202 15.745827 37.225000
  endloop
 endfacet
 facet normal -0.258819 0.965926 0.000000
  outer loop
   vertex 40.195202 15.745827 35.025000
   vertex 40.481434 15.822523 37.225000
   vertex 40.481434 15.822523 35.025000
  endloop
 endfacet
 facet normal -0.258819 0.965926 0.000000
  outer loop
   vertex 40.195202 15.745827 35.025000
   vertex 40.195202 15.745827 37.225000
   vertex 40.481434 15.822523 37.225000
  endloop
 endfacet
 facet normal -0.422618 0.906308 0.000000
  outer loop
   vertex 40.481434 15.822523 35.025000
   vertex 40.750000 15.947757 37.225000
   vertex 40.750000 15.947757 35.025000
  endloop
 endfacet
 facet normal -0.422618 0.906308 0.000000
  outer loop
   vertex 40.481434 15.822523 35.025000
   vertex 40.481434 15.822523 37.225000
   vertex 40.750000 15.947757 37.225000
  endloop
 endfacet
 facet normal -0.573576 0.819152 0.000000
  outer loop
   vertex 40.750000 15.947757 35.025000
   vertex 40.992739 16.117724 37.225000
   vertex 40.992739 16.117724 35.025000
  endloop
 endfacet
 facet normal -0.573576 0.819152 0.000000
  outer loop
   vertex 40.750000 15.947757 35.025000
   vertex 40.750000 15.947757 37.225000
   vertex 40.992739 16.117724 37.225000
  endloop
 endfacet
 facet normal -0.707107 0.707107 0.000000
  outer loop
   vertex 40.992739 16.117724 35.025000
   vertex 41.202276 16.327261 37.225000
   vertex 41.202276 16.327261 35.025000
  endloop
 endfacet
 facet normal -0.707107 0.707107 0.000000
  outer loop
   vertex 40.992739 16.117724 35.025000
   vertex 40.992739 16.117724 37.225000
   vertex 41.202276 16.327261 37.225000
  endloop
 endfacet
 facet normal -0.819152 0.573576 0.000000
  outer loop
   vertex 41.202276 16.327261 35.025000
   vertex 41.372243 16.570000 37.225000
   vertex 41.372243 16.570000 35.025000
  endloop
 endfacet
 facet normal -0.819152 0.573576 0.000000
  outer loop
   vertex 41.202276 16.327261 35.025000
   vertex 41.202276 16.327261 37.225000
   vertex 41.372243 16.570000 37.225000
  endloop
 endfacet
 facet normal -0.906308 0.422618 0.000000
  outer loop
   vertex 41.372243 16.570000 35.025000
   vertex 41.497477 16.838566 37.225000
   vertex 41.497477 16.838566 35.025000
  endloop
 endfacet
 facet normal -0.906308 0.422618 0.000000
  outer loop
   vertex 41.372243 16.570000 35.025000
   vertex 41.372243 16.570000 37.225000
   vertex 41.497477 16.838566 37.225000
  endloop
 endfacet
 facet normal -0.965926 0.258819 0.000000
  outer loop
   vertex 41.497477 16.838566 35.025000
   vertex 41.574173 17.124798 37.225000
   vertex 41.574173 17.124798 35.025000
  endloop
 endfacet
 facet normal -0.965926 0.258819 0.000000
  outer loop
   vertex 41.497477 16.838566 35.025000
   vertex 41.497477 16.838566 37.225000
   vertex 41.574173 17.124798 37.225000
  endloop
 endfacet
 facet normal -0.996195 0.087156 0.000000
  outer loop
   vertex 41.574173 17.124798 35.025000
   vertex 41.600000 17.420000 37.225000
   vertex 41.600000 17.420000 35.025000
  endloop
 endfacet
 facet normal -0.996195 0.087156 0.000000
  outer loop
   vertex 41.574173 17.124798 35.025000
   vertex 41.574173 17.124798 37.225000
   vertex 41.600000 17.420000 37.225000
  endloop
 endfacet
endsolid enclosure_lid
