solid enclosure_base
 facet normal 0.0 0.0 -1.0
  outer loop
   vertex -49.800000 -32.170000 -33.850000
   vertex 49.800000 27.320000 -33.850000
   vertex 49.800000 -32.170000 -33.850000
  endloop
 endfacet
 facet normal 0.0 0.0 -1.0
  outer loop
   vertex -49.800000 -32.170000 -33.850000
   vertex -49.800000 27.320000 -33.850000
   vertex 49.800000 27.320000 -33.850000
  endloop
 endfacet
 facet normal 0.0 0.0 1.0
  outer loop
   vertex -49.800000 -32.170000 -31.850000
   vertex 49.800000 -32.170000 -31.850000
   vertex 49.800000 27.320000 -31.850000
  endloop
 endfacet
 facet normal 0.0 0.0 1.0
  outer loop
   vertex -49.800000 -32.170000 -31.850000
   vertex 49.800000 27.320000 -31.850000
   vertex -49.800000 27.320000 -31.850000
  endloop
 endfacet
 facet normal 0.0 -1.0 0.0
  outer loop
   vertex -49.800000 -32.170000 -33.850000
   vertex 49.800000 -32.170000 -33.850000
   vertex 49.800000 -32.170000 -31.850000
  endloop
 endfacet
 facet normal 0.0 -1.0 0.0
  outer loop
   vertex -49.800000 -32.170000 -33.850000
   vertex 49.800000 -32.170000 -31.850000
   vertex -49.800000 -32.170000 -31.850000
  endloop
 endfacet
 facet normal 1.0 0.0 0.0
  outer loop
   vertex 49.800000 -32.170000 -33.850000
   vertex 49.800000 27.320000 -33.850000
   vertex 49.800000 27.320000 -31.850000
  endloop
 endfacet
 facet normal 1.0 0.0 0.0
  outer loop
   vertex 49.800000 -32.170000 -33.850000
   vertex 49.800000 27.320000 -31.850000
   vertex 49.800000 -32.170000 -31.850000
  endloop
 endfacet
 facet normal 0.0 1.0 0.0
  outer loop
   vertex 49.800000 27.320000 -33.850000
   vertex -49.800000 27.320000 -33.850000
   vertex -49.800000 27.320000 -31.850000
  endloop
 endfacet
 facet normal 0.0 1.0 -0.0
  outer loop
   vertex 49.800000 27.320000 -33.850000
   vertex -49.800000 27.320000 -31.850000
   vertex 49.800000 27.320000 -31.850000
  endloop
 endfacet
 facet normal -1.0 0.0 0.0
  outer loop
   vertex -49.800000 27.320000 -33.850000
   vertex -49.800000 -32.170000 -33.850000
   vertex -49.800000 -32.170000 -31.850000
  endloop
 endfacet
 facet normal -1.0 0.0 0.0
  outer loop
   vertex -49.800000 27.320000 -33.850000
   vertex -49.800000 -32.170000 -31.850000
   vertex -49.800000 27.320000 -31.850000
  endloop
 endfacet
 facet normal 0.0 0.0 -1.0
  outer loop
   vertex -49.800000 -32.170000 -33.850000
   vertex -47.800000 27.320000 -33.850000
   vertex -47.800000 -32.170000 -33.850000
  endloop
 endfacet
 facet normal 0.0 0.0 -1.0
  outer loop
   vertex -49.800000 -32.170000 -33.850000
   vertex -49.800000 27.320000 -33.850000
   vertex -47.800000 27.320000 -33.850000
  endloop
 endfacet
 facet normal 0.0 0.0 1.0
  outer loop
   vertex -49.800000 -32.170000 35.225000
   vertex -47.800000 -32.170000 35.225000
   vertex -47.800000 27.320000 35.225000
  endloop
 endfacet
 facet normal 0.0 0.0 1.0
  outer loop
   vertex -49.800000 -32.170000 35.225000
   vertex -47.800000 27.320000 35.225000
   vertex -49.800000 27.320000 35.225000
  endloop
 endfacet
 facet normal 0.0 -1.0 0.0
  outer loop
   vertex -49.800000 -32.170000 -33.850000
   vertex -47.800000 -32.170000 -33.850000
   vertex -47.800000 -32.170000 35.225000
  endloop
 endfacet
 facet normal 0.0 -1.0 0.0
  outer loop
   vertex -49.800000 -32.170000 -33.850000
   vertex -47.800000 -32.170000 35.225000
   vertex -49.800000 -32.170000 35.225000
  endloop
 endfacet
 facet normal 1.0 0.0 0.0
  outer loop
   vertex -47.800000 -32.170000 -33.850000
   vertex -47.800000 27.320000 -33.850000
   vertex -47.800000 27.320000 35.225000
  endloop
 endfacet
 facet normal 1.0 0.0 0.0
  outer loop
   vertex -47.800000 -32.170000 -33.850000
   vertex -47.800000 27.320000 35.225000
   vertex -47.800000 -32.170000 35.225000
  endloop
 endfacet
 facet normal 0.0 1.0 0.0
  outer loop
   vertex -47.800000 27.320000 -33.850000
   vertex -49.800000 27.320000 -33.850000
   vertex -49.800000 27.320000 35.225000
  endloop
 endfacet
 facet normal 0.0 1.0 -0.0
  outer loop
   vertex -47.800000 27.320000 -33.850000
   vertex -49.800000 27.320000 35.225000
   vertex -47.800000 27.320000 35.225000
  endloop
 endfacet
 facet normal -1.0 0.0 0.0
  outer loop
   vertex -49.800000 27.320000 -33.850000
   vertex -49.800000 -32.170000 -33.850000
   vertex -49.800000 -32.170000 35.225000
  endloop
 endfacet
 facet normal -1.0 0.0 0.0
  outer loop
   vertex -49.800000 27.320000 -33.850000
   vertex -49.800000 -32.170000 35.225000
   vertex -49.800000 27.320000 35.225000
  endloop
 endfacet
 facet normal 0.0 0.0 -1.0
  outer loop
   vertex 47.800000 -32.170000 -33.850000
   vertex 49.800000 27.320000 -33.850000
   vertex 49.800000 -32.170000 -33.850000
  endloop
 endfacet
 facet normal 0.0 0.0 -1.0
  outer loop
   vertex 47.800000 -32.170000 -33.850000
   vertex 47.800000 27.320000 -33.850000
   vertex 49.800000 27.320000 -33.850000
  endloop
 endfacet
 facet normal 0.0 0.0 1.0
  outer loop
   vertex 47.800000 -32.170000 35.225000
   vertex 49.800000 -32.170000 35.225000
   vertex 49.800000 27.320000 35.225000
  endloop
 endfacet
 facet normal 0.0 0.0 1.0
  outer loop
   vertex 47.800000 -32.170000 35.225000
   vertex 49.800000 27.320000 35.225000
   vertex 47.800000 27.320000 35.225000
  endloop
 endfacet
 facet normal 0.0 -1.0 0.0
  outer loop
   vertex 47.800000 -32.170000 -33.850000
   vertex 49.800000 -32.170000 -33.850000
   vertex 49.800000 -32.170000 35.225000
  endloop
 endfacet
 facet normal 0.0 -1.0 0.0
  outer loop
   vertex 47.800000 -32.170000 -33.850000
   vertex 49.800000 -32.170000 35.225000
   vertex 47.800000 -32.170000 35.225000
  endloop
 endfacet
 facet normal 1.0 0.0 0.0
  outer loop
   vertex 49.800000 -32.170000 -33.850000
   vertex 49.800000 27.320000 -33.850000
   vertex 49.800000 27.320000 35.225000
  endloop
 endfacet
 facet normal 1.0 0.0 0.0
  outer loop
   vertex 49.800000 -32.170000 -33.850000
   vertex 49.800000 27.320000 35.225000
   vertex 49.800000 -32.170000 35.225000
  endloop
 endfacet
 facet normal 0.0 1.0 0.0
  outer loop
   vertex 49.800000 27.320000 -33.850000
   vertex 47.800000 27.320000 -33.850000
   vertex 47.800000 27.320000 35.225000
  endloop
 endfacet
 facet normal 0.0 1.0 -0.0
  outer loop
   vertex 49.800000 27.320000 -33.850000
   vertex 47.800000 27.320000 35.225000
   vertex 49.800000 27.320000 35.225000
  endloop
 endfacet
 facet normal -1.0 0.0 0.0
  outer loop
   vertex 47.800000 27.320000 -33.850000
   vertex 47.800000 -32.170000 -33.850000
   vertex 47.800000 -32.170000 35.225000
  endloop
 endfacet
 facet normal -1.0 0.0 0.0
  outer loop
   vertex 47.800000 27.320000 -33.850000
   vertex 47.800000 -32.170000 35.225000
   vertex 47.800000 27.320000 35.225000
  endloop
 endfacet
 facet normal 0.0 0.0 -1.0
  outer loop
   vertex -49.800000 -32.170000 -33.850000
   vertex -40.270000 -30.170000 -33.850000
   vertex -40.270000 -32.170000 -33.850000
  endloop
 endfacet
 facet normal 0.0 0.0 -1.0
  outer loop
   vertex -49.800000 -32.170000 -33.850000
   vertex -49.800000 -30.170000 -33.850000
   vertex -40.270000 -30.170000 -33.850000
  endloop
 endfacet
 facet normal 0.0 0.0 1.0
  outer loop
   vertex -49.800000 -32.170000 35.225000
   vertex -40.270000 -32.170000 35.225000
   vertex -40.270000 -30.170000 35.225000
  endloop
 endfacet
 facet normal 0.0 0.0 1.0
  outer loop
   vertex -49.800000 -32.170000 35.225000
   vertex -40.270000 -30.170000 35.225000
   vertex -49.800000 -30.170000 35.225000
  endloop
 endfacet
 facet normal 0.0 -1.0 0.0
  outer loop
   vertex -49.800000 -32.170000 -33.850000
   vertex -40.270000 -32.170000 -33.850000
   vertex -40.270000 -32.170000 35.225000
  endloop
 endfacet
 facet normal 0.0 -1.0 0.0
  outer loop
   vertex -49.800000 -32.170000 -33.850000
   vertex -40.270000 -32.170000 35.225000
   vertex -49.800000 -32.170000 35.225000
  endloop
 endfacet
 facet normal 1.0 0.0 0.0
  outer loop
   vertex -40.270000 -32.170000 -33.850000
   vertex -40.270000 -30.170000 -33.850000
   vertex -40.270000 -30.170000 35.225000
  endloop
 endfacet
 facet normal 1.0 0.0 0.0
  outer loop
   vertex -40.270000 -32.170000 -33.850000
   vertex -40.270000 -30.170000 35.225000
   vertex -40.270000 -32.170000 35.225000
  endloop
 endfacet
 facet normal 0.0 1.0 0.0
  outer loop
   vertex -40.270000 -30.170000 -33.850000
   vertex -49.800000 -30.170000 -33.850000
   vertex -49.800000 -30.170000 35.225000
  endloop
 endfacet
 facet normal 0.0 1.0 -0.0
  outer loop
   vertex -40.270000 -30.170000 -33.850000
   vertex -49.800000 -30.170000 35.225000
   vertex -40.270000 -30.170000 35.225000
  endloop
 endfacet
 facet normal -1.0 0.0 0.0
  outer loop
   vertex -49.800000 -30.170000 -33.850000
   vertex -49.800000 -32.170000 -33.850000
   vertex -49.800000 -32.170000 35.225000
  endloop
 endfacet
 facet normal -1.0 0.0 0.0
  outer loop
   vertex -49.800000 -30.170000 -33.850000
   vertex -49.800000 -32.170000 35.225000
   vertex -49.800000 -30.170000 35.225000
  endloop
 endfacet
 facet normal 0.0 0.0 -1.0
  outer loop
   vertex -30.730000 -32.170000 -33.850000
   vertex 49.800000 -30.170000 -33.850000
   vertex 49.800000 -32.170000 -33.850000
  endloop
 endfacet
 facet normal 0.0 0.0 -1.0
  outer loop
   vertex -30.730000 -32.170000 -33.850000
   vertex -30.730000 -30.170000 -33.850000
   vertex 49.800000 -30.170000 -33.850000
  endloop
 endfacet
 facet normal 0.0 0.0 1.0
  outer loop
   vertex -30.730000 -32.170000 35.225000
   vertex 49.800000 -32.170000 35.225000
   vertex 49.800000 -30.170000 35.225000
  endloop
 endfacet
 facet normal 0.0 0.0 1.0
  outer loop
   vertex -30.730000 -32.170000 35.225000
   vertex 49.800000 -30.170000 35.225000
   vertex -30.730000 -30.170000 35.225000
  endloop
 endfacet
 facet normal 0.0 -1.0 0.0
  outer loop
   vertex -30.730000 -32.170000 -33.850000
   vertex 49.800000 -32.170000 -33.850000
   vertex 49.800000 -32.170000 35.225000
  endloop
 endfacet
 facet normal 0.0 -1.0 0.0
  outer loop
   vertex -30.730000 -32.170000 -33.850000
   vertex 49.800000 -32.170000 35.225000
   vertex -30.730000 -32.170000 35.225000
  endloop
 endfacet
 facet normal 1.0 0.0 0.0
  outer loop
   vertex 49.800000 -32.170000 -33.850000
   vertex 49.800000 -30.170000 -33.850000
   vertex 49.800000 -30.170000 35.225000
  endloop
 endfacet
 facet normal 1.0 0.0 0.0
  outer loop
   vertex 49.800000 -32.170000 -33.850000
   vertex 49.800000 -30.170000 35.225000
   vertex 49.800000 -32.170000 35.225000
  endloop
 endfacet
 facet normal 0.0 1.0 0.0
  outer loop
   vertex 49.800000 -30.170000 -33.850000
   vertex -30.730000 -30.170000 -33.850000
   vertex -30.730000 -30.170000 35.225000
  endloop
 endfacet
 facet normal 0.0 1.0 -0.0
  outer loop
   vertex 49.800000 -30.170000 -33.850000
   vertex -30.730000 -30.170000 35.225000
   vertex 49.800000 -30.170000 35.225000
  endloop
 endfacet
 facet normal -1.0 0.0 0.0
  outer loop
   vertex -30.730000 -30.170000 -33.850000
   vertex -30.730000 -32.170000 -33.850000
   vertex -30.730000 -32.170000 35.225000
  endloop
 endfacet
 facet normal -1.0 0.0 0.0
  outer loop
   vertex -30.730000 -30.170000 -33.850000
   vertex -30.730000 -32.170000 35.225000
   vertex -30.730000 -30.170000 35.225000
  endloop
 endfacet
 facet normal 0.0 0.0 -1.0
  outer loop
   vertex -40.270000 -32.170000 1.930000
   vertex -30.730000 -30.170000 1.930000
   vertex -30.730000 -32.170000 1.930000
  endloop
 endfacet
 facet normal 0.0 0.0 -1.0
  outer loop
   vertex -40.270000 -32.170000 1.930000
   vertex -40.270000 -30.170000 1.930000
   vertex -30.730000 -30.170000 1.930000
  endloop
 endfacet
 facet normal 0.0 0.0 1.0
  outer loop
   vertex -40.270000 -32.170000 35.225000
   vertex -30.730000 -32.170000 35.225000
   vertex -30.730000 -30.170000 35.225000
  endloop
 endfacet
 facet normal 0.0 0.0 1.0
  outer loop
   vertex -40.270000 -32.170000 35.225000
   vertex -30.730000 -30.170000 35.225000
   vertex -40.270000 -30.170000 35.225000
  endloop
 endfacet
 facet normal 0.0 -1.0 0.0
  outer loop
   vertex -40.270000 -32.170000 1.930000
   vertex -30.730000 -32.170000 1.930000
   vertex -30.730000 -32.170000 35.225000
  endloop
 endfacet
 facet normal 0.0 -1.0 0.0
  outer loop
   vertex -40.270000 -32.170000 1.930000
   vertex -30.730000 -32.170000 35.225000
   vertex -40.270000 -32.170000 35.225000
  endloop
 endfacet
 facet normal 1.0 0.0 0.0
  outer loop
   vertex -30.730000 -32.170000 1.930000
   vertex -30.730000 -30.170000 1.930000
   vertex -30.730000 -30.170000 35.225000
  endloop
 endfacet
 facet normal 1.0 0.0 0.0
  outer loop
   vertex -30.730000 -32.170000 1.930000
   vertex -30.730000 -30.170000 35.225000
   vertex -30.730000 -32.170000 35.225000
  endloop
 endfacet
 facet normal 0.0 1.0 0.0
  outer loop
   vertex -30.730000 -30.170000 1.930000
   vertex -40.270000 -30.170000 1.930000
   vertex -40.270000 -30.170000 35.225000
  endloop
 endfacet
 facet normal 0.0 1.0 -0.0
  outer loop
   vertex -30.730000 -30.170000 1.930000
   vertex -40.270000 -30.170000 35.225000
   vertex -30.730000 -30.170000 35.225000
  endloop
 endfacet
 facet normal -1.0 0.0 0.0
  outer loop
   vertex -40.270000 -30.170000 1.930000
   vertex -40.270000 -32.170000 1.930000
   vertex -40.270000 -32.170000 35.225000
  endloop
 endfacet
 facet normal -1.0 0.0 0.0
  outer loop
   vertex -40.270000 -30.170000 1.930000
   vertex -40.270000 -32.170000 35.225000
   vertex -40.270000 -30.170000 35.225000
  endloop
 endfacet
 facet normal 0.0 0.0 -1.0
  outer loop
   vertex -40.270000 -32.170000 -33.850000
   vertex -30.730000 -30.170000 -33.850000
   vertex -30.730000 -32.170000 -33.850000
  endloop
 endfacet
 facet normal 0.0 0.0 -1.0
  outer loop
   vertex -40.270000 -32.170000 -33.850000
   vertex -40.270000 -30.170000 -33.850000
   vertex -30.730000 -30.170000 -33.850000
  endloop
 endfacet
 facet normal 0.0 0.0 1.0
  outer loop
   vertex -40.270000 -32.170000 -1.930000
   vertex -30.730000 -32.170000 -1.930000
   vertex -30.730000 -30.170000 -1.930000
  endloop
 endfacet
 facet normal 0.0 0.0 1.0
  outer loop
   vertex -40.270000 -32.170000 -1.930000
   vertex -30.730000 -30.170000 -1.930000
   vertex -40.270000 -30.170000 -1.930000
  endloop
 endfacet
 facet normal 0.0 -1.0 0.0
  outer loop
   vertex -40.270000 -32.170000 -33.850000
   vertex -30.730000 -32.170000 -33.850000
   vertex -30.730000 -32.170000 -1.930000
  endloop
 endfacet
 facet normal 0.0 -1.0 0.0
  outer loop
   vertex -40.270000 -32.170000 -33.850000
   vertex -30.730000 -32.170000 -1.930000
   vertex -40.270000 -32.170000 -1.930000
  endloop
 endfacet
 facet normal 1.0 0.0 0.0
  outer loop
   vertex -30.730000 -32.170000 -33.850000
   vertex -30.730000 -30.170000 -33.850000
   vertex -30.730000 -30.170000 -1.930000
  endloop
 endfacet
 facet normal 1.0 0.0 0.0
  outer loop
   vertex -30.730000 -32.170000 -33.850000
   vertex -30.730000 -30.170000 -1.930000
   vertex -30.730000 -32.170000 -1.930000
  endloop
 endfacet
 facet normal 0.0 1.0 0.0
  outer loop
   vertex -30.730000 -30.170000 -33.850000
   vertex -40.270000 -30.170000 -33.850000
   vertex -40.270000 -30.170000 -1.930000
  endloop
 endfacet
 facet normal 0.0 1.0 -0.0
  outer loop
   vertex -30.730000 -30.170000 -33.850000
   vertex -40.270000 -30.170000 -1.930000
   vertex -30.730000 -30.170000 -1.930000
  endloop
 endfacet
 facet normal -1.0 0.0 0.0
  outer loop
   vertex -40.270000 -30.170000 -33.850000
   vertex -40.270000 -32.170000 -33.850000
   vertex -40.270000 -32.170000 -1.930000
  endloop
 endfacet
 facet normal -1.0 0.0 0.0
  outer loop
   vertex -40.270000 -30.170000 -33.850000
   vertex -40.270000 -32.170000 -1.930000
   vertex -40.270000 -30.170000 -1.930000
  endloop
 endfacet
 facet normal 0.0 0.0 -1.0
  outer loop
   vertex -49.800000 25.320000 -33.850000
   vertex 49.800000 27.320000 -33.850000
   vertex 49.800000 25.320000 -33.850000
  endloop
 endfacet
 facet normal 0.0 0.0 -1.0
  outer loop
   vertex -49.800000 25.320000 -33.850000
   vertex -49.800000 27.320000 -33.850000
   vertex 49.800000 27.320000 -33.850000
  endloop
 endfacet
 facet normal 0.0 0.0 1.0
  outer loop
   vertex -49.800000 25.320000 35.225000
   vertex 49.800000 25.320000 35.225000
   vertex 49.800000 27.320000 35.225000
  endloop
 endfacet
 facet normal 0.0 0.0 1.0
  outer loop
   vertex -49.800000 25.320000 35.225000
   vertex 49.800000 27.320000 35.225000
   vertex -49.800000 27.320000 35.225000
  endloop
 endfacet
 facet normal 0.0 -1.0 0.0
  outer loop
   vertex -49.800000 25.320000 -33.850000
   vertex 49.800000 25.320000 -33.850000
   vertex 49.800000 25.320000 35.225000
  endloop
 endfacet
 facet normal 0.0 -1.0 0.0
  outer loop
   vertex -49.800000 25.320000 -33.850000
   vertex 49.800000 25.320000 35.225000
   vertex -49.800000 25.320000 35.225000
  endloop
 endfacet
 facet normal 1.0 0.0 0.0
  outer loop
   vertex 49.800000 25.320000 -33.850000
   vertex 49.800000 27.320000 -33.850000
   vertex 49.800000 27.320000 35.225000
  endloop
 endfacet
 facet normal 1.0 0.0 0.0
  outer loop
   vertex 49.800000 25.320000 -33.850000
   vertex 49.800000 27.320000 35.225000
   vertex 49.800000 25.320000 35.225000
  endloop
 endfacet
 facet normal 0.0 1.0 0.0
  outer loop
   vertex 49.800000 27.320000 -33.850000
   vertex -49.800000 27.320000 -33.850000
   vertex -49.800000 27.320000 35.225000
  endloop
 endfacet
 facet normal 0.0 1.0 -0.0
  outer loop
   vertex 49.800000 27.320000 -33.850000
   vertex -49.800000 27.320000 35.225000
   vertex 49.800000 27.320000 35.225000
  endloop
 endfacet
 facet normal -1.0 0.0 0.0
  outer loop
   vertex -49.800000 27.320000 -33.850000
   vertex -49.800000 25.320000 -33.850000
   vertex -49.800000 25.320000 35.225000
  endloop
 endfacet
 facet normal -1.0 0.0 0.0
  outer loop
   vertex -49.800000 27.320000 -33.850000
   vertex -49.800000 25.320000 35.225000
   vertex -49.800000 27.320000 35.225000
  endloop
 endfacet
 facet normal -0.9978589232386031 -0.06540312923014802 0.0
  outer loop
   vertex -37.800000 -26.170000 -33.850000
   vertex -37.851331 -25.386843 35.225000
   vertex -37.851331 -25.386843 -33.850000
  endloop
 endfacet
 facet normal -0.9978589232386031 -0.06540312923014802 0.0
  outer loop
   vertex -37.800000 -26.170000 -33.850000
   vertex -37.800000 -26.170000 35.225000
   vertex -37.851331 -25.386843 35.225000
  endloop
 endfacet
 facet normal 0.0 0.0 1.0
  outer loop
   vertex -43.800000 -26.170000 -33.850000
   vertex -37.800000 -26.170000 -33.850000
   vertex -37.851331 -25.386843 -33.850000
  endloop
 endfacet
 facet normal 0.0 0.0 -1.0
  outer loop
   vertex -43.800000 -26.170000 35.225000
   vertex -37.851331 -25.386843 35.225000
   vertex -37.800000 -26.170000 35.225000
  endloop
 endfacet
 facet normal -0.9807852804032314 -0.19509032201612272 0.0
  outer loop
   vertex -37.851331 -25.386843 -33.850000
   vertex -38.004445 -24.617086 35.225000
   vertex -38.004445 -24.617086 -33.850000
  endloop
 endfacet
 facet normal -0.9807852804032314 -0.19509032201612272 0.0
  outer loop
   vertex -37.851331 -25.386843 -33.850000
   vertex -37.851331 -25.386843 35.225000
   vertex -38.004445 -24.617086 35.225000
  endloop
 endfacet
 facet normal 0.0 0.0 1.0
  outer loop
   vertex -43.800000 -26.170000 -33.850000
   vertex -37.851331 -25.386843 -33.850000
   vertex -38.004445 -24.617086 -33.850000
  endloop
 endfacet
 facet normal 0.0 0.0 -1.0
  outer loop
   vertex -43.800000 -26.170000 35.225000
   vertex -38.004445 -24.617086 35.225000
   vertex -37.851331 -25.386843 35.225000
  endloop
 endfacet
 facet normal -0.9469301294951036 -0.3214394653031677 0.0
  outer loop
   vertex -38.004445 -24.617086 -33.850000
   vertex -38.256723 -23.873899 35.225000
   vertex -38.256723 -23.873899 -33.850000
  endloop
 endfacet
 facet normal -0.9469301294951036 -0.3214394653031677 0.0
  outer loop
   vertex -38.004445 -24.617086 -33.850000
   vertex -38.004445 -24.617086 35.225000
   vertex -38.256723 -23.873899 35.225000
  endloop
 endfacet
 facet normal 0.0 0.0 1.0
  outer loop
   vertex -43.800000 -26.170000 -33.850000
   vertex -38.004445 -24.617086 -33.850000
   vertex -38.256723 -23.873899 -33.850000
  endloop
 endfacet
 facet normal 0.0 0.0 -1.0
  outer loop
   vertex -43.800000 -26.170000 35.225000
   vertex -38.256723 -23.873899 35.225000
   vertex -38.004445 -24.617086 35.225000
  endloop
 endfacet
 facet normal -0.8968727415326907 -0.4422886902189964 0.0
  outer loop
   vertex -38.256723 -23.873899 -33.850000
   vertex -38.603848 -23.170000 35.225000
   vertex -38.603848 -23.170000 -33.850000
  endloop
 endfacet
 facet normal -0.8968727415326907 -0.4422886902189964 0.0
  outer loop
   vertex -38.256723 -23.873899 -33.850000
   vertex -38.256723 -23.873899 35.225000
   vertex -38.603848 -23.170000 35.225000
  endloop
 endfacet
 facet normal 0.0 0.0 1.0
  outer loop
   vertex -43.800000 -26.170000 -33.850000
   vertex -38.256723 -23.873899 -33.850000
   vertex -38.603848 -23.170000 -33.850000
  endloop
 endfacet
 facet normal 0.0 0.0 -1.0
  outer loop
   vertex -43.800000 -26.170000 35.225000
   vertex -38.603848 -23.170000 35.225000
   vertex -38.256723 -23.873899 35.225000
  endloop
 endfacet
 facet normal -0.8314696123025467 -0.5555702330196001 0.0
  outer loop
   vertex -38.603848 -23.170000 -33.850000
   vertex -39.039880 -22.517431 35.225000
   vertex -39.039880 -22.517431 -33.850000
  endloop
 endfacet
 facet normal -0.8314696123025467 -0.5555702330196001 0.0
  outer loop
   vertex -38.603848 -23.170000 -33.850000
   vertex -38.603848 -23.170000 35.225000
   vertex -39.039880 -22.517431 35.225000
  endloop
 endfacet
 facet normal 0.0 0.0 1.0
  outer loop
   vertex -43.800000 -26.170000 -33.850000
   vertex -38.603848 -23.170000 -33.850000
   vertex -39.039880 -22.517431 -33.850000
  endloop
 endfacet
 facet normal 0.0 0.0 -1.0
  outer loop
   vertex -43.800000 -26.170000 35.225000
   vertex -39.039880 -22.517431 35.225000
   vertex -38.603848 -23.170000 35.225000
  endloop
 endfacet
 facet normal -0.751839807478974 -0.6593458151000725 0.0
  outer loop
   vertex -39.039880 -22.517431 -33.850000
   vertex -39.557359 -21.927359 35.225000
   vertex -39.557359 -21.927359 -33.850000
  endloop
 endfacet
 facet normal -0.751839807478974 -0.6593458151000725 0.0
  outer loop
   vertex -39.039880 -22.517431 -33.850000
   vertex -39.039880 -22.517431 35.225000
   vertex -39.557359 -21.927359 35.225000
  endloop
 endfacet
 facet normal 0.0 0.0 1.0
  outer loop
   vertex -43.800000 -26.170000 -33.850000
   vertex -39.039880 -22.517431 -33.850000
   vertex -39.557359 -21.927359 -33.850000
  endloop
 endfacet
 facet normal 0.0 0.0 -1.0
  outer loop
   vertex -43.800000 -26.170000 35.225000
   vertex -39.557359 -21.927359 35.225000
   vertex -39.039880 -22.517431 35.225000
  endloop
 endfacet
 facet normal -0.6593458151000725 -0.751839807478974 0.0
  outer loop
   vertex -39.557359 -21.927359 -33.850000
   vertex -40.147431 -21.409880 35.225000
   vertex -40.147431 -21.409880 -33.850000
  endloop
 endfacet
 facet normal -0.6593458151000725 -0.751839807478974 0.0
  outer loop
   vertex -39.557359 -21.927359 -33.850000
   vertex -39.557359 -21.927359 35.225000
   vertex -40.147431 -21.409880 35.225000
  endloop
 endfacet
 facet normal 0.0 0.0 1.0
  outer loop
   vertex -43.800000 -26.170000 -33.850000
   vertex -39.557359 -21.927359 -33.850000
   vertex -40.147431 -21.409880 -33.850000
  endloop
 endfacet
 facet normal 0.0 0.0 -1.0
  outer loop
   vertex -43.800000 -26.170000 35.225000
   vertex -40.147431 -21.409880 35.225000
   vertex -39.557359 -21.927359 35.225000
  endloop
 endfacet
 facet normal -0.5555702330196001 -0.8314696123025467 0.0
  outer loop
   vertex -40.147431 -21.409880 -33.850000
   vertex -40.800000 -20.973848 35.225000
   vertex -40.800000 -20.973848 -33.850000
  endloop
 endfacet
 facet normal -0.5555702330196001 -0.8314696123025467 0.0
  outer loop
   vertex -40.147431 -21.409880 -33.850000
   vertex -40.147431 -21.409880 35.225000
   vertex -40.800000 -20.973848 35.225000
  endloop
 endfacet
 facet normal 0.0 0.0 1.0
  outer loop
   vertex -43.800000 -26.170000 -33.850000
   vertex -40.147431 -21.409880 -33.850000
   vertex -40.800000 -20.973848 -33.850000
  endloop
 endfacet
 facet normal 0.0 0.0 -1.0
  outer loop
   vertex -43.800000 -26.170000 35.225000
   vertex -40.800000 -20.973848 35.225000
   vertex -40.147431 -21.409880 35.225000
  endloop
 endfacet
 facet normal -0.44228869021900186 -0.8968727415326879 0.0
  outer loop
   vertex -40.800000 -20.973848 -33.850000
   vertex -41.503899 -20.626723 35.225000
   vertex -41.503899 -20.626723 -33.850000
  endloop
 endfacet
 facet normal -0.44228869021900186 -0.8968727415326879 0.0
  outer loop
   vertex -40.800000 -20.973848 -33.850000
   vertex -40.800000 -20.973848 35.225000
   vertex -41.503899 -20.626723 35.225000
  endloop
 endfacet
 facet normal 0.0 0.0 1.0
  outer loop
   vertex -43.800000 -26.170000 -33.850000
   vertex -40.800000 -20.973848 -33.850000
   vertex -41.503899 -20.626723 -33.850000
  endloop
 endfacet
 facet normal 0.0 0.0 -1.0
  outer loop
   vertex -43.800000 -26.170000 35.225000
   vertex -41.503899 -20.626723 35.225000
   vertex -40.800000 -20.973848 35.225000
  endloop
 endfacet
 facet normal -0.32143946530316225 -0.9469301294951055 0.0
  outer loop
   vertex -41.503899 -20.626723 -33.850000
   vertex -42.247086 -20.374445 35.225000
   vertex -42.247086 -20.374445 -33.850000
  endloop
 endfacet
 facet normal -0.32143946530316225 -0.9469301294951055 0.0
  outer loop
   vertex -41.503899 -20.626723 -33.850000
   vertex -41.503899 -20.626723 35.225000
   vertex -42.247086 -20.374445 35.225000
  endloop
 endfacet
 facet normal 0.0 0.0 1.0
  outer loop
   vertex -43.800000 -26.170000 -33.850000
   vertex -41.503899 -20.626723 -33.850000
   vertex -42.247086 -20.374445 -33.850000
  endloop
 endfacet
 facet normal 0.0 0.0 -1.0
  outer loop
   vertex -43.800000 -26.170000 35.225000
   vertex -42.247086 -20.374445 35.225000
   vertex -41.503899 -20.626723 35.225000
  endloop
 endfacet
 facet normal -0.19509032201612714 -0.9807852804032307 0.0
  outer loop
   vertex -42.247086 -20.374445 -33.850000
   vertex -43.016843 -20.221331 35.225000
   vertex -43.016843 -20.221331 -33.850000
  endloop
 endfacet
 facet normal -0.19509032201612714 -0.9807852804032307 0.0
  outer loop
   vertex -42.247086 -20.374445 -33.850000
   vertex -42.247086 -20.374445 35.225000
   vertex -43.016843 -20.221331 35.225000
  endloop
 endfacet
 facet normal 0.0 0.0 1.0
  outer loop
   vertex -43.800000 -26.170000 -33.850000
   vertex -42.247086 -20.374445 -33.850000
   vertex -43.016843 -20.221331 -33.850000
  endloop
 endfacet
 facet normal 0.0 0.0 -1.0
  outer loop
   vertex -43.800000 -26.170000 35.225000
   vertex -43.016843 -20.221331 35.225000
   vertex -42.247086 -20.374445 35.225000
  endloop
 endfacet
 facet normal -0.0654031292301435 -0.9978589232386035 0.0
  outer loop
   vertex -43.016843 -20.221331 -33.850000
   vertex -43.800000 -20.170000 35.225000
   vertex -43.800000 -20.170000 -33.850000
  endloop
 endfacet
 facet normal -0.0654031292301435 -0.9978589232386035 0.0
  outer loop
   vertex -43.016843 -20.221331 -33.850000
   vertex -43.016843 -20.221331 35.225000
   vertex -43.800000 -20.170000 35.225000
  endloop
 endfacet
 facet normal 0.0 0.0 1.0
  outer loop
   vertex -43.800000 -26.170000 -33.850000
   vertex -43.016843 -20.221331 -33.850000
   vertex -43.800000 -20.170000 -33.850000
  endloop
 endfacet
 facet normal 0.0 0.0 -1.0
  outer loop
   vertex -43.800000 -26.170000 35.225000
   vertex -43.800000 -20.170000 35.225000
   vertex -43.016843 -20.221331 35.225000
  endloop
 endfacet
 facet normal 0.0654031292301435 -0.9978589232386035 0.0
  outer loop
   vertex -43.800000 -20.170000 -33.850000
   vertex -44.583157 -20.221331 35.225000
   vertex -44.583157 -20.221331 -33.850000
  endloop
 endfacet
 facet normal 0.0654031292301435 -0.9978589232386035 0.0
  outer loop
   vertex -43.800000 -20.170000 -33.850000
   vertex -43.800000 -20.170000 35.225000
   vertex -44.583157 -20.221331 35.225000
  endloop
 endfacet
 facet normal 0.0 -0.0 1.0
  outer loop
   vertex -43.800000 -26.170000 -33.850000
   vertex -43.800000 -20.170000 -33.850000
   vertex -44.583157 -20.221331 -33.850000
  endloop
 endfacet
 facet normal 0.0 0.0 -1.0
  outer loop
   vertex -43.800000 -26.170000 35.225000
   vertex -44.583157 -20.221331 35.225000
   vertex -43.800000 -20.170000 35.225000
  endloop
 endfacet
 facet normal 0.19509032201612714 -0.9807852804032307 0.0
  outer loop
   vertex -44.583157 -20.221331 -33.850000
   vertex -45.352914 -20.374445 35.225000
   vertex -45.352914 -20.374445 -33.850000
  endloop
 endfacet
 facet normal 0.19509032201612714 -0.9807852804032307 0.0
  outer loop
   vertex -44.583157 -20.221331 -33.850000
   vertex -44.583157 -20.221331 35.225000
   vertex -45.352914 -20.374445 35.225000
  endloop
 endfacet
 facet normal 0.0 0.0 1.0
  outer loop
   vertex -43.800000 -26.170000 -33.850000
   vertex -44.583157 -20.221331 -33.850000
   vertex -45.352914 -20.374445 -33.850000
  endloop
 endfacet
 facet normal 0.0 0.0 -1.0
  outer loop
   vertex -43.800000 -26.170000 35.225000
   vertex -45.352914 -20.374445 35.225000
   vertex -44.583157 -20.221331 35.225000
  endloop
 endfacet
 facet normal 0.3214394653031651 -0.9469301294951046 0.0
  outer loop
   vertex -45.352914 -20.374445 -33.850000
   vertex -46.096101 -20.626723 35.225000
   vertex -46.096101 -20.626723 -33.850000
  endloop
 endfacet
 facet normal 0.3214394653031651 -0.9469301294951046 0.0
  outer loop
   vertex -45.352914 -20.374445 -33.850000
   vertex -45.352914 -20.374445 35.225000
   vertex -46.096101 -20.626723 35.225000
  endloop
 endfacet
 facet normal 0.0 0.0 1.0
  outer loop
   vertex -43.800000 -26.170000 -33.850000
   vertex -45.352914 -20.374445 -33.850000
   vertex -46.096101 -20.626723 -33.850000
  endloop
 endfacet
 facet normal 0.0 0.0 -1.0
  outer loop
   vertex -43.800000 -26.170000 35.225000
   vertex -46.096101 -20.626723 35.225000
   vertex -45.352914 -20.374445 35.225000
  endloop
 endfacet
 facet normal 0.44228869021899836 -0.8968727415326898 0.0
  outer loop
   vertex -46.096101 -20.626723 -33.850000
   vertex -46.800000 -20.973848 35.225000
   vertex -46.800000 -20.973848 -33.850000
  endloop
 endfacet
 facet normal 0.44228869021899836 -0.8968727415326898 0.0
  outer loop
   vertex -46.096101 -20.626723 -33.850000
   vertex -46.096101 -20.626723 35.225000
   vertex -46.800000 -20.973848 35.225000
  endloop
 endfacet
 facet normal 0.0 0.0 1.0
  outer loop
   vertex -43.800000 -26.170000 -33.850000
   vertex -46.096101 -20.626723 -33.850000
   vertex -46.800000 -20.973848 -33.850000
  endloop
 endfacet
 facet normal 0.0 0.0 -1.0
  outer loop
   vertex -43.800000 -26.170000 35.225000
   vertex -46.800000 -20.973848 35.225000
   vertex -46.096101 -20.626723 35.225000
  endloop
 endfacet
 facet normal 0.5555702330196001 -0.8314696123025467 0.0
  outer loop
   vertex -46.800000 -20.973848 -33.850000
   vertex -47.452569 -21.409880 35.225000
   vertex -47.452569 -21.409880 -33.850000
  endloop
 endfacet
 facet normal 0.5555702330196001 -0.8314696123025467 0.0
  outer loop
   vertex -46.800000 -20.973848 -33.850000
   vertex -46.800000 -20.973848 35.225000
   vertex -47.452569 -21.409880 35.225000
  endloop
 endfacet
 facet normal 0.0 0.0 1.0
  outer loop
   vertex -43.800000 -26.170000 -33.850000
   vertex -46.800000 -20.973848 -33.850000
   vertex -47.452569 -21.409880 -33.850000
  endloop
 endfacet
 facet normal 0.0 0.0 -1.0
  outer loop
   vertex -43.800000 -26.170000 35.225000
   vertex -47.452569 -21.409880 35.225000
   vertex -46.800000 -20.973848 35.225000
  endloop
 endfacet
 facet normal 0.6593458151000725 -0.751839807478974 0.0
  outer loop
   vertex -47.452569 -21.409880 -33.850000
   vertex -48.042641 -21.927359 35.225000
   vertex -48.042641 -21.927359 -33.850000
  endloop
 endfacet
 facet normal 0.6593458151000725 -0.751839807478974 0.0
  outer loop
   vertex -47.452569 -21.409880 -33.850000
   vertex -47.452569 -21.409880 35.225000
   vertex -48.042641 -21.927359 35.225000
  endloop
 endfacet
 facet normal 0.0 0.0 1.0
  outer loop
   vertex -43.800000 -26.170000 -33.850000
   vertex -47.452569 -21.409880 -33.850000
   vertex -48.042641 -21.927359 -33.850000
  endloop
 endfacet
 facet normal 0.0 0.0 -1.0
  outer loop
   vertex -43.800000 -26.170000 35.225000
   vertex -48.042641 -21.927359 35.225000
   vertex -47.452569 -21.409880 35.225000
  endloop
 endfacet
 facet normal 0.751839807478974 -0.6593458151000725 0.0
  outer loop
   vertex -48.042641 -21.927359 -33.850000
   vertex -48.560120 -22.517431 35.225000
   vertex -48.560120 -22.517431 -33.850000
  endloop
 endfacet
 facet normal 0.751839807478974 -0.6593458151000725 0.0
  outer loop
   vertex -48.042641 -21.927359 -33.850000
   vertex -48.042641 -21.927359 35.225000
   vertex -48.560120 -22.517431 35.225000
  endloop
 endfacet
 facet normal 0.0 0.0 1.0
  outer loop
   vertex -43.800000 -26.170000 -33.850000
   vertex -48.042641 -21.927359 -33.850000
   vertex -48.560120 -22.517431 -33.850000
  endloop
 endfacet
 facet normal 0.0 0.0 -1.0
  outer loop
   vertex -43.800000 -26.170000 35.225000
   vertex -48.560120 -22.517431 35.225000
   vertex -48.042641 -21.927359 35.225000
  endloop
 endfacet
 facet normal 0.8314696123025467 -0.5555702330196001 0.0
  outer loop
   vertex -48.560120 -22.517431 -33.850000
   vertex -48.996152 -23.170000 35.225000
   vertex -48.996152 -23.170000 -33.850000
  endloop
 endfacet
 facet normal 0.8314696123025467 -0.5555702330196001 0.0
  outer loop
   vertex -48.560120 -22.517431 -33.850000
   vertex -48.560120 -22.517431 35.225000
   vertex -48.996152 -23.170000 35.225000
  endloop
 endfacet
 facet normal 0.0 0.0 1.0
  outer loop
   vertex -43.800000 -26.170000 -33.850000
   vertex -48.560120 -22.517431 -33.850000
   vertex -48.996152 -23.170000 -33.850000
  endloop
 endfacet
 facet normal 0.0 0.0 -1.0
  outer loop
   vertex -43.800000 -26.170000 35.225000
   vertex -48.996152 -23.170000 35.225000
   vertex -48.560120 -22.517431 35.225000
  endloop
 endfacet
 facet normal 0.8968727415326898 -0.4422886902189983 0.0
  outer loop
   vertex -48.996152 -23.170000 -33.850000
   vertex -49.343277 -23.873899 35.225000
   vertex -49.343277 -23.873899 -33.850000
  endloop
 endfacet
 facet normal 0.8968727415326898 -0.4422886902189983 0.0
  outer loop
   vertex -48.996152 -23.170000 -33.850000
   vertex -48.996152 -23.170000 35.225000
   vertex -49.343277 -23.873899 35.225000
  endloop
 endfacet
 facet normal 0.0 0.0 1.0
  outer loop
   vertex -43.800000 -26.170000 -33.850000
   vertex -48.996152 -23.170000 -33.850000
   vertex -49.343277 -23.873899 -33.850000
  endloop
 endfacet
 facet normal 0.0 0.0 -1.0
  outer loop
   vertex -43.800000 -26.170000 35.225000
   vertex -49.343277 -23.873899 35.225000
   vertex -48.996152 -23.170000 35.225000
  endloop
 endfacet
 facet normal 0.946930129495104 -0.32143946530316636 0.0
  outer loop
   vertex -49.343277 -23.873899 -33.850000
   vertex -49.595555 -24.617086 35.225000
   vertex -49.595555 -24.617086 -33.850000
  endloop
 endfacet
 facet normal 0.946930129495104 -0.32143946530316636 0.0
  outer loop
   vertex -49.343277 -23.873899 -33.850000
   vertex -49.343277 -23.873899 35.225000
   vertex -49.595555 -24.617086 35.225000
  endloop
 endfacet
 facet normal 0.0 0.0 1.0
  outer loop
   vertex -43.800000 -26.170000 -33.850000
   vertex -49.343277 -23.873899 -33.850000
   vertex -49.595555 -24.617086 -33.850000
  endloop
 endfacet
 facet normal 0.0 0.0 -1.0
  outer loop
   vertex -43.800000 -26.170000 35.225000
   vertex -49.595555 -24.617086 35.225000
   vertex -49.343277 -23.873899 35.225000
  endloop
 endfacet
 facet normal 0.9807852804032314 -0.19509032201612272 0.0
  outer loop
   vertex -49.595555 -24.617086 -33.850000
   vertex -49.748669 -25.386843 35.225000
   vertex -49.748669 -25.386843 -33.850000
  endloop
 endfacet
 facet normal 0.9807852804032314 -0.19509032201612272 0.0
  outer loop
   vertex -49.595555 -24.617086 -33.850000
   vertex -49.595555 -24.617086 35.225000
   vertex -49.748669 -25.386843 35.225000
  endloop
 endfacet
 facet normal 0.0 0.0 1.0
  outer loop
   vertex -43.800000 -26.170000 -33.850000
   vertex -49.595555 -24.617086 -33.850000
   vertex -49.748669 -25.386843 -33.850000
  endloop
 endfacet
 facet normal 0.0 0.0 -1.0
  outer loop
   vertex -43.800000 -26.170000 35.225000
   vertex -49.748669 -25.386843 35.225000
   vertex -49.595555 -24.617086 35.225000
  endloop
 endfacet
 facet normal 0.9978589232386031 -0.06540312923014802 0.0
  outer loop
   vertex -49.748669 -25.386843 -33.850000
   vertex -49.800000 -26.170000 35.225000
   vertex -49.800000 -26.170000 -33.850000
  endloop
 endfacet
 facet normal 0.9978589232386031 -0.06540312923014802 0.0
  outer loop
   vertex -49.748669 -25.386843 -33.850000
   vertex -49.748669 -25.386843 35.225000
   vertex -49.800000 -26.170000 35.225000
  endloop
 endfacet
 facet normal 0.0 0.0 1.0
  outer loop
   vertex -43.800000 -26.170000 -33.850000
   vertex -49.748669 -25.386843 -33.850000
   vertex -49.800000 -26.170000 -33.850000
  endloop
 endfacet
 facet normal 0.0 0.0 -1.0
  outer loop
   vertex -43.800000 -26.170000 35.225000
   vertex -49.800000 -26.170000 35.225000
   vertex -49.748669 -25.386843 35.225000
  endloop
 endfacet
 facet normal 0.9978589232386031 0.06540312923014802 0.0
  outer loop
   vertex -49.800000 -26.170000 -33.850000
   vertex -49.748669 -26.953157 35.225000
   vertex -49.748669 -26.953157 -33.850000
  endloop
 endfacet
 facet normal 0.9978589232386031 0.06540312923014802 -0.0
  outer loop
   vertex -49.800000 -26.170000 -33.850000
   vertex -49.800000 -26.170000 35.225000
   vertex -49.748669 -26.953157 35.225000
  endloop
 endfacet
 facet normal 0.0 0.0 1.0
  outer loop
   vertex -43.800000 -26.170000 -33.850000
   vertex -49.800000 -26.170000 -33.850000
   vertex -49.748669 -26.953157 -33.850000
  endloop
 endfacet
 facet normal -0.0 0.0 -1.0
  outer loop
   vertex -43.800000 -26.170000 35.225000
   vertex -49.748669 -26.953157 35.225000
   vertex -49.800000 -26.170000 35.225000
  endloop
 endfacet
 facet normal 0.9807852804032314 0.19509032201612272 0.0
  outer loop
   vertex -49.748669 -26.953157 -33.850000
   vertex -49.595555 -27.722914 35.225000
   vertex -49.595555 -27.722914 -33.850000
  endloop
 endfacet
 facet normal 0.9807852804032314 0.19509032201612272 -0.0
  outer loop
   vertex -49.748669 -26.953157 -33.850000
   vertex -49.748669 -26.953157 35.225000
   vertex -49.595555 -27.722914 35.225000
  endloop
 endfacet
 facet normal 0.0 0.0 1.0
  outer loop
   vertex -43.800000 -26.170000 -33.850000
   vertex -49.748669 -26.953157 -33.850000
   vertex -49.595555 -27.722914 -33.850000
  endloop
 endfacet
 facet normal 0.0 0.0 -1.0
  outer loop
   vertex -43.800000 -26.170000 35.225000
   vertex -49.595555 -27.722914 35.225000
   vertex -49.748669 -26.953157 35.225000
  endloop
 endfacet
 facet normal 0.9469301294951064 0.3214394653031596 0.0
  outer loop
   vertex -49.595555 -27.722914 -33.850000
   vertex -49.343277 -28.466101 35.225000
   vertex -49.343277 -28.466101 -33.850000
  endloop
 endfacet
 facet normal 0.9469301294951064 0.3214394653031596 -0.0
  outer loop
   vertex -49.595555 -27.722914 -33.850000
   vertex -49.595555 -27.722914 35.225000
   vertex -49.343277 -28.466101 35.225000
  endloop
 endfacet
 facet normal 0.0 0.0 1.0
  outer loop
   vertex -43.800000 -26.170000 -33.850000
   vertex -49.595555 -27.722914 -33.850000
   vertex -49.343277 -28.466101 -33.850000
  endloop
 endfacet
 facet normal 0.0 0.0 -1.0
  outer loop
   vertex -43.800000 -26.170000 35.225000
   vertex -49.343277 -28.466101 35.225000
   vertex -49.595555 -27.722914 35.225000
  endloop
 endfacet
 facet normal 0.8968727415326871 0.44228869021900374 0.0
  outer loop
   vertex -49.343277 -28.466101 -33.850000
   vertex -48.996152 -29.170000 35.225000
   vertex -48.996152 -29.170000 -33.850000
  endloop
 endfacet
 facet normal 0.8968727415326871 0.44228869021900374 -0.0
  outer loop
   vertex -49.343277 -28.466101 -33.850000
   vertex -49.343277 -28.466101 35.225000
   vertex -48.996152 -29.170000 35.225000
  endloop
 endfacet
 facet normal 0.0 0.0 1.0
  outer loop
   vertex -43.800000 -26.170000 -33.850000
   vertex -49.343277 -28.466101 -33.850000
   vertex -48.996152 -29.170000 -33.850000
  endloop
 endfacet
 facet normal 0.0 0.0 -1.0
  outer loop
   vertex -43.800000 -26.170000 35.225000
   vertex -48.996152 -29.170000 35.225000
   vertex -49.343277 -28.466101 35.225000
  endloop
 endfacet
 facet normal 0.8314696123025467 0.5555702330196001 0.0
  outer loop
   vertex -48.996152 -29.170000 -33.850000
   vertex -48.560120 -29.822569 35.225000
   vertex -48.560120 -29.822569 -33.850000
  endloop
 endfacet
 facet normal 0.8314696123025467 0.5555702330196001 -0.0
  outer loop
   vertex -48.996152 -29.170000 -33.850000
   vertex -48.996152 -29.170000 35.225000
   vertex -48.560120 -29.822569 35.225000
  endloop
 endfacet
 facet normal 0.0 0.0 1.0
  outer loop
   vertex -43.800000 -26.170000 -33.850000
   vertex -48.996152 -29.170000 -33.850000
   vertex -48.560120 -29.822569 -33.850000
  endloop
 endfacet
 facet normal 0.0 0.0 -1.0
  outer loop
   vertex -43.800000 -26.170000 35.225000
   vertex -48.560120 -29.822569 35.225000
   vertex -48.996152 -29.170000 35.225000
  endloop
 endfacet
 facet normal 0.7518398074789786 0.6593458151000675 0.0
  outer loop
   vertex -48.560120 -29.822569 -33.850000
   vertex -48.042641 -30.412641 35.225000
   vertex -48.042641 -30.412641 -33.850000
  endloop
 endfacet
 facet normal 0.7518398074789786 0.6593458151000675 -0.0
  outer loop
   vertex -48.560120 -29.822569 -33.850000
   vertex -48.560120 -29.822569 35.225000
   vertex -48.042641 -30.412641 35.225000
  endloop
 endfacet
 facet normal 0.0 0.0 1.0
  outer loop
   vertex -43.800000 -26.170000 -33.850000
   vertex -48.560120 -29.822569 -33.850000
   vertex -48.042641 -30.412641 -33.850000
  endloop
 endfacet
 facet normal 0.0 0.0 -1.0
  outer loop
   vertex -43.800000 -26.170000 35.225000
   vertex -48.042641 -30.412641 35.225000
   vertex -48.560120 -29.822569 35.225000
  endloop
 endfacet
 facet normal 0.6593458151000654 0.7518398074789804 0.0
  outer loop
   vertex -48.042641 -30.412641 -33.850000
   vertex -47.452569 -30.930120 35.225000
   vertex -47.452569 -30.930120 -33.850000
  endloop
 endfacet
 facet normal 0.6593458151000654 0.7518398074789804 -0.0
  outer loop
   vertex -48.042641 -30.412641 -33.850000
   vertex -48.042641 -30.412641 35.225000
   vertex -47.452569 -30.930120 35.225000
  endloop
 endfacet
 facet normal 0.0 0.0 1.0
  outer loop
   vertex -43.800000 -26.170000 -33.850000
   vertex -48.042641 -30.412641 -33.850000
   vertex -47.452569 -30.930120 -33.850000
  endloop
 endfacet
 facet normal 0.0 0.0 -1.0
  outer loop
   vertex -43.800000 -26.170000 35.225000
   vertex -47.452569 -30.930120 35.225000
   vertex -48.042641 -30.412641 35.225000
  endloop
 endfacet
 facet normal 0.5555702330196032 0.8314696123025446 0.0
  outer loop
   vertex -47.452569 -30.930120 -33.850000
   vertex -46.800000 -31.366152 35.225000
   vertex -46.800000 -31.366152 -33.850000
  endloop
 endfacet
 facet normal 0.5555702330196032 0.8314696123025446 -0.0
  outer loop
   vertex -47.452569 -30.930120 -33.850000
   vertex -47.452569 -30.930120 35.225000
   vertex -46.800000 -31.366152 35.225000
  endloop
 endfacet
 facet normal 0.0 0.0 1.0
  outer loop
   vertex -43.800000 -26.170000 -33.850000
   vertex -47.452569 -30.930120 -33.850000
   vertex -46.800000 -31.366152 -33.850000
  endloop
 endfacet
 facet normal 0.0 0.0 -1.0
  outer loop
   vertex -43.800000 -26.170000 35.225000
   vertex -46.800000 -31.366152 35.225000
   vertex -47.452569 -30.930120 35.225000
  endloop
 endfacet
 facet normal 0.44228869021899836 0.8968727415326898 0.0
  outer loop
   vertex -46.800000 -31.366152 -33.850000
   vertex -46.096101 -31.713277 35.225000
   vertex -46.096101 -31.713277 -33.850000
  endloop
 endfacet
 facet normal 0.44228869021899836 0.8968727415326898 -0.0
  outer loop
   vertex -46.800000 -31.366152 -33.850000
   vertex -46.800000 -31.366152 35.225000
   vertex -46.096101 -31.713277 35.225000
  endloop
 endfacet
 facet normal 0.0 0.0 1.0
  outer loop
   vertex -43.800000 -26.170000 -33.850000
   vertex -46.800000 -31.366152 -33.850000
   vertex -46.096101 -31.713277 -33.850000
  endloop
 endfacet
 facet normal 0.0 0.0 -1.0
  outer loop
   vertex -43.800000 -26.170000 35.225000
   vertex -46.096101 -31.713277 35.225000
   vertex -46.800000 -31.366152 35.225000
  endloop
 endfacet
 facet normal 0.3214394653031651 0.9469301294951046 0.0
  outer loop
   vertex -46.096101 -31.713277 -33.850000
   vertex -45.352914 -31.965555 35.225000
   vertex -45.352914 -31.965555 -33.850000
  endloop
 endfacet
 facet normal 0.3214394653031651 0.9469301294951046 -0.0
  outer loop
   vertex -46.096101 -31.713277 -33.850000
   vertex -46.096101 -31.713277 35.225000
   vertex -45.352914 -31.965555 35.225000
  endloop
 endfacet
 facet normal 0.0 0.0 1.0
  outer loop
   vertex -43.800000 -26.170000 -33.850000
   vertex -46.096101 -31.713277 -33.850000
   vertex -45.352914 -31.965555 -33.850000
  endloop
 endfacet
 facet normal 0.0 0.0 -1.0
  outer loop
   vertex -43.800000 -26.170000 35.225000
   vertex -45.352914 -31.965555 35.225000
   vertex -46.096101 -31.713277 35.225000
  endloop
 endfacet
 facet normal 0.19509032201612272 0.9807852804032314 0.0
  outer loop
   vertex -45.352914 -31.965555 -33.850000
   vertex -44.583157 -32.118669 35.225000
   vertex -44.583157 -32.118669 -33.850000
  endloop
 endfacet
 facet normal 0.19509032201612272 0.9807852804032314 -0.0
  outer loop
   vertex -45.352914 -31.965555 -33.850000
   vertex -45.352914 -31.965555 35.225000
   vertex -44.583157 -32.118669 35.225000
  endloop
 endfacet
 facet normal 0.0 0.0 1.0
  outer loop
   vertex -43.800000 -26.170000 -33.850000
   vertex -45.352914 -31.965555 -33.850000
   vertex -44.583157 -32.118669 -33.850000
  endloop
 endfacet
 facet normal 0.0 0.0 -1.0
  outer loop
   vertex -43.800000 -26.170000 35.225000
   vertex -44.583157 -32.118669 35.225000
   vertex -45.352914 -31.965555 35.225000
  endloop
 endfacet
 facet normal 0.06540312923014802 0.9978589232386031 0.0
  outer loop
   vertex -44.583157 -32.118669 -33.850000
   vertex -43.800000 -32.170000 35.225000
   vertex -43.800000 -32.170000 -33.850000
  endloop
 endfacet
 facet normal 0.06540312923014802 0.9978589232386031 -0.0
  outer loop
   vertex -44.583157 -32.118669 -33.850000
   vertex -44.583157 -32.118669 35.225000
   vertex -43.800000 -32.170000 35.225000
  endloop
 endfacet
 facet normal 0.0 0.0 1.0
  outer loop
   vertex -43.800000 -26.170000 -33.850000
   vertex -44.583157 -32.118669 -33.850000
   vertex -43.800000 -32.170000 -33.850000
  endloop
 endfacet
 facet normal 0.0 -0.0 -1.0
  outer loop
   vertex -43.800000 -26.170000 35.225000
   vertex -43.800000 -32.170000 35.225000
   vertex -44.583157 -32.118669 35.225000
  endloop
 endfacet
 facet normal -0.065403129230139 0.9978589232386037 0.0
  outer loop
   vertex -43.800000 -32.170000 -33.850000
   vertex -43.016843 -32.118669 35.225000
   vertex -43.016843 -32.118669 -33.850000
  endloop
 endfacet
 facet normal -0.065403129230139 0.9978589232386037 0.0
  outer loop
   vertex -43.800000 -32.170000 -33.850000
   vertex -43.800000 -32.170000 35.225000
   vertex -43.016843 -32.118669 35.225000
  endloop
 endfacet
 facet normal 0.0 0.0 1.0
  outer loop
   vertex -43.800000 -26.170000 -33.850000
   vertex -43.800000 -32.170000 -33.850000
   vertex -43.016843 -32.118669 -33.850000
  endloop
 endfacet
 facet normal 0.0 0.0 -1.0
  outer loop
   vertex -43.800000 -26.170000 35.225000
   vertex -43.016843 -32.118669 35.225000
   vertex -43.800000 -32.170000 35.225000
  endloop
 endfacet
 facet normal -0.19509032201613322 0.9807852804032295 0.0
  outer loop
   vertex -43.016843 -32.118669 -33.850000
   vertex -42.247086 -31.965555 35.225000
   vertex -42.247086 -31.965555 -33.850000
  endloop
 endfacet
 facet normal -0.19509032201613322 0.9807852804032295 0.0
  outer loop
   vertex -43.016843 -32.118669 -33.850000
   vertex -43.016843 -32.118669 35.225000
   vertex -42.247086 -31.965555 35.225000
  endloop
 endfacet
 facet normal 0.0 0.0 1.0
  outer loop
   vertex -43.800000 -26.170000 -33.850000
   vertex -43.016843 -32.118669 -33.850000
   vertex -42.247086 -31.965555 -33.850000
  endloop
 endfacet
 facet normal 0.0 0.0 -1.0
  outer loop
   vertex -43.800000 -26.170000 35.225000
   vertex -42.247086 -31.965555 35.225000
   vertex -43.016843 -32.118669 35.225000
  endloop
 endfacet
 facet normal -0.3214394653031582 0.9469301294951068 0.0
  outer loop
   vertex -42.247086 -31.965555 -33.850000
   vertex -41.503899 -31.713277 35.225000
   vertex -41.503899 -31.713277 -33.850000
  endloop
 endfacet
 facet normal -0.3214394653031582 0.9469301294951068 0.0
  outer loop
   vertex -42.247086 -31.965555 -33.850000
   vertex -42.247086 -31.965555 35.225000
   vertex -41.503899 -31.713277 35.225000
  endloop
 endfacet
 facet normal 0.0 0.0 1.0
  outer loop
   vertex -43.800000 -26.170000 -33.850000
   vertex -42.247086 -31.965555 -33.850000
   vertex -41.503899 -31.713277 -33.850000
  endloop
 endfacet
 facet normal 0.0 0.0 -1.0
  outer loop
   vertex -43.800000 -26.170000 35.225000
   vertex -41.503899 -31.713277 35.225000
   vertex -42.247086 -31.965555 35.225000
  endloop
 endfacet
 facet normal -0.4422886902190019 0.8968727415326879 0.0
  outer loop
   vertex -41.503899 -31.713277 -33.850000
   vertex -40.800000 -31.366152 35.225000
   vertex -40.800000 -31.366152 -33.850000
  endloop
 endfacet
 facet normal -0.4422886902190019 0.8968727415326879 0.0
  outer loop
   vertex -41.503899 -31.713277 -33.850000
   vertex -41.503899 -31.713277 35.225000
   vertex -40.800000 -31.366152 35.225000
  endloop
 endfacet
 facet normal 0.0 0.0 1.0
  outer loop
   vertex -43.800000 -26.170000 -33.850000
   vertex -41.503899 -31.713277 -33.850000
   vertex -40.800000 -31.366152 -33.850000
  endloop
 endfacet
 facet normal 0.0 0.0 -1.0
  outer loop
   vertex -43.800000 -26.170000 35.225000
   vertex -40.800000 -31.366152 35.225000
   vertex -41.503899 -31.713277 35.225000
  endloop
 endfacet
 facet normal -0.5555702330196042 0.8314696123025439 0.0
  outer loop
   vertex -40.800000 -31.366152 -33.850000
   vertex -40.147431 -30.930120 35.225000
   vertex -40.147431 -30.930120 -33.850000
  endloop
 endfacet
 facet normal -0.5555702330196042 0.8314696123025439 0.0
  outer loop
   vertex -40.800000 -31.366152 -33.850000
   vertex -40.800000 -31.366152 35.225000
   vertex -40.147431 -30.930120 35.225000
  endloop
 endfacet
 facet normal 0.0 0.0 1.0
  outer loop
   vertex -43.800000 -26.170000 -33.850000
   vertex -40.800000 -31.366152 -33.850000
   vertex -40.147431 -30.930120 -33.850000
  endloop
 endfacet
 facet normal 0.0 0.0 -1.0
  outer loop
   vertex -43.800000 -26.170000 35.225000
   vertex -40.147431 -30.930120 35.225000
   vertex -40.800000 -31.366152 35.225000
  endloop
 endfacet
 facet normal -0.6593458151000681 0.7518398074789782 0.0
  outer loop
   vertex -40.147431 -30.930120 -33.850000
   vertex -39.557359 -30.412641 35.225000
   vertex -39.557359 -30.412641 -33.850000
  endloop
 endfacet
 facet normal -0.6593458151000681 0.7518398074789782 0.0
  outer loop
   vertex -40.147431 -30.930120 -33.850000
   vertex -40.147431 -30.930120 35.225000
   vertex -39.557359 -30.412641 35.225000
  endloop
 endfacet
 facet normal 0.0 0.0 1.0
  outer loop
   vertex -43.800000 -26.170000 -33.850000
   vertex -40.147431 -30.930120 -33.850000
   vertex -39.557359 -30.412641 -33.850000
  endloop
 endfacet
 facet normal 0.0 0.0 -1.0
  outer loop
   vertex -43.800000 -26.170000 35.225000
   vertex -39.557359 -30.412641 35.225000
   vertex -40.147431 -30.930120 35.225000
  endloop
 endfacet
 facet normal -0.751839807478974 0.6593458151000725 0.0
  outer loop
   vertex -39.557359 -30.412641 -33.850000
   vertex -39.039880 -29.822569 35.225000
   vertex -39.039880 -29.822569 -33.850000
  endloop
 endfacet
 facet normal -0.751839807478974 0.6593458151000725 0.0
  outer loop
   vertex -39.557359 -30.412641 -33.850000
   vertex -39.557359 -30.412641 35.225000
   vertex -39.039880 -29.822569 35.225000
  endloop
 endfacet
 facet normal 0.0 0.0 1.0
  outer loop
   vertex -43.800000 -26.170000 -33.850000
   vertex -39.557359 -30.412641 -33.850000
   vertex -39.039880 -29.822569 -33.850000
  endloop
 endfacet
 facet normal 0.0 0.0 -1.0
  outer loop
   vertex -43.800000 -26.170000 35.225000
   vertex -39.039880 -29.822569 35.225000
   vertex -39.557359 -30.412641 35.225000
  endloop
 endfacet
 facet normal -0.8314696123025452 0.5555702330196022 0.0
  outer loop
   vertex -39.039880 -29.822569 -33.850000
   vertex -38.603848 -29.170000 35.225000
   vertex -38.603848 -29.170000 -33.850000
  endloop
 endfacet
 facet normal -0.8314696123025452 0.5555702330196022 0.0
  outer loop
   vertex -39.039880 -29.822569 -33.850000
   vertex -39.039880 -29.822569 35.225000
   vertex -38.603848 -29.170000 35.225000
  endloop
 endfacet
 facet normal 0.0 0.0 1.0
  outer loop
   vertex -43.800000 -26.170000 -33.850000
   vertex -39.039880 -29.822569 -33.850000
   vertex -38.603848 -29.170000 -33.850000
  endloop
 endfacet
 facet normal 0.0 0.0 -1.0
  outer loop
   vertex -43.800000 -26.170000 35.225000
   vertex -38.603848 -29.170000 35.225000
   vertex -39.039880 -29.822569 35.225000
  endloop
 endfacet
 facet normal -0.8968727415326879 0.4422886902190019 0.0
  outer loop
   vertex -38.603848 -29.170000 -33.850000
   vertex -38.256723 -28.466101 35.225000
   vertex -38.256723 -28.466101 -33.850000
  endloop
 endfacet
 facet normal -0.8968727415326879 0.4422886902190019 0.0
  outer loop
   vertex -38.603848 -29.170000 -33.850000
   vertex -38.603848 -29.170000 35.225000
   vertex -38.256723 -28.466101 35.225000
  endloop
 endfacet
 facet normal 0.0 0.0 1.0
  outer loop
   vertex -43.800000 -26.170000 -33.850000
   vertex -38.603848 -29.170000 -33.850000
   vertex -38.256723 -28.466101 -33.850000
  endloop
 endfacet
 facet normal 0.0 0.0 -1.0
  outer loop
   vertex -43.800000 -26.170000 35.225000
   vertex -38.256723 -28.466101 35.225000
   vertex -38.603848 -29.170000 35.225000
  endloop
 endfacet
 facet normal -0.9469301294951058 0.321439465303161 0.0
  outer loop
   vertex -38.256723 -28.466101 -33.850000
   vertex -38.004445 -27.722914 35.225000
   vertex -38.004445 -27.722914 -33.850000
  endloop
 endfacet
 facet normal -0.9469301294951058 0.321439465303161 0.0
  outer loop
   vertex -38.256723 -28.466101 -33.850000
   vertex -38.256723 -28.466101 35.225000
   vertex -38.004445 -27.722914 35.225000
  endloop
 endfacet
 facet normal 0.0 0.0 1.0
  outer loop
   vertex -43.800000 -26.170000 -33.850000
   vertex -38.256723 -28.466101 -33.850000
   vertex -38.004445 -27.722914 -33.850000
  endloop
 endfacet
 facet normal 0.0 0.0 -1.0
  outer loop
   vertex -43.800000 -26.170000 35.225000
   vertex -38.004445 -27.722914 35.225000
   vertex -38.256723 -28.466101 35.225000
  endloop
 endfacet
 facet normal -0.9807852804032317 0.19509032201612186 0.0
  outer loop
   vertex -38.004445 -27.722914 -33.850000
   vertex -37.851331 -26.953157 35.225000
   vertex -37.851331 -26.953157 -33.850000
  endloop
 endfacet
 facet normal -0.9807852804032317 0.19509032201612186 0.0
  outer loop
   vertex -38.004445 -27.722914 -33.850000
   vertex -38.004445 -27.722914 35.225000
   vertex -37.851331 -26.953157 35.225000
  endloop
 endfacet
 facet normal 0.0 0.0 1.0
  outer loop
   vertex -43.800000 -26.170000 -33.850000
   vertex -38.004445 -27.722914 -33.850000
   vertex -37.851331 -26.953157 -33.850000
  endloop
 endfacet
 facet normal 0.0 0.0 -1.0
  outer loop
   vertex -43.800000 -26.170000 35.225000
   vertex -37.851331 -26.953157 35.225000
   vertex -38.004445 -27.722914 35.225000
  endloop
 endfacet
 facet normal -0.9978589232386031 0.06540312923014802 0.0
  outer loop
   vertex -37.851331 -26.953157 -33.850000
   vertex -37.800000 -26.170000 35.225000
   vertex -37.800000 -26.170000 -33.850000
  endloop
 endfacet
 facet normal -0.9978589232386031 0.06540312923014802 0.0
  outer loop
   vertex -37.851331 -26.953157 -33.850000
   vertex -37.851331 -26.953157 35.225000
   vertex -37.800000 -26.170000 35.225000
  endloop
 endfacet
 facet normal -0.0 0.0 1.0
  outer loop
   vertex -43.800000 -26.170000 -33.850000
   vertex -37.851331 -26.953157 -33.850000
   vertex -37.800000 -26.170000 -33.850000
  endloop
 endfacet
 facet normal 0.0 0.0 -1.0
  outer loop
   vertex -43.800000 -26.170000 35.225000
   vertex -37.800000 -26.170000 35.225000
   vertex -37.851331 -26.953157 35.225000
  endloop
 endfacet
 facet normal -0.9978589232386031 -0.06540312923014802 0.0
  outer loop
   vertex -37.800000 21.320000 -33.850000
   vertex -37.851331 22.103157 35.225000
   vertex -37.851331 22.103157 -33.850000
  endloop
 endfacet
 facet normal -0.9978589232386031 -0.06540312923014802 0.0
  outer loop
   vertex -37.800000 21.320000 -33.850000
   vertex -37.800000 21.320000 35.225000
   vertex -37.851331 22.103157 35.225000
  endloop
 endfacet
 facet normal 0.0 0.0 1.0
  outer loop
   vertex -43.800000 21.320000 -33.850000
   vertex -37.800000 21.320000 -33.850000
   vertex -37.851331 22.103157 -33.850000
  endloop
 endfacet
 facet normal 0.0 0.0 -1.0
  outer loop
   vertex -43.800000 21.320000 35.225000
   vertex -37.851331 22.103157 35.225000
   vertex -37.800000 21.320000 35.225000
  endloop
 endfacet
 facet normal -0.9807852804032314 -0.19509032201612272 0.0
  outer loop
   vertex -37.851331 22.103157 -33.850000
   vertex -38.004445 22.872914 35.225000
   vertex -38.004445 22.872914 -33.850000
  endloop
 endfacet
 facet normal -0.9807852804032314 -0.19509032201612272 0.0
  outer loop
   vertex -37.851331 22.103157 -33.850000
   vertex -37.851331 22.103157 35.225000
   vertex -38.004445 22.872914 35.225000
  endloop
 endfacet
 facet normal 0.0 0.0 1.0
  outer loop
   vertex -43.800000 21.320000 -33.850000
   vertex -37.851331 22.103157 -33.850000
   vertex -38.004445 22.872914 -33.850000
  endloop
 endfacet
 facet normal 0.0 0.0 -1.0
  outer loop
   vertex -43.800000 21.320000 35.225000
   vertex -38.004445 22.872914 35.225000
   vertex -37.851331 22.103157 35.225000
  endloop
 endfacet
 facet normal -0.9469301294951036 -0.3214394653031677 0.0
  outer loop
   vertex -38.004445 22.872914 -33.850000
   vertex -38.256723 23.616101 35.225000
   vertex -38.256723 23.616101 -33.850000
  endloop
 endfacet
 facet normal -0.9469301294951036 -0.3214394653031677 0.0
  outer loop
   vertex -38.004445 22.872914 -33.850000
   vertex -38.004445 22.872914 35.225000
   vertex -38.256723 23.616101 35.225000
  endloop
 endfacet
 facet normal 0.0 0.0 1.0
  outer loop
   vertex -43.800000 21.320000 -33.850000
   vertex -38.004445 22.872914 -33.850000
   vertex -38.256723 23.616101 -33.850000
  endloop
 endfacet
 facet normal 0.0 0.0 -1.0
  outer loop
   vertex -43.800000 21.320000 35.225000
   vertex -38.256723 23.616101 35.225000
   vertex -38.004445 22.872914 35.225000
  endloop
 endfacet
 facet normal -0.8968727415326907 -0.4422886902189964 0.0
  outer loop
   vertex -38.256723 23.616101 -33.850000
   vertex -38.603848 24.320000 35.225000
   vertex -38.603848 24.320000 -33.850000
  endloop
 endfacet
 facet normal -0.8968727415326907 -0.4422886902189964 0.0
  outer loop
   vertex -38.256723 23.616101 -33.850000
   vertex -38.256723 23.616101 35.225000
   vertex -38.603848 24.320000 35.225000
  endloop
 endfacet
 facet normal 0.0 0.0 1.0
  outer loop
   vertex -43.800000 21.320000 -33.850000
   vertex -38.256723 23.616101 -33.850000
   vertex -38.603848 24.320000 -33.850000
  endloop
 endfacet
 facet normal 0.0 0.0 -1.0
  outer loop
   vertex -43.800000 21.320000 35.225000
   vertex -38.603848 24.320000 35.225000
   vertex -38.256723 23.616101 35.225000
  endloop
 endfacet
 facet normal -0.8314696123025467 -0.5555702330196001 0.0
  outer loop
   vertex -38.603848 24.320000 -33.850000
   vertex -39.039880 24.972569 35.225000
   vertex -39.039880 24.972569 -33.850000
  endloop
 endfacet
 facet normal -0.8314696123025467 -0.5555702330196001 0.0
  outer loop
   vertex -38.603848 24.320000 -33.850000
   vertex -38.603848 24.320000 35.225000
   vertex -39.039880 24.972569 35.225000
  endloop
 endfacet
 facet normal 0.0 0.0 1.0
  outer loop
   vertex -43.800000 21.320000 -33.850000
   vertex -38.603848 24.320000 -33.850000
   vertex -39.039880 24.972569 -33.850000
  endloop
 endfacet
 facet normal 0.0 0.0 -1.0
  outer loop
   vertex -43.800000 21.320000 35.225000
   vertex -39.039880 24.972569 35.225000
   vertex -38.603848 24.320000 35.225000
  endloop
 endfacet
 facet normal -0.751839807478974 -0.6593458151000725 0.0
  outer loop
   vertex -39.039880 24.972569 -33.850000
   vertex -39.557359 25.562641 35.225000
   vertex -39.557359 25.562641 -33.850000
  endloop
 endfacet
 facet normal -0.751839807478974 -0.6593458151000725 0.0
  outer loop
   vertex -39.039880 24.972569 -33.850000
   vertex -39.039880 24.972569 35.225000
   vertex -39.557359 25.562641 35.225000
  endloop
 endfacet
 facet normal 0.0 0.0 1.0
  outer loop
   vertex -43.800000 21.320000 -33.850000
   vertex -39.039880 24.972569 -33.850000
   vertex -39.557359 25.562641 -33.850000
  endloop
 endfacet
 facet normal 0.0 0.0 -1.0
  outer loop
   vertex -43.800000 21.320000 35.225000
   vertex -39.557359 25.562641 35.225000
   vertex -39.039880 24.972569 35.225000
  endloop
 endfacet
 facet normal -0.6593458151000725 -0.751839807478974 0.0
  outer loop
   vertex -39.557359 25.562641 -33.850000
   vertex -40.147431 26.080120 35.225000
   vertex -40.147431 26.080120 -33.850000
  endloop
 endfacet
 facet normal -0.6593458151000725 -0.751839807478974 0.0
  outer loop
   vertex -39.557359 25.562641 -33.850000
   vertex -39.557359 25.562641 35.225000
   vertex -40.147431 26.080120 35.225000
  endloop
 endfacet
 facet normal 0.0 0.0 1.0
  outer loop
   vertex -43.800000 21.320000 -33.850000
   vertex -39.557359 25.562641 -33.850000
   vertex -40.147431 26.080120 -33.850000
  endloop
 endfacet
 facet normal 0.0 0.0 -1.0
  outer loop
   vertex -43.800000 21.320000 35.225000
   vertex -40.147431 26.080120 35.225000
   vertex -39.557359 25.562641 35.225000
  endloop
 endfacet
 facet normal -0.5555702330196001 -0.8314696123025467 0.0
  outer loop
   vertex -40.147431 26.080120 -33.850000
   vertex -40.800000 26.516152 35.225000
   vertex -40.800000 26.516152 -33.850000
  endloop
 endfacet
 facet normal -0.5555702330196001 -0.8314696123025467 0.0
  outer loop
   vertex -40.147431 26.080120 -33.850000
   vertex -40.147431 26.080120 35.225000
   vertex -40.800000 26.516152 35.225000
  endloop
 endfacet
 facet normal 0.0 0.0 1.0
  outer loop
   vertex -43.800000 21.320000 -33.850000
   vertex -40.147431 26.080120 -33.850000
   vertex -40.800000 26.516152 -33.850000
  endloop
 endfacet
 facet normal 0.0 0.0 -1.0
  outer loop
   vertex -43.800000 21.320000 35.225000
   vertex -40.800000 26.516152 35.225000
   vertex -40.147431 26.080120 35.225000
  endloop
 endfacet
 facet normal -0.44228869021900186 -0.8968727415326879 0.0
  outer loop
   vertex -40.800000 26.516152 -33.850000
   vertex -41.503899 26.863277 35.225000
   vertex -41.503899 26.863277 -33.850000
  endloop
 endfacet
 facet normal -0.44228869021900186 -0.8968727415326879 0.0
  outer loop
   vertex -40.800000 26.516152 -33.850000
   vertex -40.800000 26.516152 35.225000
   vertex -41.503899 26.863277 35.225000
  endloop
 endfacet
 facet normal 0.0 0.0 1.0
  outer loop
   vertex -43.800000 21.320000 -33.850000
   vertex -40.800000 26.516152 -33.850000
   vertex -41.503899 26.863277 -33.850000
  endloop
 endfacet
 facet normal 0.0 0.0 -1.0
  outer loop
   vertex -43.800000 21.320000 35.225000
   vertex -41.503899 26.863277 35.225000
   vertex -40.800000 26.516152 35.225000
  endloop
 endfacet
 facet normal -0.32143946530316225 -0.9469301294951055 0.0
  outer loop
   vertex -41.503899 26.863277 -33.850000
   vertex -42.247086 27.115555 35.225000
   vertex -42.247086 27.115555 -33.850000
  endloop
 endfacet
 facet normal -0.32143946530316225 -0.9469301294951055 0.0
  outer loop
   vertex -41.503899 26.863277 -33.850000
   vertex -41.503899 26.863277 35.225000
   vertex -42.247086 27.115555 35.225000
  endloop
 endfacet
 facet normal 0.0 0.0 1.0
  outer loop
   vertex -43.800000 21.320000 -33.850000
   vertex -41.503899 26.863277 -33.850000
   vertex -42.247086 27.115555 -33.850000
  endloop
 endfacet
 facet normal 0.0 0.0 -1.0
  outer loop
   vertex -43.800000 21.320000 35.225000
   vertex -42.247086 27.115555 35.225000
   vertex -41.503899 26.863277 35.225000
  endloop
 endfacet
 facet normal -0.19509032201612714 -0.9807852804032307 0.0
  outer loop
   vertex -42.247086 27.115555 -33.850000
   vertex -43.016843 27.268669 35.225000
   vertex -43.016843 27.268669 -33.850000
  endloop
 endfacet
 facet normal -0.19509032201612714 -0.9807852804032307 0.0
  outer loop
   vertex -42.247086 27.115555 -33.850000
   vertex -42.247086 27.115555 35.225000
   vertex -43.016843 27.268669 35.225000
  endloop
 endfacet
 facet normal 0.0 0.0 1.0
  outer loop
   vertex -43.800000 21.320000 -33.850000
   vertex -42.247086 27.115555 -33.850000
   vertex -43.016843 27.268669 -33.850000
  endloop
 endfacet
 facet normal 0.0 0.0 -1.0
  outer loop
   vertex -43.800000 21.320000 35.225000
   vertex -43.016843 27.268669 35.225000
   vertex -42.247086 27.115555 35.225000
  endloop
 endfacet
 facet normal -0.0654031292301435 -0.9978589232386035 0.0
  outer loop
   vertex -43.016843 27.268669 -33.850000
   vertex -43.800000 27.320000 35.225000
   vertex -43.800000 27.320000 -33.850000
  endloop
 endfacet
 facet normal -0.0654031292301435 -0.9978589232386035 0.0
  outer loop
   vertex -43.016843 27.268669 -33.850000
   vertex -43.016843 27.268669 35.225000
   vertex -43.800000 27.320000 35.225000
  endloop
 endfacet
 facet normal 0.0 0.0 1.0
  outer loop
   vertex -43.800000 21.320000 -33.850000
   vertex -43.016843 27.268669 -33.850000
   vertex -43.800000 27.320000 -33.850000
  endloop
 endfacet
 facet normal 0.0 0.0 -1.0
  outer loop
   vertex -43.800000 21.320000 35.225000
   vertex -43.800000 27.320000 35.225000
   vertex -43.016843 27.268669 35.225000
  endloop
 endfacet
 facet normal 0.0654031292301435 -0.9978589232386035 0.0
  outer loop
   vertex -43.800000 27.320000 -33.850000
   vertex -44.583157 27.268669 35.225000
   vertex -44.583157 27.268669 -33.850000
  endloop
 endfacet
 facet normal 0.0654031292301435 -0.9978589232386035 0.0
  outer loop
   vertex -43.800000 27.320000 -33.850000
   vertex -43.800000 27.320000 35.225000
   vertex -44.583157 27.268669 35.225000
  endloop
 endfacet
 facet normal 0.0 -0.0 1.0
  outer loop
   vertex -43.800000 21.320000 -33.850000
   vertex -43.800000 27.320000 -33.850000
   vertex -44.583157 27.268669 -33.850000
  endloop
 endfacet
 facet normal 0.0 0.0 -1.0
  outer loop
   vertex -43.800000 21.320000 35.225000
   vertex -44.583157 27.268669 35.225000
   vertex -43.800000 27.320000 35.225000
  endloop
 endfacet
 facet normal 0.19509032201612714 -0.9807852804032307 0.0
  outer loop
   vertex -44.583157 27.268669 -33.850000
   vertex -45.352914 27.115555 35.225000
   vertex -45.352914 27.115555 -33.850000
  endloop
 endfacet
 facet normal 0.19509032201612714 -0.9807852804032307 0.0
  outer loop
   vertex -44.583157 27.268669 -33.850000
   vertex -44.583157 27.268669 35.225000
   vertex -45.352914 27.115555 35.225000
  endloop
 endfacet
 facet normal 0.0 0.0 1.0
  outer loop
   vertex -43.800000 21.320000 -33.850000
   vertex -44.583157 27.268669 -33.850000
   vertex -45.352914 27.115555 -33.850000
  endloop
 endfacet
 facet normal 0.0 0.0 -1.0
  outer loop
   vertex -43.800000 21.320000 35.225000
   vertex -45.352914 27.115555 35.225000
   vertex -44.583157 27.268669 35.225000
  endloop
 endfacet
 facet normal 0.3214394653031651 -0.9469301294951046 0.0
  outer loop
   vertex -45.352914 27.115555 -33.850000
   vertex -46.096101 26.863277 35.225000
   vertex -46.096101 26.863277 -33.850000
  endloop
 endfacet
 facet normal 0.3214394653031651 -0.9469301294951046 0.0
  outer loop
   vertex -45.352914 27.115555 -33.850000
   vertex -45.352914 27.115555 35.225000
   vertex -46.096101 26.863277 35.225000
  endloop
 endfacet
 facet normal 0.0 0.0 1.0
  outer loop
   vertex -43.800000 21.320000 -33.850000
   vertex -45.352914 27.115555 -33.850000
   vertex -46.096101 26.863277 -33.850000
  endloop
 endfacet
 facet normal 0.0 0.0 -1.0
  outer loop
   vertex -43.800000 21.320000 35.225000
   vertex -46.096101 26.863277 35.225000
   vertex -45.352914 27.115555 35.225000
  endloop
 endfacet
 facet normal 0.44228869021899836 -0.8968727415326898 0.0
  outer loop
   vertex -46.096101 26.863277 -33.850000
   vertex -46.800000 26.516152 35.225000
   vertex -46.800000 26.516152 -33.850000
  endloop
 endfacet
 facet normal 0.44228869021899836 -0.8968727415326898 0.0
  outer loop
   vertex -46.096101 26.863277 -33.850000
   vertex -46.096101 26.863277 35.225000
   vertex -46.800000 26.516152 35.225000
  endloop
 endfacet
 facet normal 0.0 0.0 1.0
  outer loop
   vertex -43.800000 21.320000 -33.850000
   vertex -46.096101 26.863277 -33.850000
   vertex -46.800000 26.516152 -33.850000
  endloop
 endfacet
 facet normal 0.0 0.0 -1.0
  outer loop
   vertex -43.800000 21.320000 35.225000
   vertex -46.800000 26.516152 35.225000
   vertex -46.096101 26.863277 35.225000
  endloop
 endfacet
 facet normal 0.5555702330196001 -0.8314696123025467 0.0
  outer loop
   vertex -46.800000 26.516152 -33.850000
   vertex -47.452569 26.080120 35.225000
   vertex -47.452569 26.080120 -33.850000
  endloop
 endfacet
 facet normal 0.5555702330196001 -0.8314696123025467 0.0
  outer loop
   vertex -46.800000 26.516152 -33.850000
   vertex -46.800000 26.516152 35.225000
   vertex -47.452569 26.080120 35.225000
  endloop
 endfacet
 facet normal 0.0 0.0 1.0
  outer loop
   vertex -43.800000 21.320000 -33.850000
   vertex -46.800000 26.516152 -33.850000
   vertex -47.452569 26.080120 -33.850000
  endloop
 endfacet
 facet normal 0.0 0.0 -1.0
  outer loop
   vertex -43.800000 21.320000 35.225000
   vertex -47.452569 26.080120 35.225000
   vertex -46.800000 26.516152 35.225000
  endloop
 endfacet
 facet normal 0.6593458151000725 -0.751839807478974 0.0
  outer loop
   vertex -47.452569 26.080120 -33.850000
   vertex -48.042641 25.562641 35.225000
   vertex -48.042641 25.562641 -33.850000
  endloop
 endfacet
 facet normal 0.6593458151000725 -0.751839807478974 0.0
  outer loop
   vertex -47.452569 26.080120 -33.850000
   vertex -47.452569 26.080120 35.225000
   vertex -48.042641 25.562641 35.225000
  endloop
 endfacet
 facet normal 0.0 0.0 1.0
  outer loop
   vertex -43.800000 21.320000 -33.850000
   vertex -47.452569 26.080120 -33.850000
   vertex -48.042641 25.562641 -33.850000
  endloop
 endfacet
 facet normal 0.0 0.0 -1.0
  outer loop
   vertex -43.800000 21.320000 35.225000
   vertex -48.042641 25.562641 35.225000
   vertex -47.452569 26.080120 35.225000
  endloop
 endfacet
 facet normal 0.751839807478974 -0.6593458151000725 0.0
  outer loop
   vertex -48.042641 25.562641 -33.850000
   vertex -48.560120 24.972569 35.225000
   vertex -48.560120 24.972569 -33.850000
  endloop
 endfacet
 facet normal 0.751839807478974 -0.6593458151000725 0.0
  outer loop
   vertex -48.042641 25.562641 -33.850000
   vertex -48.042641 25.562641 35.225000
   vertex -48.560120 24.972569 35.225000
  endloop
 endfacet
 facet normal 0.0 0.0 1.0
  outer loop
   vertex -43.800000 21.320000 -33.850000
   vertex -48.042641 25.562641 -33.850000
   vertex -48.560120 24.972569 -33.850000
  endloop
 endfacet
 facet normal 0.0 0.0 -1.0
  outer loop
   vertex -43.800000 21.320000 35.225000
   vertex -48.560120 24.972569 35.225000
   vertex -48.042641 25.562641 35.225000
  endloop
 endfacet
 facet normal 0.8314696123025467 -0.5555702330196001 0.0
  outer loop
   vertex -48.560120 24.972569 -33.850000
   vertex -48.996152 24.320000 35.225000
   vertex -48.996152 24.320000 -33.850000
  endloop
 endfacet
 facet normal 0.8314696123025467 -0.5555702330196001 0.0
  outer loop
   vertex -48.560120 24.972569 -33.850000
   vertex -48.560120 24.972569 35.225000
   vertex -48.996152 24.320000 35.225000
  endloop
 endfacet
 facet normal 0.0 0.0 1.0
  outer loop
   vertex -43.800000 21.320000 -33.850000
   vertex -48.560120 24.972569 -33.850000
   vertex -48.996152 24.320000 -33.850000
  endloop
 endfacet
 facet normal 0.0 0.0 -1.0
  outer loop
   vertex -43.800000 21.320000 35.225000
   vertex -48.996152 24.320000 35.225000
   vertex -48.560120 24.972569 35.225000
  endloop
 endfacet
 facet normal 0.8968727415326898 -0.4422886902189983 0.0
  outer loop
   vertex -48.996152 24.320000 -33.850000
   vertex -49.343277 23.616101 35.225000
   vertex -49.343277 23.616101 -33.850000
  endloop
 endfacet
 facet normal 0.8968727415326898 -0.4422886902189983 0.0
  outer loop
   vertex -48.996152 24.320000 -33.850000
   vertex -48.996152 24.320000 35.225000
   vertex -49.343277 23.616101 35.225000
  endloop
 endfacet
 facet normal 0.0 0.0 1.0
  outer loop
   vertex -43.800000 21.320000 -33.850000
   vertex -48.996152 24.320000 -33.850000
   vertex -49.343277 23.616101 -33.850000
  endloop
 endfacet
 facet normal 0.0 0.0 -1.0
  outer loop
   vertex -43.800000 21.320000 35.225000
   vertex -49.343277 23.616101 35.225000
   vertex -48.996152 24.320000 35.225000
  endloop
 endfacet
 facet normal 0.946930129495104 -0.32143946530316636 0.0
  outer loop
   vertex -49.343277 23.616101 -33.850000
   vertex -49.595555 22.872914 35.225000
   vertex -49.595555 22.872914 -33.850000
  endloop
 endfacet
 facet normal 0.946930129495104 -0.32143946530316636 0.0
  outer loop
   vertex -49.343277 23.616101 -33.850000
   vertex -49.343277 23.616101 35.225000
   vertex -49.595555 22.872914 35.225000
  endloop
 endfacet
 facet normal 0.0 0.0 1.0
  outer loop
   vertex -43.800000 21.320000 -33.850000
   vertex -49.343277 23.616101 -33.850000
   vertex -49.595555 22.872914 -33.850000
  endloop
 endfacet
 facet normal 0.0 0.0 -1.0
  outer loop
   vertex -43.800000 21.320000 35.225000
   vertex -49.595555 22.872914 35.225000
   vertex -49.343277 23.616101 35.225000
  endloop
 endfacet
 facet normal 0.9807852804032314 -0.19509032201612272 0.0
  outer loop
   vertex -49.595555 22.872914 -33.850000
   vertex -49.748669 22.103157 35.225000
   vertex -49.748669 22.103157 -33.850000
  endloop
 endfacet
 facet normal 0.9807852804032314 -0.19509032201612272 0.0
  outer loop
   vertex -49.595555 22.872914 -33.850000
   vertex -49.595555 22.872914 35.225000
   vertex -49.748669 22.103157 35.225000
  endloop
 endfacet
 facet normal 0.0 0.0 1.0
  outer loop
   vertex -43.800000 21.320000 -33.850000
   vertex -49.595555 22.872914 -33.850000
   vertex -49.748669 22.103157 -33.850000
  endloop
 endfacet
 facet normal 0.0 0.0 -1.0
  outer loop
   vertex -43.800000 21.320000 35.225000
   vertex -49.748669 22.103157 35.225000
   vertex -49.595555 22.872914 35.225000
  endloop
 endfacet
 facet normal 0.9978589232386031 -0.06540312923014802 0.0
  outer loop
   vertex -49.748669 22.103157 -33.850000
   vertex -49.800000 21.320000 35.225000
   vertex -49.800000 21.320000 -33.850000
  endloop
 endfacet
 facet normal 0.9978589232386031 -0.06540312923014802 0.0
  outer loop
   vertex -49.748669 22.103157 -33.850000
   vertex -49.748669 22.103157 35.225000
   vertex -49.800000 21.320000 35.225000
  endloop
 endfacet
 facet normal 0.0 0.0 1.0
  outer loop
   vertex -43.800000 21.320000 -33.850000
   vertex -49.748669 22.103157 -33.850000
   vertex -49.800000 21.320000 -33.850000
  endloop
 endfacet
 facet normal 0.0 0.0 -1.0
  outer loop
   vertex -43.800000 21.320000 35.225000
   vertex -49.800000 21.320000 35.225000
   vertex -49.748669 22.103157 35.225000
  endloop
 endfacet
 facet normal 0.9978589232386031 0.06540312923014802 0.0
  outer loop
   vertex -49.800000 21.320000 -33.850000
   vertex -49.748669 20.536843 35.225000
   vertex -49.748669 20.536843 -33.850000
  endloop
 endfacet
 facet normal 0.9978589232386031 0.06540312923014802 -0.0
  outer loop
   vertex -49.800000 21.320000 -33.850000
   vertex -49.800000 21.320000 35.225000
   vertex -49.748669 20.536843 35.225000
  endloop
 endfacet
 facet normal 0.0 0.0 1.0
  outer loop
   vertex -43.800000 21.320000 -33.850000
   vertex -49.800000 21.320000 -33.850000
   vertex -49.748669 20.536843 -33.850000
  endloop
 endfacet
 facet normal -0.0 0.0 -1.0
  outer loop
   vertex -43.800000 21.320000 35.225000
   vertex -49.748669 20.536843 35.225000
   vertex -49.800000 21.320000 35.225000
  endloop
 endfacet
 facet normal 0.9807852804032314 0.19509032201612272 0.0
  outer loop
   vertex -49.748669 20.536843 -33.850000
   vertex -49.595555 19.767086 35.225000
   vertex -49.595555 19.767086 -33.850000
  endloop
 endfacet
 facet normal 0.9807852804032314 0.19509032201612272 -0.0
  outer loop
   vertex -49.748669 20.536843 -33.850000
   vertex -49.748669 20.536843 35.225000
   vertex -49.595555 19.767086 35.225000
  endloop
 endfacet
 facet normal 0.0 0.0 1.0
  outer loop
   vertex -43.800000 21.320000 -33.850000
   vertex -49.748669 20.536843 -33.850000
   vertex -49.595555 19.767086 -33.850000
  endloop
 endfacet
 facet normal 0.0 0.0 -1.0
  outer loop
   vertex -43.800000 21.320000 35.225000
   vertex -49.595555 19.767086 35.225000
   vertex -49.748669 20.536843 35.225000
  endloop
 endfacet
 facet normal 0.9469301294951064 0.3214394653031596 0.0
  outer loop
   vertex -49.595555 19.767086 -33.850000
   vertex -49.343277 19.023899 35.225000
   vertex -49.343277 19.023899 -33.850000
  endloop
 endfacet
 facet normal 0.9469301294951064 0.3214394653031596 -0.0
  outer loop
   vertex -49.595555 19.767086 -33.850000
   vertex -49.595555 19.767086 35.225000
   vertex -49.343277 19.023899 35.225000
  endloop
 endfacet
 facet normal 0.0 0.0 1.0
  outer loop
   vertex -43.800000 21.320000 -33.850000
   vertex -49.595555 19.767086 -33.850000
   vertex -49.343277 19.023899 -33.850000
  endloop
 endfacet
 facet normal 0.0 0.0 -1.0
  outer loop
   vertex -43.800000 21.320000 35.225000
   vertex -49.343277 19.023899 35.225000
   vertex -49.595555 19.767086 35.225000
  endloop
 endfacet
 facet normal 0.8968727415326871 0.44228869021900374 0.0
  outer loop
   vertex -49.343277 19.023899 -33.850000
   vertex -48.996152 18.320000 35.225000
   vertex -48.996152 18.320000 -33.850000
  endloop
 endfacet
 facet normal 0.8968727415326871 0.44228869021900374 -0.0
  outer loop
   vertex -49.343277 19.023899 -33.850000
   vertex -49.343277 19.023899 35.225000
   vertex -48.996152 18.320000 35.225000
  endloop
 endfacet
 facet normal 0.0 0.0 1.0
  outer loop
   vertex -43.800000 21.320000 -33.850000
   vertex -49.343277 19.023899 -33.850000
   vertex -48.996152 18.320000 -33.850000
  endloop
 endfacet
 facet normal 0.0 0.0 -1.0
  outer loop
   vertex -43.800000 21.320000 35.225000
   vertex -48.996152 18.320000 35.225000
   vertex -49.343277 19.023899 35.225000
  endloop
 endfacet
 facet normal 0.8314696123025467 0.5555702330196001 0.0
  outer loop
   vertex -48.996152 18.320000 -33.850000
   vertex -48.560120 17.667431 35.225000
   vertex -48.560120 17.667431 -33.850000
  endloop
 endfacet
 facet normal 0.8314696123025467 0.5555702330196001 -0.0
  outer loop
   vertex -48.996152 18.320000 -33.850000
   vertex -48.996152 18.320000 35.225000
   vertex -48.560120 17.667431 35.225000
  endloop
 endfacet
 facet normal 0.0 0.0 1.0
  outer loop
   vertex -43.800000 21.320000 -33.850000
   vertex -48.996152 18.320000 -33.850000
   vertex -48.560120 17.667431 -33.850000
  endloop
 endfacet
 facet normal 0.0 0.0 -1.0
  outer loop
   vertex -43.800000 21.320000 35.225000
   vertex -48.560120 17.667431 35.225000
   vertex -48.996152 18.320000 35.225000
  endloop
 endfacet
 facet normal 0.7518398074789786 0.6593458151000675 0.0
  outer loop
   vertex -48.560120 17.667431 -33.850000
   vertex -48.042641 17.077359 35.225000
   vertex -48.042641 17.077359 -33.850000
  endloop
 endfacet
 facet normal 0.7518398074789786 0.6593458151000675 -0.0
  outer loop
   vertex -48.560120 17.667431 -33.850000
   vertex -48.560120 17.667431 35.225000
   vertex -48.042641 17.077359 35.225000
  endloop
 endfacet
 facet normal 0.0 0.0 1.0
  outer loop
   vertex -43.800000 21.320000 -33.850000
   vertex -48.560120 17.667431 -33.850000
   vertex -48.042641 17.077359 -33.850000
  endloop
 endfacet
 facet normal 0.0 0.0 -1.0
  outer loop
   vertex -43.800000 21.320000 35.225000
   vertex -48.042641 17.077359 35.225000
   vertex -48.560120 17.667431 35.225000
  endloop
 endfacet
 facet normal 0.6593458151000654 0.7518398074789804 0.0
  outer loop
   vertex -48.042641 17.077359 -33.850000
   vertex -47.452569 16.559880 35.225000
   vertex -47.452569 16.559880 -33.850000
  endloop
 endfacet
 facet normal 0.6593458151000654 0.7518398074789804 -0.0
  outer loop
   vertex -48.042641 17.077359 -33.850000
   vertex -48.042641 17.077359 35.225000
   vertex -47.452569 16.559880 35.225000
  endloop
 endfacet
 facet normal 0.0 0.0 1.0
  outer loop
   vertex -43.800000 21.320000 -33.850000
   vertex -48.042641 17.077359 -33.850000
   vertex -47.452569 16.559880 -33.850000
  endloop
 endfacet
 facet normal 0.0 0.0 -1.0
  outer loop
   vertex -43.800000 21.320000 35.225000
   vertex -47.452569 16.559880 35.225000
   vertex -48.042641 17.077359 35.225000
  endloop
 endfacet
 facet normal 0.5555702330196032 0.8314696123025446 0.0
  outer loop
   vertex -47.452569 16.559880 -33.850000
   vertex -46.800000 16.123848 35.225000
   vertex -46.800000 16.123848 -33.850000
  endloop
 endfacet
 facet normal 0.5555702330196032 0.8314696123025446 -0.0
  outer loop
   vertex -47.452569 16.559880 -33.850000
   vertex -47.452569 16.559880 35.225000
   vertex -46.800000 16.123848 35.225000
  endloop
 endfacet
 facet normal 0.0 0.0 1.0
  outer loop
   vertex -43.800000 21.320000 -33.850000
   vertex -47.452569 16.559880 -33.850000
   vertex -46.800000 16.123848 -33.850000
  endloop
 endfacet
 facet normal 0.0 0.0 -1.0
  outer loop
   vertex -43.800000 21.320000 35.225000
   vertex -46.800000 16.123848 35.225000
   vertex -47.452569 16.559880 35.225000
  endloop
 endfacet
 facet normal 0.44228869021899836 0.8968727415326898 0.0
  outer loop
   vertex -46.800000 16.123848 -33.850000
   vertex -46.096101 15.776723 35.225000
   vertex -46.096101 15.776723 -33.850000
  endloop
 endfacet
 facet normal 0.44228869021899836 0.8968727415326898 -0.0
  outer loop
   vertex -46.800000 16.123848 -33.850000
   vertex -46.800000 16.123848 35.225000
   vertex -46.096101 15.776723 35.225000
  endloop
 endfacet
 facet normal 0.0 0.0 1.0
  outer loop
   vertex -43.800000 21.320000 -33.850000
   vertex -46.800000 16.123848 -33.850000
   vertex -46.096101 15.776723 -33.850000
  endloop
 endfacet
 facet normal 0.0 0.0 -1.0
  outer loop
   vertex -43.800000 21.320000 35.225000
   vertex -46.096101 15.776723 35.225000
   vertex -46.800000 16.123848 35.225000
  endloop
 endfacet
 facet normal 0.3214394653031651 0.9469301294951046 0.0
  outer loop
   vertex -46.096101 15.776723 -33.850000
   vertex -45.352914 15.524445 35.225000
   vertex -45.352914 15.524445 -33.850000
  endloop
 endfacet
 facet normal 0.3214394653031651 0.9469301294951046 -0.0
  outer loop
   vertex -46.096101 15.776723 -33.850000
   vertex -46.096101 15.776723 35.225000
   vertex -45.352914 15.524445 35.225000
  endloop
 endfacet
 facet normal 0.0 0.0 1.0
  outer loop
   vertex -43.800000 21.320000 -33.850000
   vertex -46.096101 15.776723 -33.850000
   vertex -45.352914 15.524445 -33.850000
  endloop
 endfacet
 facet normal 0.0 0.0 -1.0
  outer loop
   vertex -43.800000 21.320000 35.225000
   vertex -45.352914 15.524445 35.225000
   vertex -46.096101 15.776723 35.225000
  endloop
 endfacet
 facet normal 0.19509032201612714 0.9807852804032307 0.0
  outer loop
   vertex -45.352914 15.524445 -33.850000
   vertex -44.583157 15.371331 35.225000
   vertex -44.583157 15.371331 -33.850000
  endloop
 endfacet
 facet normal 0.19509032201612714 0.9807852804032307 -0.0
  outer loop
   vertex -45.352914 15.524445 -33.850000
   vertex -45.352914 15.524445 35.225000
   vertex -44.583157 15.371331 35.225000
  endloop
 endfacet
 facet normal 0.0 0.0 1.0
  outer loop
   vertex -43.800000 21.320000 -33.850000
   vertex -45.352914 15.524445 -33.850000
   vertex -44.583157 15.371331 -33.850000
  endloop
 endfacet
 facet normal 0.0 0.0 -1.0
  outer loop
   vertex -43.800000 21.320000 35.225000
   vertex -44.583157 15.371331 35.225000
   vertex -45.352914 15.524445 35.225000
  endloop
 endfacet
 facet normal 0.0654031292301435 0.9978589232386035 0.0
  outer loop
   vertex -44.583157 15.371331 -33.850000
   vertex -43.800000 15.320000 35.225000
   vertex -43.800000 15.320000 -33.850000
  endloop
 endfacet
 facet normal 0.0654031292301435 0.9978589232386035 -0.0
  outer loop
   vertex -44.583157 15.371331 -33.850000
   vertex -44.583157 15.371331 35.225000
   vertex -43.800000 15.320000 35.225000
  endloop
 endfacet
 facet normal 0.0 0.0 1.0
  outer loop
   vertex -43.800000 21.320000 -33.850000
   vertex -44.583157 15.371331 -33.850000
   vertex -43.800000 15.320000 -33.850000
  endloop
 endfacet
 facet normal 0.0 -0.0 -1.0
  outer loop
   vertex -43.800000 21.320000 35.225000
   vertex -43.800000 15.320000 35.225000
   vertex -44.583157 15.371331 35.225000
  endloop
 endfacet
 facet normal -0.0654031292301435 0.9978589232386035 0.0
  outer loop
   vertex -43.800000 15.320000 -33.850000
   vertex -43.016843 15.371331 35.225000
   vertex -43.016843 15.371331 -33.850000
  endloop
 endfacet
 facet normal -0.0654031292301435 0.9978589232386035 0.0
  outer loop
   vertex -43.800000 15.320000 -33.850000
   vertex -43.800000 15.320000 35.225000
   vertex -43.016843 15.371331 35.225000
  endloop
 endfacet
 facet normal 0.0 0.0 1.0
  outer loop
   vertex -43.800000 21.320000 -33.850000
   vertex -43.800000 15.320000 -33.850000
   vertex -43.016843 15.371331 -33.850000
  endloop
 endfacet
 facet normal 0.0 0.0 -1.0
  outer loop
   vertex -43.800000 21.320000 35.225000
   vertex -43.016843 15.371331 35.225000
   vertex -43.800000 15.320000 35.225000
  endloop
 endfacet
 facet normal -0.19509032201612886 0.9807852804032304 0.0
  outer loop
   vertex -43.016843 15.371331 -33.850000
   vertex -42.247086 15.524445 35.225000
   vertex -42.247086 15.524445 -33.850000
  endloop
 endfacet
 facet normal -0.19509032201612886 0.9807852804032304 0.0
  outer loop
   vertex -43.016843 15.371331 -33.850000
   vertex -43.016843 15.371331 35.225000
   vertex -42.247086 15.524445 35.225000
  endloop
 endfacet
 facet normal 0.0 0.0 1.0
  outer loop
   vertex -43.800000 21.320000 -33.850000
   vertex -43.016843 15.371331 -33.850000
   vertex -42.247086 15.524445 -33.850000
  endloop
 endfacet
 facet normal 0.0 0.0 -1.0
  outer loop
   vertex -43.800000 21.320000 35.225000
   vertex -42.247086 15.524445 35.225000
   vertex -43.016843 15.371331 35.225000
  endloop
 endfacet
 facet normal -0.3214394653031602 0.946930129495106 0.0
  outer loop
   vertex -42.247086 15.524445 -33.850000
   vertex -41.503899 15.776723 35.225000
   vertex -41.503899 15.776723 -33.850000
  endloop
 endfacet
 facet normal -0.3214394653031602 0.946930129495106 0.0
  outer loop
   vertex -42.247086 15.524445 -33.850000
   vertex -42.247086 15.524445 35.225000
   vertex -41.503899 15.776723 35.225000
  endloop
 endfacet
 facet normal 0.0 0.0 1.0
  outer loop
   vertex -43.800000 21.320000 -33.850000
   vertex -42.247086 15.524445 -33.850000
   vertex -41.503899 15.776723 -33.850000
  endloop
 endfacet
 facet normal 0.0 0.0 -1.0
  outer loop
   vertex -43.800000 21.320000 35.225000
   vertex -41.503899 15.776723 35.225000
   vertex -42.247086 15.524445 35.225000
  endloop
 endfacet
 facet normal -0.4422886902190002 0.8968727415326889 0.0
  outer loop
   vertex -41.503899 15.776723 -33.850000
   vertex -40.800000 16.123848 35.225000
   vertex -40.800000 16.123848 -33.850000
  endloop
 endfacet
 facet normal -0.4422886902190002 0.8968727415326889 0.0
  outer loop
   vertex -41.503899 15.776723 -33.850000
   vertex -41.503899 15.776723 35.225000
   vertex -40.800000 16.123848 35.225000
  endloop
 endfacet
 facet normal 0.0 0.0 1.0
  outer loop
   vertex -43.800000 21.320000 -33.850000
   vertex -41.503899 15.776723 -33.850000
   vertex -40.800000 16.123848 -33.850000
  endloop
 endfacet
 facet normal 0.0 0.0 -1.0
  outer loop
   vertex -43.800000 21.320000 35.225000
   vertex -40.800000 16.123848 35.225000
   vertex -41.503899 15.776723 35.225000
  endloop
 endfacet
 facet normal -0.5555702330196042 0.8314696123025439 0.0
  outer loop
   vertex -40.800000 16.123848 -33.850000
   vertex -40.147431 16.559880 35.225000
   vertex -40.147431 16.559880 -33.850000
  endloop
 endfacet
 facet normal -0.5555702330196042 0.8314696123025439 0.0
  outer loop
   vertex -40.800000 16.123848 -33.850000
   vertex -40.800000 16.123848 35.225000
   vertex -40.147431 16.559880 35.225000
  endloop
 endfacet
 facet normal 0.0 0.0 1.0
  outer loop
   vertex -43.800000 21.320000 -33.850000
   vertex -40.800000 16.123848 -33.850000
   vertex -40.147431 16.559880 -33.850000
  endloop
 endfacet
 facet normal 0.0 0.0 -1.0
  outer loop
   vertex -43.800000 21.320000 35.225000
   vertex -40.147431 16.559880 35.225000
   vertex -40.800000 16.123848 35.225000
  endloop
 endfacet
 facet normal -0.6593458151000681 0.7518398074789782 0.0
  outer loop
   vertex -40.147431 16.559880 -33.850000
   vertex -39.557359 17.077359 35.225000
   vertex -39.557359 17.077359 -33.850000
  endloop
 endfacet
 facet normal -0.6593458151000681 0.7518398074789782 0.0
  outer loop
   vertex -40.147431 16.559880 -33.850000
   vertex -40.147431 16.559880 35.225000
   vertex -39.557359 17.077359 35.225000
  endloop
 endfacet
 facet normal 0.0 0.0 1.0
  outer loop
   vertex -43.800000 21.320000 -33.850000
   vertex -40.147431 16.559880 -33.850000
   vertex -39.557359 17.077359 -33.850000
  endloop
 endfacet
 facet normal 0.0 0.0 -1.0
  outer loop
   vertex -43.800000 21.320000 35.225000
   vertex -39.557359 17.077359 35.225000
   vertex -40.147431 16.559880 35.225000
  endloop
 endfacet
 facet normal -0.751839807478974 0.6593458151000725 0.0
  outer loop
   vertex -39.557359 17.077359 -33.850000
   vertex -39.039880 17.667431 35.225000
   vertex -39.039880 17.667431 -33.850000
  endloop
 endfacet
 facet normal -0.751839807478974 0.6593458151000725 0.0
  outer loop
   vertex -39.557359 17.077359 -33.850000
   vertex -39.557359 17.077359 35.225000
   vertex -39.039880 17.667431 35.225000
  endloop
 endfacet
 facet normal 0.0 0.0 1.0
  outer loop
   vertex -43.800000 21.320000 -33.850000
   vertex -39.557359 17.077359 -33.850000
   vertex -39.039880 17.667431 -33.850000
  endloop
 endfacet
 facet normal 0.0 0.0 -1.0
  outer loop
   vertex -43.800000 21.320000 35.225000
   vertex -39.039880 17.667431 35.225000
   vertex -39.557359 17.077359 35.225000
  endloop
 endfacet
 facet normal -0.8314696123025452 0.5555702330196022 0.0
  outer loop
   vertex -39.039880 17.667431 -33.850000
   vertex -38.603848 18.320000 35.225000
   vertex -38.603848 18.320000 -33.850000
  endloop
 endfacet
 facet normal -0.8314696123025452 0.5555702330196022 0.0
  outer loop
   vertex -39.039880 17.667431 -33.850000
   vertex -39.039880 17.667431 35.225000
   vertex -38.603848 18.320000 35.225000
  endloop
 endfacet
 facet normal 0.0 0.0 1.0
  outer loop
   vertex -43.800000 21.320000 -33.850000
   vertex -39.039880 17.667431 -33.850000
   vertex -38.603848 18.320000 -33.850000
  endloop
 endfacet
 facet normal 0.0 0.0 -1.0
  outer loop
   vertex -43.800000 21.320000 35.225000
   vertex -38.603848 18.320000 35.225000
   vertex -39.039880 17.667431 35.225000
  endloop
 endfacet
 facet normal -0.8968727415326879 0.4422886902190019 0.0
  outer loop
   vertex -38.603848 18.320000 -33.850000
   vertex -38.256723 19.023899 35.225000
   vertex -38.256723 19.023899 -33.850000
  endloop
 endfacet
 facet normal -0.8968727415326879 0.4422886902190019 0.0
  outer loop
   vertex -38.603848 18.320000 -33.850000
   vertex -38.603848 18.320000 35.225000
   vertex -38.256723 19.023899 35.225000
  endloop
 endfacet
 facet normal 0.0 0.0 1.0
  outer loop
   vertex -43.800000 21.320000 -33.850000
   vertex -38.603848 18.320000 -33.850000
   vertex -38.256723 19.023899 -33.850000
  endloop
 endfacet
 facet normal 0.0 0.0 -1.0
  outer loop
   vertex -43.800000 21.320000 35.225000
   vertex -38.256723 19.023899 35.225000
   vertex -38.603848 18.320000 35.225000
  endloop
 endfacet
 facet normal -0.9469301294951058 0.321439465303161 0.0
  outer loop
   vertex -38.256723 19.023899 -33.850000
   vertex -38.004445 19.767086 35.225000
   vertex -38.004445 19.767086 -33.850000
  endloop
 endfacet
 facet normal -0.9469301294951058 0.321439465303161 0.0
  outer loop
   vertex -38.256723 19.023899 -33.850000
   vertex -38.256723 19.023899 35.225000
   vertex -38.004445 19.767086 35.225000
  endloop
 endfacet
 facet normal 0.0 0.0 1.0
  outer loop
   vertex -43.800000 21.320000 -33.850000
   vertex -38.256723 19.023899 -33.850000
   vertex -38.004445 19.767086 -33.850000
  endloop
 endfacet
 facet normal 0.0 0.0 -1.0
  outer loop
   vertex -43.800000 21.320000 35.225000
   vertex -38.004445 19.767086 35.225000
   vertex -38.256723 19.023899 35.225000
  endloop
 endfacet
 facet normal -0.9807852804032317 0.19509032201612186 0.0
  outer loop
   vertex -38.004445 19.767086 -33.850000
   vertex -37.851331 20.536843 35.225000
   vertex -37.851331 20.536843 -33.850000
  endloop
 endfacet
 facet normal -0.9807852804032317 0.19509032201612186 0.0
  outer loop
   vertex -38.004445 19.767086 -33.850000
   vertex -38.004445 19.767086 35.225000
   vertex -37.851331 20.536843 35.225000
  endloop
 endfacet
 facet normal 0.0 0.0 1.0
  outer loop
   vertex -43.800000 21.320000 -33.850000
   vertex -38.004445 19.767086 -33.850000
   vertex -37.851331 20.536843 -33.850000
  endloop
 endfacet
 facet normal 0.0 0.0 -1.0
  outer loop
   vertex -43.800000 21.320000 35.225000
   vertex -37.851331 20.536843 35.225000
   vertex -38.004445 19.767086 35.225000
  endloop
 endfacet
 facet normal -0.9978589232386031 0.06540312923014802 0.0
  outer loop
   vertex -37.851331 20.536843 -33.850000
   vertex -37.800000 21.320000 35.225000
   vertex -37.800000 21.320000 -33.850000
  endloop
 endfacet
 facet normal -0.9978589232386031 0.06540312923014802 0.0
  outer loop
   vertex -37.851331 20.536843 -33.850000
   vertex -37.851331 20.536843 35.225000
   vertex -37.800000 21.320000 35.225000
  endloop
 endfacet
 facet normal -0.0 0.0 1.0
  outer loop
   vertex -43.800000 21.320000 -33.850000
   vertex -37.851331 20.536843 -33.850000
   vertex -37.800000 21.320000 -33.850000
  endloop
 endfacet
 facet normal 0.0 0.0 -1.0
  outer loop
   vertex -43.800000 21.320000 35.225000
   vertex -37.800000 21.320000 35.225000
   vertex -37.851331 20.536843 35.225000
  endloop
 endfacet
 facet normal -0.9978589232386031 -0.06540312923014802 0.0
  outer loop
   vertex 49.800000 -26.170000 -33.850000
   vertex 49.748669 -25.386843 35.225000
   vertex 49.748669 -25.386843 -33.850000
  endloop
 endfacet
 facet normal -0.9978589232386031 -0.06540312923014802 0.0
  outer loop
   vertex 49.800000 -26.170000 -33.850000
   vertex 49.800000 -26.170000 35.225000
   vertex 49.748669 -25.386843 35.225000
  endloop
 endfacet
 facet normal 0.0 0.0 1.0
  outer loop
   vertex 43.800000 -26.170000 -33.850000
   vertex 49.800000 -26.170000 -33.850000
   vertex 49.748669 -25.386843 -33.850000
  endloop
 endfacet
 facet normal 0.0 0.0 -1.0
  outer loop
   vertex 43.800000 -26.170000 35.225000
   vertex 49.748669 -25.386843 35.225000
   vertex 49.800000 -26.170000 35.225000
  endloop
 endfacet
 facet normal -0.9807852804032314 -0.19509032201612272 0.0
  outer loop
   vertex 49.748669 -25.386843 -33.850000
   vertex 49.595555 -24.617086 35.225000
   vertex 49.595555 -24.617086 -33.850000
  endloop
 endfacet
 facet normal -0.9807852804032314 -0.19509032201612272 0.0
  outer loop
   vertex 49.748669 -25.386843 -33.850000
   vertex 49.748669 -25.386843 35.225000
   vertex 49.595555 -24.617086 35.225000
  endloop
 endfacet
 facet normal 0.0 0.0 1.0
  outer loop
   vertex 43.800000 -26.170000 -33.850000
   vertex 49.748669 -25.386843 -33.850000
   vertex 49.595555 -24.617086 -33.850000
  endloop
 endfacet
 facet normal 0.0 0.0 -1.0
  outer loop
   vertex 43.800000 -26.170000 35.225000
   vertex 49.595555 -24.617086 35.225000
   vertex 49.748669 -25.386843 35.225000
  endloop
 endfacet
 facet normal -0.9469301294951036 -0.3214394653031677 0.0
  outer loop
   vertex 49.595555 -24.617086 -33.850000
   vertex 49.343277 -23.873899 35.225000
   vertex 49.343277 -23.873899 -33.850000
  endloop
 endfacet
 facet normal -0.9469301294951036 -0.3214394653031677 0.0
  outer loop
   vertex 49.595555 -24.617086 -33.850000
   vertex 49.595555 -24.617086 35.225000
   vertex 49.343277 -23.873899 35.225000
  endloop
 endfacet
 facet normal 0.0 0.0 1.0
  outer loop
   vertex 43.800000 -26.170000 -33.850000
   vertex 49.595555 -24.617086 -33.850000
   vertex 49.343277 -23.873899 -33.850000
  endloop
 endfacet
 facet normal 0.0 0.0 -1.0
  outer loop
   vertex 43.800000 -26.170000 35.225000
   vertex 49.343277 -23.873899 35.225000
   vertex 49.595555 -24.617086 35.225000
  endloop
 endfacet
 facet normal -0.8968727415326907 -0.4422886902189964 0.0
  outer loop
   vertex 49.343277 -23.873899 -33.850000
   vertex 48.996152 -23.170000 35.225000
   vertex 48.996152 -23.170000 -33.850000
  endloop
 endfacet
 facet normal -0.8968727415326907 -0.4422886902189964 0.0
  outer loop
   vertex 49.343277 -23.873899 -33.850000
   vertex 49.343277 -23.873899 35.225000
   vertex 48.996152 -23.170000 35.225000
  endloop
 endfacet
 facet normal 0.0 0.0 1.0
  outer loop
   vertex 43.800000 -26.170000 -33.850000
   vertex 49.343277 -23.873899 -33.850000
   vertex 48.996152 -23.170000 -33.850000
  endloop
 endfacet
 facet normal 0.0 0.0 -1.0
  outer loop
   vertex 43.800000 -26.170000 35.225000
   vertex 48.996152 -23.170000 35.225000
   vertex 49.343277 -23.873899 35.225000
  endloop
 endfacet
 facet normal -0.8314696123025467 -0.5555702330196001 0.0
  outer loop
   vertex 48.996152 -23.170000 -33.850000
   vertex 48.560120 -22.517431 35.225000
   vertex 48.560120 -22.517431 -33.850000
  endloop
 endfacet
 facet normal -0.8314696123025467 -0.5555702330196001 0.0
  outer loop
   vertex 48.996152 -23.170000 -33.850000
   vertex 48.996152 -23.170000 35.225000
   vertex 48.560120 -22.517431 35.225000
  endloop
 endfacet
 facet normal 0.0 0.0 1.0
  outer loop
   vertex 43.800000 -26.170000 -33.850000
   vertex 48.996152 -23.170000 -33.850000
   vertex 48.560120 -22.517431 -33.850000
  endloop
 endfacet
 facet normal 0.0 0.0 -1.0
  outer loop
   vertex 43.800000 -26.170000 35.225000
   vertex 48.560120 -22.517431 35.225000
   vertex 48.996152 -23.170000 35.225000
  endloop
 endfacet
 facet normal -0.751839807478974 -0.6593458151000725 0.0
  outer loop
   vertex 48.560120 -22.517431 -33.850000
   vertex 48.042641 -21.927359 35.225000
   vertex 48.042641 -21.927359 -33.850000
  endloop
 endfacet
 facet normal -0.751839807478974 -0.6593458151000725 0.0
  outer loop
   vertex 48.560120 -22.517431 -33.850000
   vertex 48.560120 -22.517431 35.225000
   vertex 48.042641 -21.927359 35.225000
  endloop
 endfacet
 facet normal 0.0 0.0 1.0
  outer loop
   vertex 43.800000 -26.170000 -33.850000
   vertex 48.560120 -22.517431 -33.850000
   vertex 48.042641 -21.927359 -33.850000
  endloop
 endfacet
 facet normal 0.0 0.0 -1.0
  outer loop
   vertex 43.800000 -26.170000 35.225000
   vertex 48.042641 -21.927359 35.225000
   vertex 48.560120 -22.517431 35.225000
  endloop
 endfacet
 facet normal -0.6593458151000725 -0.751839807478974 0.0
  outer loop
   vertex 48.042641 -21.927359 -33.850000
   vertex 47.452569 -21.409880 35.225000
   vertex 47.452569 -21.409880 -33.850000
  endloop
 endfacet
 facet normal -0.6593458151000725 -0.751839807478974 0.0
  outer loop
   vertex 48.042641 -21.927359 -33.850000
   vertex 48.042641 -21.927359 35.225000
   vertex 47.452569 -21.409880 35.225000
  endloop
 endfacet
 facet normal 0.0 0.0 1.0
  outer loop
   vertex 43.800000 -26.170000 -33.850000
   vertex 48.042641 -21.927359 -33.850000
   vertex 47.452569 -21.409880 -33.850000
  endloop
 endfacet
 facet normal 0.0 0.0 -1.0
  outer loop
   vertex 43.800000 -26.170000 35.225000
   vertex 47.452569 -21.409880 35.225000
   vertex 48.042641 -21.927359 35.225000
  endloop
 endfacet
 facet normal -0.5555702330196001 -0.8314696123025467 0.0
  outer loop
   vertex 47.452569 -21.409880 -33.850000
   vertex 46.800000 -20.973848 35.225000
   vertex 46.800000 -20.973848 -33.850000
  endloop
 endfacet
 facet normal -0.5555702330196001 -0.8314696123025467 0.0
  outer loop
   vertex 47.452569 -21.409880 -33.850000
   vertex 47.452569 -21.409880 35.225000
   vertex 46.800000 -20.973848 35.225000
  endloop
 endfacet
 facet normal 0.0 0.0 1.0
  outer loop
   vertex 43.800000 -26.170000 -33.850000
   vertex 47.452569 -21.409880 -33.850000
   vertex 46.800000 -20.973848 -33.850000
  endloop
 endfacet
 facet normal 0.0 0.0 -1.0
  outer loop
   vertex 43.800000 -26.170000 35.225000
   vertex 46.800000 -20.973848 35.225000
   vertex 47.452569 -21.409880 35.225000
  endloop
 endfacet
 facet normal -0.44228869021900186 -0.8968727415326879 0.0
  outer loop
   vertex 46.800000 -20.973848 -33.850000
   vertex 46.096101 -20.626723 35.225000
   vertex 46.096101 -20.626723 -33.850000
  endloop
 endfacet
 facet normal -0.44228869021900186 -0.8968727415326879 0.0
  outer loop
   vertex 46.800000 -20.973848 -33.850000
   vertex 46.800000 -20.973848 35.225000
   vertex 46.096101 -20.626723 35.225000
  endloop
 endfacet
 facet normal 0.0 0.0 1.0
  outer loop
   vertex 43.800000 -26.170000 -33.850000
   vertex 46.800000 -20.973848 -33.850000
   vertex 46.096101 -20.626723 -33.850000
  endloop
 endfacet
 facet normal 0.0 0.0 -1.0
  outer loop
   vertex 43.800000 -26.170000 35.225000
   vertex 46.096101 -20.626723 35.225000
   vertex 46.800000 -20.973848 35.225000
  endloop
 endfacet
 facet normal -0.32143946530316225 -0.9469301294951055 0.0
  outer loop
   vertex 46.096101 -20.626723 -33.850000
   vertex 45.352914 -20.374445 35.225000
   vertex 45.352914 -20.374445 -33.850000
  endloop
 endfacet
 facet normal -0.32143946530316225 -0.9469301294951055 0.0
  outer loop
   vertex 46.096101 -20.626723 -33.850000
   vertex 46.096101 -20.626723 35.225000
   vertex 45.352914 -20.374445 35.225000
  endloop
 endfacet
 facet normal 0.0 0.0 1.0
  outer loop
   vertex 43.800000 -26.170000 -33.850000
   vertex 46.096101 -20.626723 -33.850000
   vertex 45.352914 -20.374445 -33.850000
  endloop
 endfacet
 facet normal 0.0 0.0 -1.0
  outer loop
   vertex 43.800000 -26.170000 35.225000
   vertex 45.352914 -20.374445 35.225000
   vertex 46.096101 -20.626723 35.225000
  endloop
 endfacet
 facet normal -0.19509032201612714 -0.9807852804032307 0.0
  outer loop
   vertex 45.352914 -20.374445 -33.850000
   vertex 44.583157 -20.221331 35.225000
   vertex 44.583157 -20.221331 -33.850000
  endloop
 endfacet
 facet normal -0.19509032201612714 -0.9807852804032307 0.0
  outer loop
   vertex 45.352914 -20.374445 -33.850000
   vertex 45.352914 -20.374445 35.225000
   vertex 44.583157 -20.221331 35.225000
  endloop
 endfacet
 facet normal 0.0 0.0 1.0
  outer loop
   vertex 43.800000 -26.170000 -33.850000
   vertex 45.352914 -20.374445 -33.850000
   vertex 44.583157 -20.221331 -33.850000
  endloop
 endfacet
 facet normal 0.0 0.0 -1.0
  outer loop
   vertex 43.800000 -26.170000 35.225000
   vertex 44.583157 -20.221331 35.225000
   vertex 45.352914 -20.374445 35.225000
  endloop
 endfacet
 facet normal -0.0654031292301435 -0.9978589232386035 0.0
  outer loop
   vertex 44.583157 -20.221331 -33.850000
   vertex 43.800000 -20.170000 35.225000
   vertex 43.800000 -20.170000 -33.850000
  endloop
 endfacet
 facet normal -0.0654031292301435 -0.9978589232386035 0.0
  outer loop
   vertex 44.583157 -20.221331 -33.850000
   vertex 44.583157 -20.221331 35.225000
   vertex 43.800000 -20.170000 35.225000
  endloop
 endfacet
 facet normal 0.0 0.0 1.0
  outer loop
   vertex 43.800000 -26.170000 -33.850000
   vertex 44.583157 -20.221331 -33.850000
   vertex 43.800000 -20.170000 -33.850000
  endloop
 endfacet
 facet normal 0.0 0.0 -1.0
  outer loop
   vertex 43.800000 -26.170000 35.225000
   vertex 43.800000 -20.170000 35.225000
   vertex 44.583157 -20.221331 35.225000
  endloop
 endfacet
 facet normal 0.0654031292301435 -0.9978589232386035 0.0
  outer loop
   vertex 43.800000 -20.170000 -33.850000
   vertex 43.016843 -20.221331 35.225000
   vertex 43.016843 -20.221331 -33.850000
  endloop
 endfacet
 facet normal 0.0654031292301435 -0.9978589232386035 0.0
  outer loop
   vertex 43.800000 -20.170000 -33.850000
   vertex 43.800000 -20.170000 35.225000
   vertex 43.016843 -20.221331 35.225000
  endloop
 endfacet
 facet normal 0.0 -0.0 1.0
  outer loop
   vertex 43.800000 -26.170000 -33.850000
   vertex 43.800000 -20.170000 -33.850000
   vertex 43.016843 -20.221331 -33.850000
  endloop
 endfacet
 facet normal 0.0 0.0 -1.0
  outer loop
   vertex 43.800000 -26.170000 35.225000
   vertex 43.016843 -20.221331 35.225000
   vertex 43.800000 -20.170000 35.225000
  endloop
 endfacet
 facet normal 0.19509032201612714 -0.9807852804032307 0.0
  outer loop
   vertex 43.016843 -20.221331 -33.850000
   vertex 42.247086 -20.374445 35.225000
   vertex 42.247086 -20.374445 -33.850000
  endloop
 endfacet
 facet normal 0.19509032201612714 -0.9807852804032307 0.0
  outer loop
   vertex 43.016843 -20.221331 -33.850000
   vertex 43.016843 -20.221331 35.225000
   vertex 42.247086 -20.374445 35.225000
  endloop
 endfacet
 facet normal 0.0 0.0 1.0
  outer loop
   vertex 43.800000 -26.170000 -33.850000
   vertex 43.016843 -20.221331 -33.850000
   vertex 42.247086 -20.374445 -33.850000
  endloop
 endfacet
 facet normal 0.0 0.0 -1.0
  outer loop
   vertex 43.800000 -26.170000 35.225000
   vertex 42.247086 -20.374445 35.225000
   vertex 43.016843 -20.221331 35.225000
  endloop
 endfacet
 facet normal 0.3214394653031651 -0.9469301294951046 0.0
  outer loop
   vertex 42.247086 -20.374445 -33.850000
   vertex 41.503899 -20.626723 35.225000
   vertex 41.503899 -20.626723 -33.850000
  endloop
 endfacet
 facet normal 0.3214394653031651 -0.9469301294951046 0.0
  outer loop
   vertex 42.247086 -20.374445 -33.850000
   vertex 42.247086 -20.374445 35.225000
   vertex 41.503899 -20.626723 35.225000
  endloop
 endfacet
 facet normal 0.0 0.0 1.0
  outer loop
   vertex 43.800000 -26.170000 -33.850000
   vertex 42.247086 -20.374445 -33.850000
   vertex 41.503899 -20.626723 -33.850000
  endloop
 endfacet
 facet normal 0.0 0.0 -1.0
  outer loop
   vertex 43.800000 -26.170000 35.225000
   vertex 41.503899 -20.626723 35.225000
   vertex 42.247086 -20.374445 35.225000
  endloop
 endfacet
 facet normal 0.44228869021899836 -0.8968727415326898 0.0
  outer loop
   vertex 41.503899 -20.626723 -33.850000
   vertex 40.800000 -20.973848 35.225000
   vertex 40.800000 -20.973848 -33.850000
  endloop
 endfacet
 facet normal 0.44228869021899836 -0.8968727415326898 0.0
  outer loop
   vertex 41.503899 -20.626723 -33.850000
   vertex 41.503899 -20.626723 35.225000
   vertex 40.800000 -20.973848 35.225000
  endloop
 endfacet
 facet normal 0.0 0.0 1.0
  outer loop
   vertex 43.800000 -26.170000 -33.850000
   vertex 41.503899 -20.626723 -33.850000
   vertex 40.800000 -20.973848 -33.850000
  endloop
 endfacet
 facet normal 0.0 0.0 -1.0
  outer loop
   vertex 43.800000 -26.170000 35.225000
   vertex 40.800000 -20.973848 35.225000
   vertex 41.503899 -20.626723 35.225000
  endloop
 endfacet
 facet normal 0.5555702330196001 -0.8314696123025467 0.0
  outer loop
   vertex 40.800000 -20.973848 -33.850000
   vertex 40.147431 -21.409880 35.225000
   vertex 40.147431 -21.409880 -33.850000
  endloop
 endfacet
 facet normal 0.5555702330196001 -0.8314696123025467 0.0
  outer loop
   vertex 40.800000 -20.973848 -33.850000
   vertex 40.800000 -20.973848 35.225000
   vertex 40.147431 -21.409880 35.225000
  endloop
 endfacet
 facet normal 0.0 0.0 1.0
  outer loop
   vertex 43.800000 -26.170000 -33.850000
   vertex 40.800000 -20.973848 -33.850000
   vertex 40.147431 -21.409880 -33.850000
  endloop
 endfacet
 facet normal 0.0 0.0 -1.0
  outer loop
   vertex 43.800000 -26.170000 35.225000
   vertex 40.147431 -21.409880 35.225000
   vertex 40.800000 -20.973848 35.225000
  endloop
 endfacet
 facet normal 0.6593458151000725 -0.751839807478974 0.0
  outer loop
   vertex 40.147431 -21.409880 -33.850000
   vertex 39.557359 -21.927359 35.225000
   vertex 39.557359 -21.927359 -33.850000
  endloop
 endfacet
 facet normal 0.6593458151000725 -0.751839807478974 0.0
  outer loop
   vertex 40.147431 -21.409880 -33.850000
   vertex 40.147431 -21.409880 35.225000
   vertex 39.557359 -21.927359 35.225000
  endloop
 endfacet
 facet normal 0.0 0.0 1.0
  outer loop
   vertex 43.800000 -26.170000 -33.850000
   vertex 40.147431 -21.409880 -33.850000
   vertex 39.557359 -21.927359 -33.850000
  endloop
 endfacet
 facet normal 0.0 0.0 -1.0
  outer loop
   vertex 43.800000 -26.170000 35.225000
   vertex 39.557359 -21.927359 35.225000
   vertex 40.147431 -21.409880 35.225000
  endloop
 endfacet
 facet normal 0.751839807478974 -0.6593458151000725 0.0
  outer loop
   vertex 39.557359 -21.927359 -33.850000
   vertex 39.039880 -22.517431 35.225000
   vertex 39.039880 -22.517431 -33.850000
  endloop
 endfacet
 facet normal 0.751839807478974 -0.6593458151000725 0.0
  outer loop
   vertex 39.557359 -21.927359 -33.850000
   vertex 39.557359 -21.927359 35.225000
   vertex 39.039880 -22.517431 35.225000
  endloop
 endfacet
 facet normal 0.0 0.0 1.0
  outer loop
   vertex 43.800000 -26.170000 -33.850000
   vertex 39.557359 -21.927359 -33.850000
   vertex 39.039880 -22.517431 -33.850000
  endloop
 endfacet
 facet normal 0.0 0.0 -1.0
  outer loop
   vertex 43.800000 -26.170000 35.225000
   vertex 39.039880 -22.517431 35.225000
   vertex 39.557359 -21.927359 35.225000
  endloop
 endfacet
 facet normal 0.8314696123025467 -0.5555702330196001 0.0
  outer loop
   vertex 39.039880 -22.517431 -33.850000
   vertex 38.603848 -23.170000 35.225000
   vertex 38.603848 -23.170000 -33.850000
  endloop
 endfacet
 facet normal 0.8314696123025467 -0.5555702330196001 0.0
  outer loop
   vertex 39.039880 -22.517431 -33.850000
   vertex 39.039880 -22.517431 35.225000
   vertex 38.603848 -23.170000 35.225000
  endloop
 endfacet
 facet normal 0.0 0.0 1.0
  outer loop
   vertex 43.800000 -26.170000 -33.850000
   vertex 39.039880 -22.517431 -33.850000
   vertex 38.603848 -23.170000 -33.850000
  endloop
 endfacet
 facet normal 0.0 0.0 -1.0
  outer loop
   vertex 43.800000 -26.170000 35.225000
   vertex 38.603848 -23.170000 35.225000
   vertex 39.039880 -22.517431 35.225000
  endloop
 endfacet
 facet normal 0.8968727415326898 -0.4422886902189983 0.0
  outer loop
   vertex 38.603848 -23.170000 -33.850000
   vertex 38.256723 -23.873899 35.225000
   vertex 38.256723 -23.873899 -33.850000
  endloop
 endfacet
 facet normal 0.8968727415326898 -0.4422886902189983 0.0
  outer loop
   vertex 38.603848 -23.170000 -33.850000
   vertex 38.603848 -23.170000 35.225000
   vertex 38.256723 -23.873899 35.225000
  endloop
 endfacet
 facet normal 0.0 0.0 1.0
  outer loop
   vertex 43.800000 -26.170000 -33.850000
   vertex 38.603848 -23.170000 -33.850000
   vertex 38.256723 -23.873899 -33.850000
  endloop
 endfacet
 facet normal 0.0 0.0 -1.0
  outer loop
   vertex 43.800000 -26.170000 35.225000
   vertex 38.256723 -23.873899 35.225000
   vertex 38.603848 -23.170000 35.225000
  endloop
 endfacet
 facet normal 0.946930129495104 -0.32143946530316636 0.0
  outer loop
   vertex 38.256723 -23.873899 -33.850000
   vertex 38.004445 -24.617086 35.225000
   vertex 38.004445 -24.617086 -33.850000
  endloop
 endfacet
 facet normal 0.946930129495104 -0.32143946530316636 0.0
  outer loop
   vertex 38.256723 -23.873899 -33.850000
   vertex 38.256723 -23.873899 35.225000
   vertex 38.004445 -24.617086 35.225000
  endloop
 endfacet
 facet normal 0.0 0.0 1.0
  outer loop
   vertex 43.800000 -26.170000 -33.850000
   vertex 38.256723 -23.873899 -33.850000
   vertex 38.004445 -24.617086 -33.850000
  endloop
 endfacet
 facet normal 0.0 0.0 -1.0
  outer loop
   vertex 43.800000 -26.170000 35.225000
   vertex 38.004445 -24.617086 35.225000
   vertex 38.256723 -23.873899 35.225000
  endloop
 endfacet
 facet normal 0.9807852804032314 -0.19509032201612272 0.0
  outer loop
   vertex 38.004445 -24.617086 -33.850000
   vertex 37.851331 -25.386843 35.225000
   vertex 37.851331 -25.386843 -33.850000
  endloop
 endfacet
 facet normal 0.9807852804032314 -0.19509032201612272 0.0
  outer loop
   vertex 38.004445 -24.617086 -33.850000
   vertex 38.004445 -24.617086 35.225000
   vertex 37.851331 -25.386843 35.225000
  endloop
 endfacet
 facet normal 0.0 0.0 1.0
  outer loop
   vertex 43.800000 -26.170000 -33.850000
   vertex 38.004445 -24.617086 -33.850000
   vertex 37.851331 -25.386843 -33.850000
  endloop
 endfacet
 facet normal 0.0 0.0 -1.0
  outer loop
   vertex 43.800000 -26.170000 35.225000
   vertex 37.851331 -25.386843 35.225000
   vertex 38.004445 -24.617086 35.225000
  endloop
 endfacet
 facet normal 0.9978589232386031 -0.06540312923014802 0.0
  outer loop
   vertex 37.851331 -25.386843 -33.850000
   vertex 37.800000 -26.170000 35.225000
   vertex 37.800000 -26.170000 -33.850000
  endloop
 endfacet
 facet normal 0.9978589232386031 -0.06540312923014802 0.0
  outer loop
   vertex 37.851331 -25.386843 -33.850000
   vertex 37.851331 -25.386843 35.225000
   vertex 37.800000 -26.170000 35.225000
  endloop
 endfacet
 facet normal 0.0 0.0 1.0
  outer loop
   vertex 43.800000 -26.170000 -33.850000
   vertex 37.851331 -25.386843 -33.850000
   vertex 37.800000 -26.170000 -33.850000
  endloop
 endfacet
 facet normal 0.0 0.0 -1.0
  outer loop
   vertex 43.800000 -26.170000 35.225000
   vertex 37.800000 -26.170000 35.225000
   vertex 37.851331 -25.386843 35.225000
  endloop
 endfacet
 facet normal 0.9978589232386031 0.06540312923014802 0.0
  outer loop
   vertex 37.800000 -26.170000 -33.850000
   vertex 37.851331 -26.953157 35.225000
   vertex 37.851331 -26.953157 -33.850000
  endloop
 endfacet
 facet normal 0.9978589232386031 0.06540312923014802 -0.0
  outer loop
   vertex 37.800000 -26.170000 -33.850000
   vertex 37.800000 -26.170000 35.225000
   vertex 37.851331 -26.953157 35.225000
  endloop
 endfacet
 facet normal 0.0 0.0 1.0
  outer loop
   vertex 43.800000 -26.170000 -33.850000
   vertex 37.800000 -26.170000 -33.850000
   vertex 37.851331 -26.953157 -33.850000
  endloop
 endfacet
 facet normal -0.0 0.0 -1.0
  outer loop
   vertex 43.800000 -26.170000 35.225000
   vertex 37.851331 -26.953157 35.225000
   vertex 37.800000 -26.170000 35.225000
  endloop
 endfacet
 facet normal 0.9807852804032314 0.19509032201612272 0.0
  outer loop
   vertex 37.851331 -26.953157 -33.850000
   vertex 38.004445 -27.722914 35.225000
   vertex 38.004445 -27.722914 -33.850000
  endloop
 endfacet
 facet normal 0.9807852804032314 0.19509032201612272 -0.0
  outer loop
   vertex 37.851331 -26.953157 -33.850000
   vertex 37.851331 -26.953157 35.225000
   vertex 38.004445 -27.722914 35.225000
  endloop
 endfacet
 facet normal 0.0 0.0 1.0
  outer loop
   vertex 43.800000 -26.170000 -33.850000
   vertex 37.851331 -26.953157 -33.850000
   vertex 38.004445 -27.722914 -33.850000
  endloop
 endfacet
 facet normal 0.0 0.0 -1.0
  outer loop
   vertex 43.800000 -26.170000 35.225000
   vertex 38.004445 -27.722914 35.225000
   vertex 37.851331 -26.953157 35.225000
  endloop
 endfacet
 facet normal 0.9469301294951064 0.3214394653031596 0.0
  outer loop
   vertex 38.004445 -27.722914 -33.850000
   vertex 38.256723 -28.466101 35.225000
   vertex 38.256723 -28.466101 -33.850000
  endloop
 endfacet
 facet normal 0.9469301294951064 0.3214394653031596 -0.0
  outer loop
   vertex 38.004445 -27.722914 -33.850000
   vertex 38.004445 -27.722914 35.225000
   vertex 38.256723 -28.466101 35.225000
  endloop
 endfacet
 facet normal 0.0 0.0 1.0
  outer loop
   vertex 43.800000 -26.170000 -33.850000
   vertex 38.004445 -27.722914 -33.850000
   vertex 38.256723 -28.466101 -33.850000
  endloop
 endfacet
 facet normal 0.0 0.0 -1.0
  outer loop
   vertex 43.800000 -26.170000 35.225000
   vertex 38.256723 -28.466101 35.225000
   vertex 38.004445 -27.722914 35.225000
  endloop
 endfacet
 facet normal 0.8968727415326871 0.44228869021900374 0.0
  outer loop
   vertex 38.256723 -28.466101 -33.850000
   vertex 38.603848 -29.170000 35.225000
   vertex 38.603848 -29.170000 -33.850000
  endloop
 endfacet
 facet normal 0.8968727415326871 0.44228869021900374 -0.0
  outer loop
   vertex 38.256723 -28.466101 -33.850000
   vertex 38.256723 -28.466101 35.225000
   vertex 38.603848 -29.170000 35.225000
  endloop
 endfacet
 facet normal 0.0 0.0 1.0
  outer loop
   vertex 43.800000 -26.170000 -33.850000
   vertex 38.256723 -28.466101 -33.850000
   vertex 38.603848 -29.170000 -33.850000
  endloop
 endfacet
 facet normal 0.0 0.0 -1.0
  outer loop
   vertex 43.800000 -26.170000 35.225000
   vertex 38.603848 -29.170000 35.225000
   vertex 38.256723 -28.466101 35.225000
  endloop
 endfacet
 facet normal 0.8314696123025467 0.5555702330196001 0.0
  outer loop
   vertex 38.603848 -29.170000 -33.850000
   vertex 39.039880 -29.822569 35.225000
   vertex 39.039880 -29.822569 -33.850000
  endloop
 endfacet
 facet normal 0.8314696123025467 0.5555702330196001 -0.0
  outer loop
   vertex 38.603848 -29.170000 -33.850000
   vertex 38.603848 -29.170000 35.225000
   vertex 39.039880 -29.822569 35.225000
  endloop
 endfacet
 facet normal 0.0 0.0 1.0
  outer loop
   vertex 43.800000 -26.170000 -33.850000
   vertex 38.603848 -29.170000 -33.850000
   vertex 39.039880 -29.822569 -33.850000
  endloop
 endfacet
 facet normal 0.0 0.0 -1.0
  outer loop
   vertex 43.800000 -26.170000 35.225000
   vertex 39.039880 -29.822569 35.225000
   vertex 38.603848 -29.170000 35.225000
  endloop
 endfacet
 facet normal 0.7518398074789786 0.6593458151000675 0.0
  outer loop
   vertex 39.039880 -29.822569 -33.850000
   vertex 39.557359 -30.412641 35.225000
   vertex 39.557359 -30.412641 -33.850000
  endloop
 endfacet
 facet normal 0.7518398074789786 0.6593458151000675 -0.0
  outer loop
   vertex 39.039880 -29.822569 -33.850000
   vertex 39.039880 -29.822569 35.225000
   vertex 39.557359 -30.412641 35.225000
  endloop
 endfacet
 facet normal 0.0 0.0 1.0
  outer loop
   vertex 43.800000 -26.170000 -33.850000
   vertex 39.039880 -29.822569 -33.850000
   vertex 39.557359 -30.412641 -33.850000
  endloop
 endfacet
 facet normal 0.0 0.0 -1.0
  outer loop
   vertex 43.800000 -26.170000 35.225000
   vertex 39.557359 -30.412641 35.225000
   vertex 39.039880 -29.822569 35.225000
  endloop
 endfacet
 facet normal 0.6593458151000654 0.7518398074789804 0.0
  outer loop
   vertex 39.557359 -30.412641 -33.850000
   vertex 40.147431 -30.930120 35.225000
   vertex 40.147431 -30.930120 -33.850000
  endloop
 endfacet
 facet normal 0.6593458151000654 0.7518398074789804 -0.0
  outer loop
   vertex 39.557359 -30.412641 -33.850000
   vertex 39.557359 -30.412641 35.225000
   vertex 40.147431 -30.930120 35.225000
  endloop
 endfacet
 facet normal 0.0 0.0 1.0
  outer loop
   vertex 43.800000 -26.170000 -33.850000
   vertex 39.557359 -30.412641 -33.850000
   vertex 40.147431 -30.930120 -33.850000
  endloop
 endfacet
 facet normal 0.0 0.0 -1.0
  outer loop
   vertex 43.800000 -26.170000 35.225000
   vertex 40.147431 -30.930120 35.225000
   vertex 39.557359 -30.412641 35.225000
  endloop
 endfacet
 facet normal 0.5555702330196032 0.8314696123025446 0.0
  outer loop
   vertex 40.147431 -30.930120 -33.850000
   vertex 40.800000 -31.366152 35.225000
   vertex 40.800000 -31.366152 -33.850000
  endloop
 endfacet
 facet normal 0.5555702330196032 0.8314696123025446 -0.0
  outer loop
   vertex 40.147431 -30.930120 -33.850000
   vertex 40.147431 -30.930120 35.225000
   vertex 40.800000 -31.366152 35.225000
  endloop
 endfacet
 facet normal 0.0 0.0 1.0
  outer loop
   vertex 43.800000 -26.170000 -33.850000
   vertex 40.147431 -30.930120 -33.850000
   vertex 40.800000 -31.366152 -33.850000
  endloop
 endfacet
 facet normal 0.0 0.0 -1.0
  outer loop
   vertex 43.800000 -26.170000 35.225000
   vertex 40.800000 -31.366152 35.225000
   vertex 40.147431 -30.930120 35.225000
  endloop
 endfacet
 facet normal 0.44228869021899836 0.8968727415326898 0.0
  outer loop
   vertex 40.800000 -31.366152 -33.850000
   vertex 41.503899 -31.713277 35.225000
   vertex 41.503899 -31.713277 -33.850000
  endloop
 endfacet
 facet normal 0.44228869021899836 0.8968727415326898 -0.0
  outer loop
   vertex 40.800000 -31.366152 -33.850000
   vertex 40.800000 -31.366152 35.225000
   vertex 41.503899 -31.713277 35.225000
  endloop
 endfacet
 facet normal 0.0 0.0 1.0
  outer loop
   vertex 43.800000 -26.170000 -33.850000
   vertex 40.800000 -31.366152 -33.850000
   vertex 41.503899 -31.713277 -33.850000
  endloop
 endfacet
 facet normal 0.0 0.0 -1.0
  outer loop
   vertex 43.800000 -26.170000 35.225000
   vertex 41.503899 -31.713277 35.225000
   vertex 40.800000 -31.366152 35.225000
  endloop
 endfacet
 facet normal 0.3214394653031651 0.9469301294951046 0.0
  outer loop
   vertex 41.503899 -31.713277 -33.850000
   vertex 42.247086 -31.965555 35.225000
   vertex 42.247086 -31.965555 -33.850000
  endloop
 endfacet
 facet normal 0.3214394653031651 0.9469301294951046 -0.0
  outer loop
   vertex 41.503899 -31.713277 -33.850000
   vertex 41.503899 -31.713277 35.225000
   vertex 42.247086 -31.965555 35.225000
  endloop
 endfacet
 facet normal 0.0 0.0 1.0
  outer loop
   vertex 43.800000 -26.170000 -33.850000
   vertex 41.503899 -31.713277 -33.850000
   vertex 42.247086 -31.965555 -33.850000
  endloop
 endfacet
 facet normal 0.0 0.0 -1.0
  outer loop
   vertex 43.800000 -26.170000 35.225000
   vertex 42.247086 -31.965555 35.225000
   vertex 41.503899 -31.713277 35.225000
  endloop
 endfacet
 facet normal 0.19509032201612272 0.9807852804032314 0.0
  outer loop
   vertex 42.247086 -31.965555 -33.850000
   vertex 43.016843 -32.118669 35.225000
   vertex 43.016843 -32.118669 -33.850000
  endloop
 endfacet
 facet normal 0.19509032201612272 0.9807852804032314 -0.0
  outer loop
   vertex 42.247086 -31.965555 -33.850000
   vertex 42.247086 -31.965555 35.225000
   vertex 43.016843 -32.118669 35.225000
  endloop
 endfacet
 facet normal 0.0 0.0 1.0
  outer loop
   vertex 43.800000 -26.170000 -33.850000
   vertex 42.247086 -31.965555 -33.850000
   vertex 43.016843 -32.118669 -33.850000
  endloop
 endfacet
 facet normal 0.0 0.0 -1.0
  outer loop
   vertex 43.800000 -26.170000 35.225000
   vertex 43.016843 -32.118669 35.225000
   vertex 42.247086 -31.965555 35.225000
  endloop
 endfacet
 facet normal 0.06540312923014802 0.9978589232386031 0.0
  outer loop
   vertex 43.016843 -32.118669 -33.850000
   vertex 43.800000 -32.170000 35.225000
   vertex 43.800000 -32.170000 -33.850000
  endloop
 endfacet
 facet normal 0.06540312923014802 0.9978589232386031 -0.0
  outer loop
   vertex 43.016843 -32.118669 -33.850000
   vertex 43.016843 -32.118669 35.225000
   vertex 43.800000 -32.170000 35.225000
  endloop
 endfacet
 facet normal 0.0 0.0 1.0
  outer loop
   vertex 43.800000 -26.170000 -33.850000
   vertex 43.016843 -32.118669 -33.850000
   vertex 43.800000 -32.170000 -33.850000
  endloop
 endfacet
 facet normal 0.0 -0.0 -1.0
  outer loop
   vertex 43.800000 -26.170000 35.225000
   vertex 43.800000 -32.170000 35.225000
   vertex 43.016843 -32.118669 35.225000
  endloop
 endfacet
 facet normal -0.065403129230139 0.9978589232386037 0.0
  outer loop
   vertex 43.800000 -32.170000 -33.850000
   vertex 44.583157 -32.118669 35.225000
   vertex 44.583157 -32.118669 -33.850000
  endloop
 endfacet
 facet normal -0.065403129230139 0.9978589232386037 0.0
  outer loop
   vertex 43.800000 -32.170000 -33.850000
   vertex 43.800000 -32.170000 35.225000
   vertex 44.583157 -32.118669 35.225000
  endloop
 endfacet
 facet normal 0.0 0.0 1.0
  outer loop
   vertex 43.800000 -26.170000 -33.850000
   vertex 43.800000 -32.170000 -33.850000
   vertex 44.583157 -32.118669 -33.850000
  endloop
 endfacet
 facet normal 0.0 0.0 -1.0
  outer loop
   vertex 43.800000 -26.170000 35.225000
   vertex 44.583157 -32.118669 35.225000
   vertex 43.800000 -32.170000 35.225000
  endloop
 endfacet
 facet normal -0.19509032201613322 0.9807852804032295 0.0
  outer loop
   vertex 44.583157 -32.118669 -33.850000
   vertex 45.352914 -31.965555 35.225000
   vertex 45.352914 -31.965555 -33.850000
  endloop
 endfacet
 facet normal -0.19509032201613322 0.9807852804032295 0.0
  outer loop
   vertex 44.583157 -32.118669 -33.850000
   vertex 44.583157 -32.118669 35.225000
   vertex 45.352914 -31.965555 35.225000
  endloop
 endfacet
 facet normal 0.0 0.0 1.0
  outer loop
   vertex 43.800000 -26.170000 -33.850000
   vertex 44.583157 -32.118669 -33.850000
   vertex 45.352914 -31.965555 -33.850000
  endloop
 endfacet
 facet normal 0.0 0.0 -1.0
  outer loop
   vertex 43.800000 -26.170000 35.225000
   vertex 45.352914 -31.965555 35.225000
   vertex 44.583157 -32.118669 35.225000
  endloop
 endfacet
 facet normal -0.3214394653031582 0.9469301294951068 0.0
  outer loop
   vertex 45.352914 -31.965555 -33.850000
   vertex 46.096101 -31.713277 35.225000
   vertex 46.096101 -31.713277 -33.850000
  endloop
 endfacet
 facet normal -0.3214394653031582 0.9469301294951068 0.0
  outer loop
   vertex 45.352914 -31.965555 -33.850000
   vertex 45.352914 -31.965555 35.225000
   vertex 46.096101 -31.713277 35.225000
  endloop
 endfacet
 facet normal 0.0 0.0 1.0
  outer loop
   vertex 43.800000 -26.170000 -33.850000
   vertex 45.352914 -31.965555 -33.850000
   vertex 46.096101 -31.713277 -33.850000
  endloop
 endfacet
 facet normal 0.0 0.0 -1.0
  outer loop
   vertex 43.800000 -26.170000 35.225000
   vertex 46.096101 -31.713277 35.225000
   vertex 45.352914 -31.965555 35.225000
  endloop
 endfacet
 facet normal -0.4422886902190019 0.8968727415326879 0.0
  outer loop
   vertex 46.096101 -31.713277 -33.850000
   vertex 46.800000 -31.366152 35.225000
   vertex 46.800000 -31.366152 -33.850000
  endloop
 endfacet
 facet normal -0.4422886902190019 0.8968727415326879 0.0
  outer loop
   vertex 46.096101 -31.713277 -33.850000
   vertex 46.096101 -31.713277 35.225000
   vertex 46.800000 -31.366152 35.225000
  endloop
 endfacet
 facet normal 0.0 0.0 1.0
  outer loop
   vertex 43.800000 -26.170000 -33.850000
   vertex 46.096101 -31.713277 -33.850000
   vertex 46.800000 -31.366152 -33.850000
  endloop
 endfacet
 facet normal 0.0 0.0 -1.0
  outer loop
   vertex 43.800000 -26.170000 35.225000
   vertex 46.800000 -31.366152 35.225000
   vertex 46.096101 -31.713277 35.225000
  endloop
 endfacet
 facet normal -0.5555702330196042 0.8314696123025439 0.0
  outer loop
   vertex 46.800000 -31.366152 -33.850000
   vertex 47.452569 -30.930120 35.225000
   vertex 47.452569 -30.930120 -33.850000
  endloop
 endfacet
 facet normal -0.5555702330196042 0.8314696123025439 0.0
  outer loop
   vertex 46.800000 -31.366152 -33.850000
   vertex 46.800000 -31.366152 35.225000
   vertex 47.452569 -30.930120 35.225000
  endloop
 endfacet
 facet normal 0.0 0.0 1.0
  outer loop
   vertex 43.800000 -26.170000 -33.850000
   vertex 46.800000 -31.366152 -33.850000
   vertex 47.452569 -30.930120 -33.850000
  endloop
 endfacet
 facet normal 0.0 0.0 -1.0
  outer loop
   vertex 43.800000 -26.170000 35.225000
   vertex 47.452569 -30.930120 35.225000
   vertex 46.800000 -31.366152 35.225000
  endloop
 endfacet
 facet normal -0.6593458151000681 0.7518398074789782 0.0
  outer loop
   vertex 47.452569 -30.930120 -33.850000
   vertex 48.042641 -30.412641 35.225000
   vertex 48.042641 -30.412641 -33.850000
  endloop
 endfacet
 facet normal -0.6593458151000681 0.7518398074789782 0.0
  outer loop
   vertex 47.452569 -30.930120 -33.850000
   vertex 47.452569 -30.930120 35.225000
   vertex 48.042641 -30.412641 35.225000
  endloop
 endfacet
 facet normal 0.0 0.0 1.0
  outer loop
   vertex 43.800000 -26.170000 -33.850000
   vertex 47.452569 -30.930120 -33.850000
   vertex 48.042641 -30.412641 -33.850000
  endloop
 endfacet
 facet normal 0.0 0.0 -1.0
  outer loop
   vertex 43.800000 -26.170000 35.225000
   vertex 48.042641 -30.412641 35.225000
   vertex 47.452569 -30.930120 35.225000
  endloop
 endfacet
 facet normal -0.751839807478974 0.6593458151000725 0.0
  outer loop
   vertex 48.042641 -30.412641 -33.850000
   vertex 48.560120 -29.822569 35.225000
   vertex 48.560120 -29.822569 -33.850000
  endloop
 endfacet
 facet normal -0.751839807478974 0.6593458151000725 0.0
  outer loop
   vertex 48.042641 -30.412641 -33.850000
   vertex 48.042641 -30.412641 35.225000
   vertex 48.560120 -29.822569 35.225000
  endloop
 endfacet
 facet normal 0.0 0.0 1.0
  outer loop
   vertex 43.800000 -26.170000 -33.850000
   vertex 48.042641 -30.412641 -33.850000
   vertex 48.560120 -29.822569 -33.850000
  endloop
 endfacet
 facet normal 0.0 0.0 -1.0
  outer loop
   vertex 43.800000 -26.170000 35.225000
   vertex 48.560120 -29.822569 35.225000
   vertex 48.042641 -30.412641 35.225000
  endloop
 endfacet
 facet normal -0.8314696123025452 0.5555702330196022 0.0
  outer loop
   vertex 48.560120 -29.822569 -33.850000
   vertex 48.996152 -29.170000 35.225000
   vertex 48.996152 -29.170000 -33.850000
  endloop
 endfacet
 facet normal -0.8314696123025452 0.5555702330196022 0.0
  outer loop
   vertex 48.560120 -29.822569 -33.850000
   vertex 48.560120 -29.822569 35.225000
   vertex 48.996152 -29.170000 35.225000
  endloop
 endfacet
 facet normal 0.0 0.0 1.0
  outer loop
   vertex 43.800000 -26.170000 -33.850000
   vertex 48.560120 -29.822569 -33.850000
   vertex 48.996152 -29.170000 -33.850000
  endloop
 endfacet
 facet normal 0.0 0.0 -1.0
  outer loop
   vertex 43.800000 -26.170000 35.225000
   vertex 48.996152 -29.170000 35.225000
   vertex 48.560120 -29.822569 35.225000
  endloop
 endfacet
 facet normal -0.8968727415326879 0.4422886902190019 0.0
  outer loop
   vertex 48.996152 -29.170000 -33.850000
   vertex 49.343277 -28.466101 35.225000
   vertex 49.343277 -28.466101 -33.850000
  endloop
 endfacet
 facet normal -0.8968727415326879 0.4422886902190019 0.0
  outer loop
   vertex 48.996152 -29.170000 -33.850000
   vertex 48.996152 -29.170000 35.225000
   vertex 49.343277 -28.466101 35.225000
  endloop
 endfacet
 facet normal 0.0 0.0 1.0
  outer loop
   vertex 43.800000 -26.170000 -33.850000
   vertex 48.996152 -29.170000 -33.850000
   vertex 49.343277 -28.466101 -33.850000
  endloop
 endfacet
 facet normal 0.0 0.0 -1.0
  outer loop
   vertex 43.800000 -26.170000 35.225000
   vertex 49.343277 -28.466101 35.225000
   vertex 48.996152 -29.170000 35.225000
  endloop
 endfacet
 facet normal -0.9469301294951058 0.321439465303161 0.0
  outer loop
   vertex 49.343277 -28.466101 -33.850000
   vertex 49.595555 -27.722914 35.225000
   vertex 49.595555 -27.722914 -33.850000
  endloop
 endfacet
 facet normal -0.9469301294951058 0.321439465303161 0.0
  outer loop
   vertex 49.343277 -28.466101 -33.850000
   vertex 49.343277 -28.466101 35.225000
   vertex 49.595555 -27.722914 35.225000
  endloop
 endfacet
 facet normal 0.0 0.0 1.0
  outer loop
   vertex 43.800000 -26.170000 -33.850000
   vertex 49.343277 -28.466101 -33.850000
   vertex 49.595555 -27.722914 -33.850000
  endloop
 endfacet
 facet normal 0.0 0.0 -1.0
  outer loop
   vertex 43.800000 -26.170000 35.225000
   vertex 49.595555 -27.722914 35.225000
   vertex 49.343277 -28.466101 35.225000
  endloop
 endfacet
 facet normal -0.9807852804032317 0.19509032201612186 0.0
  outer loop
   vertex 49.595555 -27.722914 -33.850000
   vertex 49.748669 -26.953157 35.225000
   vertex 49.748669 -26.953157 -33.850000
  endloop
 endfacet
 facet normal -0.9807852804032317 0.19509032201612186 0.0
  outer loop
   vertex 49.595555 -27.722914 -33.850000
   vertex 49.595555 -27.722914 35.225000
   vertex 49.748669 -26.953157 35.225000
  endloop
 endfacet
 facet normal 0.0 0.0 1.0
  outer loop
   vertex 43.800000 -26.170000 -33.850000
   vertex 49.595555 -27.722914 -33.850000
   vertex 49.748669 -26.953157 -33.850000
  endloop
 endfacet
 facet normal 0.0 0.0 -1.0
  outer loop
   vertex 43.800000 -26.170000 35.225000
   vertex 49.748669 -26.953157 35.225000
   vertex 49.595555 -27.722914 35.225000
  endloop
 endfacet
 facet normal -0.9978589232386031 0.06540312923014802 0.0
  outer loop
   vertex 49.748669 -26.953157 -33.850000
   vertex 49.800000 -26.170000 35.225000
   vertex 49.800000 -26.170000 -33.850000
  endloop
 endfacet
 facet normal -0.9978589232386031 0.06540312923014802 0.0
  outer loop
   vertex 49.748669 -26.953157 -33.850000
   vertex 49.748669 -26.953157 35.225000
   vertex 49.800000 -26.170000 35.225000
  endloop
 endfacet
 facet normal -0.0 0.0 1.0
  outer loop
   vertex 43.800000 -26.170000 -33.850000
   vertex 49.748669 -26.953157 -33.850000
   vertex 49.800000 -26.170000 -33.850000
  endloop
 endfacet
 facet normal 0.0 0.0 -1.0
  outer loop
   vertex 43.800000 -26.170000 35.225000
   vertex 49.800000 -26.170000 35.225000
   vertex 49.748669 -26.953157 35.225000
  endloop
 endfacet
 facet normal -0.9978589232386031 -0.06540312923014802 0.0
  outer loop
   vertex 49.800000 21.320000 -33.850000
   vertex 49.748669 22.103157 35.225000
   vertex 49.748669 22.103157 -33.850000
  endloop
 endfacet
 facet normal -0.9978589232386031 -0.06540312923014802 0.0
  outer loop
   vertex 49.800000 21.320000 -33.850000
   vertex 49.800000 21.320000 35.225000
   vertex 49.748669 22.103157 35.225000
  endloop
 endfacet
 facet normal 0.0 0.0 1.0
  outer loop
   vertex 43.800000 21.320000 -33.850000
   vertex 49.800000 21.320000 -33.850000
   vertex 49.748669 22.103157 -33.850000
  endloop
 endfacet
 facet normal 0.0 0.0 -1.0
  outer loop
   vertex 43.800000 21.320000 35.225000
   vertex 49.748669 22.103157 35.225000
   vertex 49.800000 21.320000 35.225000
  endloop
 endfacet
 facet normal -0.9807852804032314 -0.19509032201612272 0.0
  outer loop
   vertex 49.748669 22.103157 -33.850000
   vertex 49.595555 22.872914 35.225000
   vertex 49.595555 22.872914 -33.850000
  endloop
 endfacet
 facet normal -0.9807852804032314 -0.19509032201612272 0.0
  outer loop
   vertex 49.748669 22.103157 -33.850000
   vertex 49.748669 22.103157 35.225000
   vertex 49.595555 22.872914 35.225000
  endloop
 endfacet
 facet normal 0.0 0.0 1.0
  outer loop
   vertex 43.800000 21.320000 -33.850000
   vertex 49.748669 22.103157 -33.850000
   vertex 49.595555 22.872914 -33.850000
  endloop
 endfacet
 facet normal 0.0 0.0 -1.0
  outer loop
   vertex 43.800000 21.320000 35.225000
   vertex 49.595555 22.872914 35.225000
   vertex 49.748669 22.103157 35.225000
  endloop
 endfacet
 facet normal -0.9469301294951036 -0.3214394653031677 0.0
  outer loop
   vertex 49.595555 22.872914 -33.850000
   vertex 49.343277 23.616101 35.225000
   vertex 49.343277 23.616101 -33.850000
  endloop
 endfacet
 facet normal -0.9469301294951036 -0.3214394653031677 0.0
  outer loop
   vertex 49.595555 22.872914 -33.850000
   vertex 49.595555 22.872914 35.225000
   vertex 49.343277 23.616101 35.225000
  endloop
 endfacet
 facet normal 0.0 0.0 1.0
  outer loop
   vertex 43.800000 21.320000 -33.850000
   vertex 49.595555 22.872914 -33.850000
   vertex 49.343277 23.616101 -33.850000
  endloop
 endfacet
 facet normal 0.0 0.0 -1.0
  outer loop
   vertex 43.800000 21.320000 35.225000
   vertex 49.343277 23.616101 35.225000
   vertex 49.595555 22.872914 35.225000
  endloop
 endfacet
 facet normal -0.8968727415326907 -0.4422886902189964 0.0
  outer loop
   vertex 49.343277 23.616101 -33.850000
   vertex 48.996152 24.320000 35.225000
   vertex 48.996152 24.320000 -33.850000
  endloop
 endfacet
 facet normal -0.8968727415326907 -0.4422886902189964 0.0
  outer loop
   vertex 49.343277 23.616101 -33.850000
   vertex 49.343277 23.616101 35.225000
   vertex 48.996152 24.320000 35.225000
  endloop
 endfacet
 facet normal 0.0 0.0 1.0
  outer loop
   vertex 43.800000 21.320000 -33.850000
   vertex 49.343277 23.616101 -33.850000
   vertex 48.996152 24.320000 -33.850000
  endloop
 endfacet
 facet normal 0.0 0.0 -1.0
  outer loop
   vertex 43.800000 21.320000 35.225000
   vertex 48.996152 24.320000 35.225000
   vertex 49.343277 23.616101 35.225000
  endloop
 endfacet
 facet normal -0.8314696123025467 -0.5555702330196001 0.0
  outer loop
   vertex 48.996152 24.320000 -33.850000
   vertex 48.560120 24.972569 35.225000
   vertex 48.560120 24.972569 -33.850000
  endloop
 endfacet
 facet normal -0.8314696123025467 -0.5555702330196001 0.0
  outer loop
   vertex 48.996152 24.320000 -33.850000
   vertex 48.996152 24.320000 35.225000
   vertex 48.560120 24.972569 35.225000
  endloop
 endfacet
 facet normal 0.0 0.0 1.0
  outer loop
   vertex 43.800000 21.320000 -33.850000
   vertex 48.996152 24.320000 -33.850000
   vertex 48.560120 24.972569 -33.850000
  endloop
 endfacet
 facet normal 0.0 0.0 -1.0
  outer loop
   vertex 43.800000 21.320000 35.225000
   vertex 48.560120 24.972569 35.225000
   vertex 48.996152 24.320000 35.225000
  endloop
 endfacet
 facet normal -0.751839807478974 -0.6593458151000725 0.0
  outer loop
   vertex 48.560120 24.972569 -33.850000
   vertex 48.042641 25.562641 35.225000
   vertex 48.042641 25.562641 -33.850000
  endloop
 endfacet
 facet normal -0.751839807478974 -0.6593458151000725 0.0
  outer loop
   vertex 48.560120 24.972569 -33.850000
   vertex 48.560120 24.972569 35.225000
   vertex 48.042641 25.562641 35.225000
  endloop
 endfacet
 facet normal 0.0 0.0 1.0
  outer loop
   vertex 43.800000 21.320000 -33.850000
   vertex 48.560120 24.972569 -33.850000
   vertex 48.042641 25.562641 -33.850000
  endloop
 endfacet
 facet normal 0.0 0.0 -1.0
  outer loop
   vertex 43.800000 21.320000 35.225000
   vertex 48.042641 25.562641 35.225000
   vertex 48.560120 24.972569 35.225000
  endloop
 endfacet
 facet normal -0.6593458151000725 -0.751839807478974 0.0
  outer loop
   vertex 48.042641 25.562641 -33.850000
   vertex 47.452569 26.080120 35.225000
   vertex 47.452569 26.080120 -33.850000
  endloop
 endfacet
 facet normal -0.6593458151000725 -0.751839807478974 0.0
  outer loop
   vertex 48.042641 25.562641 -33.850000
   vertex 48.042641 25.562641 35.225000
   vertex 47.452569 26.080120 35.225000
  endloop
 endfacet
 facet normal 0.0 0.0 1.0
  outer loop
   vertex 43.800000 21.320000 -33.850000
   vertex 48.042641 25.562641 -33.850000
   vertex 47.452569 26.080120 -33.850000
  endloop
 endfacet
 facet normal 0.0 0.0 -1.0
  outer loop
   vertex 43.800000 21.320000 35.225000
   vertex 47.452569 26.080120 35.225000
   vertex 48.042641 25.562641 35.225000
  endloop
 endfacet
 facet normal -0.5555702330196001 -0.8314696123025467 0.0
  outer loop
   vertex 47.452569 26.080120 -33.850000
   vertex 46.800000 26.516152 35.225000
   vertex 46.800000 26.516152 -33.850000
  endloop
 endfacet
 facet normal -0.5555702330196001 -0.8314696123025467 0.0
  outer loop
   vertex 47.452569 26.080120 -33.850000
   vertex 47.452569 26.080120 35.225000
   vertex 46.800000 26.516152 35.225000
  endloop
 endfacet
 facet normal 0.0 0.0 1.0
  outer loop
   vertex 43.800000 21.320000 -33.850000
   vertex 47.452569 26.080120 -33.850000
   vertex 46.800000 26.516152 -33.850000
  endloop
 endfacet
 facet normal 0.0 0.0 -1.0
  outer loop
   vertex 43.800000 21.320000 35.225000
   vertex 46.800000 26.516152 35.225000
   vertex 47.452569 26.080120 35.225000
  endloop
 endfacet
 facet normal -0.44228869021900186 -0.8968727415326879 0.0
  outer loop
   vertex 46.800000 26.516152 -33.850000
   vertex 46.096101 26.863277 35.225000
   vertex 46.096101 26.863277 -33.850000
  endloop
 endfacet
 facet normal -0.44228869021900186 -0.8968727415326879 0.0
  outer loop
   vertex 46.800000 26.516152 -33.850000
   vertex 46.800000 26.516152 35.225000
   vertex 46.096101 26.863277 35.225000
  endloop
 endfacet
 facet normal 0.0 0.0 1.0
  outer loop
   vertex 43.800000 21.320000 -33.850000
   vertex 46.800000 26.516152 -33.850000
   vertex 46.096101 26.863277 -33.850000
  endloop
 endfacet
 facet normal 0.0 0.0 -1.0
  outer loop
   vertex 43.800000 21.320000 35.225000
   vertex 46.096101 26.863277 35.225000
   vertex 46.800000 26.516152 35.225000
  endloop
 endfacet
 facet normal -0.32143946530316225 -0.9469301294951055 0.0
  outer loop
   vertex 46.096101 26.863277 -33.850000
   vertex 45.352914 27.115555 35.225000
   vertex 45.352914 27.115555 -33.850000
  endloop
 endfacet
 facet normal -0.32143946530316225 -0.9469301294951055 0.0
  outer loop
   vertex 46.096101 26.863277 -33.850000
   vertex 46.096101 26.863277 35.225000
   vertex 45.352914 27.115555 35.225000
  endloop
 endfacet
 facet normal 0.0 0.0 1.0
  outer loop
   vertex 43.800000 21.320000 -33.850000
   vertex 46.096101 26.863277 -33.850000
   vertex 45.352914 27.115555 -33.850000
  endloop
 endfacet
 facet normal 0.0 0.0 -1.0
  outer loop
   vertex 43.800000 21.320000 35.225000
   vertex 45.352914 27.115555 35.225000
   vertex 46.096101 26.863277 35.225000
  endloop
 endfacet
 facet normal -0.19509032201612714 -0.9807852804032307 0.0
  outer loop
   vertex 45.352914 27.115555 -33.850000
   vertex 44.583157 27.268669 35.225000
   vertex 44.583157 27.268669 -33.850000
  endloop
 endfacet
 facet normal -0.19509032201612714 -0.9807852804032307 0.0
  outer loop
   vertex 45.352914 27.115555 -33.850000
   vertex 45.352914 27.115555 35.225000
   vertex 44.583157 27.268669 35.225000
  endloop
 endfacet
 facet normal 0.0 0.0 1.0
  outer loop
   vertex 43.800000 21.320000 -33.850000
   vertex 45.352914 27.115555 -33.850000
   vertex 44.583157 27.268669 -33.850000
  endloop
 endfacet
 facet normal 0.0 0.0 -1.0
  outer loop
   vertex 43.800000 21.320000 35.225000
   vertex 44.583157 27.268669 35.225000
   vertex 45.352914 27.115555 35.225000
  endloop
 endfacet
 facet normal -0.0654031292301435 -0.9978589232386035 0.0
  outer loop
   vertex 44.583157 27.268669 -33.850000
   vertex 43.800000 27.320000 35.225000
   vertex 43.800000 27.320000 -33.850000
  endloop
 endfacet
 facet normal -0.0654031292301435 -0.9978589232386035 0.0
  outer loop
   vertex 44.583157 27.268669 -33.850000
   vertex 44.583157 27.268669 35.225000
   vertex 43.800000 27.320000 35.225000
  endloop
 endfacet
 facet normal 0.0 0.0 1.0
  outer loop
   vertex 43.800000 21.320000 -33.850000
   vertex 44.583157 27.268669 -33.850000
   vertex 43.800000 27.320000 -33.850000
  endloop
 endfacet
 facet normal 0.0 0.0 -1.0
  outer loop
   vertex 43.800000 21.320000 35.225000
   vertex 43.800000 27.320000 35.225000
   vertex 44.583157 27.268669 35.225000
  endloop
 endfacet
 facet normal 0.0654031292301435 -0.9978589232386035 0.0
  outer loop
   vertex 43.800000 27.320000 -33.850000
   vertex 43.016843 27.268669 35.225000
   vertex 43.016843 27.268669 -33.850000
  endloop
 endfacet
 facet normal 0.0654031292301435 -0.9978589232386035 0.0
  outer loop
   vertex 43.800000 27.320000 -33.850000
   vertex 43.800000 27.320000 35.225000
   vertex 43.016843 27.268669 35.225000
  endloop
 endfacet
 facet normal 0.0 -0.0 1.0
  outer loop
   vertex 43.800000 21.320000 -33.850000
   vertex 43.800000 27.320000 -33.850000
   vertex 43.016843 27.268669 -33.850000
  endloop
 endfacet
 facet normal 0.0 0.0 -1.0
  outer loop
   vertex 43.800000 21.320000 35.225000
   vertex 43.016843 27.268669 35.225000
   vertex 43.800000 27.320000 35.225000
  endloop
 endfacet
 facet normal 0.19509032201612714 -0.9807852804032307 0.0
  outer loop
   vertex 43.016843 27.268669 -33.850000
   vertex 42.247086 27.115555 35.225000
   vertex 42.247086 27.115555 -33.850000
  endloop
 endfacet
 facet normal 0.19509032201612714 -0.9807852804032307 0.0
  outer loop
   vertex 43.016843 27.268669 -33.850000
   vertex 43.016843 27.268669 35.225000
   vertex 42.247086 27.115555 35.225000
  endloop
 endfacet
 facet normal 0.0 0.0 1.0
  outer loop
   vertex 43.800000 21.320000 -33.850000
   vertex 43.016843 27.268669 -33.850000
   vertex 42.247086 27.115555 -33.850000
  endloop
 endfacet
 facet normal 0.0 0.0 -1.0
  outer loop
   vertex 43.800000 21.320000 35.225000
   vertex 42.247086 27.115555 35.225000
   vertex 43.016843 27.268669 35.225000
  endloop
 endfacet
 facet normal 0.3214394653031651 -0.9469301294951046 0.0
  outer loop
   vertex 42.247086 27.115555 -33.850000
   vertex 41.503899 26.863277 35.225000
   vertex 41.503899 26.863277 -33.850000
  endloop
 endfacet
 facet normal 0.3214394653031651 -0.9469301294951046 0.0
  outer loop
   vertex 42.247086 27.115555 -33.850000
   vertex 42.247086 27.115555 35.225000
   vertex 41.503899 26.863277 35.225000
  endloop
 endfacet
 facet normal 0.0 0.0 1.0
  outer loop
   vertex 43.800000 21.320000 -33.850000
   vertex 42.247086 27.115555 -33.850000
   vertex 41.503899 26.863277 -33.850000
  endloop
 endfacet
 facet normal 0.0 0.0 -1.0
  outer loop
   vertex 43.800000 21.320000 35.225000
   vertex 41.503899 26.863277 35.225000
   vertex 42.247086 27.115555 35.225000
  endloop
 endfacet
 facet normal 0.44228869021899836 -0.8968727415326898 0.0
  outer loop
   vertex 41.503899 26.863277 -33.850000
   vertex 40.800000 26.516152 35.225000
   vertex 40.800000 26.516152 -33.850000
  endloop
 endfacet
 facet normal 0.44228869021899836 -0.8968727415326898 0.0
  outer loop
   vertex 41.503899 26.863277 -33.850000
   vertex 41.503899 26.863277 35.225000
   vertex 40.800000 26.516152 35.225000
  endloop
 endfacet
 facet normal 0.0 0.0 1.0
  outer loop
   vertex 43.800000 21.320000 -33.850000
   vertex 41.503899 26.863277 -33.850000
   vertex 40.800000 26.516152 -33.850000
  endloop
 endfacet
 facet normal 0.0 0.0 -1.0
  outer loop
   vertex 43.800000 21.320000 35.225000
   vertex 40.800000 26.516152 35.225000
   vertex 41.503899 26.863277 35.225000
  endloop
 endfacet
 facet normal 0.5555702330196001 -0.8314696123025467 0.0
  outer loop
   vertex 40.800000 26.516152 -33.850000
   vertex 40.147431 26.080120 35.225000
   vertex 40.147431 26.080120 -33.850000
  endloop
 endfacet
 facet normal 0.5555702330196001 -0.8314696123025467 0.0
  outer loop
   vertex 40.800000 26.516152 -33.850000
   vertex 40.800000 26.516152 35.225000
   vertex 40.147431 26.080120 35.225000
  endloop
 endfacet
 facet normal 0.0 0.0 1.0
  outer loop
   vertex 43.800000 21.320000 -33.850000
   vertex 40.800000 26.516152 -33.850000
   vertex 40.147431 26.080120 -33.850000
  endloop
 endfacet
 facet normal 0.0 0.0 -1.0
  outer loop
   vertex 43.800000 21.320000 35.225000
   vertex 40.147431 26.080120 35.225000
   vertex 40.800000 26.516152 35.225000
  endloop
 endfacet
 facet normal 0.6593458151000725 -0.751839807478974 0.0
  outer loop
   vertex 40.147431 26.080120 -33.850000
   vertex 39.557359 25.562641 35.225000
   vertex 39.557359 25.562641 -33.850000
  endloop
 endfacet
 facet normal 0.6593458151000725 -0.751839807478974 0.0
  outer loop
   vertex 40.147431 26.080120 -33.850000
   vertex 40.147431 26.080120 35.225000
   vertex 39.557359 25.562641 35.225000
  endloop
 endfacet
 facet normal 0.0 0.0 1.0
  outer loop
   vertex 43.800000 21.320000 -33.850000
   vertex 40.147431 26.080120 -33.850000
   vertex 39.557359 25.562641 -33.850000
  endloop
 endfacet
 facet normal 0.0 0.0 -1.0
  outer loop
   vertex 43.800000 21.320000 35.225000
   vertex 39.557359 25.562641 35.225000
   vertex 40.147431 26.080120 35.225000
  endloop
 endfacet
 facet normal 0.751839807478974 -0.6593458151000725 0.0
  outer loop
   vertex 39.557359 25.562641 -33.850000
   vertex 39.039880 24.972569 35.225000
   vertex 39.039880 24.972569 -33.850000
  endloop
 endfacet
 facet normal 0.751839807478974 -0.6593458151000725 0.0
  outer loop
   vertex 39.557359 25.562641 -33.850000
   vertex 39.557359 25.562641 35.225000
   vertex 39.039880 24.972569 35.225000
  endloop
 endfacet
 facet normal 0.0 0.0 1.0
  outer loop
   vertex 43.800000 21.320000 -33.850000
   vertex 39.557359 25.562641 -33.850000
   vertex 39.039880 24.972569 -33.850000
  endloop
 endfacet
 facet normal 0.0 0.0 -1.0
  outer loop
   vertex 43.800000 21.320000 35.225000
   vertex 39.039880 24.972569 35.225000
   vertex 39.557359 25.562641 35.225000
  endloop
 endfacet
 facet normal 0.8314696123025467 -0.5555702330196001 0.0
  outer loop
   vertex 39.039880 24.972569 -33.850000
   vertex 38.603848 24.320000 35.225000
   vertex 38.603848 24.320000 -33.850000
  endloop
 endfacet
 facet normal 0.8314696123025467 -0.5555702330196001 0.0
  outer loop
   vertex 39.039880 24.972569 -33.850000
   vertex 39.039880 24.972569 35.225000
   vertex 38.603848 24.320000 35.225000
  endloop
 endfacet
 facet normal 0.0 0.0 1.0
  outer loop
   vertex 43.800000 21.320000 -33.850000
   vertex 39.039880 24.972569 -33.850000
   vertex 38.603848 24.320000 -33.850000
  endloop
 endfacet
 facet normal 0.0 0.0 -1.0
  outer loop
   vertex 43.800000 21.320000 35.225000
   vertex 38.603848 24.320000 35.225000
   vertex 39.039880 24.972569 35.225000
  endloop
 endfacet
 facet normal 0.8968727415326898 -0.4422886902189983 0.0
  outer loop
   vertex 38.603848 24.320000 -33.850000
   vertex 38.256723 23.616101 35.225000
   vertex 38.256723 23.616101 -33.850000
  endloop
 endfacet
 facet normal 0.8968727415326898 -0.4422886902189983 0.0
  outer loop
   vertex 38.603848 24.320000 -33.850000
   vertex 38.603848 24.320000 35.225000
   vertex 38.256723 23.616101 35.225000
  endloop
 endfacet
 facet normal 0.0 0.0 1.0
  outer loop
   vertex 43.800000 21.320000 -33.850000
   vertex 38.603848 24.320000 -33.850000
   vertex 38.256723 23.616101 -33.850000
  endloop
 endfacet
 facet normal 0.0 0.0 -1.0
  outer loop
   vertex 43.800000 21.320000 35.225000
   vertex 38.256723 23.616101 35.225000
   vertex 38.603848 24.320000 35.225000
  endloop
 endfacet
 facet normal 0.946930129495104 -0.32143946530316636 0.0
  outer loop
   vertex 38.256723 23.616101 -33.850000
   vertex 38.004445 22.872914 35.225000
   vertex 38.004445 22.872914 -33.850000
  endloop
 endfacet
 facet normal 0.946930129495104 -0.32143946530316636 0.0
  outer loop
   vertex 38.256723 23.616101 -33.850000
   vertex 38.256723 23.616101 35.225000
   vertex 38.004445 22.872914 35.225000
  endloop
 endfacet
 facet normal 0.0 0.0 1.0
  outer loop
   vertex 43.800000 21.320000 -33.850000
   vertex 38.256723 23.616101 -33.850000
   vertex 38.004445 22.872914 -33.850000
  endloop
 endfacet
 facet normal 0.0 0.0 -1.0
  outer loop
   vertex 43.800000 21.320000 35.225000
   vertex 38.004445 22.872914 35.225000
   vertex 38.256723 23.616101 35.225000
  endloop
 endfacet
 facet normal 0.9807852804032314 -0.19509032201612272 0.0
  outer loop
   vertex 38.004445 22.872914 -33.850000
   vertex 37.851331 22.103157 35.225000
   vertex 37.851331 22.103157 -33.850000
  endloop
 endfacet
 facet normal 0.9807852804032314 -0.19509032201612272 0.0
  outer loop
   vertex 38.004445 22.872914 -33.850000
   vertex 38.004445 22.872914 35.225000
   vertex 37.851331 22.103157 35.225000
  endloop
 endfacet
 facet normal 0.0 0.0 1.0
  outer loop
   vertex 43.800000 21.320000 -33.850000
   vertex 38.004445 22.872914 -33.850000
   vertex 37.851331 22.103157 -33.850000
  endloop
 endfacet
 facet normal 0.0 0.0 -1.0
  outer loop
   vertex 43.800000 21.320000 35.225000
   vertex 37.851331 22.103157 35.225000
   vertex 38.004445 22.872914 35.225000
  endloop
 endfacet
 facet normal 0.9978589232386031 -0.06540312923014802 0.0
  outer loop
   vertex 37.851331 22.103157 -33.850000
   vertex 37.800000 21.320000 35.225000
   vertex 37.800000 21.320000 -33.850000
  endloop
 endfacet
 facet normal 0.9978589232386031 -0.06540312923014802 0.0
  outer loop
   vertex 37.851331 22.103157 -33.850000
   vertex 37.851331 22.103157 35.225000
   vertex 37.800000 21.320000 35.225000
  endloop
 endfacet
 facet normal 0.0 0.0 1.0
  outer loop
   vertex 43.800000 21.320000 -33.850000
   vertex 37.851331 22.103157 -33.850000
   vertex 37.800000 21.320000 -33.850000
  endloop
 endfacet
 facet normal 0.0 0.0 -1.0
  outer loop
   vertex 43.800000 21.320000 35.225000
   vertex 37.800000 21.320000 35.225000
   vertex 37.851331 22.103157 35.225000
  endloop
 endfacet
 facet normal 0.9978589232386031 0.06540312923014802 0.0
  outer loop
   vertex 37.800000 21.320000 -33.850000
   vertex 37.851331 20.536843 35.225000
   vertex 37.851331 20.536843 -33.850000
  endloop
 endfacet
 facet normal 0.9978589232386031 0.06540312923014802 -0.0
  outer loop
   vertex 37.800000 21.320000 -33.850000
   vertex 37.800000 21.320000 35.225000
   vertex 37.851331 20.536843 35.225000
  endloop
 endfacet
 facet normal 0.0 0.0 1.0
  outer loop
   vertex 43.800000 21.320000 -33.850000
   vertex 37.800000 21.320000 -33.850000
   vertex 37.851331 20.536843 -33.850000
  endloop
 endfacet
 facet normal -0.0 0.0 -1.0
  outer loop
   vertex 43.800000 21.320000 35.225000
   vertex 37.851331 20.536843 35.225000
   vertex 37.800000 21.320000 35.225000
  endloop
 endfacet
 facet normal 0.9807852804032314 0.19509032201612272 0.0
  outer loop
   vertex 37.851331 20.536843 -33.850000
   vertex 38.004445 19.767086 35.225000
   vertex 38.004445 19.767086 -33.850000
  endloop
 endfacet
 facet normal 0.9807852804032314 0.19509032201612272 -0.0
  outer loop
   vertex 37.851331 20.536843 -33.850000
   vertex 37.851331 20.536843 35.225000
   vertex 38.004445 19.767086 35.225000
  endloop
 endfacet
 facet normal 0.0 0.0 1.0
  outer loop
   vertex 43.800000 21.320000 -33.850000
   vertex 37.851331 20.536843 -33.850000
   vertex 38.004445 19.767086 -33.850000
  endloop
 endfacet
 facet normal 0.0 0.0 -1.0
  outer loop
   vertex 43.800000 21.320000 35.225000
   vertex 38.004445 19.767086 35.225000
   vertex 37.851331 20.536843 35.225000
  endloop
 endfacet
 facet normal 0.9469301294951064 0.3214394653031596 0.0
  outer loop
   vertex 38.004445 19.767086 -33.850000
   vertex 38.256723 19.023899 35.225000
   vertex 38.256723 19.023899 -33.850000
  endloop
 endfacet
 facet normal 0.9469301294951064 0.3214394653031596 -0.0
  outer loop
   vertex 38.004445 19.767086 -33.850000
   vertex 38.004445 19.767086 35.225000
   vertex 38.256723 19.023899 35.225000
  endloop
 endfacet
 facet normal 0.0 0.0 1.0
  outer loop
   vertex 43.800000 21.320000 -33.850000
   vertex 38.004445 19.767086 -33.850000
   vertex 38.256723 19.023899 -33.850000
  endloop
 endfacet
 facet normal 0.0 0.0 -1.0
  outer loop
   vertex 43.800000 21.320000 35.225000
   vertex 38.256723 19.023899 35.225000
   vertex 38.004445 19.767086 35.225000
  endloop
 endfacet
 facet normal 0.8968727415326871 0.44228869021900374 0.0
  outer loop
   vertex 38.256723 19.023899 -33.850000
   vertex 38.603848 18.320000 35.225000
   vertex 38.603848 18.320000 -33.850000
  endloop
 endfacet
 facet normal 0.8968727415326871 0.44228869021900374 -0.0
  outer loop
   vertex 38.256723 19.023899 -33.850000
   vertex 38.256723 19.023899 35.225000
   vertex 38.603848 18.320000 35.225000
  endloop
 endfacet
 facet normal 0.0 0.0 1.0
  outer loop
   vertex 43.800000 21.320000 -33.850000
   vertex 38.256723 19.023899 -33.850000
   vertex 38.603848 18.320000 -33.850000
  endloop
 endfacet
 facet normal 0.0 0.0 -1.0
  outer loop
   vertex 43.800000 21.320000 35.225000
   vertex 38.603848 18.320000 35.225000
   vertex 38.256723 19.023899 35.225000
  endloop
 endfacet
 facet normal 0.8314696123025467 0.5555702330196001 0.0
  outer loop
   vertex 38.603848 18.320000 -33.850000
   vertex 39.039880 17.667431 35.225000
   vertex 39.039880 17.667431 -33.850000
  endloop
 endfacet
 facet normal 0.8314696123025467 0.5555702330196001 -0.0
  outer loop
   vertex 38.603848 18.320000 -33.850000
   vertex 38.603848 18.320000 35.225000
   vertex 39.039880 17.667431 35.225000
  endloop
 endfacet
 facet normal 0.0 0.0 1.0
  outer loop
   vertex 43.800000 21.320000 -33.850000
   vertex 38.603848 18.320000 -33.850000
   vertex 39.039880 17.667431 -33.850000
  endloop
 endfacet
 facet normal 0.0 0.0 -1.0
  outer loop
   vertex 43.800000 21.320000 35.225000
   vertex 39.039880 17.667431 35.225000
   vertex 38.603848 18.320000 35.225000
  endloop
 endfacet
 facet normal 0.7518398074789786 0.6593458151000675 0.0
  outer loop
   vertex 39.039880 17.667431 -33.850000
   vertex 39.557359 17.077359 35.225000
   vertex 39.557359 17.077359 -33.850000
  endloop
 endfacet
 facet normal 0.7518398074789786 0.6593458151000675 -0.0
  outer loop
   vertex 39.039880 17.667431 -33.850000
   vertex 39.039880 17.667431 35.225000
   vertex 39.557359 17.077359 35.225000
  endloop
 endfacet
 facet normal 0.0 0.0 1.0
  outer loop
   vertex 43.800000 21.320000 -33.850000
   vertex 39.039880 17.667431 -33.850000
   vertex 39.557359 17.077359 -33.850000
  endloop
 endfacet
 facet normal 0.0 0.0 -1.0
  outer loop
   vertex 43.800000 21.320000 35.225000
   vertex 39.557359 17.077359 35.225000
   vertex 39.039880 17.667431 35.225000
  endloop
 endfacet
 facet normal 0.6593458151000654 0.7518398074789804 0.0
  outer loop
   vertex 39.557359 17.077359 -33.850000
   vertex 40.147431 16.559880 35.225000
   vertex 40.147431 16.559880 -33.850000
  endloop
 endfacet
 facet normal 0.6593458151000654 0.7518398074789804 -0.0
  outer loop
   vertex 39.557359 17.077359 -33.850000
   vertex 39.557359 17.077359 35.225000
   vertex 40.147431 16.559880 35.225000
  endloop
 endfacet
 facet normal 0.0 0.0 1.0
  outer loop
   vertex 43.800000 21.320000 -33.850000
   vertex 39.557359 17.077359 -33.850000
   vertex 40.147431 16.559880 -33.850000
  endloop
 endfacet
 facet normal 0.0 0.0 -1.0
  outer loop
   vertex 43.800000 21.320000 35.225000
   vertex 40.147431 16.559880 35.225000
   vertex 39.557359 17.077359 35.225000
  endloop
 endfacet
 facet normal 0.5555702330196032 0.8314696123025446 0.0
  outer loop
   vertex 40.147431 16.559880 -33.850000
   vertex 40.800000 16.123848 35.225000
   vertex 40.800000 16.123848 -33.850000
  endloop
 endfacet
 facet normal 0.5555702330196032 0.8314696123025446 -0.0
  outer loop
   vertex 40.147431 16.559880 -33.850000
   vertex 40.147431 16.559880 35.225000
   vertex 40.800000 16.123848 35.225000
  endloop
 endfacet
 facet normal 0.0 0.0 1.0
  outer loop
   vertex 43.800000 21.320000 -33.850000
   vertex 40.147431 16.559880 -33.850000
   vertex 40.800000 16.123848 -33.850000
  endloop
 endfacet
 facet normal 0.0 0.0 -1.0
  outer loop
   vertex 43.800000 21.320000 35.225000
   vertex 40.800000 16.123848 35.225000
   vertex 40.147431 16.559880 35.225000
  endloop
 endfacet
 facet normal 0.44228869021899836 0.8968727415326898 0.0
  outer loop
   vertex 40.800000 16.123848 -33.850000
   vertex 41.503899 15.776723 35.225000
   vertex 41.503899 15.776723 -33.850000
  endloop
 endfacet
 facet normal 0.44228869021899836 0.8968727415326898 -0.0
  outer loop
   vertex 40.800000 16.123848 -33.850000
   vertex 40.800000 16.123848 35.225000
   vertex 41.503899 15.776723 35.225000
  endloop
 endfacet
 facet normal 0.0 0.0 1.0
  outer loop
   vertex 43.800000 21.320000 -33.850000
   vertex 40.800000 16.123848 -33.850000
   vertex 41.503899 15.776723 -33.850000
  endloop
 endfacet
 facet normal 0.0 0.0 -1.0
  outer loop
   vertex 43.800000 21.320000 35.225000
   vertex 41.503899 15.776723 35.225000
   vertex 40.800000 16.123848 35.225000
  endloop
 endfacet
 facet normal 0.3214394653031651 0.9469301294951046 0.0
  outer loop
   vertex 41.503899 15.776723 -33.850000
   vertex 42.247086 15.524445 35.225000
   vertex 42.247086 15.524445 -33.850000
  endloop
 endfacet
 facet normal 0.3214394653031651 0.9469301294951046 -0.0
  outer loop
   vertex 41.503899 15.776723 -33.850000
   vertex 41.503899 15.776723 35.225000
   vertex 42.247086 15.524445 35.225000
  endloop
 endfacet
 facet normal 0.0 0.0 1.0
  outer loop
   vertex 43.800000 21.320000 -33.850000
   vertex 41.503899 15.776723 -33.850000
   vertex 42.247086 15.524445 -33.850000
  endloop
 endfacet
 facet normal 0.0 0.0 -1.0
  outer loop
   vertex 43.800000 21.320000 35.225000
   vertex 42.247086 15.524445 35.225000
   vertex 41.503899 15.776723 35.225000
  endloop
 endfacet
 facet normal 0.19509032201612714 0.9807852804032307 0.0
  outer loop
   vertex 42.247086 15.524445 -33.850000
   vertex 43.016843 15.371331 35.225000
   vertex 43.016843 15.371331 -33.850000
  endloop
 endfacet
 facet normal 0.19509032201612714 0.9807852804032307 -0.0
  outer loop
   vertex 42.247086 15.524445 -33.850000
   vertex 42.247086 15.524445 35.225000
   vertex 43.016843 15.371331 35.225000
  endloop
 endfacet
 facet normal 0.0 0.0 1.0
  outer loop
   vertex 43.800000 21.320000 -33.850000
   vertex 42.247086 15.524445 -33.850000
   vertex 43.016843 15.371331 -33.850000
  endloop
 endfacet
 facet normal 0.0 0.0 -1.0
  outer loop
   vertex 43.800000 21.320000 35.225000
   vertex 43.016843 15.371331 35.225000
   vertex 42.247086 15.524445 35.225000
  endloop
 endfacet
 facet normal 0.0654031292301435 0.9978589232386035 0.0
  outer loop
   vertex 43.016843 15.371331 -33.850000
   vertex 43.800000 15.320000 35.225000
   vertex 43.800000 15.320000 -33.850000
  endloop
 endfacet
 facet normal 0.0654031292301435 0.9978589232386035 -0.0
  outer loop
   vertex 43.016843 15.371331 -33.850000
   vertex 43.016843 15.371331 35.225000
   vertex 43.800000 15.320000 35.225000
  endloop
 endfacet
 facet normal 0.0 0.0 1.0
  outer loop
   vertex 43.800000 21.320000 -33.850000
   vertex 43.016843 15.371331 -33.850000
   vertex 43.800000 15.320000 -33.850000
  endloop
 endfacet
 facet normal 0.0 -0.0 -1.0
  outer loop
   vertex 43.800000 21.320000 35.225000
   vertex 43.800000 15.320000 35.225000
   vertex 43.016843 15.371331 35.225000
  endloop
 endfacet
 facet normal -0.0654031292301435 0.9978589232386035 0.0
  outer loop
   vertex 43.800000 15.320000 -33.850000
   vertex 44.583157 15.371331 35.225000
   vertex 44.583157 15.371331 -33.850000
  endloop
 endfacet
 facet normal -0.0654031292301435 0.9978589232386035 0.0
  outer loop
   vertex 43.800000 15.320000 -33.850000
   vertex 43.800000 15.320000 35.225000
   vertex 44.583157 15.371331 35.225000
  endloop
 endfacet
 facet normal 0.0 0.0 1.0
  outer loop
   vertex 43.800000 21.320000 -33.850000
   vertex 43.800000 15.320000 -33.850000
   vertex 44.583157 15.371331 -33.850000
  endloop
 endfacet
 facet normal 0.0 0.0 -1.0
  outer loop
   vertex 43.800000 21.320000 35.225000
   vertex 44.583157 15.371331 35.225000
   vertex 43.800000 15.320000 35.225000
  endloop
 endfacet
 facet normal -0.19509032201612886 0.9807852804032304 0.0
  outer loop
   vertex 44.583157 15.371331 -33.850000
   vertex 45.352914 15.524445 35.225000
   vertex 45.352914 15.524445 -33.850000
  endloop
 endfacet
 facet normal -0.19509032201612886 0.9807852804032304 0.0
  outer loop
   vertex 44.583157 15.371331 -33.850000
   vertex 44.583157 15.371331 35.225000
   vertex 45.352914 15.524445 35.225000
  endloop
 endfacet
 facet normal 0.0 0.0 1.0
  outer loop
   vertex 43.800000 21.320000 -33.850000
   vertex 44.583157 15.371331 -33.850000
   vertex 45.352914 15.524445 -33.850000
  endloop
 endfacet
 facet normal 0.0 0.0 -1.0
  outer loop
   vertex 43.800000 21.320000 35.225000
   vertex 45.352914 15.524445 35.225000
   vertex 44.583157 15.371331 35.225000
  endloop
 endfacet
 facet normal -0.3214394653031602 0.946930129495106 0.0
  outer loop
   vertex 45.352914 15.524445 -33.850000
   vertex 46.096101 15.776723 35.225000
   vertex 46.096101 15.776723 -33.850000
  endloop
 endfacet
 facet normal -0.3214394653031602 0.946930129495106 0.0
  outer loop
   vertex 45.352914 15.524445 -33.850000
   vertex 45.352914 15.524445 35.225000
   vertex 46.096101 15.776723 35.225000
  endloop
 endfacet
 facet normal 0.0 0.0 1.0
  outer loop
   vertex 43.800000 21.320000 -33.850000
   vertex 45.352914 15.524445 -33.850000
   vertex 46.096101 15.776723 -33.850000
  endloop
 endfacet
 facet normal 0.0 0.0 -1.0
  outer loop
   vertex 43.800000 21.320000 35.225000
   vertex 46.096101 15.776723 35.225000
   vertex 45.352914 15.524445 35.225000
  endloop
 endfacet
 facet normal -0.4422886902190002 0.8968727415326889 0.0
  outer loop
   vertex 46.096101 15.776723 -33.850000
   vertex 46.800000 16.123848 35.225000
   vertex 46.800000 16.123848 -33.850000
  endloop
 endfacet
 facet normal -0.4422886902190002 0.8968727415326889 0.0
  outer loop
   vertex 46.096101 15.776723 -33.850000
   vertex 46.096101 15.776723 35.225000
   vertex 46.800000 16.123848 35.225000
  endloop
 endfacet
 facet normal 0.0 0.0 1.0
  outer loop
   vertex 43.800000 21.320000 -33.850000
   vertex 46.096101 15.776723 -33.850000
   vertex 46.800000 16.123848 -33.850000
  endloop
 endfacet
 facet normal 0.0 0.0 -1.0
  outer loop
   vertex 43.800000 21.320000 35.225000
   vertex 46.800000 16.123848 35.225000
   vertex 46.096101 15.776723 35.225000
  endloop
 endfacet
 facet normal -0.5555702330196042 0.8314696123025439 0.0
  outer loop
   vertex 46.800000 16.123848 -33.850000
   vertex 47.452569 16.559880 35.225000
   vertex 47.452569 16.559880 -33.850000
  endloop
 endfacet
 facet normal -0.5555702330196042 0.8314696123025439 0.0
  outer loop
   vertex 46.800000 16.123848 -33.850000
   vertex 46.800000 16.123848 35.225000
   vertex 47.452569 16.559880 35.225000
  endloop
 endfacet
 facet normal 0.0 0.0 1.0
  outer loop
   vertex 43.800000 21.320000 -33.850000
   vertex 46.800000 16.123848 -33.850000
   vertex 47.452569 16.559880 -33.850000
  endloop
 endfacet
 facet normal 0.0 0.0 -1.0
  outer loop
   vertex 43.800000 21.320000 35.225000
   vertex 47.452569 16.559880 35.225000
   vertex 46.800000 16.123848 35.225000
  endloop
 endfacet
 facet normal -0.6593458151000681 0.7518398074789782 0.0
  outer loop
   vertex 47.452569 16.559880 -33.850000
   vertex 48.042641 17.077359 35.225000
   vertex 48.042641 17.077359 -33.850000
  endloop
 endfacet
 facet normal -0.6593458151000681 0.7518398074789782 0.0
  outer loop
   vertex 47.452569 16.559880 -33.850000
   vertex 47.452569 16.559880 35.225000
   vertex 48.042641 17.077359 35.225000
  endloop
 endfacet
 facet normal 0.0 0.0 1.0
  outer loop
   vertex 43.800000 21.320000 -33.850000
   vertex 47.452569 16.559880 -33.850000
   vertex 48.042641 17.077359 -33.850000
  endloop
 endfacet
 facet normal 0.0 0.0 -1.0
  outer loop
   vertex 43.800000 21.320000 35.225000
   vertex 48.042641 17.077359 35.225000
   vertex 47.452569 16.559880 35.225000
  endloop
 endfacet
 facet normal -0.751839807478974 0.6593458151000725 0.0
  outer loop
   vertex 48.042641 17.077359 -33.850000
   vertex 48.560120 17.667431 35.225000
   vertex 48.560120 17.667431 -33.850000
  endloop
 endfacet
 facet normal -0.751839807478974 0.6593458151000725 0.0
  outer loop
   vertex 48.042641 17.077359 -33.850000
   vertex 48.042641 17.077359 35.225000
   vertex 48.560120 17.667431 35.225000
  endloop
 endfacet
 facet normal 0.0 0.0 1.0
  outer loop
   vertex 43.800000 21.320000 -33.850000
   vertex 48.042641 17.077359 -33.850000
   vertex 48.560120 17.667431 -33.850000
  endloop
 endfacet
 facet normal 0.0 0.0 -1.0
  outer loop
   vertex 43.800000 21.320000 35.225000
   vertex 48.560120 17.667431 35.225000
   vertex 48.042641 17.077359 35.225000
  endloop
 endfacet
 facet normal -0.8314696123025452 0.5555702330196022 0.0
  outer loop
   vertex 48.560120 17.667431 -33.850000
   vertex 48.996152 18.320000 35.225000
   vertex 48.996152 18.320000 -33.850000
  endloop
 endfacet
 facet normal -0.8314696123025452 0.5555702330196022 0.0
  outer loop
   vertex 48.560120 17.667431 -33.850000
   vertex 48.560120 17.667431 35.225000
   vertex 48.996152 18.320000 35.225000
  endloop
 endfacet
 facet normal 0.0 0.0 1.0
  outer loop
   vertex 43.800000 21.320000 -33.850000
   vertex 48.560120 17.667431 -33.850000
   vertex 48.996152 18.320000 -33.850000
  endloop
 endfacet
 facet normal 0.0 0.0 -1.0
  outer loop
   vertex 43.800000 21.320000 35.225000
   vertex 48.996152 18.320000 35.225000
   vertex 48.560120 17.667431 35.225000
  endloop
 endfacet
 facet normal -0.8968727415326879 0.4422886902190019 0.0
  outer loop
   vertex 48.996152 18.320000 -33.850000
   vertex 49.343277 19.023899 35.225000
   vertex 49.343277 19.023899 -33.850000
  endloop
 endfacet
 facet normal -0.8968727415326879 0.4422886902190019 0.0
  outer loop
   vertex 48.996152 18.320000 -33.850000
   vertex 48.996152 18.320000 35.225000
   vertex 49.343277 19.023899 35.225000
  endloop
 endfacet
 facet normal 0.0 0.0 1.0
  outer loop
   vertex 43.800000 21.320000 -33.850000
   vertex 48.996152 18.320000 -33.850000
   vertex 49.343277 19.023899 -33.850000
  endloop
 endfacet
 facet normal 0.0 0.0 -1.0
  outer loop
   vertex 43.800000 21.320000 35.225000
   vertex 49.343277 19.023899 35.225000
   vertex 48.996152 18.320000 35.225000
  endloop
 endfacet
 facet normal -0.9469301294951058 0.321439465303161 0.0
  outer loop
   vertex 49.343277 19.023899 -33.850000
   vertex 49.595555 19.767086 35.225000
   vertex 49.595555 19.767086 -33.850000
  endloop
 endfacet
 facet normal -0.9469301294951058 0.321439465303161 0.0
  outer loop
   vertex 49.343277 19.023899 -33.850000
   vertex 49.343277 19.023899 35.225000
   vertex 49.595555 19.767086 35.225000
  endloop
 endfacet
 facet normal 0.0 0.0 1.0
  outer loop
   vertex 43.800000 21.320000 -33.850000
   vertex 49.343277 19.023899 -33.850000
   vertex 49.595555 19.767086 -33.850000
  endloop
 endfacet
 facet normal 0.0 0.0 -1.0
  outer loop
   vertex 43.800000 21.320000 35.225000
   vertex 49.595555 19.767086 35.225000
   vertex 49.343277 19.023899 35.225000
  endloop
 endfacet
 facet normal -0.9807852804032317 0.19509032201612186 0.0
  outer loop
   vertex 49.595555 19.767086 -33.850000
   vertex 49.748669 20.536843 35.225000
   vertex 49.748669 20.536843 -33.850000
  endloop
 endfacet
 facet normal -0.9807852804032317 0.19509032201612186 0.0
  outer loop
   vertex 49.595555 19.767086 -33.850000
   vertex 49.595555 19.767086 35.225000
   vertex 49.748669 20.536843 35.225000
  endloop
 endfacet
 facet normal 0.0 0.0 1.0
  outer loop
   vertex 43.800000 21.320000 -33.850000
   vertex 49.595555 19.767086 -33.850000
   vertex 49.748669 20.536843 -33.850000
  endloop
 endfacet
 facet normal 0.0 0.0 -1.0
  outer loop
   vertex 43.800000 21.320000 35.225000
   vertex 49.748669 20.536843 35.225000
   vertex 49.595555 19.767086 35.225000
  endloop
 endfacet
 facet normal -0.9978589232386031 0.06540312923014802 0.0
  outer loop
   vertex 49.748669 20.536843 -33.850000
   vertex 49.800000 21.320000 35.225000
   vertex 49.800000 21.320000 -33.850000
  endloop
 endfacet
 facet normal -0.9978589232386031 0.06540312923014802 0.0
  outer loop
   vertex 49.748669 20.536843 -33.850000
   vertex 49.748669 20.536843 35.225000
   vertex 49.800000 21.320000 35.225000
  endloop
 endfacet
 facet normal -0.0 0.0 1.0
  outer loop
   vertex 43.800000 21.320000 -33.850000
   vertex 49.748669 20.536843 -33.850000
   vertex 49.800000 21.320000 -33.850000
  endloop
 endfacet
 facet normal 0.0 0.0 -1.0
  outer loop
   vertex 43.800000 21.320000 35.225000
   vertex 49.800000 21.320000 35.225000
   vertex 49.748669 20.536843 35.225000
  endloop
 endfacet
 facet normal -0.995184726672197 -0.09801714032955905 0.0
  outer loop
   vertex -39.500000 -21.200000 -31.850000
   vertex -39.548037 -20.712274 -21.850000
   vertex -39.548037 -20.712274 -31.850000
  endloop
 endfacet
 facet normal -0.995184726672197 -0.09801714032955905 0.0
  outer loop
   vertex -39.500000 -21.200000 -31.850000
   vertex -39.500000 -21.200000 -21.850000
   vertex -39.548037 -20.712274 -21.850000
  endloop
 endfacet
 facet normal 0.0 0.0 1.0
  outer loop
   vertex -42.000000 -21.200000 -31.850000
   vertex -39.500000 -21.200000 -31.850000
   vertex -39.548037 -20.712274 -31.850000
  endloop
 endfacet
 facet normal 0.0 0.0 -1.0
  outer loop
   vertex -42.000000 -21.200000 -21.850000
   vertex -39.548037 -20.712274 -21.850000
   vertex -39.500000 -21.200000 -21.850000
  endloop
 endfacet
 facet normal -0.9569403357322097 -0.29028467725445983 0.0
  outer loop
   vertex -39.548037 -20.712274 -31.850000
   vertex -39.690301 -20.243291 -21.850000
   vertex -39.690301 -20.243291 -31.850000
  endloop
 endfacet
 facet normal -0.9569403357322097 -0.29028467725445983 0.0
  outer loop
   vertex -39.548037 -20.712274 -31.850000
   vertex -39.548037 -20.712274 -21.850000
   vertex -39.690301 -20.243291 -21.850000
  endloop
 endfacet
 facet normal 0.0 0.0 1.0
  outer loop
   vertex -42.000000 -21.200000 -31.850000
   vertex -39.548037 -20.712274 -31.850000
   vertex -39.690301 -20.243291 -31.850000
  endloop
 endfacet
 facet normal 0.0 0.0 -1.0
  outer loop
   vertex -42.000000 -21.200000 -21.850000
   vertex -39.690301 -20.243291 -21.850000
   vertex -39.548037 -20.712274 -21.850000
  endloop
 endfacet
 facet normal -0.8819212643483516 -0.47139673682600414 0.0
  outer loop
   vertex -39.690301 -20.243291 -31.850000
   vertex -39.921326 -19.811074 -21.850000
   vertex -39.921326 -19.811074 -31.850000
  endloop
 endfacet
 facet normal -0.8819212643483516 -0.47139673682600414 0.0
  outer loop
   vertex -39.690301 -20.243291 -31.850000
   vertex -39.690301 -20.243291 -21.850000
   vertex -39.921326 -19.811074 -21.850000
  endloop
 endfacet
 facet normal 0.0 0.0 1.0
  outer loop
   vertex -42.000000 -21.200000 -31.850000
   vertex -39.690301 -20.243291 -31.850000
   vertex -39.921326 -19.811074 -31.850000
  endloop
 endfacet
 facet normal 0.0 0.0 -1.0
  outer loop
   vertex -42.000000 -21.200000 -21.850000
   vertex -39.921326 -19.811074 -21.850000
   vertex -39.690301 -20.243291 -21.850000
  endloop
 endfacet
 facet normal -0.7730104533627388 -0.6343932841636434 0.0
  outer loop
   vertex -39.921326 -19.811074 -31.850000
   vertex -40.232233 -19.432233 -21.850000
   vertex -40.232233 -19.432233 -31.850000
  endloop
 endfacet
 facet normal -0.7730104533627388 -0.6343932841636434 0.0
  outer loop
   vertex -39.921326 -19.811074 -31.850000
   vertex -39.921326 -19.811074 -21.850000
   vertex -40.232233 -19.432233 -21.850000
  endloop
 endfacet
 facet normal 0.0 0.0 1.0
  outer loop
   vertex -42.000000 -21.200000 -31.850000
   vertex -39.921326 -19.811074 -31.850000
   vertex -40.232233 -19.432233 -31.850000
  endloop
 endfacet
 facet normal 0.0 0.0 -1.0
  outer loop
   vertex -42.000000 -21.200000 -21.850000
   vertex -40.232233 -19.432233 -21.850000
   vertex -39.921326 -19.811074 -21.850000
  endloop
 endfacet
 facet normal -0.6343932841636477 -0.7730104533627351 0.0
  outer loop
   vertex -40.232233 -19.432233 -31.850000
   vertex -40.611074 -19.121326 -21.850000
   vertex -40.611074 -19.121326 -31.850000
  endloop
 endfacet
 facet normal -0.6343932841636477 -0.7730104533627351 0.0
  outer loop
   vertex -40.232233 -19.432233 -31.850000
   vertex -40.232233 -19.432233 -21.850000
   vertex -40.611074 -19.121326 -21.850000
  endloop
 endfacet
 facet normal 0.0 0.0 1.0
  outer loop
   vertex -42.000000 -21.200000 -31.850000
   vertex -40.232233 -19.432233 -31.850000
   vertex -40.611074 -19.121326 -31.850000
  endloop
 endfacet
 facet normal 0.0 0.0 -1.0
  outer loop
   vertex -42.000000 -21.200000 -21.850000
   vertex -40.611074 -19.121326 -21.850000
   vertex -40.232233 -19.432233 -21.850000
  endloop
 endfacet
 facet normal -0.47139673682599276 -0.8819212643483575 0.0
  outer loop
   vertex -40.611074 -19.121326 -31.850000
   vertex -41.043291 -18.890301 -21.850000
   vertex -41.043291 -18.890301 -31.850000
  endloop
 endfacet
 facet normal -0.47139673682599276 -0.8819212643483575 0.0
  outer loop
   vertex -40.611074 -19.121326 -31.850000
   vertex -40.611074 -19.121326 -21.850000
   vertex -41.043291 -18.890301 -21.850000
  endloop
 endfacet
 facet normal 0.0 0.0 1.0
  outer loop
   vertex -42.000000 -21.200000 -31.850000
   vertex -40.611074 -19.121326 -31.850000
   vertex -41.043291 -18.890301 -31.850000
  endloop
 endfacet
 facet normal 0.0 0.0 -1.0
  outer loop
   vertex -42.000000 -21.200000 -21.850000
   vertex -41.043291 -18.890301 -21.850000
   vertex -40.611074 -19.121326 -21.850000
  endloop
 endfacet
 facet normal -0.29028467725446644 -0.9569403357322076 0.0
  outer loop
   vertex -41.043291 -18.890301 -31.850000
   vertex -41.512274 -18.748037 -21.850000
   vertex -41.512274 -18.748037 -31.850000
  endloop
 endfacet
 facet normal -0.29028467725446644 -0.9569403357322076 0.0
  outer loop
   vertex -41.043291 -18.890301 -31.850000
   vertex -41.043291 -18.890301 -21.850000
   vertex -41.512274 -18.748037 -21.850000
  endloop
 endfacet
 facet normal 0.0 0.0 1.0
  outer loop
   vertex -42.000000 -21.200000 -31.850000
   vertex -41.043291 -18.890301 -31.850000
   vertex -41.512274 -18.748037 -31.850000
  endloop
 endfacet
 facet normal 0.0 0.0 -1.0
  outer loop
   vertex -42.000000 -21.200000 -21.850000
   vertex -41.512274 -18.748037 -21.850000
   vertex -41.043291 -18.890301 -21.850000
  endloop
 endfacet
 facet normal -0.09801714032955905 -0.995184726672197 0.0
  outer loop
   vertex -41.512274 -18.748037 -31.850000
   vertex -42.000000 -18.700000 -21.850000
   vertex -42.000000 -18.700000 -31.850000
  endloop
 endfacet
 facet normal -0.09801714032955905 -0.995184726672197 0.0
  outer loop
   vertex -41.512274 -18.748037 -31.850000
   vertex -41.512274 -18.748037 -21.850000
   vertex -42.000000 -18.700000 -21.850000
  endloop
 endfacet
 facet normal 0.0 0.0 1.0
  outer loop
   vertex -42.000000 -21.200000 -31.850000
   vertex -41.512274 -18.748037 -31.850000
   vertex -42.000000 -18.700000 -31.850000
  endloop
 endfacet
 facet normal 0.0 0.0 -1.0
  outer loop
   vertex -42.000000 -21.200000 -21.850000
   vertex -42.000000 -18.700000 -21.850000
   vertex -41.512274 -18.748037 -21.850000
  endloop
 endfacet
 facet normal 0.09801714032955905 -0.995184726672197 0.0
  outer loop
   vertex -42.000000 -18.700000 -31.850000
   vertex -42.487726 -18.748037 -21.850000
   vertex -42.487726 -18.748037 -31.850000
  endloop
 endfacet
 facet normal 0.09801714032955905 -0.995184726672197 0.0
  outer loop
   vertex -42.000000 -18.700000 -31.850000
   vertex -42.000000 -18.700000 -21.850000
   vertex -42.487726 -18.748037 -21.850000
  endloop
 endfacet
 facet normal 0.0 -0.0 1.0
  outer loop
   vertex -42.000000 -21.200000 -31.850000
   vertex -42.000000 -18.700000 -31.850000
   vertex -42.487726 -18.748037 -31.850000
  endloop
 endfacet
 facet normal 0.0 0.0 -1.0
  outer loop
   vertex -42.000000 -21.200000 -21.850000
   vertex -42.487726 -18.748037 -21.850000
   vertex -42.000000 -18.700000 -21.850000
  endloop
 endfacet
 facet normal 0.29028467725446644 -0.9569403357322076 0.0
  outer loop
   vertex -42.487726 -18.748037 -31.850000
   vertex -42.956709 -18.890301 -21.850000
   vertex -42.956709 -18.890301 -31.850000
  endloop
 endfacet
 facet normal 0.29028467725446644 -0.9569403357322076 0.0
  outer loop
   vertex -42.487726 -18.748037 -31.850000
   vertex -42.487726 -18.748037 -21.850000
   vertex -42.956709 -18.890301 -21.850000
  endloop
 endfacet
 facet normal 0.0 0.0 1.0
  outer loop
   vertex -42.000000 -21.200000 -31.850000
   vertex -42.487726 -18.748037 -31.850000
   vertex -42.956709 -18.890301 -31.850000
  endloop
 endfacet
 facet normal 0.0 0.0 -1.0
  outer loop
   vertex -42.000000 -21.200000 -21.850000
   vertex -42.956709 -18.890301 -21.850000
   vertex -42.487726 -18.748037 -21.850000
  endloop
 endfacet
 facet normal 0.47139673682599276 -0.8819212643483575 0.0
  outer loop
   vertex -42.956709 -18.890301 -31.850000
   vertex -43.388926 -19.121326 -21.850000
   vertex -43.388926 -19.121326 -31.850000
  endloop
 endfacet
 facet normal 0.47139673682599276 -0.8819212643483575 0.0
  outer loop
   vertex -42.956709 -18.890301 -31.850000
   vertex -42.956709 -18.890301 -21.850000
   vertex -43.388926 -19.121326 -21.850000
  endloop
 endfacet
 facet normal 0.0 0.0 1.0
  outer loop
   vertex -42.000000 -21.200000 -31.850000
   vertex -42.956709 -18.890301 -31.850000
   vertex -43.388926 -19.121326 -31.850000
  endloop
 endfacet
 facet normal 0.0 0.0 -1.0
  outer loop
   vertex -42.000000 -21.200000 -21.850000
   vertex -43.388926 -19.121326 -21.850000
   vertex -42.956709 -18.890301 -21.850000
  endloop
 endfacet
 facet normal 0.6343932841636477 -0.7730104533627351 0.0
  outer loop
   vertex -43.388926 -19.121326 -31.850000
   vertex -43.767767 -19.432233 -21.850000
   vertex -43.767767 -19.432233 -31.850000
  endloop
 endfacet
 facet normal 0.6343932841636477 -0.7730104533627351 0.0
  outer loop
   vertex -43.388926 -19.121326 -31.850000
   vertex -43.388926 -19.121326 -21.850000
   vertex -43.767767 -19.432233 -21.850000
  endloop
 endfacet
 facet normal 0.0 0.0 1.0
  outer loop
   vertex -42.000000 -21.200000 -31.850000
   vertex -43.388926 -19.121326 -31.850000
   vertex -43.767767 -19.432233 -31.850000
  endloop
 endfacet
 facet normal 0.0 0.0 -1.0
  outer loop
   vertex -42.000000 -21.200000 -21.850000
   vertex -43.767767 -19.432233 -21.850000
   vertex -43.388926 -19.121326 -21.850000
  endloop
 endfacet
 facet normal 0.7730104533627388 -0.6343932841636434 0.0
  outer loop
   vertex -43.767767 -19.432233 -31.850000
   vertex -44.078674 -19.811074 -21.850000
   vertex -44.078674 -19.811074 -31.850000
  endloop
 endfacet
 facet normal 0.7730104533627388 -0.6343932841636434 0.0
  outer loop
   vertex -43.767767 -19.432233 -31.850000
   vertex -43.767767 -19.432233 -21.850000
   vertex -44.078674 -19.811074 -21.850000
  endloop
 endfacet
 facet normal 0.0 0.0 1.0
  outer loop
   vertex -42.000000 -21.200000 -31.850000
   vertex -43.767767 -19.432233 -31.850000
   vertex -44.078674 -19.811074 -31.850000
  endloop
 endfacet
 facet normal 0.0 0.0 -1.0
  outer loop
   vertex -42.000000 -21.200000 -21.850000
   vertex -44.078674 -19.811074 -21.850000
   vertex -43.767767 -19.432233 -21.850000
  endloop
 endfacet
 facet normal 0.8819212643483516 -0.47139673682600414 0.0
  outer loop
   vertex -44.078674 -19.811074 -31.850000
   vertex -44.309699 -20.243291 -21.850000
   vertex -44.309699 -20.243291 -31.850000
  endloop
 endfacet
 facet normal 0.8819212643483516 -0.47139673682600414 0.0
  outer loop
   vertex -44.078674 -19.811074 -31.850000
   vertex -44.078674 -19.811074 -21.850000
   vertex -44.309699 -20.243291 -21.850000
  endloop
 endfacet
 facet normal 0.0 0.0 1.0
  outer loop
   vertex -42.000000 -21.200000 -31.850000
   vertex -44.078674 -19.811074 -31.850000
   vertex -44.309699 -20.243291 -31.850000
  endloop
 endfacet
 facet normal 0.0 0.0 -1.0
  outer loop
   vertex -42.000000 -21.200000 -21.850000
   vertex -44.309699 -20.243291 -21.850000
   vertex -44.078674 -19.811074 -21.850000
  endloop
 endfacet
 facet normal 0.9569403357322097 -0.29028467725445983 0.0
  outer loop
   vertex -44.309699 -20.243291 -31.850000
   vertex -44.451963 -20.712274 -21.850000
   vertex -44.451963 -20.712274 -31.850000
  endloop
 endfacet
 facet normal 0.9569403357322097 -0.29028467725445983 0.0
  outer loop
   vertex -44.309699 -20.243291 -31.850000
   vertex -44.309699 -20.243291 -21.850000
   vertex -44.451963 -20.712274 -21.850000
  endloop
 endfacet
 facet normal 0.0 0.0 1.0
  outer loop
   vertex -42.000000 -21.200000 -31.850000
   vertex -44.309699 -20.243291 -31.850000
   vertex -44.451963 -20.712274 -31.850000
  endloop
 endfacet
 facet normal 0.0 0.0 -1.0
  outer loop
   vertex -42.000000 -21.200000 -21.850000
   vertex -44.451963 -20.712274 -21.850000
   vertex -44.309699 -20.243291 -21.850000
  endloop
 endfacet
 facet normal 0.995184726672197 -0.09801714032955905 0.0
  outer loop
   vertex -44.451963 -20.712274 -31.850000
   vertex -44.500000 -21.200000 -21.850000
   vertex -44.500000 -21.200000 -31.850000
  endloop
 endfacet
 facet normal 0.995184726672197 -0.09801714032955905 0.0
  outer loop
   vertex -44.451963 -20.712274 -31.850000
   vertex -44.451963 -20.712274 -21.850000
   vertex -44.500000 -21.200000 -21.850000
  endloop
 endfacet
 facet normal 0.0 0.0 1.0
  outer loop
   vertex -42.000000 -21.200000 -31.850000
   vertex -44.451963 -20.712274 -31.850000
   vertex -44.500000 -21.200000 -31.850000
  endloop
 endfacet
 facet normal 0.0 0.0 -1.0
  outer loop
   vertex -42.000000 -21.200000 -21.850000
   vertex -44.500000 -21.200000 -21.850000
   vertex -44.451963 -20.712274 -21.850000
  endloop
 endfacet
 facet normal 0.995184726672197 0.09801714032955905 0.0
  outer loop
   vertex -44.500000 -21.200000 -31.850000
   vertex -44.451963 -21.687726 -21.850000
   vertex -44.451963 -21.687726 -31.850000
  endloop
 endfacet
 facet normal 0.995184726672197 0.09801714032955905 -0.0
  outer loop
   vertex -44.500000 -21.200000 -31.850000
   vertex -44.500000 -21.200000 -21.850000
   vertex -44.451963 -21.687726 -21.850000
  endloop
 endfacet
 facet normal 0.0 0.0 1.0
  outer loop
   vertex -42.000000 -21.200000 -31.850000
   vertex -44.500000 -21.200000 -31.850000
   vertex -44.451963 -21.687726 -31.850000
  endloop
 endfacet
 facet normal -0.0 0.0 -1.0
  outer loop
   vertex -42.000000 -21.200000 -21.850000
   vertex -44.451963 -21.687726 -21.850000
   vertex -44.500000 -21.200000 -21.850000
  endloop
 endfacet
 facet normal 0.9569403357322097 0.29028467725445983 0.0
  outer loop
   vertex -44.451963 -21.687726 -31.850000
   vertex -44.309699 -22.156709 -21.850000
   vertex -44.309699 -22.156709 -31.850000
  endloop
 endfacet
 facet normal 0.9569403357322097 0.29028467725445983 -0.0
  outer loop
   vertex -44.451963 -21.687726 -31.850000
   vertex -44.451963 -21.687726 -21.850000
   vertex -44.309699 -22.156709 -21.850000
  endloop
 endfacet
 facet normal 0.0 0.0 1.0
  outer loop
   vertex -42.000000 -21.200000 -31.850000
   vertex -44.451963 -21.687726 -31.850000
   vertex -44.309699 -22.156709 -31.850000
  endloop
 endfacet
 facet normal 0.0 0.0 -1.0
  outer loop
   vertex -42.000000 -21.200000 -21.850000
   vertex -44.309699 -22.156709 -21.850000
   vertex -44.451963 -21.687726 -21.850000
  endloop
 endfacet
 facet normal 0.8819212643483499 0.4713967368260071 0.0
  outer loop
   vertex -44.309699 -22.156709 -31.850000
   vertex -44.078674 -22.588926 -21.850000
   vertex -44.078674 -22.588926 -31.850000
  endloop
 endfacet
 facet normal 0.8819212643483499 0.4713967368260071 -0.0
  outer loop
   vertex -44.309699 -22.156709 -31.850000
   vertex -44.309699 -22.156709 -21.850000
   vertex -44.078674 -22.588926 -21.850000
  endloop
 endfacet
 facet normal 0.0 0.0 1.0
  outer loop
   vertex -42.000000 -21.200000 -31.850000
   vertex -44.309699 -22.156709 -31.850000
   vertex -44.078674 -22.588926 -31.850000
  endloop
 endfacet
 facet normal 0.0 0.0 -1.0
  outer loop
   vertex -42.000000 -21.200000 -21.850000
   vertex -44.078674 -22.588926 -21.850000
   vertex -44.309699 -22.156709 -21.850000
  endloop
 endfacet
 facet normal 0.7730104533627417 0.6343932841636398 0.0
  outer loop
   vertex -44.078674 -22.588926 -31.850000
   vertex -43.767767 -22.967767 -21.850000
   vertex -43.767767 -22.967767 -31.850000
  endloop
 endfacet
 facet normal 0.7730104533627417 0.6343932841636398 -0.0
  outer loop
   vertex -44.078674 -22.588926 -31.850000
   vertex -44.078674 -22.588926 -21.850000
   vertex -43.767767 -22.967767 -21.850000
  endloop
 endfacet
 facet normal 0.0 0.0 1.0
  outer loop
   vertex -42.000000 -21.200000 -31.850000
   vertex -44.078674 -22.588926 -31.850000
   vertex -43.767767 -22.967767 -31.850000
  endloop
 endfacet
 facet normal 0.0 0.0 -1.0
  outer loop
   vertex -42.000000 -21.200000 -21.850000
   vertex -43.767767 -22.967767 -21.850000
   vertex -44.078674 -22.588926 -21.850000
  endloop
 endfacet
 facet normal 0.6343932841636477 0.7730104533627351 0.0
  outer loop
   vertex -43.767767 -22.967767 -31.850000
   vertex -43.388926 -23.278674 -21.850000
   vertex -43.388926 -23.278674 -31.850000
  endloop
 endfacet
 facet normal 0.6343932841636477 0.7730104533627351 -0.0
  outer loop
   vertex -43.767767 -22.967767 -31.850000
   vertex -43.767767 -22.967767 -21.850000
   vertex -43.388926 -23.278674 -21.850000
  endloop
 endfacet
 facet normal 0.0 0.0 1.0
  outer loop
   vertex -42.000000 -21.200000 -31.850000
   vertex -43.767767 -22.967767 -31.850000
   vertex -43.388926 -23.278674 -31.850000
  endloop
 endfacet
 facet normal 0.0 0.0 -1.0
  outer loop
   vertex -42.000000 -21.200000 -21.850000
   vertex -43.388926 -23.278674 -21.850000
   vertex -43.767767 -22.967767 -21.850000
  endloop
 endfacet
 facet normal 0.47139673682599276 0.8819212643483575 0.0
  outer loop
   vertex -43.388926 -23.278674 -31.850000
   vertex -42.956709 -23.509699 -21.850000
   vertex -42.956709 -23.509699 -31.850000
  endloop
 endfacet
 facet normal 0.47139673682599276 0.8819212643483575 -0.0
  outer loop
   vertex -43.388926 -23.278674 -31.850000
   vertex -43.388926 -23.278674 -21.850000
   vertex -42.956709 -23.509699 -21.850000
  endloop
 endfacet
 facet normal 0.0 0.0 1.0
  outer loop
   vertex -42.000000 -21.200000 -31.850000
   vertex -43.388926 -23.278674 -31.850000
   vertex -42.956709 -23.509699 -31.850000
  endloop
 endfacet
 facet normal 0.0 0.0 -1.0
  outer loop
   vertex -42.000000 -21.200000 -21.850000
   vertex -42.956709 -23.509699 -21.850000
   vertex -43.388926 -23.278674 -21.850000
  endloop
 endfacet
 facet normal 0.29028467725446644 0.9569403357322076 0.0
  outer loop
   vertex -42.956709 -23.509699 -31.850000
   vertex -42.487726 -23.651963 -21.850000
   vertex -42.487726 -23.651963 -31.850000
  endloop
 endfacet
 facet normal 0.29028467725446644 0.9569403357322076 -0.0
  outer loop
   vertex -42.956709 -23.509699 -31.850000
   vertex -42.956709 -23.509699 -21.850000
   vertex -42.487726 -23.651963 -21.850000
  endloop
 endfacet
 facet normal 0.0 0.0 1.0
  outer loop
   vertex -42.000000 -21.200000 -31.850000
   vertex -42.956709 -23.509699 -31.850000
   vertex -42.487726 -23.651963 -31.850000
  endloop
 endfacet
 facet normal 0.0 0.0 -1.0
  outer loop
   vertex -42.000000 -21.200000 -21.850000
   vertex -42.487726 -23.651963 -21.850000
   vertex -42.956709 -23.509699 -21.850000
  endloop
 endfacet
 facet normal 0.09801714032955905 0.995184726672197 0.0
  outer loop
   vertex -42.487726 -23.651963 -31.850000
   vertex -42.000000 -23.700000 -21.850000
   vertex -42.000000 -23.700000 -31.850000
  endloop
 endfacet
 facet normal 0.09801714032955905 0.995184726672197 -0.0
  outer loop
   vertex -42.487726 -23.651963 -31.850000
   vertex -42.487726 -23.651963 -21.850000
   vertex -42.000000 -23.700000 -21.850000
  endloop
 endfacet
 facet normal 0.0 0.0 1.0
  outer loop
   vertex -42.000000 -21.200000 -31.850000
   vertex -42.487726 -23.651963 -31.850000
   vertex -42.000000 -23.700000 -31.850000
  endloop
 endfacet
 facet normal 0.0 -0.0 -1.0
  outer loop
   vertex -42.000000 -21.200000 -21.850000
   vertex -42.000000 -23.700000 -21.850000
   vertex -42.487726 -23.651963 -21.850000
  endloop
 endfacet
 facet normal -0.09801714032955905 0.995184726672197 0.0
  outer loop
   vertex -42.000000 -23.700000 -31.850000
   vertex -41.512274 -23.651963 -21.850000
   vertex -41.512274 -23.651963 -31.850000
  endloop
 endfacet
 facet normal -0.09801714032955905 0.995184726672197 0.0
  outer loop
   vertex -42.000000 -23.700000 -31.850000
   vertex -42.000000 -23.700000 -21.850000
   vertex -41.512274 -23.651963 -21.850000
  endloop
 endfacet
 facet normal 0.0 0.0 1.0
  outer loop
   vertex -42.000000 -21.200000 -31.850000
   vertex -42.000000 -23.700000 -31.850000
   vertex -41.512274 -23.651963 -31.850000
  endloop
 endfacet
 facet normal 0.0 0.0 -1.0
  outer loop
   vertex -42.000000 -21.200000 -21.850000
   vertex -41.512274 -23.651963 -21.850000
   vertex -42.000000 -23.700000 -21.850000
  endloop
 endfacet
 facet normal -0.29028467725446644 0.9569403357322076 0.0
  outer loop
   vertex -41.512274 -23.651963 -31.850000
   vertex -41.043291 -23.509699 -21.850000
   vertex -41.043291 -23.509699 -31.850000
  endloop
 endfacet
 facet normal -0.29028467725446644 0.9569403357322076 0.0
  outer loop
   vertex -41.512274 -23.651963 -31.850000
   vertex -41.512274 -23.651963 -21.850000
   vertex -41.043291 -23.509699 -21.850000
  endloop
 endfacet
 facet normal 0.0 0.0 1.0
  outer loop
   vertex -42.000000 -21.200000 -31.850000
   vertex -41.512274 -23.651963 -31.850000
   vertex -41.043291 -23.509699 -31.850000
  endloop
 endfacet
 facet normal 0.0 0.0 -1.0
  outer loop
   vertex -42.000000 -21.200000 -21.850000
   vertex -41.043291 -23.509699 -21.850000
   vertex -41.512274 -23.651963 -21.850000
  endloop
 endfacet
 facet normal -0.47139673682599276 0.8819212643483575 0.0
  outer loop
   vertex -41.043291 -23.509699 -31.850000
   vertex -40.611074 -23.278674 -21.850000
   vertex -40.611074 -23.278674 -31.850000
  endloop
 endfacet
 facet normal -0.47139673682599276 0.8819212643483575 0.0
  outer loop
   vertex -41.043291 -23.509699 -31.850000
   vertex -41.043291 -23.509699 -21.850000
   vertex -40.611074 -23.278674 -21.850000
  endloop
 endfacet
 facet normal 0.0 0.0 1.0
  outer loop
   vertex -42.000000 -21.200000 -31.850000
   vertex -41.043291 -23.509699 -31.850000
   vertex -40.611074 -23.278674 -31.850000
  endloop
 endfacet
 facet normal 0.0 0.0 -1.0
  outer loop
   vertex -42.000000 -21.200000 -21.850000
   vertex -40.611074 -23.278674 -21.850000
   vertex -41.043291 -23.509699 -21.850000
  endloop
 endfacet
 facet normal -0.6343932841636477 0.7730104533627351 0.0
  outer loop
   vertex -40.611074 -23.278674 -31.850000
   vertex -40.232233 -22.967767 -21.850000
   vertex -40.232233 -22.967767 -31.850000
  endloop
 endfacet
 facet normal -0.6343932841636477 0.7730104533627351 0.0
  outer loop
   vertex -40.611074 -23.278674 -31.850000
   vertex -40.611074 -23.278674 -21.850000
   vertex -40.232233 -22.967767 -21.850000
  endloop
 endfacet
 facet normal 0.0 0.0 1.0
  outer loop
   vertex -42.000000 -21.200000 -31.850000
   vertex -40.611074 -23.278674 -31.850000
   vertex -40.232233 -22.967767 -31.850000
  endloop
 endfacet
 facet normal 0.0 0.0 -1.0
  outer loop
   vertex -42.000000 -21.200000 -21.850000
   vertex -40.232233 -22.967767 -21.850000
   vertex -40.611074 -23.278674 -21.850000
  endloop
 endfacet
 facet normal -0.7730104533627388 0.6343932841636434 0.0
  outer loop
   vertex -40.232233 -22.967767 -31.850000
   vertex -39.921326 -22.588926 -21.850000
   vertex -39.921326 -22.588926 -31.850000
  endloop
 endfacet
 facet normal -0.7730104533627388 0.6343932841636434 0.0
  outer loop
   vertex -40.232233 -22.967767 -31.850000
   vertex -40.232233 -22.967767 -21.850000
   vertex -39.921326 -22.588926 -21.850000
  endloop
 endfacet
 facet normal 0.0 0.0 1.0
  outer loop
   vertex -42.000000 -21.200000 -31.850000
   vertex -40.232233 -22.967767 -31.850000
   vertex -39.921326 -22.588926 -31.850000
  endloop
 endfacet
 facet normal 0.0 0.0 -1.0
  outer loop
   vertex -42.000000 -21.200000 -21.850000
   vertex -39.921326 -22.588926 -21.850000
   vertex -40.232233 -22.967767 -21.850000
  endloop
 endfacet
 facet normal -0.8819212643483516 0.47139673682600414 0.0
  outer loop
   vertex -39.921326 -22.588926 -31.850000
   vertex -39.690301 -22.156709 -21.850000
   vertex -39.690301 -22.156709 -31.850000
  endloop
 endfacet
 facet normal -0.8819212643483516 0.47139673682600414 0.0
  outer loop
   vertex -39.921326 -22.588926 -31.850000
   vertex -39.921326 -22.588926 -21.850000
   vertex -39.690301 -22.156709 -21.850000
  endloop
 endfacet
 facet normal 0.0 0.0 1.0
  outer loop
   vertex -42.000000 -21.200000 -31.850000
   vertex -39.921326 -22.588926 -31.850000
   vertex -39.690301 -22.156709 -31.850000
  endloop
 endfacet
 facet normal 0.0 0.0 -1.0
  outer loop
   vertex -42.000000 -21.200000 -21.850000
   vertex -39.690301 -22.156709 -21.850000
   vertex -39.921326 -22.588926 -21.850000
  endloop
 endfacet
 facet normal -0.956940335732209 0.29028467725446183 0.0
  outer loop
   vertex -39.690301 -22.156709 -31.850000
   vertex -39.548037 -21.687726 -21.850000
   vertex -39.548037 -21.687726 -31.850000
  endloop
 endfacet
 facet normal -0.956940335732209 0.29028467725446183 0.0
  outer loop
   vertex -39.690301 -22.156709 -31.850000
   vertex -39.690301 -22.156709 -21.850000
   vertex -39.548037 -21.687726 -21.850000
  endloop
 endfacet
 facet normal 0.0 0.0 1.0
  outer loop
   vertex -42.000000 -21.200000 -31.850000
   vertex -39.690301 -22.156709 -31.850000
   vertex -39.548037 -21.687726 -31.850000
  endloop
 endfacet
 facet normal 0.0 0.0 -1.0
  outer loop
   vertex -42.000000 -21.200000 -21.850000
   vertex -39.548037 -21.687726 -21.850000
   vertex -39.690301 -22.156709 -21.850000
  endloop
 endfacet
 facet normal -0.995184726672197 0.09801714032955834 0.0
  outer loop
   vertex -39.548037 -21.687726 -31.850000
   vertex -39.500000 -21.200000 -21.850000
   vertex -39.500000 -21.200000 -31.850000
  endloop
 endfacet
 facet normal -0.995184726672197 0.09801714032955834 0.0
  outer loop
   vertex -39.548037 -21.687726 -31.850000
   vertex -39.548037 -21.687726 -21.850000
   vertex -39.500000 -21.200000 -21.850000
  endloop
 endfacet
 facet normal -0.0 0.0 1.0
  outer loop
   vertex -42.000000 -21.200000 -31.850000
   vertex -39.548037 -21.687726 -31.850000
   vertex -39.500000 -21.200000 -31.850000
  endloop
 endfacet
 facet normal 0.0 0.0 -1.0
  outer loop
   vertex -42.000000 -21.200000 -21.850000
   vertex -39.500000 -21.200000 -21.850000
   vertex -39.548037 -21.687726 -21.850000
  endloop
 endfacet
 facet normal -0.995184726672197 -0.09801714032955905 0.0
  outer loop
   vertex 44.500000 -21.200000 -31.850000
   vertex 44.451963 -20.712274 -21.850000
   vertex 44.451963 -20.712274 -31.850000
  endloop
 endfacet
 facet normal -0.995184726672197 -0.09801714032955905 0.0
  outer loop
   vertex 44.500000 -21.200000 -31.850000
   vertex 44.500000 -21.200000 -21.850000
   vertex 44.451963 -20.712274 -21.850000
  endloop
 endfacet
 facet normal 0.0 0.0 1.0
  outer loop
   vertex 42.000000 -21.200000 -31.850000
   vertex 44.500000 -21.200000 -31.850000
   vertex 44.451963 -20.712274 -31.850000
  endloop
 endfacet
 facet normal 0.0 0.0 -1.0
  outer loop
   vertex 42.000000 -21.200000 -21.850000
   vertex 44.451963 -20.712274 -21.850000
   vertex 44.500000 -21.200000 -21.850000
  endloop
 endfacet
 facet normal -0.9569403357322097 -0.29028467725445983 0.0
  outer loop
   vertex 44.451963 -20.712274 -31.850000
   vertex 44.309699 -20.243291 -21.850000
   vertex 44.309699 -20.243291 -31.850000
  endloop
 endfacet
 facet normal -0.9569403357322097 -0.29028467725445983 0.0
  outer loop
   vertex 44.451963 -20.712274 -31.850000
   vertex 44.451963 -20.712274 -21.850000
   vertex 44.309699 -20.243291 -21.850000
  endloop
 endfacet
 facet normal 0.0 0.0 1.0
  outer loop
   vertex 42.000000 -21.200000 -31.850000
   vertex 44.451963 -20.712274 -31.850000
   vertex 44.309699 -20.243291 -31.850000
  endloop
 endfacet
 facet normal 0.0 0.0 -1.0
  outer loop
   vertex 42.000000 -21.200000 -21.850000
   vertex 44.309699 -20.243291 -21.850000
   vertex 44.451963 -20.712274 -21.850000
  endloop
 endfacet
 facet normal -0.8819212643483516 -0.47139673682600414 0.0
  outer loop
   vertex 44.309699 -20.243291 -31.850000
   vertex 44.078674 -19.811074 -21.850000
   vertex 44.078674 -19.811074 -31.850000
  endloop
 endfacet
 facet normal -0.8819212643483516 -0.47139673682600414 0.0
  outer loop
   vertex 44.309699 -20.243291 -31.850000
   vertex 44.309699 -20.243291 -21.850000
   vertex 44.078674 -19.811074 -21.850000
  endloop
 endfacet
 facet normal 0.0 0.0 1.0
  outer loop
   vertex 42.000000 -21.200000 -31.850000
   vertex 44.309699 -20.243291 -31.850000
   vertex 44.078674 -19.811074 -31.850000
  endloop
 endfacet
 facet normal 0.0 0.0 -1.0
  outer loop
   vertex 42.000000 -21.200000 -21.850000
   vertex 44.078674 -19.811074 -21.850000
   vertex 44.309699 -20.243291 -21.850000
  endloop
 endfacet
 facet normal -0.7730104533627388 -0.6343932841636434 0.0
  outer loop
   vertex 44.078674 -19.811074 -31.850000
   vertex 43.767767 -19.432233 -21.850000
   vertex 43.767767 -19.432233 -31.850000
  endloop
 endfacet
 facet normal -0.7730104533627388 -0.6343932841636434 0.0
  outer loop
   vertex 44.078674 -19.811074 -31.850000
   vertex 44.078674 -19.811074 -21.850000
   vertex 43.767767 -19.432233 -21.850000
  endloop
 endfacet
 facet normal 0.0 0.0 1.0
  outer loop
   vertex 42.000000 -21.200000 -31.850000
   vertex 44.078674 -19.811074 -31.850000
   vertex 43.767767 -19.432233 -31.850000
  endloop
 endfacet
 facet normal 0.0 0.0 -1.0
  outer loop
   vertex 42.000000 -21.200000 -21.850000
   vertex 43.767767 -19.432233 -21.850000
   vertex 44.078674 -19.811074 -21.850000
  endloop
 endfacet
 facet normal -0.6343932841636477 -0.7730104533627351 0.0
  outer loop
   vertex 43.767767 -19.432233 -31.850000
   vertex 43.388926 -19.121326 -21.850000
   vertex 43.388926 -19.121326 -31.850000
  endloop
 endfacet
 facet normal -0.6343932841636477 -0.7730104533627351 0.0
  outer loop
   vertex 43.767767 -19.432233 -31.850000
   vertex 43.767767 -19.432233 -21.850000
   vertex 43.388926 -19.121326 -21.850000
  endloop
 endfacet
 facet normal 0.0 0.0 1.0
  outer loop
   vertex 42.000000 -21.200000 -31.850000
   vertex 43.767767 -19.432233 -31.850000
   vertex 43.388926 -19.121326 -31.850000
  endloop
 endfacet
 facet normal 0.0 0.0 -1.0
  outer loop
   vertex 42.000000 -21.200000 -21.850000
   vertex 43.388926 -19.121326 -21.850000
   vertex 43.767767 -19.432233 -21.850000
  endloop
 endfacet
 facet normal -0.47139673682599276 -0.8819212643483575 0.0
  outer loop
   vertex 43.388926 -19.121326 -31.850000
   vertex 42.956709 -18.890301 -21.850000
   vertex 42.956709 -18.890301 -31.850000
  endloop
 endfacet
 facet normal -0.47139673682599276 -0.8819212643483575 0.0
  outer loop
   vertex 43.388926 -19.121326 -31.850000
   vertex 43.388926 -19.121326 -21.850000
   vertex 42.956709 -18.890301 -21.850000
  endloop
 endfacet
 facet normal 0.0 0.0 1.0
  outer loop
   vertex 42.000000 -21.200000 -31.850000
   vertex 43.388926 -19.121326 -31.850000
   vertex 42.956709 -18.890301 -31.850000
  endloop
 endfacet
 facet normal 0.0 0.0 -1.0
  outer loop
   vertex 42.000000 -21.200000 -21.850000
   vertex 42.956709 -18.890301 -21.850000
   vertex 43.388926 -19.121326 -21.850000
  endloop
 endfacet
 facet normal -0.29028467725446644 -0.9569403357322076 0.0
  outer loop
   vertex 42.956709 -18.890301 -31.850000
   vertex 42.487726 -18.748037 -21.850000
   vertex 42.487726 -18.748037 -31.850000
  endloop
 endfacet
 facet normal -0.29028467725446644 -0.9569403357322076 0.0
  outer loop
   vertex 42.956709 -18.890301 -31.850000
   vertex 42.956709 -18.890301 -21.850000
   vertex 42.487726 -18.748037 -21.850000
  endloop
 endfacet
 facet normal 0.0 0.0 1.0
  outer loop
   vertex 42.000000 -21.200000 -31.850000
   vertex 42.956709 -18.890301 -31.850000
   vertex 42.487726 -18.748037 -31.850000
  endloop
 endfacet
 facet normal 0.0 0.0 -1.0
  outer loop
   vertex 42.000000 -21.200000 -21.850000
   vertex 42.487726 -18.748037 -21.850000
   vertex 42.956709 -18.890301 -21.850000
  endloop
 endfacet
 facet normal -0.09801714032955905 -0.995184726672197 0.0
  outer loop
   vertex 42.487726 -18.748037 -31.850000
   vertex 42.000000 -18.700000 -21.850000
   vertex 42.000000 -18.700000 -31.850000
  endloop
 endfacet
 facet normal -0.09801714032955905 -0.995184726672197 0.0
  outer loop
   vertex 42.487726 -18.748037 -31.850000
   vertex 42.487726 -18.748037 -21.850000
   vertex 42.000000 -18.700000 -21.850000
  endloop
 endfacet
 facet normal 0.0 0.0 1.0
  outer loop
   vertex 42.000000 -21.200000 -31.850000
   vertex 42.487726 -18.748037 -31.850000
   vertex 42.000000 -18.700000 -31.850000
  endloop
 endfacet
 facet normal 0.0 0.0 -1.0
  outer loop
   vertex 42.000000 -21.200000 -21.850000
   vertex 42.000000 -18.700000 -21.850000
   vertex 42.487726 -18.748037 -21.850000
  endloop
 endfacet
 facet normal 0.09801714032955905 -0.995184726672197 0.0
  outer loop
   vertex 42.000000 -18.700000 -31.850000
   vertex 41.512274 -18.748037 -21.850000
   vertex 41.512274 -18.748037 -31.850000
  endloop
 endfacet
 facet normal 0.09801714032955905 -0.995184726672197 0.0
  outer loop
   vertex 42.000000 -18.700000 -31.850000
   vertex 42.000000 -18.700000 -21.850000
   vertex 41.512274 -18.748037 -21.850000
  endloop
 endfacet
 facet normal 0.0 -0.0 1.0
  outer loop
   vertex 42.000000 -21.200000 -31.850000
   vertex 42.000000 -18.700000 -31.850000
   vertex 41.512274 -18.748037 -31.850000
  endloop
 endfacet
 facet normal 0.0 0.0 -1.0
  outer loop
   vertex 42.000000 -21.200000 -21.850000
   vertex 41.512274 -18.748037 -21.850000
   vertex 42.000000 -18.700000 -21.850000
  endloop
 endfacet
 facet normal 0.29028467725446644 -0.9569403357322076 0.0
  outer loop
   vertex 41.512274 -18.748037 -31.850000
   vertex 41.043291 -18.890301 -21.850000
   vertex 41.043291 -18.890301 -31.850000
  endloop
 endfacet
 facet normal 0.29028467725446644 -0.9569403357322076 0.0
  outer loop
   vertex 41.512274 -18.748037 -31.850000
   vertex 41.512274 -18.748037 -21.850000
   vertex 41.043291 -18.890301 -21.850000
  endloop
 endfacet
 facet normal 0.0 0.0 1.0
  outer loop
   vertex 42.000000 -21.200000 -31.850000
   vertex 41.512274 -18.748037 -31.850000
   vertex 41.043291 -18.890301 -31.850000
  endloop
 endfacet
 facet normal 0.0 0.0 -1.0
  outer loop
   vertex 42.000000 -21.200000 -21.850000
   vertex 41.043291 -18.890301 -21.850000
   vertex 41.512274 -18.748037 -21.850000
  endloop
 endfacet
 facet normal 0.47139673682599276 -0.8819212643483575 0.0
  outer loop
   vertex 41.043291 -18.890301 -31.850000
   vertex 40.611074 -19.121326 -21.850000
   vertex 40.611074 -19.121326 -31.850000
  endloop
 endfacet
 facet normal 0.47139673682599276 -0.8819212643483575 0.0
  outer loop
   vertex 41.043291 -18.890301 -31.850000
   vertex 41.043291 -18.890301 -21.850000
   vertex 40.611074 -19.121326 -21.850000
  endloop
 endfacet
 facet normal 0.0 0.0 1.0
  outer loop
   vertex 42.000000 -21.200000 -31.850000
   vertex 41.043291 -18.890301 -31.850000
   vertex 40.611074 -19.121326 -31.850000
  endloop
 endfacet
 facet normal 0.0 0.0 -1.0
  outer loop
   vertex 42.000000 -21.200000 -21.850000
   vertex 40.611074 -19.121326 -21.850000
   vertex 41.043291 -18.890301 -21.850000
  endloop
 endfacet
 facet normal 0.6343932841636477 -0.7730104533627351 0.0
  outer loop
   vertex 40.611074 -19.121326 -31.850000
   vertex 40.232233 -19.432233 -21.850000
   vertex 40.232233 -19.432233 -31.850000
  endloop
 endfacet
 facet normal 0.6343932841636477 -0.7730104533627351 0.0
  outer loop
   vertex 40.611074 -19.121326 -31.850000
   vertex 40.611074 -19.121326 -21.850000
   vertex 40.232233 -19.432233 -21.850000
  endloop
 endfacet
 facet normal 0.0 0.0 1.0
  outer loop
   vertex 42.000000 -21.200000 -31.850000
   vertex 40.611074 -19.121326 -31.850000
   vertex 40.232233 -19.432233 -31.850000
  endloop
 endfacet
 facet normal 0.0 0.0 -1.0
  outer loop
   vertex 42.000000 -21.200000 -21.850000
   vertex 40.232233 -19.432233 -21.850000
   vertex 40.611074 -19.121326 -21.850000
  endloop
 endfacet
 facet normal 0.7730104533627388 -0.6343932841636434 0.0
  outer loop
   vertex 40.232233 -19.432233 -31.850000
   vertex 39.921326 -19.811074 -21.850000
   vertex 39.921326 -19.811074 -31.850000
  endloop
 endfacet
 facet normal 0.7730104533627388 -0.6343932841636434 0.0
  outer loop
   vertex 40.232233 -19.432233 -31.850000
   vertex 40.232233 -19.432233 -21.850000
   vertex 39.921326 -19.811074 -21.850000
  endloop
 endfacet
 facet normal 0.0 0.0 1.0
  outer loop
   vertex 42.000000 -21.200000 -31.850000
   vertex 40.232233 -19.432233 -31.850000
   vertex 39.921326 -19.811074 -31.850000
  endloop
 endfacet
 facet normal 0.0 0.0 -1.0
  outer loop
   vertex 42.000000 -21.200000 -21.850000
   vertex 39.921326 -19.811074 -21.850000
   vertex 40.232233 -19.432233 -21.850000
  endloop
 endfacet
 facet normal 0.8819212643483516 -0.47139673682600414 0.0
  outer loop
   vertex 39.921326 -19.811074 -31.850000
   vertex 39.690301 -20.243291 -21.850000
   vertex 39.690301 -20.243291 -31.850000
  endloop
 endfacet
 facet normal 0.8819212643483516 -0.47139673682600414 0.0
  outer loop
   vertex 39.921326 -19.811074 -31.850000
   vertex 39.921326 -19.811074 -21.850000
   vertex 39.690301 -20.243291 -21.850000
  endloop
 endfacet
 facet normal 0.0 0.0 1.0
  outer loop
   vertex 42.000000 -21.200000 -31.850000
   vertex 39.921326 -19.811074 -31.850000
   vertex 39.690301 -20.243291 -31.850000
  endloop
 endfacet
 facet normal 0.0 0.0 -1.0
  outer loop
   vertex 42.000000 -21.200000 -21.850000
   vertex 39.690301 -20.243291 -21.850000
   vertex 39.921326 -19.811074 -21.850000
  endloop
 endfacet
 facet normal 0.9569403357322097 -0.29028467725445983 0.0
  outer loop
   vertex 39.690301 -20.243291 -31.850000
   vertex 39.548037 -20.712274 -21.850000
   vertex 39.548037 -20.712274 -31.850000
  endloop
 endfacet
 facet normal 0.9569403357322097 -0.29028467725445983 0.0
  outer loop
   vertex 39.690301 -20.243291 -31.850000
   vertex 39.690301 -20.243291 -21.850000
   vertex 39.548037 -20.712274 -21.850000
  endloop
 endfacet
 facet normal 0.0 0.0 1.0
  outer loop
   vertex 42.000000 -21.200000 -31.850000
   vertex 39.690301 -20.243291 -31.850000
   vertex 39.548037 -20.712274 -31.850000
  endloop
 endfacet
 facet normal 0.0 0.0 -1.0
  outer loop
   vertex 42.000000 -21.200000 -21.850000
   vertex 39.548037 -20.712274 -21.850000
   vertex 39.690301 -20.243291 -21.850000
  endloop
 endfacet
 facet normal 0.995184726672197 -0.09801714032955905 0.0
  outer loop
   vertex 39.548037 -20.712274 -31.850000
   vertex 39.500000 -21.200000 -21.850000
   vertex 39.500000 -21.200000 -31.850000
  endloop
 endfacet
 facet normal 0.995184726672197 -0.09801714032955905 0.0
  outer loop
   vertex 39.548037 -20.712274 -31.850000
   vertex 39.548037 -20.712274 -21.850000
   vertex 39.500000 -21.200000 -21.850000
  endloop
 endfacet
 facet normal 0.0 0.0 1.0
  outer loop
   vertex 42.000000 -21.200000 -31.850000
   vertex 39.548037 -20.712274 -31.850000
   vertex 39.500000 -21.200000 -31.850000
  endloop
 endfacet
 facet normal 0.0 0.0 -1.0
  outer loop
   vertex 42.000000 -21.200000 -21.850000
   vertex 39.500000 -21.200000 -21.850000
   vertex 39.548037 -20.712274 -21.850000
  endloop
 endfacet
 facet normal 0.995184726672197 0.09801714032955905 0.0
  outer loop
   vertex 39.500000 -21.200000 -31.850000
   vertex 39.548037 -21.687726 -21.850000
   vertex 39.548037 -21.687726 -31.850000
  endloop
 endfacet
 facet normal 0.995184726672197 0.09801714032955905 -0.0
  outer loop
   vertex 39.500000 -21.200000 -31.850000
   vertex 39.500000 -21.200000 -21.850000
   vertex 39.548037 -21.687726 -21.850000
  endloop
 endfacet
 facet normal 0.0 0.0 1.0
  outer loop
   vertex 42.000000 -21.200000 -31.850000
   vertex 39.500000 -21.200000 -31.850000
   vertex 39.548037 -21.687726 -31.850000
  endloop
 endfacet
 facet normal -0.0 0.0 -1.0
  outer loop
   vertex 42.000000 -21.200000 -21.850000
   vertex 39.548037 -21.687726 -21.850000
   vertex 39.500000 -21.200000 -21.850000
  endloop
 endfacet
 facet normal 0.9569403357322097 0.29028467725445983 0.0
  outer loop
   vertex 39.548037 -21.687726 -31.850000
   vertex 39.690301 -22.156709 -21.850000
   vertex 39.690301 -22.156709 -31.850000
  endloop
 endfacet
 facet normal 0.9569403357322097 0.29028467725445983 -0.0
  outer loop
   vertex 39.548037 -21.687726 -31.850000
   vertex 39.548037 -21.687726 -21.850000
   vertex 39.690301 -22.156709 -21.850000
  endloop
 endfacet
 facet normal 0.0 0.0 1.0
  outer loop
   vertex 42.000000 -21.200000 -31.850000
   vertex 39.548037 -21.687726 -31.850000
   vertex 39.690301 -22.156709 -31.850000
  endloop
 endfacet
 facet normal 0.0 0.0 -1.0
  outer loop
   vertex 42.000000 -21.200000 -21.850000
   vertex 39.690301 -22.156709 -21.850000
   vertex 39.548037 -21.687726 -21.850000
  endloop
 endfacet
 facet normal 0.8819212643483499 0.4713967368260071 0.0
  outer loop
   vertex 39.690301 -22.156709 -31.850000
   vertex 39.921326 -22.588926 -21.850000
   vertex 39.921326 -22.588926 -31.850000
  endloop
 endfacet
 facet normal 0.8819212643483499 0.4713967368260071 -0.0
  outer loop
   vertex 39.690301 -22.156709 -31.850000
   vertex 39.690301 -22.156709 -21.850000
   vertex 39.921326 -22.588926 -21.850000
  endloop
 endfacet
 facet normal 0.0 0.0 1.0
  outer loop
   vertex 42.000000 -21.200000 -31.850000
   vertex 39.690301 -22.156709 -31.850000
   vertex 39.921326 -22.588926 -31.850000
  endloop
 endfacet
 facet normal 0.0 0.0 -1.0
  outer loop
   vertex 42.000000 -21.200000 -21.850000
   vertex 39.921326 -22.588926 -21.850000
   vertex 39.690301 -22.156709 -21.850000
  endloop
 endfacet
 facet normal 0.7730104533627417 0.6343932841636398 0.0
  outer loop
   vertex 39.921326 -22.588926 -31.850000
   vertex 40.232233 -22.967767 -21.850000
   vertex 40.232233 -22.967767 -31.850000
  endloop
 endfacet
 facet normal 0.7730104533627417 0.6343932841636398 -0.0
  outer loop
   vertex 39.921326 -22.588926 -31.850000
   vertex 39.921326 -22.588926 -21.850000
   vertex 40.232233 -22.967767 -21.850000
  endloop
 endfacet
 facet normal 0.0 0.0 1.0
  outer loop
   vertex 42.000000 -21.200000 -31.850000
   vertex 39.921326 -22.588926 -31.850000
   vertex 40.232233 -22.967767 -31.850000
  endloop
 endfacet
 facet normal 0.0 0.0 -1.0
  outer loop
   vertex 42.000000 -21.200000 -21.850000
   vertex 40.232233 -22.967767 -21.850000
   vertex 39.921326 -22.588926 -21.850000
  endloop
 endfacet
 facet normal 0.6343932841636477 0.7730104533627351 0.0
  outer loop
   vertex 40.232233 -22.967767 -31.850000
   vertex 40.611074 -23.278674 -21.850000
   vertex 40.611074 -23.278674 -31.850000
  endloop
 endfacet
 facet normal 0.6343932841636477 0.7730104533627351 -0.0
  outer loop
   vertex 40.232233 -22.967767 -31.850000
   vertex 40.232233 -22.967767 -21.850000
   vertex 40.611074 -23.278674 -21.850000
  endloop
 endfacet
 facet normal 0.0 0.0 1.0
  outer loop
   vertex 42.000000 -21.200000 -31.850000
   vertex 40.232233 -22.967767 -31.850000
   vertex 40.611074 -23.278674 -31.850000
  endloop
 endfacet
 facet normal 0.0 0.0 -1.0
  outer loop
   vertex 42.000000 -21.200000 -21.850000
   vertex 40.611074 -23.278674 -21.850000
   vertex 40.232233 -22.967767 -21.850000
  endloop
 endfacet
 facet normal 0.47139673682599276 0.8819212643483575 0.0
  outer loop
   vertex 40.611074 -23.278674 -31.850000
   vertex 41.043291 -23.509699 -21.850000
   vertex 41.043291 -23.509699 -31.850000
  endloop
 endfacet
 facet normal 0.47139673682599276 0.8819212643483575 -0.0
  outer loop
   vertex 40.611074 -23.278674 -31.850000
   vertex 40.611074 -23.278674 -21.850000
   vertex 41.043291 -23.509699 -21.850000
  endloop
 endfacet
 facet normal 0.0 0.0 1.0
  outer loop
   vertex 42.000000 -21.200000 -31.850000
   vertex 40.611074 -23.278674 -31.850000
   vertex 41.043291 -23.509699 -31.850000
  endloop
 endfacet
 facet normal 0.0 0.0 -1.0
  outer loop
   vertex 42.000000 -21.200000 -21.850000
   vertex 41.043291 -23.509699 -21.850000
   vertex 40.611074 -23.278674 -21.850000
  endloop
 endfacet
 facet normal 0.29028467725446644 0.9569403357322076 0.0
  outer loop
   vertex 41.043291 -23.509699 -31.850000
   vertex 41.512274 -23.651963 -21.850000
   vertex 41.512274 -23.651963 -31.850000
  endloop
 endfacet
 facet normal 0.29028467725446644 0.9569403357322076 -0.0
  outer loop
   vertex 41.043291 -23.509699 -31.850000
   vertex 41.043291 -23.509699 -21.850000
   vertex 41.512274 -23.651963 -21.850000
  endloop
 endfacet
 facet normal 0.0 0.0 1.0
  outer loop
   vertex 42.000000 -21.200000 -31.850000
   vertex 41.043291 -23.509699 -31.850000
   vertex 41.512274 -23.651963 -31.850000
  endloop
 endfacet
 facet normal 0.0 0.0 -1.0
  outer loop
   vertex 42.000000 -21.200000 -21.850000
   vertex 41.512274 -23.651963 -21.850000
   vertex 41.043291 -23.509699 -21.850000
  endloop
 endfacet
 facet normal 0.09801714032955905 0.995184726672197 0.0
  outer loop
   vertex 41.512274 -23.651963 -31.850000
   vertex 42.000000 -23.700000 -21.850000
   vertex 42.000000 -23.700000 -31.850000
  endloop
 endfacet
 facet normal 0.09801714032955905 0.995184726672197 -0.0
  outer loop
   vertex 41.512274 -23.651963 -31.850000
   vertex 41.512274 -23.651963 -21.850000
   vertex 42.000000 -23.700000 -21.850000
  endloop
 endfacet
 facet normal 0.0 0.0 1.0
  outer loop
   vertex 42.000000 -21.200000 -31.850000
   vertex 41.512274 -23.651963 -31.850000
   vertex 42.000000 -23.700000 -31.850000
  endloop
 endfacet
 facet normal 0.0 -0.0 -1.0
  outer loop
   vertex 42.000000 -21.200000 -21.850000
   vertex 42.000000 -23.700000 -21.850000
   vertex 41.512274 -23.651963 -21.850000
  endloop
 endfacet
 facet normal -0.09801714032955905 0.995184726672197 0.0
  outer loop
   vertex 42.000000 -23.700000 -31.850000
   vertex 42.487726 -23.651963 -21.850000
   vertex 42.487726 -23.651963 -31.850000
  endloop
 endfacet
 facet normal -0.09801714032955905 0.995184726672197 0.0
  outer loop
   vertex 42.000000 -23.700000 -31.850000
   vertex 42.000000 -23.700000 -21.850000
   vertex 42.487726 -23.651963 -21.850000
  endloop
 endfacet
 facet normal 0.0 0.0 1.0
  outer loop
   vertex 42.000000 -21.200000 -31.850000
   vertex 42.000000 -23.700000 -31.850000
   vertex 42.487726 -23.651963 -31.850000
  endloop
 endfacet
 facet normal 0.0 0.0 -1.0
  outer loop
   vertex 42.000000 -21.200000 -21.850000
   vertex 42.487726 -23.651963 -21.850000
   vertex 42.000000 -23.700000 -21.850000
  endloop
 endfacet
 facet normal -0.29028467725446644 0.9569403357322076 0.0
  outer loop
   vertex 42.487726 -23.651963 -31.850000
   vertex 42.956709 -23.509699 -21.850000
   vertex 42.956709 -23.509699 -31.850000
  endloop
 endfacet
 facet normal -0.29028467725446644 0.9569403357322076 0.0
  outer loop
   vertex 42.487726 -23.651963 -31.850000
   vertex 42.487726 -23.651963 -21.850000
   vertex 42.956709 -23.509699 -21.850000
  endloop
 endfacet
 facet normal 0.0 0.0 1.0
  outer loop
   vertex 42.000000 -21.200000 -31.850000
   vertex 42.487726 -23.651963 -31.850000
   vertex 42.956709 -23.509699 -31.850000
  endloop
 endfacet
 facet normal 0.0 0.0 -1.0
  outer loop
   vertex 42.000000 -21.200000 -21.850000
   vertex 42.956709 -23.509699 -21.850000
   vertex 42.487726 -23.651963 -21.850000
  endloop
 endfacet
 facet normal -0.47139673682599276 0.8819212643483575 0.0
  outer loop
   vertex 42.956709 -23.509699 -31.850000
   vertex 43.388926 -23.278674 -21.850000
   vertex 43.388926 -23.278674 -31.850000
  endloop
 endfacet
 facet normal -0.47139673682599276 0.8819212643483575 0.0
  outer loop
   vertex 42.956709 -23.509699 -31.850000
   vertex 42.956709 -23.509699 -21.850000
   vertex 43.388926 -23.278674 -21.850000
  endloop
 endfacet
 facet normal 0.0 0.0 1.0
  outer loop
   vertex 42.000000 -21.200000 -31.850000
   vertex 42.956709 -23.509699 -31.850000
   vertex 43.388926 -23.278674 -31.850000
  endloop
 endfacet
 facet normal 0.0 0.0 -1.0
  outer loop
   vertex 42.000000 -21.200000 -21.850000
   vertex 43.388926 -23.278674 -21.850000
   vertex 42.956709 -23.509699 -21.850000
  endloop
 endfacet
 facet normal -0.6343932841636477 0.7730104533627351 0.0
  outer loop
   vertex 43.388926 -23.278674 -31.850000
   vertex 43.767767 -22.967767 -21.850000
   vertex 43.767767 -22.967767 -31.850000
  endloop
 endfacet
 facet normal -0.6343932841636477 0.7730104533627351 0.0
  outer loop
   vertex 43.388926 -23.278674 -31.850000
   vertex 43.388926 -23.278674 -21.850000
   vertex 43.767767 -22.967767 -21.850000
  endloop
 endfacet
 facet normal 0.0 0.0 1.0
  outer loop
   vertex 42.000000 -21.200000 -31.850000
   vertex 43.388926 -23.278674 -31.850000
   vertex 43.767767 -22.967767 -31.850000
  endloop
 endfacet
 facet normal 0.0 0.0 -1.0
  outer loop
   vertex 42.000000 -21.200000 -21.850000
   vertex 43.767767 -22.967767 -21.850000
   vertex 43.388926 -23.278674 -21.850000
  endloop
 endfacet
 facet normal -0.7730104533627388 0.6343932841636434 0.0
  outer loop
   vertex 43.767767 -22.967767 -31.850000
   vertex 44.078674 -22.588926 -21.850000
   vertex 44.078674 -22.588926 -31.850000
  endloop
 endfacet
 facet normal -0.7730104533627388 0.6343932841636434 0.0
  outer loop
   vertex 43.767767 -22.967767 -31.850000
   vertex 43.767767 -22.967767 -21.850000
   vertex 44.078674 -22.588926 -21.850000
  endloop
 endfacet
 facet normal 0.0 0.0 1.0
  outer loop
   vertex 42.000000 -21.200000 -31.850000
   vertex 43.767767 -22.967767 -31.850000
   vertex 44.078674 -22.588926 -31.850000
  endloop
 endfacet
 facet normal 0.0 0.0 -1.0
  outer loop
   vertex 42.000000 -21.200000 -21.850000
   vertex 44.078674 -22.588926 -21.850000
   vertex 43.767767 -22.967767 -21.850000
  endloop
 endfacet
 facet normal -0.8819212643483516 0.47139673682600414 0.0
  outer loop
   vertex 44.078674 -22.588926 -31.850000
   vertex 44.309699 -22.156709 -21.850000
   vertex 44.309699 -22.156709 -31.850000
  endloop
 endfacet
 facet normal -0.8819212643483516 0.47139673682600414 0.0
  outer loop
   vertex 44.078674 -22.588926 -31.850000
   vertex 44.078674 -22.588926 -21.850000
   vertex 44.309699 -22.156709 -21.850000
  endloop
 endfacet
 facet normal 0.0 0.0 1.0
  outer loop
   vertex 42.000000 -21.200000 -31.850000
   vertex 44.078674 -22.588926 -31.850000
   vertex 44.309699 -22.156709 -31.850000
  endloop
 endfacet
 facet normal 0.0 0.0 -1.0
  outer loop
   vertex 42.000000 -21.200000 -21.850000
   vertex 44.309699 -22.156709 -21.850000
   vertex 44.078674 -22.588926 -21.850000
  endloop
 endfacet
 facet normal -0.956940335732209 0.29028467725446183 0.0
  outer loop
   vertex 44.309699 -22.156709 -31.850000
   vertex 44.451963 -21.687726 -21.850000
   vertex 44.451963 -21.687726 -31.850000
  endloop
 endfacet
 facet normal -0.956940335732209 0.29028467725446183 0.0
  outer loop
   vertex 44.309699 -22.156709 -31.850000
   vertex 44.309699 -22.156709 -21.850000
   vertex 44.451963 -21.687726 -21.850000
  endloop
 endfacet
 facet normal 0.0 0.0 1.0
  outer loop
   vertex 42.000000 -21.200000 -31.850000
   vertex 44.309699 -22.156709 -31.850000
   vertex 44.451963 -21.687726 -31.850000
  endloop
 endfacet
 facet normal 0.0 0.0 -1.0
  outer loop
   vertex 42.000000 -21.200000 -21.850000
   vertex 44.451963 -21.687726 -21.850000
   vertex 44.309699 -22.156709 -21.850000
  endloop
 endfacet
 facet normal -0.995184726672197 0.09801714032955834 0.0
  outer loop
   vertex 44.451963 -21.687726 -31.850000
   vertex 44.500000 -21.200000 -21.850000
   vertex 44.500000 -21.200000 -31.850000
  endloop
 endfacet
 facet normal -0.995184726672197 0.09801714032955834 0.0
  outer loop
   vertex 44.451963 -21.687726 -31.850000
   vertex 44.451963 -21.687726 -21.850000
   vertex 44.500000 -21.200000 -21.850000
  endloop
 endfacet
 facet normal -0.0 0.0 1.0
  outer loop
   vertex 42.000000 -21.200000 -31.850000
   vertex 44.451963 -21.687726 -31.850000
   vertex 44.500000 -21.200000 -31.850000
  endloop
 endfacet
 facet normal 0.0 0.0 -1.0
  outer loop
   vertex 42.000000 -21.200000 -21.850000
   vertex 44.500000 -21.200000 -21.850000
   vertex 44.451963 -21.687726 -21.850000
  endloop
 endfacet
 facet normal -0.9951847266721968 -0.09801714032956084 0.0
  outer loop
   vertex -5.500000 21.200000 -31.850000
   vertex -5.548037 21.687726 -21.850000
   vertex -5.548037 21.687726 -31.850000
  endloop
 endfacet
 facet normal -0.9951847266721968 -0.09801714032956084 0.0
  outer loop
   vertex -5.500000 21.200000 -31.850000
   vertex -5.500000 21.200000 -21.850000
   vertex -5.548037 21.687726 -21.850000
  endloop
 endfacet
 facet normal 0.0 0.0 1.0
  outer loop
   vertex -8.000000 21.200000 -31.850000
   vertex -5.500000 21.200000 -31.850000
   vertex -5.548037 21.687726 -31.850000
  endloop
 endfacet
 facet normal 0.0 0.0 -1.0
  outer loop
   vertex -8.000000 21.200000 -21.850000
   vertex -5.548037 21.687726 -21.850000
   vertex -5.500000 21.200000 -21.850000
  endloop
 endfacet
 facet normal -0.9569403357322092 -0.29028467725446144 0.0
  outer loop
   vertex -5.548037 21.687726 -31.850000
   vertex -5.690301 22.156709 -21.850000
   vertex -5.690301 22.156709 -31.850000
  endloop
 endfacet
 facet normal -0.9569403357322092 -0.29028467725446144 0.0
  outer loop
   vertex -5.548037 21.687726 -31.850000
   vertex -5.548037 21.687726 -21.850000
   vertex -5.690301 22.156709 -21.850000
  endloop
 endfacet
 facet normal 0.0 0.0 1.0
  outer loop
   vertex -8.000000 21.200000 -31.850000
   vertex -5.548037 21.687726 -31.850000
   vertex -5.690301 22.156709 -31.850000
  endloop
 endfacet
 facet normal 0.0 0.0 -1.0
  outer loop
   vertex -8.000000 21.200000 -21.850000
   vertex -5.690301 22.156709 -21.850000
   vertex -5.548037 21.687726 -21.850000
  endloop
 endfacet
 facet normal -0.8819212643483554 -0.4713967368259971 0.0
  outer loop
   vertex -5.690301 22.156709 -31.850000
   vertex -5.921326 22.588926 -21.850000
   vertex -5.921326 22.588926 -31.850000
  endloop
 endfacet
 facet normal -0.8819212643483554 -0.4713967368259971 0.0
  outer loop
   vertex -5.690301 22.156709 -31.850000
   vertex -5.690301 22.156709 -21.850000
   vertex -5.921326 22.588926 -21.850000
  endloop
 endfacet
 facet normal 0.0 0.0 1.0
  outer loop
   vertex -8.000000 21.200000 -31.850000
   vertex -5.690301 22.156709 -31.850000
   vertex -5.921326 22.588926 -31.850000
  endloop
 endfacet
 facet normal 0.0 0.0 -1.0
  outer loop
   vertex -8.000000 21.200000 -21.850000
   vertex -5.921326 22.588926 -21.850000
   vertex -5.690301 22.156709 -21.850000
  endloop
 endfacet
 facet normal -0.7730104533627361 -0.6343932841636466 0.0
  outer loop
   vertex -5.921326 22.588926 -31.850000
   vertex -6.232233 22.967767 -21.850000
   vertex -6.232233 22.967767 -31.850000
  endloop
 endfacet
 facet normal -0.7730104533627361 -0.6343932841636466 0.0
  outer loop
   vertex -5.921326 22.588926 -31.850000
   vertex -5.921326 22.588926 -21.850000
   vertex -6.232233 22.967767 -21.850000
  endloop
 endfacet
 facet normal 0.0 0.0 1.0
  outer loop
   vertex -8.000000 21.200000 -31.850000
   vertex -5.921326 22.588926 -31.850000
   vertex -6.232233 22.967767 -31.850000
  endloop
 endfacet
 facet normal 0.0 0.0 -1.0
  outer loop
   vertex -8.000000 21.200000 -21.850000
   vertex -6.232233 22.967767 -21.850000
   vertex -5.921326 22.588926 -21.850000
  endloop
 endfacet
 facet normal -0.6343932841636468 -0.7730104533627359 0.0
  outer loop
   vertex -6.232233 22.967767 -31.850000
   vertex -6.611074 23.278674 -21.850000
   vertex -6.611074 23.278674 -31.850000
  endloop
 endfacet
 facet normal -0.6343932841636468 -0.7730104533627359 0.0
  outer loop
   vertex -6.232233 22.967767 -31.850000
   vertex -6.232233 22.967767 -21.850000
   vertex -6.611074 23.278674 -21.850000
  endloop
 endfacet
 facet normal 0.0 0.0 1.0
  outer loop
   vertex -8.000000 21.200000 -31.850000
   vertex -6.232233 22.967767 -31.850000
   vertex -6.611074 23.278674 -31.850000
  endloop
 endfacet
 facet normal 0.0 0.0 -1.0
  outer loop
   vertex -8.000000 21.200000 -21.850000
   vertex -6.611074 23.278674 -21.850000
   vertex -6.232233 22.967767 -21.850000
  endloop
 endfacet
 facet normal -0.47139673682599353 -0.8819212643483572 0.0
  outer loop
   vertex -6.611074 23.278674 -31.850000
   vertex -7.043291 23.509699 -21.850000
   vertex -7.043291 23.509699 -31.850000
  endloop
 endfacet
 facet normal -0.47139673682599353 -0.8819212643483572 0.0
  outer loop
   vertex -6.611074 23.278674 -31.850000
   vertex -6.611074 23.278674 -21.850000
   vertex -7.043291 23.509699 -21.850000
  endloop
 endfacet
 facet normal 0.0 0.0 1.0
  outer loop
   vertex -8.000000 21.200000 -31.850000
   vertex -6.611074 23.278674 -31.850000
   vertex -7.043291 23.509699 -31.850000
  endloop
 endfacet
 facet normal 0.0 0.0 -1.0
  outer loop
   vertex -8.000000 21.200000 -21.850000
   vertex -7.043291 23.509699 -21.850000
   vertex -6.611074 23.278674 -21.850000
  endloop
 endfacet
 facet normal -0.2902846772544669 -0.9569403357322074 0.0
  outer loop
   vertex -7.043291 23.509699 -31.850000
   vertex -7.512274 23.651963 -21.850000
   vertex -7.512274 23.651963 -31.850000
  endloop
 endfacet
 facet normal -0.2902846772544669 -0.9569403357322074 0.0
  outer loop
   vertex -7.043291 23.509699 -31.850000
   vertex -7.043291 23.509699 -21.850000
   vertex -7.512274 23.651963 -21.850000
  endloop
 endfacet
 facet normal 0.0 0.0 1.0
  outer loop
   vertex -8.000000 21.200000 -31.850000
   vertex -7.043291 23.509699 -31.850000
   vertex -7.512274 23.651963 -31.850000
  endloop
 endfacet
 facet normal 0.0 0.0 -1.0
  outer loop
   vertex -8.000000 21.200000 -21.850000
   vertex -7.512274 23.651963 -21.850000
   vertex -7.043291 23.509699 -21.850000
  endloop
 endfacet
 facet normal -0.09801714032955887 -0.995184726672197 0.0
  outer loop
   vertex -7.512274 23.651963 -31.850000
   vertex -8.000000 23.700000 -21.850000
   vertex -8.000000 23.700000 -31.850000
  endloop
 endfacet
 facet normal -0.09801714032955887 -0.995184726672197 0.0
  outer loop
   vertex -7.512274 23.651963 -31.850000
   vertex -7.512274 23.651963 -21.850000
   vertex -8.000000 23.700000 -21.850000
  endloop
 endfacet
 facet normal 0.0 0.0 1.0
  outer loop
   vertex -8.000000 21.200000 -31.850000
   vertex -7.512274 23.651963 -31.850000
   vertex -8.000000 23.700000 -31.850000
  endloop
 endfacet
 facet normal 0.0 0.0 -1.0
  outer loop
   vertex -8.000000 21.200000 -21.850000
   vertex -8.000000 23.700000 -21.850000
   vertex -7.512274 23.651963 -21.850000
  endloop
 endfacet
 facet normal 0.09801714032955905 -0.995184726672197 0.0
  outer loop
   vertex -8.000000 23.700000 -31.850000
   vertex -8.487726 23.651963 -21.850000
   vertex -8.487726 23.651963 -31.850000
  endloop
 endfacet
 facet normal 0.09801714032955905 -0.995184726672197 0.0
  outer loop
   vertex -8.000000 23.700000 -31.850000
   vertex -8.000000 23.700000 -21.850000
   vertex -8.487726 23.651963 -21.850000
  endloop
 endfacet
 facet normal 0.0 -0.0 1.0
  outer loop
   vertex -8.000000 21.200000 -31.850000
   vertex -8.000000 23.700000 -31.850000
   vertex -8.487726 23.651963 -31.850000
  endloop
 endfacet
 facet normal 0.0 0.0 -1.0
  outer loop
   vertex -8.000000 21.200000 -21.850000
   vertex -8.487726 23.651963 -21.850000
   vertex -8.000000 23.700000 -21.850000
  endloop
 endfacet
 facet normal 0.29028467725446644 -0.9569403357322076 0.0
  outer loop
   vertex -8.487726 23.651963 -31.850000
   vertex -8.956709 23.509699 -21.850000
   vertex -8.956709 23.509699 -31.850000
  endloop
 endfacet
 facet normal 0.29028467725446644 -0.9569403357322076 0.0
  outer loop
   vertex -8.487726 23.651963 -31.850000
   vertex -8.487726 23.651963 -21.850000
   vertex -8.956709 23.509699 -21.850000
  endloop
 endfacet
 facet normal 0.0 0.0 1.0
  outer loop
   vertex -8.000000 21.200000 -31.850000
   vertex -8.487726 23.651963 -31.850000
   vertex -8.956709 23.509699 -31.850000
  endloop
 endfacet
 facet normal 0.0 0.0 -1.0
  outer loop
   vertex -8.000000 21.200000 -21.850000
   vertex -8.956709 23.509699 -21.850000
   vertex -8.487726 23.651963 -21.850000
  endloop
 endfacet
 facet normal 0.4713967368259943 -0.8819212643483567 0.0
  outer loop
   vertex -8.956709 23.509699 -31.850000
   vertex -9.388926 23.278674 -21.850000
   vertex -9.388926 23.278674 -31.850000
  endloop
 endfacet
 facet normal 0.4713967368259943 -0.8819212643483567 0.0
  outer loop
   vertex -8.956709 23.509699 -31.850000
   vertex -8.956709 23.509699 -21.850000
   vertex -9.388926 23.278674 -21.850000
  endloop
 endfacet
 facet normal 0.0 0.0 1.0
  outer loop
   vertex -8.000000 21.200000 -31.850000
   vertex -8.956709 23.509699 -31.850000
   vertex -9.388926 23.278674 -31.850000
  endloop
 endfacet
 facet normal 0.0 0.0 -1.0
  outer loop
   vertex -8.000000 21.200000 -21.850000
   vertex -9.388926 23.278674 -21.850000
   vertex -8.956709 23.509699 -21.850000
  endloop
 endfacet
 facet normal 0.6343932841636459 -0.7730104533627365 0.0
  outer loop
   vertex -9.388926 23.278674 -31.850000
   vertex -9.767767 22.967767 -21.850000
   vertex -9.767767 22.967767 -31.850000
  endloop
 endfacet
 facet normal 0.6343932841636459 -0.7730104533627365 0.0
  outer loop
   vertex -9.388926 23.278674 -31.850000
   vertex -9.388926 23.278674 -21.850000
   vertex -9.767767 22.967767 -21.850000
  endloop
 endfacet
 facet normal 0.0 0.0 1.0
  outer loop
   vertex -8.000000 21.200000 -31.850000
   vertex -9.388926 23.278674 -31.850000
   vertex -9.767767 22.967767 -31.850000
  endloop
 endfacet
 facet normal 0.0 0.0 -1.0
  outer loop
   vertex -8.000000 21.200000 -21.850000
   vertex -9.767767 22.967767 -21.850000
   vertex -9.388926 23.278674 -21.850000
  endloop
 endfacet
 facet normal 0.7730104533627351 -0.6343932841636477 0.0
  outer loop
   vertex -9.767767 22.967767 -31.850000
   vertex -10.078674 22.588926 -21.850000
   vertex -10.078674 22.588926 -31.850000
  endloop
 endfacet
 facet normal 0.7730104533627351 -0.6343932841636477 0.0
  outer loop
   vertex -9.767767 22.967767 -31.850000
   vertex -9.767767 22.967767 -21.850000
   vertex -10.078674 22.588926 -21.850000
  endloop
 endfacet
 facet normal 0.0 0.0 1.0
  outer loop
   vertex -8.000000 21.200000 -31.850000
   vertex -9.767767 22.967767 -31.850000
   vertex -10.078674 22.588926 -31.850000
  endloop
 endfacet
 facet normal 0.0 0.0 -1.0
  outer loop
   vertex -8.000000 21.200000 -21.850000
   vertex -10.078674 22.588926 -21.850000
   vertex -9.767767 22.967767 -21.850000
  endloop
 endfacet
 facet normal 0.881921264348356 -0.47139673682599564 0.0
  outer loop
   vertex -10.078674 22.588926 -31.850000
   vertex -10.309699 22.156709 -21.850000
   vertex -10.309699 22.156709 -31.850000
  endloop
 endfacet
 facet normal 0.881921264348356 -0.47139673682599564 0.0
  outer loop
   vertex -10.078674 22.588926 -31.850000
   vertex -10.078674 22.588926 -21.850000
   vertex -10.309699 22.156709 -21.850000
  endloop
 endfacet
 facet normal 0.0 0.0 1.0
  outer loop
   vertex -8.000000 21.200000 -31.850000
   vertex -10.078674 22.588926 -31.850000
   vertex -10.309699 22.156709 -31.850000
  endloop
 endfacet
 facet normal 0.0 0.0 -1.0
  outer loop
   vertex -8.000000 21.200000 -21.850000
   vertex -10.309699 22.156709 -21.850000
   vertex -10.078674 22.588926 -21.850000
  endloop
 endfacet
 facet normal 0.9569403357322087 -0.2902846772544631 0.0
  outer loop
   vertex -10.309699 22.156709 -31.850000
   vertex -10.451963 21.687726 -21.850000
   vertex -10.451963 21.687726 -31.850000
  endloop
 endfacet
 facet normal 0.9569403357322087 -0.2902846772544631 0.0
  outer loop
   vertex -10.309699 22.156709 -31.850000
   vertex -10.309699 22.156709 -21.850000
   vertex -10.451963 21.687726 -21.850000
  endloop
 endfacet
 facet normal 0.0 0.0 1.0
  outer loop
   vertex -8.000000 21.200000 -31.850000
   vertex -10.309699 22.156709 -31.850000
   vertex -10.451963 21.687726 -31.850000
  endloop
 endfacet
 facet normal 0.0 0.0 -1.0
  outer loop
   vertex -8.000000 21.200000 -21.850000
   vertex -10.451963 21.687726 -21.850000
   vertex -10.309699 22.156709 -21.850000
  endloop
 endfacet
 facet normal 0.995184726672197 -0.09801714032955905 0.0
  outer loop
   vertex -10.451963 21.687726 -31.850000
   vertex -10.500000 21.200000 -21.850000
   vertex -10.500000 21.200000 -31.850000
  endloop
 endfacet
 facet normal 0.995184726672197 -0.09801714032955905 0.0
  outer loop
   vertex -10.451963 21.687726 -31.850000
   vertex -10.451963 21.687726 -21.850000
   vertex -10.500000 21.200000 -21.850000
  endloop
 endfacet
 facet normal 0.0 0.0 1.0
  outer loop
   vertex -8.000000 21.200000 -31.850000
   vertex -10.451963 21.687726 -31.850000
   vertex -10.500000 21.200000 -31.850000
  endloop
 endfacet
 facet normal 0.0 0.0 -1.0
  outer loop
   vertex -8.000000 21.200000 -21.850000
   vertex -10.500000 21.200000 -21.850000
   vertex -10.451963 21.687726 -21.850000
  endloop
 endfacet
 facet normal 0.995184726672197 0.09801714032955905 0.0
  outer loop
   vertex -10.500000 21.200000 -31.850000
   vertex -10.451963 20.712274 -21.850000
   vertex -10.451963 20.712274 -31.850000
  endloop
 endfacet
 facet normal 0.995184726672197 0.09801714032955905 -0.0
  outer loop
   vertex -10.500000 21.200000 -31.850000
   vertex -10.500000 21.200000 -21.850000
   vertex -10.451963 20.712274 -21.850000
  endloop
 endfacet
 facet normal 0.0 0.0 1.0
  outer loop
   vertex -8.000000 21.200000 -31.850000
   vertex -10.500000 21.200000 -31.850000
   vertex -10.451963 20.712274 -31.850000
  endloop
 endfacet
 facet normal -0.0 0.0 -1.0
  outer loop
   vertex -8.000000 21.200000 -21.850000
   vertex -10.451963 20.712274 -21.850000
   vertex -10.500000 21.200000 -21.850000
  endloop
 endfacet
 facet normal 0.9569403357322087 0.2902846772544631 0.0
  outer loop
   vertex -10.451963 20.712274 -31.850000
   vertex -10.309699 20.243291 -21.850000
   vertex -10.309699 20.243291 -31.850000
  endloop
 endfacet
 facet normal 0.9569403357322087 0.2902846772544631 -0.0
  outer loop
   vertex -10.451963 20.712274 -31.850000
   vertex -10.451963 20.712274 -21.850000
   vertex -10.309699 20.243291 -21.850000
  endloop
 endfacet
 facet normal 0.0 0.0 1.0
  outer loop
   vertex -8.000000 21.200000 -31.850000
   vertex -10.451963 20.712274 -31.850000
   vertex -10.309699 20.243291 -31.850000
  endloop
 endfacet
 facet normal 0.0 0.0 -1.0
  outer loop
   vertex -8.000000 21.200000 -21.850000
   vertex -10.309699 20.243291 -21.850000
   vertex -10.451963 20.712274 -21.850000
  endloop
 endfacet
 facet normal 0.8819212643483546 0.4713967368259987 0.0
  outer loop
   vertex -10.309699 20.243291 -31.850000
   vertex -10.078674 19.811074 -21.850000
   vertex -10.078674 19.811074 -31.850000
  endloop
 endfacet
 facet normal 0.8819212643483546 0.4713967368259987 -0.0
  outer loop
   vertex -10.309699 20.243291 -31.850000
   vertex -10.309699 20.243291 -21.850000
   vertex -10.078674 19.811074 -21.850000
  endloop
 endfacet
 facet normal 0.0 0.0 1.0
  outer loop
   vertex -8.000000 21.200000 -31.850000
   vertex -10.309699 20.243291 -31.850000
   vertex -10.078674 19.811074 -31.850000
  endloop
 endfacet
 facet normal 0.0 0.0 -1.0
  outer loop
   vertex -8.000000 21.200000 -21.850000
   vertex -10.078674 19.811074 -21.850000
   vertex -10.309699 20.243291 -21.850000
  endloop
 endfacet
 facet normal 0.773010453362738 0.634393284163644 0.0
  outer loop
   vertex -10.078674 19.811074 -31.850000
   vertex -9.767767 19.432233 -21.850000
   vertex -9.767767 19.432233 -31.850000
  endloop
 endfacet
 facet normal 0.773010453362738 0.634393284163644 -0.0
  outer loop
   vertex -10.078674 19.811074 -31.850000
   vertex -10.078674 19.811074 -21.850000
   vertex -9.767767 19.432233 -21.850000
  endloop
 endfacet
 facet normal 0.0 0.0 1.0
  outer loop
   vertex -8.000000 21.200000 -31.850000
   vertex -10.078674 19.811074 -31.850000
   vertex -9.767767 19.432233 -31.850000
  endloop
 endfacet
 facet normal 0.0 0.0 -1.0
  outer loop
   vertex -8.000000 21.200000 -21.850000
   vertex -9.767767 19.432233 -21.850000
   vertex -10.078674 19.811074 -21.850000
  endloop
 endfacet
 facet normal 0.6343932841636459 0.7730104533627365 0.0
  outer loop
   vertex -9.767767 19.432233 -31.850000
   vertex -9.388926 19.121326 -21.850000
   vertex -9.388926 19.121326 -31.850000
  endloop
 endfacet
 facet normal 0.6343932841636459 0.7730104533627365 -0.0
  outer loop
   vertex -9.767767 19.432233 -31.850000
   vertex -9.767767 19.432233 -21.850000
   vertex -9.388926 19.121326 -21.850000
  endloop
 endfacet
 facet normal 0.0 0.0 1.0
  outer loop
   vertex -8.000000 21.200000 -31.850000
   vertex -9.767767 19.432233 -31.850000
   vertex -9.388926 19.121326 -31.850000
  endloop
 endfacet
 facet normal 0.0 0.0 -1.0
  outer loop
   vertex -8.000000 21.200000 -21.850000
   vertex -9.388926 19.121326 -21.850000
   vertex -9.767767 19.432233 -21.850000
  endloop
 endfacet
 facet normal 0.4713967368259943 0.8819212643483567 0.0
  outer loop
   vertex -9.388926 19.121326 -31.850000
   vertex -8.956709 18.890301 -21.850000
   vertex -8.956709 18.890301 -31.850000
  endloop
 endfacet
 facet normal 0.4713967368259943 0.8819212643483567 -0.0
  outer loop
   vertex -9.388926 19.121326 -31.850000
   vertex -9.388926 19.121326 -21.850000
   vertex -8.956709 18.890301 -21.850000
  endloop
 endfacet
 facet normal 0.0 0.0 1.0
  outer loop
   vertex -8.000000 21.200000 -31.850000
   vertex -9.388926 19.121326 -31.850000
   vertex -8.956709 18.890301 -31.850000
  endloop
 endfacet
 facet normal 0.0 0.0 -1.0
  outer loop
   vertex -8.000000 21.200000 -21.850000
   vertex -8.956709 18.890301 -21.850000
   vertex -9.388926 19.121326 -21.850000
  endloop
 endfacet
 facet normal 0.29028467725446744 0.9569403357322073 0.0
  outer loop
   vertex -8.956709 18.890301 -31.850000
   vertex -8.487726 18.748037 -21.850000
   vertex -8.487726 18.748037 -31.850000
  endloop
 endfacet
 facet normal 0.29028467725446744 0.9569403357322073 -0.0
  outer loop
   vertex -8.956709 18.890301 -31.850000
   vertex -8.956709 18.890301 -21.850000
   vertex -8.487726 18.748037 -21.850000
  endloop
 endfacet
 facet normal 0.0 0.0 1.0
  outer loop
   vertex -8.000000 21.200000 -31.850000
   vertex -8.956709 18.890301 -31.850000
   vertex -8.487726 18.748037 -31.850000
  endloop
 endfacet
 facet normal 0.0 0.0 -1.0
  outer loop
   vertex -8.000000 21.200000 -21.850000
   vertex -8.487726 18.748037 -21.850000
   vertex -8.956709 18.890301 -21.850000
  endloop
 endfacet
 facet normal 0.09801714032955869 0.995184726672197 0.0
  outer loop
   vertex -8.487726 18.748037 -31.850000
   vertex -8.000000 18.700000 -21.850000
   vertex -8.000000 18.700000 -31.850000
  endloop
 endfacet
 facet normal 0.09801714032955869 0.995184726672197 -0.0
  outer loop
   vertex -8.487726 18.748037 -31.850000
   vertex -8.487726 18.748037 -21.850000
   vertex -8.000000 18.700000 -21.850000
  endloop
 endfacet
 facet normal 0.0 0.0 1.0
  outer loop
   vertex -8.000000 21.200000 -31.850000
   vertex -8.487726 18.748037 -31.850000
   vertex -8.000000 18.700000 -31.850000
  endloop
 endfacet
 facet normal 0.0 -0.0 -1.0
  outer loop
   vertex -8.000000 21.200000 -21.850000
   vertex -8.000000 18.700000 -21.850000
   vertex -8.487726 18.748037 -21.850000
  endloop
 endfacet
 facet normal -0.09801714032955887 0.995184726672197 0.0
  outer loop
   vertex -8.000000 18.700000 -31.850000
   vertex -7.512274 18.748037 -21.850000
   vertex -7.512274 18.748037 -31.850000
  endloop
 endfacet
 facet normal -0.09801714032955887 0.995184726672197 0.0
  outer loop
   vertex -8.000000 18.700000 -31.850000
   vertex -8.000000 18.700000 -21.850000
   vertex -7.512274 18.748037 -21.850000
  endloop
 endfacet
 facet normal 0.0 0.0 1.0
  outer loop
   vertex -8.000000 21.200000 -31.850000
   vertex -8.000000 18.700000 -31.850000
   vertex -7.512274 18.748037 -31.850000
  endloop
 endfacet
 facet normal 0.0 0.0 -1.0
  outer loop
   vertex -8.000000 21.200000 -21.850000
   vertex -7.512274 18.748037 -21.850000
   vertex -8.000000 18.700000 -21.850000
  endloop
 endfacet
 facet normal -0.2902846772544669 0.9569403357322074 0.0
  outer loop
   vertex -7.512274 18.748037 -31.850000
   vertex -7.043291 18.890301 -21.850000
   vertex -7.043291 18.890301 -31.850000
  endloop
 endfacet
 facet normal -0.2902846772544669 0.9569403357322074 0.0
  outer loop
   vertex -7.512274 18.748037 -31.850000
   vertex -7.512274 18.748037 -21.850000
   vertex -7.043291 18.890301 -21.850000
  endloop
 endfacet
 facet normal 0.0 0.0 1.0
  outer loop
   vertex -8.000000 21.200000 -31.850000
   vertex -7.512274 18.748037 -31.850000
   vertex -7.043291 18.890301 -31.850000
  endloop
 endfacet
 facet normal 0.0 0.0 -1.0
  outer loop
   vertex -8.000000 21.200000 -21.850000
   vertex -7.043291 18.890301 -21.850000
   vertex -7.512274 18.748037 -21.850000
  endloop
 endfacet
 facet normal -0.4713967368259943 0.8819212643483567 0.0
  outer loop
   vertex -7.043291 18.890301 -31.850000
   vertex -6.611074 19.121326 -21.850000
   vertex -6.611074 19.121326 -31.850000
  endloop
 endfacet
 facet normal -0.4713967368259943 0.8819212643483567 0.0
  outer loop
   vertex -7.043291 18.890301 -31.850000
   vertex -7.043291 18.890301 -21.850000
   vertex -6.611074 19.121326 -21.850000
  endloop
 endfacet
 facet normal 0.0 0.0 1.0
  outer loop
   vertex -8.000000 21.200000 -31.850000
   vertex -7.043291 18.890301 -31.850000
   vertex -6.611074 19.121326 -31.850000
  endloop
 endfacet
 facet normal 0.0 0.0 -1.0
  outer loop
   vertex -8.000000 21.200000 -21.850000
   vertex -6.611074 19.121326 -21.850000
   vertex -7.043291 18.890301 -21.850000
  endloop
 endfacet
 facet normal -0.6343932841636459 0.7730104533627365 0.0
  outer loop
   vertex -6.611074 19.121326 -31.850000
   vertex -6.232233 19.432233 -21.850000
   vertex -6.232233 19.432233 -31.850000
  endloop
 endfacet
 facet normal -0.6343932841636459 0.7730104533627365 0.0
  outer loop
   vertex -6.611074 19.121326 -31.850000
   vertex -6.611074 19.121326 -21.850000
   vertex -6.232233 19.432233 -21.850000
  endloop
 endfacet
 facet normal 0.0 0.0 1.0
  outer loop
   vertex -8.000000 21.200000 -31.850000
   vertex -6.611074 19.121326 -31.850000
   vertex -6.232233 19.432233 -31.850000
  endloop
 endfacet
 facet normal 0.0 0.0 -1.0
  outer loop
   vertex -8.000000 21.200000 -21.850000
   vertex -6.232233 19.432233 -21.850000
   vertex -6.611074 19.121326 -21.850000
  endloop
 endfacet
 facet normal -0.7730104533627361 0.6343932841636466 0.0
  outer loop
   vertex -6.232233 19.432233 -31.850000
   vertex -5.921326 19.811074 -21.850000
   vertex -5.921326 19.811074 -31.850000
  endloop
 endfacet
 facet normal -0.7730104533627361 0.6343932841636466 0.0
  outer loop
   vertex -6.232233 19.432233 -31.850000
   vertex -6.232233 19.432233 -21.850000
   vertex -5.921326 19.811074 -21.850000
  endloop
 endfacet
 facet normal 0.0 0.0 1.0
  outer loop
   vertex -8.000000 21.200000 -31.850000
   vertex -6.232233 19.432233 -31.850000
   vertex -5.921326 19.811074 -31.850000
  endloop
 endfacet
 facet normal 0.0 0.0 -1.0
  outer loop
   vertex -8.000000 21.200000 -21.850000
   vertex -5.921326 19.811074 -21.850000
   vertex -6.232233 19.432233 -21.850000
  endloop
 endfacet
 facet normal -0.881921264348356 0.47139673682599564 0.0
  outer loop
   vertex -5.921326 19.811074 -31.850000
   vertex -5.690301 20.243291 -21.850000
   vertex -5.690301 20.243291 -31.850000
  endloop
 endfacet
 facet normal -0.881921264348356 0.47139673682599564 0.0
  outer loop
   vertex -5.921326 19.811074 -31.850000
   vertex -5.921326 19.811074 -21.850000
   vertex -5.690301 20.243291 -21.850000
  endloop
 endfacet
 facet normal 0.0 0.0 1.0
  outer loop
   vertex -8.000000 21.200000 -31.850000
   vertex -5.921326 19.811074 -31.850000
   vertex -5.690301 20.243291 -31.850000
  endloop
 endfacet
 facet normal 0.0 0.0 -1.0
  outer loop
   vertex -8.000000 21.200000 -21.850000
   vertex -5.690301 20.243291 -21.850000
   vertex -5.921326 19.811074 -21.850000
  endloop
 endfacet
 facet normal -0.9569403357322085 0.29028467725446344 0.0
  outer loop
   vertex -5.690301 20.243291 -31.850000
   vertex -5.548037 20.712274 -21.850000
   vertex -5.548037 20.712274 -31.850000
  endloop
 endfacet
 facet normal -0.9569403357322085 0.29028467725446344 0.0
  outer loop
   vertex -5.690301 20.243291 -31.850000
   vertex -5.690301 20.243291 -21.850000
   vertex -5.548037 20.712274 -21.850000
  endloop
 endfacet
 facet normal 0.0 0.0 1.0
  outer loop
   vertex -8.000000 21.200000 -31.850000
   vertex -5.690301 20.243291 -31.850000
   vertex -5.548037 20.712274 -31.850000
  endloop
 endfacet
 facet normal 0.0 0.0 -1.0
  outer loop
   vertex -8.000000 21.200000 -21.850000
   vertex -5.548037 20.712274 -21.850000
   vertex -5.690301 20.243291 -21.850000
  endloop
 endfacet
 facet normal -0.9951847266721967 0.09801714032956192 0.0
  outer loop
   vertex -5.548037 20.712274 -31.850000
   vertex -5.500000 21.200000 -21.850000
   vertex -5.500000 21.200000 -31.850000
  endloop
 endfacet
 facet normal -0.9951847266721967 0.09801714032956192 0.0
  outer loop
   vertex -5.548037 20.712274 -31.850000
   vertex -5.548037 20.712274 -21.850000
   vertex -5.500000 21.200000 -21.850000
  endloop
 endfacet
 facet normal -0.0 0.0 1.0
  outer loop
   vertex -8.000000 21.200000 -31.850000
   vertex -5.548037 20.712274 -31.850000
   vertex -5.500000 21.200000 -31.850000
  endloop
 endfacet
 facet normal 0.0 0.0 -1.0
  outer loop
   vertex -8.000000 21.200000 -21.850000
   vertex -5.500000 21.200000 -21.850000
   vertex -5.548037 20.712274 -21.850000
  endloop
 endfacet
 facet normal -0.995184726672197 -0.09801714032955905 0.0
  outer loop
   vertex 10.500000 21.200000 -31.850000
   vertex 10.451963 21.687726 -21.850000
   vertex 10.451963 21.687726 -31.850000
  endloop
 endfacet
 facet normal -0.995184726672197 -0.09801714032955905 0.0
  outer loop
   vertex 10.500000 21.200000 -31.850000
   vertex 10.500000 21.200000 -21.850000
   vertex 10.451963 21.687726 -21.850000
  endloop
 endfacet
 facet normal 0.0 0.0 1.0
  outer loop
   vertex 8.000000 21.200000 -31.850000
   vertex 10.500000 21.200000 -31.850000
   vertex 10.451963 21.687726 -31.850000
  endloop
 endfacet
 facet normal 0.0 0.0 -1.0
  outer loop
   vertex 8.000000 21.200000 -21.850000
   vertex 10.451963 21.687726 -21.850000
   vertex 10.500000 21.200000 -21.850000
  endloop
 endfacet
 facet normal -0.9569403357322087 -0.2902846772544631 0.0
  outer loop
   vertex 10.451963 21.687726 -31.850000
   vertex 10.309699 22.156709 -21.850000
   vertex 10.309699 22.156709 -31.850000
  endloop
 endfacet
 facet normal -0.9569403357322087 -0.2902846772544631 0.0
  outer loop
   vertex 10.451963 21.687726 -31.850000
   vertex 10.451963 21.687726 -21.850000
   vertex 10.309699 22.156709 -21.850000
  endloop
 endfacet
 facet normal 0.0 0.0 1.0
  outer loop
   vertex 8.000000 21.200000 -31.850000
   vertex 10.451963 21.687726 -31.850000
   vertex 10.309699 22.156709 -31.850000
  endloop
 endfacet
 facet normal 0.0 0.0 -1.0
  outer loop
   vertex 8.000000 21.200000 -21.850000
   vertex 10.309699 22.156709 -21.850000
   vertex 10.451963 21.687726 -21.850000
  endloop
 endfacet
 facet normal -0.881921264348356 -0.47139673682599564 0.0
  outer loop
   vertex 10.309699 22.156709 -31.850000
   vertex 10.078674 22.588926 -21.850000
   vertex 10.078674 22.588926 -31.850000
  endloop
 endfacet
 facet normal -0.881921264348356 -0.47139673682599564 0.0
  outer loop
   vertex 10.309699 22.156709 -31.850000
   vertex 10.309699 22.156709 -21.850000
   vertex 10.078674 22.588926 -21.850000
  endloop
 endfacet
 facet normal 0.0 0.0 1.0
  outer loop
   vertex 8.000000 21.200000 -31.850000
   vertex 10.309699 22.156709 -31.850000
   vertex 10.078674 22.588926 -31.850000
  endloop
 endfacet
 facet normal 0.0 0.0 -1.0
  outer loop
   vertex 8.000000 21.200000 -21.850000
   vertex 10.078674 22.588926 -21.850000
   vertex 10.309699 22.156709 -21.850000
  endloop
 endfacet
 facet normal -0.7730104533627351 -0.6343932841636477 0.0
  outer loop
   vertex 10.078674 22.588926 -31.850000
   vertex 9.767767 22.967767 -21.850000
   vertex 9.767767 22.967767 -31.850000
  endloop
 endfacet
 facet normal -0.7730104533627351 -0.6343932841636477 0.0
  outer loop
   vertex 10.078674 22.588926 -31.850000
   vertex 10.078674 22.588926 -21.850000
   vertex 9.767767 22.967767 -21.850000
  endloop
 endfacet
 facet normal 0.0 0.0 1.0
  outer loop
   vertex 8.000000 21.200000 -31.850000
   vertex 10.078674 22.588926 -31.850000
   vertex 9.767767 22.967767 -31.850000
  endloop
 endfacet
 facet normal 0.0 0.0 -1.0
  outer loop
   vertex 8.000000 21.200000 -21.850000
   vertex 9.767767 22.967767 -21.850000
   vertex 10.078674 22.588926 -21.850000
  endloop
 endfacet
 facet normal -0.6343932841636459 -0.7730104533627365 0.0
  outer loop
   vertex 9.767767 22.967767 -31.850000
   vertex 9.388926 23.278674 -21.850000
   vertex 9.388926 23.278674 -31.850000
  endloop
 endfacet
 facet normal -0.6343932841636459 -0.7730104533627365 0.0
  outer loop
   vertex 9.767767 22.967767 -31.850000
   vertex 9.767767 22.967767 -21.850000
   vertex 9.388926 23.278674 -21.850000
  endloop
 endfacet
 facet normal 0.0 0.0 1.0
  outer loop
   vertex 8.000000 21.200000 -31.850000
   vertex 9.767767 22.967767 -31.850000
   vertex 9.388926 23.278674 -31.850000
  endloop
 endfacet
 facet normal 0.0 0.0 -1.0
  outer loop
   vertex 8.000000 21.200000 -21.850000
   vertex 9.388926 23.278674 -21.850000
   vertex 9.767767 22.967767 -21.850000
  endloop
 endfacet
 facet normal -0.4713967368259943 -0.8819212643483567 0.0
  outer loop
   vertex 9.388926 23.278674 -31.850000
   vertex 8.956709 23.509699 -21.850000
   vertex 8.956709 23.509699 -31.850000
  endloop
 endfacet
 facet normal -0.4713967368259943 -0.8819212643483567 0.0
  outer loop
   vertex 9.388926 23.278674 -31.850000
   vertex 9.388926 23.278674 -21.850000
   vertex 8.956709 23.509699 -21.850000
  endloop
 endfacet
 facet normal 0.0 0.0 1.0
  outer loop
   vertex 8.000000 21.200000 -31.850000
   vertex 9.388926 23.278674 -31.850000
   vertex 8.956709 23.509699 -31.850000
  endloop
 endfacet
 facet normal 0.0 0.0 -1.0
  outer loop
   vertex 8.000000 21.200000 -21.850000
   vertex 8.956709 23.509699 -21.850000
   vertex 9.388926 23.278674 -21.850000
  endloop
 endfacet
 facet normal -0.29028467725446644 -0.9569403357322076 0.0
  outer loop
   vertex 8.956709 23.509699 -31.850000
   vertex 8.487726 23.651963 -21.850000
   vertex 8.487726 23.651963 -31.850000
  endloop
 endfacet
 facet normal -0.29028467725446644 -0.9569403357322076 0.0
  outer loop
   vertex 8.956709 23.509699 -31.850000
   vertex 8.956709 23.509699 -21.850000
   vertex 8.487726 23.651963 -21.850000
  endloop
 endfacet
 facet normal 0.0 0.0 1.0
  outer loop
   vertex 8.000000 21.200000 -31.850000
   vertex 8.956709 23.509699 -31.850000
   vertex 8.487726 23.651963 -31.850000
  endloop
 endfacet
 facet normal 0.0 0.0 -1.0
  outer loop
   vertex 8.000000 21.200000 -21.850000
   vertex 8.487726 23.651963 -21.850000
   vertex 8.956709 23.509699 -21.850000
  endloop
 endfacet
 facet normal -0.09801714032955905 -0.995184726672197 0.0
  outer loop
   vertex 8.487726 23.651963 -31.850000
   vertex 8.000000 23.700000 -21.850000
   vertex 8.000000 23.700000 -31.850000
  endloop
 endfacet
 facet normal -0.09801714032955905 -0.995184726672197 0.0
  outer loop
   vertex 8.487726 23.651963 -31.850000
   vertex 8.487726 23.651963 -21.850000
   vertex 8.000000 23.700000 -21.850000
  endloop
 endfacet
 facet normal 0.0 0.0 1.0
  outer loop
   vertex 8.000000 21.200000 -31.850000
   vertex 8.487726 23.651963 -31.850000
   vertex 8.000000 23.700000 -31.850000
  endloop
 endfacet
 facet normal 0.0 0.0 -1.0
  outer loop
   vertex 8.000000 21.200000 -21.850000
   vertex 8.000000 23.700000 -21.850000
   vertex 8.487726 23.651963 -21.850000
  endloop
 endfacet
 facet normal 0.09801714032955887 -0.995184726672197 0.0
  outer loop
   vertex 8.000000 23.700000 -31.850000
   vertex 7.512274 23.651963 -21.850000
   vertex 7.512274 23.651963 -31.850000
  endloop
 endfacet
 facet normal 0.09801714032955887 -0.995184726672197 0.0
  outer loop
   vertex 8.000000 23.700000 -31.850000
   vertex 8.000000 23.700000 -21.850000
   vertex 7.512274 23.651963 -21.850000
  endloop
 endfacet
 facet normal 0.0 -0.0 1.0
  outer loop
   vertex 8.000000 21.200000 -31.850000
   vertex 8.000000 23.700000 -31.850000
   vertex 7.512274 23.651963 -31.850000
  endloop
 endfacet
 facet normal 0.0 0.0 -1.0
  outer loop
   vertex 8.000000 21.200000 -21.850000
   vertex 7.512274 23.651963 -21.850000
   vertex 8.000000 23.700000 -21.850000
  endloop
 endfacet
 facet normal 0.29028467725446744 -0.9569403357322073 0.0
  outer loop
   vertex 7.512274 23.651963 -31.850000
   vertex 7.043291 23.509699 -21.850000
   vertex 7.043291 23.509699 -31.850000
  endloop
 endfacet
 facet normal 0.29028467725446744 -0.9569403357322073 0.0
  outer loop
   vertex 7.512274 23.651963 -31.850000
   vertex 7.512274 23.651963 -21.850000
   vertex 7.043291 23.509699 -21.850000
  endloop
 endfacet
 facet normal 0.0 0.0 1.0
  outer loop
   vertex 8.000000 21.200000 -31.850000
   vertex 7.512274 23.651963 -31.850000
   vertex 7.043291 23.509699 -31.850000
  endloop
 endfacet
 facet normal 0.0 0.0 -1.0
  outer loop
   vertex 8.000000 21.200000 -21.850000
   vertex 7.043291 23.509699 -21.850000
   vertex 7.512274 23.651963 -21.850000
  endloop
 endfacet
 facet normal 0.47139673682599353 -0.8819212643483572 0.0
  outer loop
   vertex 7.043291 23.509699 -31.850000
   vertex 6.611074 23.278674 -21.850000
   vertex 6.611074 23.278674 -31.850000
  endloop
 endfacet
 facet normal 0.47139673682599353 -0.8819212643483572 0.0
  outer loop
   vertex 7.043291 23.509699 -31.850000
   vertex 7.043291 23.509699 -21.850000
   vertex 6.611074 23.278674 -21.850000
  endloop
 endfacet
 facet normal 0.0 0.0 1.0
  outer loop
   vertex 8.000000 21.200000 -31.850000
   vertex 7.043291 23.509699 -31.850000
   vertex 6.611074 23.278674 -31.850000
  endloop
 endfacet
 facet normal 0.0 0.0 -1.0
  outer loop
   vertex 8.000000 21.200000 -21.850000
   vertex 6.611074 23.278674 -21.850000
   vertex 7.043291 23.509699 -21.850000
  endloop
 endfacet
 facet normal 0.6343932841636459 -0.7730104533627365 0.0
  outer loop
   vertex 6.611074 23.278674 -31.850000
   vertex 6.232233 22.967767 -21.850000
   vertex 6.232233 22.967767 -31.850000
  endloop
 endfacet
 facet normal 0.6343932841636459 -0.7730104533627365 0.0
  outer loop
   vertex 6.611074 23.278674 -31.850000
   vertex 6.611074 23.278674 -21.850000
   vertex 6.232233 22.967767 -21.850000
  endloop
 endfacet
 facet normal 0.0 0.0 1.0
  outer loop
   vertex 8.000000 21.200000 -31.850000
   vertex 6.611074 23.278674 -31.850000
   vertex 6.232233 22.967767 -31.850000
  endloop
 endfacet
 facet normal 0.0 0.0 -1.0
  outer loop
   vertex 8.000000 21.200000 -21.850000
   vertex 6.232233 22.967767 -21.850000
   vertex 6.611074 23.278674 -21.850000
  endloop
 endfacet
 facet normal 0.7730104533627361 -0.6343932841636466 0.0
  outer loop
   vertex 6.232233 22.967767 -31.850000
   vertex 5.921326 22.588926 -21.850000
   vertex 5.921326 22.588926 -31.850000
  endloop
 endfacet
 facet normal 0.7730104533627361 -0.6343932841636466 0.0
  outer loop
   vertex 6.232233 22.967767 -31.850000
   vertex 6.232233 22.967767 -21.850000
   vertex 5.921326 22.588926 -21.850000
  endloop
 endfacet
 facet normal 0.0 0.0 1.0
  outer loop
   vertex 8.000000 21.200000 -31.850000
   vertex 6.232233 22.967767 -31.850000
   vertex 5.921326 22.588926 -31.850000
  endloop
 endfacet
 facet normal 0.0 0.0 -1.0
  outer loop
   vertex 8.000000 21.200000 -21.850000
   vertex 5.921326 22.588926 -21.850000
   vertex 6.232233 22.967767 -21.850000
  endloop
 endfacet
 facet normal 0.8819212643483554 -0.4713967368259971 0.0
  outer loop
   vertex 5.921326 22.588926 -31.850000
   vertex 5.690301 22.156709 -21.850000
   vertex 5.690301 22.156709 -31.850000
  endloop
 endfacet
 facet normal 0.8819212643483554 -0.4713967368259971 0.0
  outer loop
   vertex 5.921326 22.588926 -31.850000
   vertex 5.921326 22.588926 -21.850000
   vertex 5.690301 22.156709 -21.850000
  endloop
 endfacet
 facet normal 0.0 0.0 1.0
  outer loop
   vertex 8.000000 21.200000 -31.850000
   vertex 5.921326 22.588926 -31.850000
   vertex 5.690301 22.156709 -31.850000
  endloop
 endfacet
 facet normal 0.0 0.0 -1.0
  outer loop
   vertex 8.000000 21.200000 -21.850000
   vertex 5.690301 22.156709 -21.850000
   vertex 5.921326 22.588926 -21.850000
  endloop
 endfacet
 facet normal 0.9569403357322092 -0.29028467725446144 0.0
  outer loop
   vertex 5.690301 22.156709 -31.850000
   vertex 5.548037 21.687726 -21.850000
   vertex 5.548037 21.687726 -31.850000
  endloop
 endfacet
 facet normal 0.9569403357322092 -0.29028467725446144 0.0
  outer loop
   vertex 5.690301 22.156709 -31.850000
   vertex 5.690301 22.156709 -21.850000
   vertex 5.548037 21.687726 -21.850000
  endloop
 endfacet
 facet normal 0.0 0.0 1.0
  outer loop
   vertex 8.000000 21.200000 -31.850000
   vertex 5.690301 22.156709 -31.850000
   vertex 5.548037 21.687726 -31.850000
  endloop
 endfacet
 facet normal 0.0 0.0 -1.0
  outer loop
   vertex 8.000000 21.200000 -21.850000
   vertex 5.548037 21.687726 -21.850000
   vertex 5.690301 22.156709 -21.850000
  endloop
 endfacet
 facet normal 0.9951847266721968 -0.09801714032956084 0.0
  outer loop
   vertex 5.548037 21.687726 -31.850000
   vertex 5.500000 21.200000 -21.850000
   vertex 5.500000 21.200000 -31.850000
  endloop
 endfacet
 facet normal 0.9951847266721968 -0.09801714032956084 0.0
  outer loop
   vertex 5.548037 21.687726 -31.850000
   vertex 5.548037 21.687726 -21.850000
   vertex 5.500000 21.200000 -21.850000
  endloop
 endfacet
 facet normal 0.0 0.0 1.0
  outer loop
   vertex 8.000000 21.200000 -31.850000
   vertex 5.548037 21.687726 -31.850000
   vertex 5.500000 21.200000 -31.850000
  endloop
 endfacet
 facet normal 0.0 0.0 -1.0
  outer loop
   vertex 8.000000 21.200000 -21.850000
   vertex 5.500000 21.200000 -21.850000
   vertex 5.548037 21.687726 -21.850000
  endloop
 endfacet
 facet normal 0.9951847266721968 0.09801714032956084 0.0
  outer loop
   vertex 5.500000 21.200000 -31.850000
   vertex 5.548037 20.712274 -21.850000
   vertex 5.548037 20.712274 -31.850000
  endloop
 endfacet
 facet normal 0.9951847266721968 0.09801714032956084 -0.0
  outer loop
   vertex 5.500000 21.200000 -31.850000
   vertex 5.500000 21.200000 -21.850000
   vertex 5.548037 20.712274 -21.850000
  endloop
 endfacet
 facet normal 0.0 0.0 1.0
  outer loop
   vertex 8.000000 21.200000 -31.850000
   vertex 5.500000 21.200000 -31.850000
   vertex 5.548037 20.712274 -31.850000
  endloop
 endfacet
 facet normal -0.0 0.0 -1.0
  outer loop
   vertex 8.000000 21.200000 -21.850000
   vertex 5.548037 20.712274 -21.850000
   vertex 5.500000 21.200000 -21.850000
  endloop
 endfacet
 facet normal 0.9569403357322092 0.29028467725446144 0.0
  outer loop
   vertex 5.548037 20.712274 -31.850000
   vertex 5.690301 20.243291 -21.850000
   vertex 5.690301 20.243291 -31.850000
  endloop
 endfacet
 facet normal 0.9569403357322092 0.29028467725446144 -0.0
  outer loop
   vertex 5.548037 20.712274 -31.850000
   vertex 5.548037 20.712274 -21.850000
   vertex 5.690301 20.243291 -21.850000
  endloop
 endfacet
 facet normal 0.0 0.0 1.0
  outer loop
   vertex 8.000000 21.200000 -31.850000
   vertex 5.548037 20.712274 -31.850000
   vertex 5.690301 20.243291 -31.850000
  endloop
 endfacet
 facet normal 0.0 0.0 -1.0
  outer loop
   vertex 8.000000 21.200000 -21.850000
   vertex 5.690301 20.243291 -21.850000
   vertex 5.548037 20.712274 -21.850000
  endloop
 endfacet
 facet normal 0.8819212643483546 0.4713967368259987 0.0
  outer loop
   vertex 5.690301 20.243291 -31.850000
   vertex 5.921326 19.811074 -21.850000
   vertex 5.921326 19.811074 -31.850000
  endloop
 endfacet
 facet normal 0.8819212643483546 0.4713967368259987 -0.0
  outer loop
   vertex 5.690301 20.243291 -31.850000
   vertex 5.690301 20.243291 -21.850000
   vertex 5.921326 19.811074 -21.850000
  endloop
 endfacet
 facet normal 0.0 0.0 1.0
  outer loop
   vertex 8.000000 21.200000 -31.850000
   vertex 5.690301 20.243291 -31.850000
   vertex 5.921326 19.811074 -31.850000
  endloop
 endfacet
 facet normal 0.0 0.0 -1.0
  outer loop
   vertex 8.000000 21.200000 -21.850000
   vertex 5.921326 19.811074 -21.850000
   vertex 5.690301 20.243291 -21.850000
  endloop
 endfacet
 facet normal 0.773010453362738 0.634393284163644 0.0
  outer loop
   vertex 5.921326 19.811074 -31.850000
   vertex 6.232233 19.432233 -21.850000
   vertex 6.232233 19.432233 -31.850000
  endloop
 endfacet
 facet normal 0.773010453362738 0.634393284163644 -0.0
  outer loop
   vertex 5.921326 19.811074 -31.850000
   vertex 5.921326 19.811074 -21.850000
   vertex 6.232233 19.432233 -21.850000
  endloop
 endfacet
 facet normal 0.0 0.0 1.0
  outer loop
   vertex 8.000000 21.200000 -31.850000
   vertex 5.921326 19.811074 -31.850000
   vertex 6.232233 19.432233 -31.850000
  endloop
 endfacet
 facet normal 0.0 0.0 -1.0
  outer loop
   vertex 8.000000 21.200000 -21.850000
   vertex 6.232233 19.432233 -21.850000
   vertex 5.921326 19.811074 -21.850000
  endloop
 endfacet
 facet normal 0.6343932841636459 0.7730104533627365 0.0
  outer loop
   vertex 6.232233 19.432233 -31.850000
   vertex 6.611074 19.121326 -21.850000
   vertex 6.611074 19.121326 -31.850000
  endloop
 endfacet
 facet normal 0.6343932841636459 0.7730104533627365 -0.0
  outer loop
   vertex 6.232233 19.432233 -31.850000
   vertex 6.232233 19.432233 -21.850000
   vertex 6.611074 19.121326 -21.850000
  endloop
 endfacet
 facet normal 0.0 0.0 1.0
  outer loop
   vertex 8.000000 21.200000 -31.850000
   vertex 6.232233 19.432233 -31.850000
   vertex 6.611074 19.121326 -31.850000
  endloop
 endfacet
 facet normal 0.0 0.0 -1.0
  outer loop
   vertex 8.000000 21.200000 -21.850000
   vertex 6.611074 19.121326 -21.850000
   vertex 6.232233 19.432233 -21.850000
  endloop
 endfacet
 facet normal 0.4713967368259951 0.8819212643483564 0.0
  outer loop
   vertex 6.611074 19.121326 -31.850000
   vertex 7.043291 18.890301 -21.850000
   vertex 7.043291 18.890301 -31.850000
  endloop
 endfacet
 facet normal 0.4713967368259951 0.8819212643483564 -0.0
  outer loop
   vertex 6.611074 19.121326 -31.850000
   vertex 6.611074 19.121326 -21.850000
   vertex 7.043291 18.890301 -21.850000
  endloop
 endfacet
 facet normal 0.0 0.0 1.0
  outer loop
   vertex 8.000000 21.200000 -31.850000
   vertex 6.611074 19.121326 -31.850000
   vertex 7.043291 18.890301 -31.850000
  endloop
 endfacet
 facet normal 0.0 0.0 -1.0
  outer loop
   vertex 8.000000 21.200000 -21.850000
   vertex 7.043291 18.890301 -21.850000
   vertex 6.611074 19.121326 -21.850000
  endloop
 endfacet
 facet normal 0.2902846772544669 0.9569403357322074 0.0
  outer loop
   vertex 7.043291 18.890301 -31.850000
   vertex 7.512274 18.748037 -21.850000
   vertex 7.512274 18.748037 -31.850000
  endloop
 endfacet
 facet normal 0.2902846772544669 0.9569403357322074 -0.0
  outer loop
   vertex 7.043291 18.890301 -31.850000
   vertex 7.043291 18.890301 -21.850000
   vertex 7.512274 18.748037 -21.850000
  endloop
 endfacet
 facet normal 0.0 0.0 1.0
  outer loop
   vertex 8.000000 21.200000 -31.850000
   vertex 7.043291 18.890301 -31.850000
   vertex 7.512274 18.748037 -31.850000
  endloop
 endfacet
 facet normal 0.0 0.0 -1.0
  outer loop
   vertex 8.000000 21.200000 -21.850000
   vertex 7.512274 18.748037 -21.850000
   vertex 7.043291 18.890301 -21.850000
  endloop
 endfacet
 facet normal 0.09801714032955887 0.995184726672197 0.0
  outer loop
   vertex 7.512274 18.748037 -31.850000
   vertex 8.000000 18.700000 -21.850000
   vertex 8.000000 18.700000 -31.850000
  endloop
 endfacet
 facet normal 0.09801714032955887 0.995184726672197 -0.0
  outer loop
   vertex 7.512274 18.748037 -31.850000
   vertex 7.512274 18.748037 -21.850000
   vertex 8.000000 18.700000 -21.850000
  endloop
 endfacet
 facet normal 0.0 0.0 1.0
  outer loop
   vertex 8.000000 21.200000 -31.850000
   vertex 7.512274 18.748037 -31.850000
   vertex 8.000000 18.700000 -31.850000
  endloop
 endfacet
 facet normal 0.0 0.0 -1.0
  outer loop
   vertex 8.000000 21.200000 -21.850000
   vertex 8.000000 18.700000 -21.850000
   vertex 7.512274 18.748037 -21.850000
  endloop
 endfacet
 facet normal -0.09801714032955887 0.995184726672197 0.0
  outer loop
   vertex 8.000000 18.700000 -31.850000
   vertex 8.487726 18.748037 -21.850000
   vertex 8.487726 18.748037 -31.850000
  endloop
 endfacet
 facet normal -0.09801714032955887 0.995184726672197 0.0
  outer loop
   vertex 8.000000 18.700000 -31.850000
   vertex 8.000000 18.700000 -21.850000
   vertex 8.487726 18.748037 -21.850000
  endloop
 endfacet
 facet normal 0.0 0.0 1.0
  outer loop
   vertex 8.000000 21.200000 -31.850000
   vertex 8.000000 18.700000 -31.850000
   vertex 8.487726 18.748037 -31.850000
  endloop
 endfacet
 facet normal 0.0 -0.0 -1.0
  outer loop
   vertex 8.000000 21.200000 -21.850000
   vertex 8.487726 18.748037 -21.850000
   vertex 8.000000 18.700000 -21.850000
  endloop
 endfacet
 facet normal -0.29028467725446644 0.9569403357322076 0.0
  outer loop
   vertex 8.487726 18.748037 -31.850000
   vertex 8.956709 18.890301 -21.850000
   vertex 8.956709 18.890301 -31.850000
  endloop
 endfacet
 facet normal -0.29028467725446644 0.9569403357322076 0.0
  outer loop
   vertex 8.487726 18.748037 -31.850000
   vertex 8.487726 18.748037 -21.850000
   vertex 8.956709 18.890301 -21.850000
  endloop
 endfacet
 facet normal 0.0 0.0 1.0
  outer loop
   vertex 8.000000 21.200000 -31.850000
   vertex 8.487726 18.748037 -31.850000
   vertex 8.956709 18.890301 -31.850000
  endloop
 endfacet
 facet normal 0.0 0.0 -1.0
  outer loop
   vertex 8.000000 21.200000 -21.850000
   vertex 8.956709 18.890301 -21.850000
   vertex 8.487726 18.748037 -21.850000
  endloop
 endfacet
 facet normal -0.4713967368259943 0.8819212643483567 0.0
  outer loop
   vertex 8.956709 18.890301 -31.850000
   vertex 9.388926 19.121326 -21.850000
   vertex 9.388926 19.121326 -31.850000
  endloop
 endfacet
 facet normal -0.4713967368259943 0.8819212643483567 0.0
  outer loop
   vertex 8.956709 18.890301 -31.850000
   vertex 8.956709 18.890301 -21.850000
   vertex 9.388926 19.121326 -21.850000
  endloop
 endfacet
 facet normal 0.0 0.0 1.0
  outer loop
   vertex 8.000000 21.200000 -31.850000
   vertex 8.956709 18.890301 -31.850000
   vertex 9.388926 19.121326 -31.850000
  endloop
 endfacet
 facet normal 0.0 0.0 -1.0
  outer loop
   vertex 8.000000 21.200000 -21.850000
   vertex 9.388926 19.121326 -21.850000
   vertex 8.956709 18.890301 -21.850000
  endloop
 endfacet
 facet normal -0.6343932841636459 0.7730104533627365 0.0
  outer loop
   vertex 9.388926 19.121326 -31.850000
   vertex 9.767767 19.432233 -21.850000
   vertex 9.767767 19.432233 -31.850000
  endloop
 endfacet
 facet normal -0.6343932841636459 0.7730104533627365 0.0
  outer loop
   vertex 9.388926 19.121326 -31.850000
   vertex 9.388926 19.121326 -21.850000
   vertex 9.767767 19.432233 -21.850000
  endloop
 endfacet
 facet normal 0.0 0.0 1.0
  outer loop
   vertex 8.000000 21.200000 -31.850000
   vertex 9.388926 19.121326 -31.850000
   vertex 9.767767 19.432233 -31.850000
  endloop
 endfacet
 facet normal 0.0 0.0 -1.0
  outer loop
   vertex 8.000000 21.200000 -21.850000
   vertex 9.767767 19.432233 -21.850000
   vertex 9.388926 19.121326 -21.850000
  endloop
 endfacet
 facet normal -0.7730104533627351 0.6343932841636477 0.0
  outer loop
   vertex 9.767767 19.432233 -31.850000
   vertex 10.078674 19.811074 -21.850000
   vertex 10.078674 19.811074 -31.850000
  endloop
 endfacet
 facet normal -0.7730104533627351 0.6343932841636477 0.0
  outer loop
   vertex 9.767767 19.432233 -31.850000
   vertex 9.767767 19.432233 -21.850000
   vertex 10.078674 19.811074 -21.850000
  endloop
 endfacet
 facet normal 0.0 0.0 1.0
  outer loop
   vertex 8.000000 21.200000 -31.850000
   vertex 9.767767 19.432233 -31.850000
   vertex 10.078674 19.811074 -31.850000
  endloop
 endfacet
 facet normal 0.0 0.0 -1.0
  outer loop
   vertex 8.000000 21.200000 -21.850000
   vertex 10.078674 19.811074 -21.850000
   vertex 9.767767 19.432233 -21.850000
  endloop
 endfacet
 facet normal -0.8819212643483575 0.47139673682599276 0.0
  outer loop
   vertex 10.078674 19.811074 -31.850000
   vertex 10.309699 20.243291 -21.850000
   vertex 10.309699 20.243291 -31.850000
  endloop
 endfacet
 facet normal -0.8819212643483575 0.47139673682599276 0.0
  outer loop
   vertex 10.078674 19.811074 -31.850000
   vertex 10.078674 19.811074 -21.850000
   vertex 10.309699 20.243291 -21.850000
  endloop
 endfacet
 facet normal 0.0 0.0 1.0
  outer loop
   vertex 8.000000 21.200000 -31.850000
   vertex 10.078674 19.811074 -31.850000
   vertex 10.309699 20.243291 -31.850000
  endloop
 endfacet
 facet normal 0.0 0.0 -1.0
  outer loop
   vertex 8.000000 21.200000 -21.850000
   vertex 10.309699 20.243291 -21.850000
   vertex 10.078674 19.811074 -21.850000
  endloop
 endfacet
 facet normal -0.956940335732208 0.2902846772544651 0.0
  outer loop
   vertex 10.309699 20.243291 -31.850000
   vertex 10.451963 20.712274 -21.850000
   vertex 10.451963 20.712274 -31.850000
  endloop
 endfacet
 facet normal -0.956940335732208 0.2902846772544651 0.0
  outer loop
   vertex 10.309699 20.243291 -31.850000
   vertex 10.309699 20.243291 -21.850000
   vertex 10.451963 20.712274 -21.850000
  endloop
 endfacet
 facet normal 0.0 0.0 1.0
  outer loop
   vertex 8.000000 21.200000 -31.850000
   vertex 10.309699 20.243291 -31.850000
   vertex 10.451963 20.712274 -31.850000
  endloop
 endfacet
 facet normal 0.0 0.0 -1.0
  outer loop
   vertex 8.000000 21.200000 -21.850000
   vertex 10.451963 20.712274 -21.850000
   vertex 10.309699 20.243291 -21.850000
  endloop
 endfacet
 facet normal -0.9951847266721967 0.09801714032956192 0.0
  outer loop
   vertex 10.451963 20.712274 -31.850000
   vertex 10.500000 21.200000 -21.850000
   vertex 10.500000 21.200000 -31.850000
  endloop
 endfacet
 facet normal -0.9951847266721967 0.09801714032956192 0.0
  outer loop
   vertex 10.451963 20.712274 -31.850000
   vertex 10.451963 20.712274 -21.850000
   vertex 10.500000 21.200000 -21.850000
  endloop
 endfacet
 facet normal -0.0 0.0 1.0
  outer loop
   vertex 8.000000 21.200000 -31.850000
   vertex 10.451963 20.712274 -31.850000
   vertex 10.500000 21.200000 -31.850000
  endloop
 endfacet
 facet normal 0.0 0.0 -1.0
  outer loop
   vertex 8.000000 21.200000 -21.850000
   vertex 10.500000 21.200000 -21.850000
   vertex 10.451963 20.712274 -21.850000
  endloop
 endfacet
 facet normal 0.0 0.0 -1.0
  outer loop
   vertex -36.000000 -14.000000 -31.850000
   vertex -34.000000 -6.000000 -31.850000
   vertex -34.000000 -14.000000 -31.850000
  endloop
 endfacet
 facet normal 0.0 0.0 -1.0
  outer loop
   vertex -36.000000 -14.000000 -31.850000
   vertex -36.000000 -6.000000 -31.850000
   vertex -34.000000 -6.000000 -31.850000
  endloop
 endfacet
 facet normal 0.0 0.0 1.0
  outer loop
   vertex -36.000000 -14.000000 -25.850000
   vertex -34.000000 -14.000000 -25.850000
   vertex -34.000000 -6.000000 -25.850000
  endloop
 endfacet
 facet normal 0.0 0.0 1.0
  outer loop
   vertex -36.000000 -14.000000 -25.850000
   vertex -34.000000 -6.000000 -25.850000
   vertex -36.000000 -6.000000 -25.850000
  endloop
 endfacet
 facet normal 0.0 -1.0 0.0
  outer loop
   vertex -36.000000 -14.000000 -31.850000
   vertex -34.000000 -14.000000 -31.850000
   vertex -34.000000 -14.000000 -25.850000
  endloop
 endfacet
 facet normal 0.0 -1.0 0.0
  outer loop
   vertex -36.000000 -14.000000 -31.850000
   vertex -34.000000 -14.000000 -25.850000
   vertex -36.000000 -14.000000 -25.850000
  endloop
 endfacet
 facet normal 1.0 0.0 0.0
  outer loop
   vertex -34.000000 -14.000000 -31.850000
   vertex -34.000000 -6.000000 -31.850000
   vertex -34.000000 -6.000000 -25.850000
  endloop
 endfacet
 facet normal 1.0 0.0 0.0
  outer loop
   vertex -34.000000 -14.000000 -31.850000
   vertex -34.000000 -6.000000 -25.850000
   vertex -34.000000 -14.000000 -25.850000
  endloop
 endfacet
 facet normal 0.0 1.0 0.0
  outer loop
   vertex -34.000000 -6.000000 -31.850000
   vertex -36.000000 -6.000000 -31.850000
   vertex -36.000000 -6.000000 -25.850000
  endloop
 endfacet
 facet normal 0.0 1.0 -0.0
  outer loop
   vertex -34.000000 -6.000000 -31.850000
   vertex -36.000000 -6.000000 -25.850000
   vertex -34.000000 -6.000000 -25.850000
  endloop
 endfacet
 facet normal -1.0 0.0 0.0
  outer loop
   vertex -36.000000 -6.000000 -31.850000
   vertex -36.000000 -14.000000 -31.850000
   vertex -36.000000 -14.000000 -25.850000
  endloop
 endfacet
 facet normal -1.0 0.0 0.0
  outer loop
   vertex -36.000000 -6.000000 -31.850000
   vertex -36.000000 -14.000000 -25.850000
   vertex -36.000000 -6.000000 -25.850000
  endloop
 endfacet
 facet normal 0.0 0.0 -1.0
  outer loop
   vertex 34.000000 -14.000000 -31.850000
   vertex 36.000000 -6.000000 -31.850000
   vertex 36.000000 -14.000000 -31.850000
  endloop
 endfacet
 facet normal 0.0 0.0 -1.0
  outer loop
   vertex 34.000000 -14.000000 -31.850000
   vertex 34.000000 -6.000000 -31.850000
   vertex 36.000000 -6.000000 -31.850000
  endloop
 endfacet
 facet normal 0.0 0.0 1.0
  outer loop
   vertex 34.000000 -14.000000 -25.850000
   vertex 36.000000 -14.000000 -25.850000
   vertex 36.000000 -6.000000 -25.850000
  endloop
 endfacet
 facet normal 0.0 0.0 1.0
  outer loop
   vertex 34.000000 -14.000000 -25.850000
   vertex 36.000000 -6.000000 -25.850000
   vertex 34.000000 -6.000000 -25.850000
  endloop
 endfacet
 facet normal 0.0 -1.0 0.0
  outer loop
   vertex 34.000000 -14.000000 -31.850000
   vertex 36.000000 -14.000000 -31.850000
   vertex 36.000000 -14.000000 -25.850000
  endloop
 endfacet
 facet normal 0.0 -1.0 0.0
  outer loop
   vertex 34.000000 -14.000000 -31.850000
   vertex 36.000000 -14.000000 -25.850000
   vertex 34.000000 -14.000000 -25.850000
  endloop
 endfacet
 facet normal 1.0 0.0 0.0
  outer loop
   vertex 36.000000 -14.000000 -31.850000
   vertex 36.000000 -6.000000 -31.850000
   vertex 36.000000 -6.000000 -25.850000
  endloop
 endfacet
 facet normal 1.0 0.0 0.0
  outer loop
   vertex 36.000000 -14.000000 -31.850000
   vertex 36.000000 -6.000000 -25.850000
   vertex 36.000000 -14.000000 -25.850000
  endloop
 endfacet
 facet normal 0.0 1.0 0.0
  outer loop
   vertex 36.000000 -6.000000 -31.850000
   vertex 34.000000 -6.000000 -31.850000
   vertex 34.000000 -6.000000 -25.850000
  endloop
 endfacet
 facet normal 0.0 1.0 -0.0
  outer loop
   vertex 36.000000 -6.000000 -31.850000
   vertex 34.000000 -6.000000 -25.850000
   vertex 36.000000 -6.000000 -25.850000
  endloop
 endfacet
 facet normal -1.0 0.0 0.0
  outer loop
   vertex 34.000000 -6.000000 -31.850000
   vertex 34.000000 -14.000000 -31.850000
   vertex 34.000000 -14.000000 -25.850000
  endloop
 endfacet
 facet normal -1.0 0.0 0.0
  outer loop
   vertex 34.000000 -6.000000 -31.850000
   vertex 34.000000 -14.000000 -25.850000
   vertex 34.000000 -6.000000 -25.850000
  endloop
 endfacet
 facet normal 0.0 0.0 -1.0
  outer loop
   vertex -36.000000 6.000000 -31.850000
   vertex -34.000000 14.000000 -31.850000
   vertex -34.000000 6.000000 -31.850000
  endloop
 endfacet
 facet normal 0.0 0.0 -1.0
  outer loop
   vertex -36.000000 6.000000 -31.850000
   vertex -36.000000 14.000000 -31.850000
   vertex -34.000000 14.000000 -31.850000
  endloop
 endfacet
 facet normal 0.0 0.0 1.0
  outer loop
   vertex -36.000000 6.000000 -25.850000
   vertex -34.000000 6.000000 -25.850000
   vertex -34.000000 14.000000 -25.850000
  endloop
 endfacet
 facet normal 0.0 0.0 1.0
  outer loop
   vertex -36.000000 6.000000 -25.850000
   vertex -34.000000 14.000000 -25.850000
   vertex -36.000000 14.000000 -25.850000
  endloop
 endfacet
 facet normal 0.0 -1.0 0.0
  outer loop
   vertex -36.000000 6.000000 -31.850000
   vertex -34.000000 6.000000 -31.850000
   vertex -34.000000 6.000000 -25.850000
  endloop
 endfacet
 facet normal 0.0 -1.0 0.0
  outer loop
   vertex -36.000000 6.000000 -31.850000
   vertex -34.000000 6.000000 -25.850000
   vertex -36.000000 6.000000 -25.850000
  endloop
 endfacet
 facet normal 1.0 0.0 0.0
  outer loop
   vertex -34.000000 6.000000 -31.850000
   vertex -34.000000 14.000000 -31.850000
   vertex -34.000000 14.000000 -25.850000
  endloop
 endfacet
 facet normal 1.0 0.0 0.0
  outer loop
   vertex -34.000000 6.000000 -31.850000
   vertex -34.000000 14.000000 -25.850000
   vertex -34.000000 6.000000 -25.850000
  endloop
 endfacet
 facet normal 0.0 1.0 0.0
  outer loop
   vertex -34.000000 14.000000 -31.850000
   vertex -36.000000 14.000000 -31.850000
   vertex -36.000000 14.000000 -25.850000
  endloop
 endfacet
 facet normal 0.0 1.0 -0.0
  outer loop
   vertex -34.000000 14.000000 -31.850000
   vertex -36.000000 14.000000 -25.850000
   vertex -34.000000 14.000000 -25.850000
  endloop
 endfacet
 facet normal -1.0 0.0 0.0
  outer loop
   vertex -36.000000 14.000000 -31.850000
   vertex -36.000000 6.000000 -31.850000
   vertex -36.000000 6.000000 -25.850000
  endloop
 endfacet
 facet normal -1.0 0.0 0.0
  outer loop
   vertex -36.000000 14.000000 -31.850000
   vertex -36.000000 6.000000 -25.850000
   vertex -36.000000 14.000000 -25.850000
  endloop
 endfacet
 facet normal 0.0 0.0 -1.0
  outer loop
   vertex 34.000000 6.000000 -31.850000
   vertex 36.000000 14.000000 -31.850000
   vertex 36.000000 6.000000 -31.850000
  endloop
 endfacet
 facet normal 0.0 0.0 -1.0
  outer loop
   vertex 34.000000 6.000000 -31.850000
   vertex 34.000000 14.000000 -31.850000
   vertex 36.000000 14.000000 -31.850000
  endloop
 endfacet
 facet normal 0.0 0.0 1.0
  outer loop
   vertex 34.000000 6.000000 -25.850000
   vertex 36.000000 6.000000 -25.850000
   vertex 36.000000 14.000000 -25.850000
  endloop
 endfacet
 facet normal 0.0 0.0 1.0
  outer loop
   vertex 34.000000 6.000000 -25.850000
   vertex 36.000000 14.000000 -25.850000
   vertex 34.000000 14.000000 -25.850000
  endloop
 endfacet
 facet normal 0.0 -1.0 0.0
  outer loop
   vertex 34.000000 6.000000 -31.850000
   vertex 36.000000 6.000000 -31.850000
   vertex 36.000000 6.000000 -25.850000
  endloop
 endfacet
 facet normal 0.0 -1.0 0.0
  outer loop
   vertex 34.000000 6.000000 -31.850000
   vertex 36.000000 6.000000 -25.850000
   vertex 34.000000 6.000000 -25.850000
  endloop
 endfacet
 facet normal 1.0 0.0 0.0
  outer loop
   vertex 36.000000 6.000000 -31.850000
   vertex 36.000000 14.000000 -31.850000
   vertex 36.000000 14.000000 -25.850000
  endloop
 endfacet
 facet normal 1.0 0.0 0.0
  outer loop
   vertex 36.000000 6.000000 -31.850000
   vertex 36.000000 14.000000 -25.850000
   vertex 36.000000 6.000000 -25.850000
  endloop
 endfacet
 facet normal 0.0 1.0 0.0
  outer loop
   vertex 36.000000 14.000000 -31.850000
   vertex 34.000000 14.000000 -31.850000
   vertex 34.000000 14.000000 -25.850000
  endloop
 endfacet
 facet normal 0.0 1.0 -0.0
  outer loop
   vertex 36.000000 14.000000 -31.850000
   vertex 34.000000 14.000000 -25.850000
   vertex 36.000000 14.000000 -25.850000
  endloop
 endfacet
 facet normal -1.0 0.0 0.0
  outer loop
   vertex 34.000000 14.000000 -31.850000
   vertex 34.000000 6.000000 -31.850000
   vertex 34.000000 6.000000 -25.850000
  endloop
 endfacet
 facet normal -1.0 0.0 0.0
  outer loop
   vertex 34.000000 14.000000 -31.850000
   vertex 34.000000 6.000000 -25.850000
   vertex 34.000000 14.000000 -25.850000
  endloop
 endfacet
 facet normal 0.0 0.0 -1.0
  outer loop
   vertex -32.500000 -33.270000 3.000000
   vertex -27.500000 -31.170000 3.000000
   vertex -27.500000 -33.270000 3.000000
  endloop
 endfacet
 facet normal 0.0 0.0 -1.0
  outer loop
   vertex -32.500000 -33.270000 3.000000
   vertex -32.500000 -31.170000 3.000000
   vertex -27.500000 -31.170000 3.000000
  endloop
 endfacet
 facet normal 0.0 0.0 1.0
  outer loop
   vertex -32.500000 -33.270000 21.000000
   vertex -27.500000 -33.270000 21.000000
   vertex -27.500000 -31.170000 21.000000
  endloop
 endfacet
 facet normal 0.0 0.0 1.0
  outer loop
   vertex -32.500000 -33.270000 21.000000
   vertex -27.500000 -31.170000 21.000000
   vertex -32.500000 -31.170000 21.000000
  endloop
 endfacet
 facet normal 0.0 -1.0 0.0
  outer loop
   vertex -32.500000 -33.270000 3.000000
   vertex -27.500000 -33.270000 3.000000
   vertex -27.500000 -33.270000 21.000000
  endloop
 endfacet
 facet normal 0.0 -1.0 0.0
  outer loop
   vertex -32.500000 -33.270000 3.000000
   vertex -27.500000 -33.270000 21.000000
   vertex -32.500000 -33.270000 21.000000
  endloop
 endfacet
 facet normal 1.0 0.0 0.0
  outer loop
   vertex -27.500000 -33.270000 3.000000
   vertex -27.500000 -31.170000 3.000000
   vertex -27.500000 -31.170000 21.000000
  endloop
 endfacet
 facet normal 1.0 0.0 0.0
  outer loop
   vertex -27.500000 -33.270000 3.000000
   vertex -27.500000 -31.170000 21.000000
   vertex -27.500000 -33.270000 21.000000
  endloop
 endfacet
 facet normal 0.0 1.0 0.0
  outer loop
   vertex -27.500000 -31.170000 3.000000
   vertex -32.500000 -31.170000 3.000000
   vertex -32.500000 -31.170000 21.000000
  endloop
 endfacet
 facet normal 0.0 1.0 -0.0
  outer loop
   vertex -27.500000 -31.170000 3.000000
   vertex -32.500000 -31.170000 21.000000
   vertex -27.500000 -31.170000 21.000000
  endloop
 endfacet
 facet normal -1.0 0.0 0.0
  outer loop
   vertex -32.500000 -31.170000 3.000000
   vertex -32.500000 -33.270000 3.000000
   vertex -32.500000 -33.270000 21.000000
  endloop
 endfacet
 facet normal -1.0 0.0 0.0
  outer loop
   vertex -32.500000 -31.170000 3.000000
   vertex -32.500000 -33.270000 21.000000
   vertex -32.500000 -31.170000 21.000000
  endloop
 endfacet
 facet normal 0.0 0.0 -1.0
  outer loop
   vertex -22.500000 -33.270000 3.000000
   vertex -17.500000 -31.170000 3.000000
   vertex -17.500000 -33.270000 3.000000
  endloop
 endfacet
 facet normal 0.0 0.0 -1.0
  outer loop
   vertex -22.500000 -33.270000 3.000000
   vertex -22.500000 -31.170000 3.000000
   vertex -17.500000 -31.170000 3.000000
  endloop
 endfacet
 facet normal 0.0 0.0 1.0
  outer loop
   vertex -22.500000 -33.270000 21.000000
   vertex -17.500000 -33.270000 21.000000
   vertex -17.500000 -31.170000 21.000000
  endloop
 endfacet
 facet normal 0.0 0.0 1.0
  outer loop
   vertex -22.500000 -33.270000 21.000000
   vertex -17.500000 -31.170000 21.000000
   vertex -22.500000 -31.170000 21.000000
  endloop
 endfacet
 facet normal 0.0 -1.0 0.0
  outer loop
   vertex -22.500000 -33.270000 3.000000
   vertex -17.500000 -33.270000 3.000000
   vertex -17.500000 -33.270000 21.000000
  endloop
 endfacet
 facet normal 0.0 -1.0 0.0
  outer loop
   vertex -22.500000 -33.270000 3.000000
   vertex -17.500000 -33.270000 21.000000
   vertex -22.500000 -33.270000 21.000000
  endloop
 endfacet
 facet normal 1.0 0.0 0.0
  outer loop
   vertex -17.500000 -33.270000 3.000000
   vertex -17.500000 -31.170000 3.000000
   vertex -17.500000 -31.170000 21.000000
  endloop
 endfacet
 facet normal 1.0 0.0 0.0
  outer loop
   vertex -17.500000 -33.270000 3.000000
   vertex -17.500000 -31.170000 21.000000
   vertex -17.500000 -33.270000 21.000000
  endloop
 endfacet
 facet normal 0.0 1.0 0.0
  outer loop
   vertex -17.500000 -31.170000 3.000000
   vertex -22.500000 -31.170000 3.000000
   vertex -22.500000 -31.170000 21.000000
  endloop
 endfacet
 facet normal 0.0 1.0 -0.0
  outer loop
   vertex -17.500000 -31.170000 3.000000
   vertex -22.500000 -31.170000 21.000000
   vertex -17.500000 -31.170000 21.000000
  endloop
 endfacet
 facet normal -1.0 0.0 0.0
  outer loop
   vertex -22.500000 -31.170000 3.000000
   vertex -22.500000 -33.270000 3.000000
   vertex -22.500000 -33.270000 21.000000
  endloop
 endfacet
 facet normal -1.0 0.0 0.0
  outer loop
   vertex -22.500000 -31.170000 3.000000
   vertex -22.500000 -33.270000 21.000000
   vertex -22.500000 -31.170000 21.000000
  endloop
 endfacet
 facet normal 0.0 0.0 -1.0
  outer loop
   vertex -12.500000 -33.270000 3.000000
   vertex -7.500000 -31.170000 3.000000
   vertex -7.500000 -33.270000 3.000000
  endloop
 endfacet
 facet normal 0.0 0.0 -1.0
  outer loop
   vertex -12.500000 -33.270000 3.000000
   vertex -12.500000 -31.170000 3.000000
   vertex -7.500000 -31.170000 3.000000
  endloop
 endfacet
 facet normal 0.0 0.0 1.0
  outer loop
   vertex -12.500000 -33.270000 21.000000
   vertex -7.500000 -33.270000 21.000000
   vertex -7.500000 -31.170000 21.000000
  endloop
 endfacet
 facet normal 0.0 0.0 1.0
  outer loop
   vertex -12.500000 -33.270000 21.000000
   vertex -7.500000 -31.170000 21.000000
   vertex -12.500000 -31.170000 21.000000
  endloop
 endfacet
 facet normal 0.0 -1.0 0.0
  outer loop
   vertex -12.500000 -33.270000 3.000000
   vertex -7.500000 -33.270000 3.000000
   vertex -7.500000 -33.270000 21.000000
  endloop
 endfacet
 facet normal 0.0 -1.0 0.0
  outer loop
   vertex -12.500000 -33.270000 3.000000
   vertex -7.500000 -33.270000 21.000000
   vertex -12.500000 -33.270000 21.000000
  endloop
 endfacet
 facet normal 1.0 0.0 0.0
  outer loop
   vertex -7.500000 -33.270000 3.000000
   vertex -7.500000 -31.170000 3.000000
   vertex -7.500000 -31.170000 21.000000
  endloop
 endfacet
 facet normal 1.0 0.0 0.0
  outer loop
   vertex -7.500000 -33.270000 3.000000
   vertex -7.500000 -31.170000 21.000000
   vertex -7.500000 -33.270000 21.000000
  endloop
 endfacet
 facet normal 0.0 1.0 0.0
  outer loop
   vertex -7.500000 -31.170000 3.000000
   vertex -12.500000 -31.170000 3.000000
   vertex -12.500000 -31.170000 21.000000
  endloop
 endfacet
 facet normal 0.0 1.0 -0.0
  outer loop
   vertex -7.500000 -31.170000 3.000000
   vertex -12.500000 -31.170000 21.000000
   vertex -7.500000 -31.170000 21.000000
  endloop
 endfacet
 facet normal -1.0 0.0 0.0
  outer loop
   vertex -12.500000 -31.170000 3.000000
   vertex -12.500000 -33.270000 3.000000
   vertex -12.500000 -33.270000 21.000000
  endloop
 endfacet
 facet normal -1.0 0.0 0.0
  outer loop
   vertex -12.500000 -31.170000 3.000000
   vertex -12.500000 -33.270000 21.000000
   vertex -12.500000 -31.170000 21.000000
  endloop
 endfacet
 facet normal 0.0 0.0 -1.0
  outer loop
   vertex -2.500000 -33.270000 3.000000
   vertex 2.500000 -31.170000 3.000000
   vertex 2.500000 -33.270000 3.000000
  endloop
 endfacet
 facet normal 0.0 0.0 -1.0
  outer loop
   vertex -2.500000 -33.270000 3.000000
   vertex -2.500000 -31.170000 3.000000
   vertex 2.500000 -31.170000 3.000000
  endloop
 endfacet
 facet normal 0.0 0.0 1.0
  outer loop
   vertex -2.500000 -33.270000 21.000000
   vertex 2.500000 -33.270000 21.000000
   vertex 2.500000 -31.170000 21.000000
  endloop
 endfacet
 facet normal 0.0 0.0 1.0
  outer loop
   vertex -2.500000 -33.270000 21.000000
   vertex 2.500000 -31.170000 21.000000
   vertex -2.500000 -31.170000 21.000000
  endloop
 endfacet
 facet normal 0.0 -1.0 0.0
  outer loop
   vertex -2.500000 -33.270000 3.000000
   vertex 2.500000 -33.270000 3.000000
   vertex 2.500000 -33.270000 21.000000
  endloop
 endfacet
 facet normal 0.0 -1.0 0.0
  outer loop
   vertex -2.500000 -33.270000 3.000000
   vertex 2.500000 -33.270000 21.000000
   vertex -2.500000 -33.270000 21.000000
  endloop
 endfacet
 facet normal 1.0 0.0 0.0
  outer loop
   vertex 2.500000 -33.270000 3.000000
   vertex 2.500000 -31.170000 3.000000
   vertex 2.500000 -31.170000 21.000000
  endloop
 endfacet
 facet normal 1.0 0.0 0.0
  outer loop
   vertex 2.500000 -33.270000 3.000000
   vertex 2.500000 -31.170000 21.000000
   vertex 2.500000 -33.270000 21.000000
  endloop
 endfacet
 facet normal 0.0 1.0 0.0
  outer loop
   vertex 2.500000 -31.170000 3.000000
   vertex -2.500000 -31.170000 3.000000
   vertex -2.500000 -31.170000 21.000000
  endloop
 endfacet
 facet normal 0.0 1.0 -0.0
  outer loop
   vertex 2.500000 -31.170000 3.000000
   vertex -2.500000 -31.170000 21.000000
   vertex 2.500000 -31.170000 21.000000
  endloop
 endfacet
 facet normal -1.0 0.0 0.0
  outer loop
   vertex -2.500000 -31.170000 3.000000
   vertex -2.500000 -33.270000 3.000000
   vertex -2.500000 -33.270000 21.000000
  endloop
 endfacet
 facet normal -1.0 0.0 0.0
  outer loop
   vertex -2.500000 -31.170000 3.000000
   vertex -2.500000 -33.270000 21.000000
   vertex -2.500000 -31.170000 21.000000
  endloop
 endfacet
 facet normal 0.0 0.0 -1.0
  outer loop
   vertex 7.500000 -33.270000 3.000000
   vertex 12.500000 -31.170000 3.000000
   vertex 12.500000 -33.270000 3.000000
  endloop
 endfacet
 facet normal 0.0 0.0 -1.0
  outer loop
   vertex 7.500000 -33.270000 3.000000
   vertex 7.500000 -31.170000 3.000000
   vertex 12.500000 -31.170000 3.000000
  endloop
 endfacet
 facet normal 0.0 0.0 1.0
  outer loop
   vertex 7.500000 -33.270000 21.000000
   vertex 12.500000 -33.270000 21.000000
   vertex 12.500000 -31.170000 21.000000
  endloop
 endfacet
 facet normal 0.0 0.0 1.0
  outer loop
   vertex 7.500000 -33.270000 21.000000
   vertex 12.500000 -31.170000 21.000000
   vertex 7.500000 -31.170000 21.000000
  endloop
 endfacet
 facet normal 0.0 -1.0 0.0
  outer loop
   vertex 7.500000 -33.270000 3.000000
   vertex 12.500000 -33.270000 3.000000
   vertex 12.500000 -33.270000 21.000000
  endloop
 endfacet
 facet normal 0.0 -1.0 0.0
  outer loop
   vertex 7.500000 -33.270000 3.000000
   vertex 12.500000 -33.270000 21.000000
   vertex 7.500000 -33.270000 21.000000
  endloop
 endfacet
 facet normal 1.0 0.0 0.0
  outer loop
   vertex 12.500000 -33.270000 3.000000
   vertex 12.500000 -31.170000 3.000000
   vertex 12.500000 -31.170000 21.000000
  endloop
 endfacet
 facet normal 1.0 0.0 0.0
  outer loop
   vertex 12.500000 -33.270000 3.000000
   vertex 12.500000 -31.170000 21.000000
   vertex 12.500000 -33.270000 21.000000
  endloop
 endfacet
 facet normal 0.0 1.0 0.0
  outer loop
   vertex 12.500000 -31.170000 3.000000
   vertex 7.500000 -31.170000 3.000000
   vertex 7.500000 -31.170000 21.000000
  endloop
 endfacet
 facet normal 0.0 1.0 -0.0
  outer loop
   vertex 12.500000 -31.170000 3.000000
   vertex 7.500000 -31.170000 21.000000
   vertex 12.500000 -31.170000 21.000000
  endloop
 endfacet
 facet normal -1.0 0.0 0.0
  outer loop
   vertex 7.500000 -31.170000 3.000000
   vertex 7.500000 -33.270000 3.000000
   vertex 7.500000 -33.270000 21.000000
  endloop
 endfacet
 facet normal -1.0 0.0 0.0
  outer loop
   vertex 7.500000 -31.170000 3.000000
   vertex 7.500000 -33.270000 21.000000
   vertex 7.500000 -31.170000 21.000000
  endloop
 endfacet
 facet normal 0.0 0.0 -1.0
  outer loop
   vertex 17.500000 -33.270000 3.000000
   vertex 22.500000 -31.170000 3.000000
   vertex 22.500000 -33.270000 3.000000
  endloop
 endfacet
 facet normal 0.0 0.0 -1.0
  outer loop
   vertex 17.500000 -33.270000 3.000000
   vertex 17.500000 -31.170000 3.000000
   vertex 22.500000 -31.170000 3.000000
  endloop
 endfacet
 facet normal 0.0 0.0 1.0
  outer loop
   vertex 17.500000 -33.270000 21.000000
   vertex 22.500000 -33.270000 21.000000
   vertex 22.500000 -31.170000 21.000000
  endloop
 endfacet
 facet normal 0.0 0.0 1.0
  outer loop
   vertex 17.500000 -33.270000 21.000000
   vertex 22.500000 -31.170000 21.000000
   vertex 17.500000 -31.170000 21.000000
  endloop
 endfacet
 facet normal 0.0 -1.0 0.0
  outer loop
   vertex 17.500000 -33.270000 3.000000
   vertex 22.500000 -33.270000 3.000000
   vertex 22.500000 -33.270000 21.000000
  endloop
 endfacet
 facet normal 0.0 -1.0 0.0
  outer loop
   vertex 17.500000 -33.270000 3.000000
   vertex 22.500000 -33.270000 21.000000
   vertex 17.500000 -33.270000 21.000000
  endloop
 endfacet
 facet normal 1.0 0.0 0.0
  outer loop
   vertex 22.500000 -33.270000 3.000000
   vertex 22.500000 -31.170000 3.000000
   vertex 22.500000 -31.170000 21.000000
  endloop
 endfacet
 facet normal 1.0 0.0 0.0
  outer loop
   vertex 22.500000 -33.270000 3.000000
   vertex 22.500000 -31.170000 21.000000
   vertex 22.500000 -33.270000 21.000000
  endloop
 endfacet
 facet normal 0.0 1.0 0.0
  outer loop
   vertex 22.500000 -31.170000 3.000000
   vertex 17.500000 -31.170000 3.000000
   vertex 17.500000 -31.170000 21.000000
  endloop
 endfacet
 facet normal 0.0 1.0 -0.0
  outer loop
   vertex 22.500000 -31.170000 3.000000
   vertex 17.500000 -31.170000 21.000000
   vertex 22.500000 -31.170000 21.000000
  endloop
 endfacet
 facet normal -1.0 0.0 0.0
  outer loop
   vertex 17.500000 -31.170000 3.000000
   vertex 17.500000 -33.270000 3.000000
   vertex 17.500000 -33.270000 21.000000
  endloop
 endfacet
 facet normal -1.0 0.0 0.0
  outer loop
   vertex 17.500000 -31.170000 3.000000
   vertex 17.500000 -33.270000 21.000000
   vertex 17.500000 -31.170000 21.000000
  endloop
 endfacet
 facet normal 0.0 0.0 -1.0
  outer loop
   vertex 27.500000 -33.270000 3.000000
   vertex 32.500000 -31.170000 3.000000
   vertex 32.500000 -33.270000 3.000000
  endloop
 endfacet
 facet normal 0.0 0.0 -1.0
  outer loop
   vertex 27.500000 -33.270000 3.000000
   vertex 27.500000 -31.170000 3.000000
   vertex 32.500000 -31.170000 3.000000
  endloop
 endfacet
 facet normal 0.0 0.0 1.0
  outer loop
   vertex 27.500000 -33.270000 21.000000
   vertex 32.500000 -33.270000 21.000000
   vertex 32.500000 -31.170000 21.000000
  endloop
 endfacet
 facet normal 0.0 0.0 1.0
  outer loop
   vertex 27.500000 -33.270000 21.000000
   vertex 32.500000 -31.170000 21.000000
   vertex 27.500000 -31.170000 21.000000
  endloop
 endfacet
 facet normal 0.0 -1.0 0.0
  outer loop
   vertex 27.500000 -33.270000 3.000000
   vertex 32.500000 -33.270000 3.000000
   vertex 32.500000 -33.270000 21.000000
  endloop
 endfacet
 facet normal 0.0 -1.0 0.0
  outer loop
   vertex 27.500000 -33.270000 3.000000
   vertex 32.500000 -33.270000 21.000000
   vertex 27.500000 -33.270000 21.000000
  endloop
 endfacet
 facet normal 1.0 0.0 0.0
  outer loop
   vertex 32.500000 -33.270000 3.000000
   vertex 32.500000 -31.170000 3.000000
   vertex 32.500000 -31.170000 21.000000
  endloop
 endfacet
 facet normal 1.0 0.0 0.0
  outer loop
   vertex 32.500000 -33.270000 3.000000
   vertex 32.500000 -31.170000 21.000000
   vertex 32.500000 -33.270000 21.000000
  endloop
 endfacet
 facet normal 0.0 1.0 0.0
  outer loop
   vertex 32.500000 -31.170000 3.000000
   vertex 27.500000 -31.170000 3.000000
   vertex 27.500000 -31.170000 21.000000
  endloop
 endfacet
 facet normal 0.0 1.0 -0.0
  outer loop
   vertex 32.500000 -31.170000 3.000000
   vertex 27.500000 -31.170000 21.000000
   vertex 32.500000 -31.170000 21.000000
  endloop
 endfacet
 facet normal -1.0 0.0 0.0
  outer loop
   vertex 27.500000 -31.170000 3.000000
   vertex 27.500000 -33.270000 3.000000
   vertex 27.500000 -33.270000 21.000000
  endloop
 endfacet
 facet normal -1.0 0.0 0.0
  outer loop
   vertex 27.500000 -31.170000 3.000000
   vertex 27.500000 -33.270000 21.000000
   vertex 27.500000 -31.170000 21.000000
  endloop
 endfacet
endsolid enclosure_base
