solid step02_battery_assembly
 facet normal 0 0.999465 0.0327192
  outer loop
   vertex -32.600000 0.000000 -18.400000
   vertex -32.600000 -0.019698 -17.798291
   vertex 32.600000 -0.019698 -17.798291
  endloop
 endfacet
 facet normal -0 0.999465 0.0327192
  outer loop
   vertex -32.600000 0.000000 -18.400000
   vertex 32.600000 -0.019698 -17.798291
   vertex 32.600000 0.000000 -18.400000
  endloop
 endfacet
 facet normal -1 0 0
  outer loop
   vertex -32.600000 -9.200000 -18.400000
   vertex -32.600000 -0.019698 -17.798291
   vertex -32.600000 0.000000 -18.400000
  endloop
 endfacet
 facet normal 1 0 0
  outer loop
   vertex 32.600000 -9.200000 -18.400000
   vertex 32.600000 0.000000 -18.400000
   vertex 32.600000 -0.019698 -17.798291
  endloop
 endfacet
 facet normal 0 0.995185 0.0980166
  outer loop
   vertex -32.600000 -0.019698 -17.798291
   vertex -32.600000 -0.078707 -17.199159
   vertex 32.600000 -0.078707 -17.199159
  endloop
 endfacet
 facet normal -0 0.995185 0.0980166
  outer loop
   vertex -32.600000 -0.019698 -17.798291
   vertex 32.600000 -0.078707 -17.199159
   vertex 32.600000 -0.019698 -17.798291
  endloop
 endfacet
 facet normal -1 0 0
  outer loop
   vertex -32.600000 -9.200000 -18.400000
   vertex -32.600000 -0.078707 -17.199159
   vertex -32.600000 -0.019698 -17.798291
  endloop
 endfacet
 facet normal 1 0 0
  outer loop
   vertex 32.600000 -9.200000 -18.400000
   vertex 32.600000 -0.019698 -17.798291
   vertex 32.600000 -0.078707 -17.199159
  endloop
 endfacet
 facet normal 0 0.986643 0.162895
  outer loop
   vertex -32.600000 -0.078707 -17.199159
   vertex -32.600000 -0.176775 -16.605169
   vertex 32.600000 -0.176775 -16.605169
  endloop
 endfacet
 facet normal -0 0.986643 0.162895
  outer loop
   vertex -32.600000 -0.078707 -17.199159
   vertex 32.600000 -0.176775 -16.605169
   vertex 32.600000 -0.078707 -17.199159
  endloop
 endfacet
 facet normal -1 0 0
  outer loop
   vertex -32.600000 -9.200000 -18.400000
   vertex -32.600000 -0.176775 -16.605169
   vertex -32.600000 -0.078707 -17.199159
  endloop
 endfacet
 facet normal 1 0 0
  outer loop
   vertex 32.600000 -9.200000 -18.400000
   vertex 32.600000 -0.078707 -17.199159
   vertex 32.600000 -0.176775 -16.605169
  endloop
 endfacet
 facet normal 0 0.973877 0.227076
  outer loop
   vertex -32.600000 -0.176775 -16.605169
   vertex -32.600000 -0.313482 -16.018865
   vertex 32.600000 -0.313482 -16.018865
  endloop
 endfacet
 facet normal -0 0.973877 0.227076
  outer loop
   vertex -32.600000 -0.176775 -16.605169
   vertex 32.600000 -0.313482 -16.018865
   vertex 32.600000 -0.176775 -16.605169
  endloop
 endfacet
 facet normal -1 0 0
  outer loop
   vertex -32.600000 -9.200000 -18.400000
   vertex -32.600000 -0.313482 -16.018865
   vertex -32.600000 -0.176775 -16.605169
  endloop
 endfacet
 facet normal 1 0 0
  outer loop
   vertex 32.600000 -9.200000 -18.400000
   vertex 32.600000 -0.176775 -16.605169
   vertex 32.600000 -0.313482 -16.018865
  endloop
 endfacet
 facet normal 0 0.95694 0.290286
  outer loop
   vertex -32.600000 -0.313482 -16.018865
   vertex -32.600000 -0.488243 -15.442757
   vertex 32.600000 -0.488243 -15.442757
  endloop
 endfacet
 facet normal -0 0.95694 0.290286
  outer loop
   vertex -32.600000 -0.313482 -16.018865
   vertex 32.600000 -0.488243 -15.442757
   vertex 32.600000 -0.313482 -16.018865
  endloop
 endfacet
 facet normal -1 0 0
  outer loop
   vertex -32.600000 -9.200000 -18.400000
   vertex -32.600000 -0.488243 -15.442757
   vertex -32.600000 -0.313482 -16.018865
  endloop
 endfacet
 facet normal 1 0 0
  outer loop
   vertex 32.600000 -9.200000 -18.400000
   vertex 32.600000 -0.313482 -16.018865
   vertex 32.600000 -0.488243 -15.442757
  endloop
 endfacet
 facet normal 0 0.935906 0.352249
  outer loop
   vertex -32.600000 -0.488243 -15.442757
   vertex -32.600000 -0.700308 -14.879312
   vertex 32.600000 -0.700308 -14.879312
  endloop
 endfacet
 facet normal -0 0.935906 0.352249
  outer loop
   vertex -32.600000 -0.488243 -15.442757
   vertex 32.600000 -0.700308 -14.879312
   vertex 32.600000 -0.488243 -15.442757
  endloop
 endfacet
 facet normal -1 0 0
  outer loop
   vertex -32.600000 -9.200000 -18.400000
   vertex -32.600000 -0.700308 -14.879312
   vertex -32.600000 -0.488243 -15.442757
  endloop
 endfacet
 facet normal 1 0 0
  outer loop
   vertex 32.600000 -9.200000 -18.400000
   vertex 32.600000 -0.488243 -15.442757
   vertex 32.600000 -0.700308 -14.879312
  endloop
 endfacet
 facet normal 0 0.910863 0.412708
  outer loop
   vertex -32.600000 -0.700308 -14.879312
   vertex -32.600000 -0.948771 -14.330944
   vertex 32.600000 -0.948771 -14.330944
  endloop
 endfacet
 facet normal -0 0.910863 0.412708
  outer loop
   vertex -32.600000 -0.700308 -14.879312
   vertex 32.600000 -0.948771 -14.330944
   vertex 32.600000 -0.700308 -14.879312
  endloop
 endfacet
 facet normal -1 0 0
  outer loop
   vertex -32.600000 -9.200000 -18.400000
   vertex -32.600000 -0.948771 -14.330944
   vertex -32.600000 -0.700308 -14.879312
  endloop
 endfacet
 facet normal 1 0 0
  outer loop
   vertex 32.600000 -9.200000 -18.400000
   vertex 32.600000 -0.700308 -14.879312
   vertex 32.600000 -0.948771 -14.330944
  endloop
 endfacet
 facet normal 0 0.881922 0.471396
  outer loop
   vertex -32.600000 -0.948771 -14.330944
   vertex -32.600000 -1.232566 -13.800000
   vertex 32.600000 -1.232566 -13.800000
  endloop
 endfacet
 facet normal -0 0.881922 0.471396
  outer loop
   vertex -32.600000 -0.948771 -14.330944
   vertex 32.600000 -1.232566 -13.800000
   vertex 32.600000 -0.948771 -14.330944
  endloop
 endfacet
 facet normal -1 0 0
  outer loop
   vertex -32.600000 -9.200000 -18.400000
   vertex -32.600000 -1.232566 -13.800000
   vertex -32.600000 -0.948771 -14.330944
  endloop
 endfacet
 facet normal 1 0 0
  outer loop
   vertex 32.600000 -9.200000 -18.400000
   vertex 32.600000 -0.948771 -14.330944
   vertex 32.600000 -1.232566 -13.800000
  endloop
 endfacet
 facet normal 0 0.849202 0.528069
  outer loop
   vertex -32.600000 -1.232566 -13.800000
   vertex -32.600000 -1.550480 -13.288754
   vertex 32.600000 -1.550480 -13.288754
  endloop
 endfacet
 facet normal -0 0.849202 0.528069
  outer loop
   vertex -32.600000 -1.232566 -13.800000
   vertex 32.600000 -1.550480 -13.288754
   vertex 32.600000 -1.232566 -13.800000
  endloop
 endfacet
 facet normal -1 0 0
  outer loop
   vertex -32.600000 -9.200000 -18.400000
   vertex -32.600000 -1.550480 -13.288754
   vertex -32.600000 -1.232566 -13.800000
  endloop
 endfacet
 facet normal 1 0 0
  outer loop
   vertex 32.600000 -9.200000 -18.400000
   vertex 32.600000 -1.232566 -13.800000
   vertex 32.600000 -1.550480 -13.288754
  endloop
 endfacet
 facet normal 0 0.812847 0.582477
  outer loop
   vertex -32.600000 -1.550480 -13.288754
   vertex -32.600000 -1.901149 -12.799395
   vertex 32.600000 -1.901149 -12.799395
  endloop
 endfacet
 facet normal -0 0.812847 0.582477
  outer loop
   vertex -32.600000 -1.550480 -13.288754
   vertex 32.600000 -1.901149 -12.799395
   vertex 32.600000 -1.550480 -13.288754
  endloop
 endfacet
 facet normal -1 0 0
  outer loop
   vertex -32.600000 -9.200000 -18.400000
   vertex -32.600000 -1.901149 -12.799395
   vertex -32.600000 -1.550480 -13.288754
  endloop
 endfacet
 facet normal 1 0 0
  outer loop
   vertex 32.600000 -9.200000 -18.400000
   vertex 32.600000 -1.550480 -13.288754
   vertex 32.600000 -1.901149 -12.799395
  endloop
 endfacet
 facet normal 0 0.77301 0.634394
  outer loop
   vertex -32.600000 -1.901149 -12.799395
   vertex -32.600000 -2.283074 -12.334019
   vertex 32.600000 -2.283074 -12.334019
  endloop
 endfacet
 facet normal -0 0.77301 0.634394
  outer loop
   vertex -32.600000 -1.901149 -12.799395
   vertex 32.600000 -2.283074 -12.334019
   vertex 32.600000 -1.901149 -12.799395
  endloop
 endfacet
 facet normal -1 0 0
  outer loop
   vertex -32.600000 -9.200000 -18.400000
   vertex -32.600000 -2.283074 -12.334019
   vertex -32.600000 -1.901149 -12.799395
  endloop
 endfacet
 facet normal 1 0 0
  outer loop
   vertex 32.600000 -9.200000 -18.400000
   vertex 32.600000 -1.901149 -12.799395
   vertex 32.600000 -2.283074 -12.334019
  endloop
 endfacet
 facet normal 0 0.729864 0.683592
  outer loop
   vertex -32.600000 -2.283074 -12.334019
   vertex -32.600000 -2.694618 -11.894618
   vertex 32.600000 -2.694618 -11.894618
  endloop
 endfacet
 facet normal -0 0.729864 0.683592
  outer loop
   vertex -32.600000 -2.283074 -12.334019
   vertex 32.600000 -2.694618 -11.894618
   vertex 32.600000 -2.283074 -12.334019
  endloop
 endfacet
 facet normal -1 0 0
  outer loop
   vertex -32.600000 -9.200000 -18.400000
   vertex -32.600000 -2.694618 -11.894618
   vertex -32.600000 -2.283074 -12.334019
  endloop
 endfacet
 facet normal 1 0 0
  outer loop
   vertex 32.600000 -9.200000 -18.400000
   vertex 32.600000 -2.283074 -12.334019
   vertex 32.600000 -2.694618 -11.894618
  endloop
 endfacet
 facet normal 0 0.683592 0.729864
  outer loop
   vertex -32.600000 -2.694618 -11.894618
   vertex -32.600000 -3.134019 -11.483074
   vertex 32.600000 -3.134019 -11.483074
  endloop
 endfacet
 facet normal -0 0.683592 0.729864
  outer loop
   vertex -32.600000 -2.694618 -11.894618
   vertex 32.600000 -3.134019 -11.483074
   vertex 32.600000 -2.694618 -11.894618
  endloop
 endfacet
 facet normal -1 0 0
  outer loop
   vertex -32.600000 -9.200000 -18.400000
   vertex -32.600000 -3.134019 -11.483074
   vertex -32.600000 -2.694618 -11.894618
  endloop
 endfacet
 facet normal 1 0 0
  outer loop
   vertex 32.600000 -9.200000 -18.400000
   vertex 32.600000 -2.694618 -11.894618
   vertex 32.600000 -3.134019 -11.483074
  endloop
 endfacet
 facet normal 0 0.634394 0.77301
  outer loop
   vertex -32.600000 -3.134019 -11.483074
   vertex -32.600000 -3.599395 -11.101149
   vertex 32.600000 -3.599395 -11.101149
  endloop
 endfacet
 facet normal -0 0.634394 0.77301
  outer loop
   vertex -32.600000 -3.134019 -11.483074
   vertex 32.600000 -3.599395 -11.101149
   vertex 32.600000 -3.134019 -11.483074
  endloop
 endfacet
 facet normal -1 0 0
  outer loop
   vertex -32.600000 -9.200000 -18.400000
   vertex -32.600000 -3.599395 -11.101149
   vertex -32.600000 -3.134019 -11.483074
  endloop
 endfacet
 facet normal 1 0 0
  outer loop
   vertex 32.600000 -9.200000 -18.400000
   vertex 32.600000 -3.134019 -11.483074
   vertex 32.600000 -3.599395 -11.101149
  endloop
 endfacet
 facet normal 0 0.582477 0.812847
  outer loop
   vertex -32.600000 -3.599395 -11.101149
   vertex -32.600000 -4.088754 -10.750480
   vertex 32.600000 -4.088754 -10.750480
  endloop
 endfacet
 facet normal -0 0.582477 0.812847
  outer loop
   vertex -32.600000 -3.599395 -11.101149
   vertex 32.600000 -4.088754 -10.750480
   vertex 32.600000 -3.599395 -11.101149
  endloop
 endfacet
 facet normal -1 0 0
  outer loop
   vertex -32.600000 -9.200000 -18.400000
   vertex -32.600000 -4.088754 -10.750480
   vertex -32.600000 -3.599395 -11.101149
  endloop
 endfacet
 facet normal 1 0 0
  outer loop
   vertex 32.600000 -9.200000 -18.400000
   vertex 32.600000 -3.599395 -11.101149
   vertex 32.600000 -4.088754 -10.750480
  endloop
 endfacet
 facet normal 0 0.528069 0.849202
  outer loop
   vertex -32.600000 -4.088754 -10.750480
   vertex -32.600000 -4.600000 -10.432566
   vertex 32.600000 -4.600000 -10.432566
  endloop
 endfacet
 facet normal -0 0.528069 0.849202
  outer loop
   vertex -32.600000 -4.088754 -10.750480
   vertex 32.600000 -4.600000 -10.432566
   vertex 32.600000 -4.088754 -10.750480
  endloop
 endfacet
 facet normal -1 0 0
  outer loop
   vertex -32.600000 -9.200000 -18.400000
   vertex -32.600000 -4.600000 -10.432566
   vertex -32.600000 -4.088754 -10.750480
  endloop
 endfacet
 facet normal 1 0 0
  outer loop
   vertex 32.600000 -9.200000 -18.400000
   vertex 32.600000 -4.088754 -10.750480
   vertex 32.600000 -4.600000 -10.432566
  endloop
 endfacet
 facet normal 0 0.471396 0.881922
  outer loop
   vertex -32.600000 -4.600000 -10.432566
   vertex -32.600000 -5.130944 -10.148771
   vertex 32.600000 -5.130944 -10.148771
  endloop
 endfacet
 facet normal -0 0.471396 0.881922
  outer loop
   vertex -32.600000 -4.600000 -10.432566
   vertex 32.600000 -5.130944 -10.148771
   vertex 32.600000 -4.600000 -10.432566
  endloop
 endfacet
 facet normal -1 0 0
  outer loop
   vertex -32.600000 -9.200000 -18.400000
   vertex -32.600000 -5.130944 -10.148771
   vertex -32.600000 -4.600000 -10.432566
  endloop
 endfacet
 facet normal 1 0 0
  outer loop
   vertex 32.600000 -9.200000 -18.400000
   vertex 32.600000 -4.600000 -10.432566
   vertex 32.600000 -5.130944 -10.148771
  endloop
 endfacet
 facet normal 0 0.412708 0.910863
  outer loop
   vertex -32.600000 -5.130944 -10.148771
   vertex -32.600000 -5.679312 -9.900308
   vertex 32.600000 -5.679312 -9.900308
  endloop
 endfacet
 facet normal -0 0.412708 0.910863
  outer loop
   vertex -32.600000 -5.130944 -10.148771
   vertex 32.600000 -5.679312 -9.900308
   vertex 32.600000 -5.130944 -10.148771
  endloop
 endfacet
 facet normal -1 0 0
  outer loop
   vertex -32.600000 -9.200000 -18.400000
   vertex -32.600000 -5.679312 -9.900308
   vertex -32.600000 -5.130944 -10.148771
  endloop
 endfacet
 facet normal 1 0 0
  outer loop
   vertex 32.600000 -9.200000 -18.400000
   vertex 32.600000 -5.130944 -10.148771
   vertex 32.600000 -5.679312 -9.900308
  endloop
 endfacet
 facet normal 0 0.352249 0.935906
  outer loop
   vertex -32.600000 -5.679312 -9.900308
   vertex -32.600000 -6.242757 -9.688243
   vertex 32.600000 -6.242757 -9.688243
  endloop
 endfacet
 facet normal -0 0.352249 0.935906
  outer loop
   vertex -32.600000 -5.679312 -9.900308
   vertex 32.600000 -6.242757 -9.688243
   vertex 32.600000 -5.679312 -9.900308
  endloop
 endfacet
 facet normal -1 0 0
  outer loop
   vertex -32.600000 -9.200000 -18.400000
   vertex -32.600000 -6.242757 -9.688243
   vertex -32.600000 -5.679312 -9.900308
  endloop
 endfacet
 facet normal 1 0 0
  outer loop
   vertex 32.600000 -9.200000 -18.400000
   vertex 32.600000 -5.679312 -9.900308
   vertex 32.600000 -6.242757 -9.688243
  endloop
 endfacet
 facet normal 0 0.290286 0.95694
  outer loop
   vertex -32.600000 -6.242757 -9.688243
   vertex -32.600000 -6.818865 -9.513482
   vertex 32.600000 -6.818865 -9.513482
  endloop
 endfacet
 facet normal -0 0.290286 0.95694
  outer loop
   vertex -32.600000 -6.242757 -9.688243
   vertex 32.600000 -6.818865 -9.513482
   vertex 32.600000 -6.242757 -9.688243
  endloop
 endfacet
 facet normal -1 0 0
  outer loop
   vertex -32.600000 -9.200000 -18.400000
   vertex -32.600000 -6.818865 -9.513482
   vertex -32.600000 -6.242757 -9.688243
  endloop
 endfacet
 facet normal 1 0 0
  outer loop
   vertex 32.600000 -9.200000 -18.400000
   vertex 32.600000 -6.242757 -9.688243
   vertex 32.600000 -6.818865 -9.513482
  endloop
 endfacet
 facet normal 0 0.227076 0.973877
  outer loop
   vertex -32.600000 -6.818865 -9.513482
   vertex -32.600000 -7.405169 -9.376775
   vertex 32.600000 -7.405169 -9.376775
  endloop
 endfacet
 facet normal -0 0.227076 0.973877
  outer loop
   vertex -32.600000 -6.818865 -9.513482
   vertex 32.600000 -7.405169 -9.376775
   vertex 32.600000 -6.818865 -9.513482
  endloop
 endfacet
 facet normal -1 0 0
  outer loop
   vertex -32.600000 -9.200000 -18.400000
   vertex -32.600000 -7.405169 -9.376775
   vertex -32.600000 -6.818865 -9.513482
  endloop
 endfacet
 facet normal 1 0 0
  outer loop
   vertex 32.600000 -9.200000 -18.400000
   vertex 32.600000 -6.818865 -9.513482
   vertex 32.600000 -7.405169 -9.376775
  endloop
 endfacet
 facet normal 0 0.162895 0.986643
  outer loop
   vertex -32.600000 -7.405169 -9.376775
   vertex -32.600000 -7.999159 -9.278707
   vertex 32.600000 -7.999159 -9.278707
  endloop
 endfacet
 facet normal -0 0.162895 0.986643
  outer loop
   vertex -32.600000 -7.405169 -9.376775
   vertex 32.600000 -7.999159 -9.278707
   vertex 32.600000 -7.405169 -9.376775
  endloop
 endfacet
 facet normal -1 0 0
  outer loop
   vertex -32.600000 -9.200000 -18.400000
   vertex -32.600000 -7.999159 -9.278707
   vertex -32.600000 -7.405169 -9.376775
  endloop
 endfacet
 facet normal 1 0 0
  outer loop
   vertex 32.600000 -9.200000 -18.400000
   vertex 32.600000 -7.405169 -9.376775
   vertex 32.600000 -7.999159 -9.278707
  endloop
 endfacet
 facet normal 0 0.0980166 0.995185
  outer loop
   vertex -32.600000 -7.999159 -9.278707
   vertex -32.600000 -8.598291 -9.219698
   vertex 32.600000 -8.598291 -9.219698
  endloop
 endfacet
 facet normal -0 0.0980166 0.995185
  outer loop
   vertex -32.600000 -7.999159 -9.278707
   vertex 32.600000 -8.598291 -9.219698
   vertex 32.600000 -7.999159 -9.278707
  endloop
 endfacet
 facet normal -1 0 0
  outer loop
   vertex -32.600000 -9.200000 -18.400000
   vertex -32.600000 -8.598291 -9.219698
   vertex -32.600000 -7.999159 -9.278707
  endloop
 endfacet
 facet normal 1 0 0
  outer loop
   vertex 32.600000 -9.200000 -18.400000
   vertex 32.600000 -7.999159 -9.278707
   vertex 32.600000 -8.598291 -9.219698
  endloop
 endfacet
 facet normal 0 0.0327192 0.999465
  outer loop
   vertex -32.600000 -8.598291 -9.219698
   vertex -32.600000 -9.200000 -9.200000
   vertex 32.600000 -9.200000 -9.200000
  endloop
 endfacet
 facet normal -0 0.0327192 0.999465
  outer loop
   vertex -32.600000 -8.598291 -9.219698
   vertex 32.600000 -9.200000 -9.200000
   vertex 32.600000 -8.598291 -9.219698
  endloop
 endfacet
 facet normal -1 0 0
  outer loop
   vertex -32.600000 -9.200000 -18.400000
   vertex -32.600000 -9.200000 -9.200000
   vertex -32.600000 -8.598291 -9.219698
  endloop
 endfacet
 facet normal 1 0 0
  outer loop
   vertex 32.600000 -9.200000 -18.400000
   vertex 32.600000 -8.598291 -9.219698
   vertex 32.600000 -9.200000 -9.200000
  endloop
 endfacet
 facet normal 0 -0.0327192 0.999465
  outer loop
   vertex -32.600000 -9.200000 -9.200000
   vertex -32.600000 -9.801709 -9.219698
   vertex 32.600000 -9.801709 -9.219698
  endloop
 endfacet
 facet normal 0 -0.0327192 0.999465
  outer loop
   vertex -32.600000 -9.200000 -9.200000
   vertex 32.600000 -9.801709 -9.219698
   vertex 32.600000 -9.200000 -9.200000
  endloop
 endfacet
 facet normal -1 0 0
  outer loop
   vertex -32.600000 -9.200000 -18.400000
   vertex -32.600000 -9.801709 -9.219698
   vertex -32.600000 -9.200000 -9.200000
  endloop
 endfacet
 facet normal 1 0 -0
  outer loop
   vertex 32.600000 -9.200000 -18.400000
   vertex 32.600000 -9.200000 -9.200000
   vertex 32.600000 -9.801709 -9.219698
  endloop
 endfacet
 facet normal 0 -0.0980166 0.995185
  outer loop
   vertex -32.600000 -9.801709 -9.219698
   vertex -32.600000 -10.400841 -9.278707
   vertex 32.600000 -10.400841 -9.278707
  endloop
 endfacet
 facet normal 0 -0.0980166 0.995185
  outer loop
   vertex -32.600000 -9.801709 -9.219698
   vertex 32.600000 -10.400841 -9.278707
   vertex 32.600000 -9.801709 -9.219698
  endloop
 endfacet
 facet normal -1 0 0
  outer loop
   vertex -32.600000 -9.200000 -18.400000
   vertex -32.600000 -10.400841 -9.278707
   vertex -32.600000 -9.801709 -9.219698
  endloop
 endfacet
 facet normal 1 0 0
  outer loop
   vertex 32.600000 -9.200000 -18.400000
   vertex 32.600000 -9.801709 -9.219698
   vertex 32.600000 -10.400841 -9.278707
  endloop
 endfacet
 facet normal 0 -0.162895 0.986643
  outer loop
   vertex -32.600000 -10.400841 -9.278707
   vertex -32.600000 -10.994831 -9.376775
   vertex 32.600000 -10.994831 -9.376775
  endloop
 endfacet
 facet normal 0 -0.162895 0.986643
  outer loop
   vertex -32.600000 -10.400841 -9.278707
   vertex 32.600000 -10.994831 -9.376775
   vertex 32.600000 -10.400841 -9.278707
  endloop
 endfacet
 facet normal -1 0 0
  outer loop
   vertex -32.600000 -9.200000 -18.400000
   vertex -32.600000 -10.994831 -9.376775
   vertex -32.600000 -10.400841 -9.278707
  endloop
 endfacet
 facet normal 1 0 0
  outer loop
   vertex 32.600000 -9.200000 -18.400000
   vertex 32.600000 -10.400841 -9.278707
   vertex 32.600000 -10.994831 -9.376775
  endloop
 endfacet
 facet normal 0 -0.227076 0.973877
  outer loop
   vertex -32.600000 -10.994831 -9.376775
   vertex -32.600000 -11.581135 -9.513482
   vertex 32.600000 -11.581135 -9.513482
  endloop
 endfacet
 facet normal 0 -0.227076 0.973877
  outer loop
   vertex -32.600000 -10.994831 -9.376775
   vertex 32.600000 -11.581135 -9.513482
   vertex 32.600000 -10.994831 -9.376775
  endloop
 endfacet
 facet normal -1 0 0
  outer loop
   vertex -32.600000 -9.200000 -18.400000
   vertex -32.600000 -11.581135 -9.513482
   vertex -32.600000 -10.994831 -9.376775
  endloop
 endfacet
 facet normal 1 0 0
  outer loop
   vertex 32.600000 -9.200000 -18.400000
   vertex 32.600000 -10.994831 -9.376775
   vertex 32.600000 -11.581135 -9.513482
  endloop
 endfacet
 facet normal 0 -0.290286 0.95694
  outer loop
   vertex -32.600000 -11.581135 -9.513482
   vertex -32.600000 -12.157243 -9.688243
   vertex 32.600000 -12.157243 -9.688243
  endloop
 endfacet
 facet normal 0 -0.290286 0.95694
  outer loop
   vertex -32.600000 -11.581135 -9.513482
   vertex 32.600000 -12.157243 -9.688243
   vertex 32.600000 -11.581135 -9.513482
  endloop
 endfacet
 facet normal -1 0 0
  outer loop
   vertex -32.600000 -9.200000 -18.400000
   vertex -32.600000 -12.157243 -9.688243
   vertex -32.600000 -11.581135 -9.513482
  endloop
 endfacet
 facet normal 1 0 0
  outer loop
   vertex 32.600000 -9.200000 -18.400000
   vertex 32.600000 -11.581135 -9.513482
   vertex 32.600000 -12.157243 -9.688243
  endloop
 endfacet
 facet normal 0 -0.352249 0.935906
  outer loop
   vertex -32.600000 -12.157243 -9.688243
   vertex -32.600000 -12.720688 -9.900308
   vertex 32.600000 -12.720688 -9.900308
  endloop
 endfacet
 facet normal 0 -0.352249 0.935906
  outer loop
   vertex -32.600000 -12.157243 -9.688243
   vertex 32.600000 -12.720688 -9.900308
   vertex 32.600000 -12.157243 -9.688243
  endloop
 endfacet
 facet normal -1 0 0
  outer loop
   vertex -32.600000 -9.200000 -18.400000
   vertex -32.600000 -12.720688 -9.900308
   vertex -32.600000 -12.157243 -9.688243
  endloop
 endfacet
 facet normal 1 0 0
  outer loop
   vertex 32.600000 -9.200000 -18.400000
   vertex 32.600000 -12.157243 -9.688243
   vertex 32.600000 -12.720688 -9.900308
  endloop
 endfacet
 facet normal 0 -0.412708 0.910863
  outer loop
   vertex -32.600000 -12.720688 -9.900308
   vertex -32.600000 -13.269056 -10.148771
   vertex 32.600000 -13.269056 -10.148771
  endloop
 endfacet
 facet normal 0 -0.412708 0.910863
  outer loop
   vertex -32.600000 -12.720688 -9.900308
   vertex 32.600000 -13.269056 -10.148771
   vertex 32.600000 -12.720688 -9.900308
  endloop
 endfacet
 facet normal -1 0 0
  outer loop
   vertex -32.600000 -9.200000 -18.400000
   vertex -32.600000 -13.269056 -10.148771
   vertex -32.600000 -12.720688 -9.900308
  endloop
 endfacet
 facet normal 1 0 0
  outer loop
   vertex 32.600000 -9.200000 -18.400000
   vertex 32.600000 -12.720688 -9.900308
   vertex 32.600000 -13.269056 -10.148771
  endloop
 endfacet
 facet normal 0 -0.471396 0.881922
  outer loop
   vertex -32.600000 -13.269056 -10.148771
   vertex -32.600000 -13.800000 -10.432566
   vertex 32.600000 -13.800000 -10.432566
  endloop
 endfacet
 facet normal 0 -0.471396 0.881922
  outer loop
   vertex -32.600000 -13.269056 -10.148771
   vertex 32.600000 -13.800000 -10.432566
   vertex 32.600000 -13.269056 -10.148771
  endloop
 endfacet
 facet normal -1 0 0
  outer loop
   vertex -32.600000 -9.200000 -18.400000
   vertex -32.600000 -13.800000 -10.432566
   vertex -32.600000 -13.269056 -10.148771
  endloop
 endfacet
 facet normal 1 0 0
  outer loop
   vertex 32.600000 -9.200000 -18.400000
   vertex 32.600000 -13.269056 -10.148771
   vertex 32.600000 -13.800000 -10.432566
  endloop
 endfacet
 facet normal 0 -0.528069 0.849202
  outer loop
   vertex -32.600000 -13.800000 -10.432566
   vertex -32.600000 -14.311246 -10.750480
   vertex 32.600000 -14.311246 -10.750480
  endloop
 endfacet
 facet normal 0 -0.528069 0.849202
  outer loop
   vertex -32.600000 -13.800000 -10.432566
   vertex 32.600000 -14.311246 -10.750480
   vertex 32.600000 -13.800000 -10.432566
  endloop
 endfacet
 facet normal -1 0 0
  outer loop
   vertex -32.600000 -9.200000 -18.400000
   vertex -32.600000 -14.311246 -10.750480
   vertex -32.600000 -13.800000 -10.432566
  endloop
 endfacet
 facet normal 1 0 0
  outer loop
   vertex 32.600000 -9.200000 -18.400000
   vertex 32.600000 -13.800000 -10.432566
   vertex 32.600000 -14.311246 -10.750480
  endloop
 endfacet
 facet normal 0 -0.582477 0.812847
  outer loop
   vertex -32.600000 -14.311246 -10.750480
   vertex -32.600000 -14.800605 -11.101149
   vertex 32.600000 -14.800605 -11.101149
  endloop
 endfacet
 facet normal 0 -0.582477 0.812847
  outer loop
   vertex -32.600000 -14.311246 -10.750480
   vertex 32.600000 -14.800605 -11.101149
   vertex 32.600000 -14.311246 -10.750480
  endloop
 endfacet
 facet normal -1 0 0
  outer loop
   vertex -32.600000 -9.200000 -18.400000
   vertex -32.600000 -14.800605 -11.101149
   vertex -32.600000 -14.311246 -10.750480
  endloop
 endfacet
 facet normal 1 0 0
  outer loop
   vertex 32.600000 -9.200000 -18.400000
   vertex 32.600000 -14.311246 -10.750480
   vertex 32.600000 -14.800605 -11.101149
  endloop
 endfacet
 facet normal 0 -0.634394 0.77301
  outer loop
   vertex -32.600000 -14.800605 -11.101149
   vertex -32.600000 -15.265981 -11.483074
   vertex 32.600000 -15.265981 -11.483074
  endloop
 endfacet
 facet normal 0 -0.634394 0.77301
  outer loop
   vertex -32.600000 -14.800605 -11.101149
   vertex 32.600000 -15.265981 -11.483074
   vertex 32.600000 -14.800605 -11.101149
  endloop
 endfacet
 facet normal -1 0 0
  outer loop
   vertex -32.600000 -9.200000 -18.400000
   vertex -32.600000 -15.265981 -11.483074
   vertex -32.600000 -14.800605 -11.101149
  endloop
 endfacet
 facet normal 1 0 0
  outer loop
   vertex 32.600000 -9.200000 -18.400000
   vertex 32.600000 -14.800605 -11.101149
   vertex 32.600000 -15.265981 -11.483074
  endloop
 endfacet
 facet normal 0 -0.683592 0.729864
  outer loop
   vertex -32.600000 -15.265981 -11.483074
   vertex -32.600000 -15.705382 -11.894618
   vertex 32.600000 -15.705382 -11.894618
  endloop
 endfacet
 facet normal 0 -0.683592 0.729864
  outer loop
   vertex -32.600000 -15.265981 -11.483074
   vertex 32.600000 -15.705382 -11.894618
   vertex 32.600000 -15.265981 -11.483074
  endloop
 endfacet
 facet normal -1 0 0
  outer loop
   vertex -32.600000 -9.200000 -18.400000
   vertex -32.600000 -15.705382 -11.894618
   vertex -32.600000 -15.265981 -11.483074
  endloop
 endfacet
 facet normal 1 0 0
  outer loop
   vertex 32.600000 -9.200000 -18.400000
   vertex 32.600000 -15.265981 -11.483074
   vertex 32.600000 -15.705382 -11.894618
  endloop
 endfacet
 facet normal 0 -0.729864 0.683592
  outer loop
   vertex -32.600000 -15.705382 -11.894618
   vertex -32.600000 -16.116926 -12.334019
   vertex 32.600000 -16.116926 -12.334019
  endloop
 endfacet
 facet normal 0 -0.729864 0.683592
  outer loop
   vertex -32.600000 -15.705382 -11.894618
   vertex 32.600000 -16.116926 -12.334019
   vertex 32.600000 -15.705382 -11.894618
  endloop
 endfacet
 facet normal -1 0 0
  outer loop
   vertex -32.600000 -9.200000 -18.400000
   vertex -32.600000 -16.116926 -12.334019
   vertex -32.600000 -15.705382 -11.894618
  endloop
 endfacet
 facet normal 1 0 0
  outer loop
   vertex 32.600000 -9.200000 -18.400000
   vertex 32.600000 -15.705382 -11.894618
   vertex 32.600000 -16.116926 -12.334019
  endloop
 endfacet
 facet normal 0 -0.77301 0.634394
  outer loop
   vertex -32.600000 -16.116926 -12.334019
   vertex -32.600000 -16.498851 -12.799395
   vertex 32.600000 -16.498851 -12.799395
  endloop
 endfacet
 facet normal 0 -0.77301 0.634394
  outer loop
   vertex -32.600000 -16.116926 -12.334019
   vertex 32.600000 -16.498851 -12.799395
   vertex 32.600000 -16.116926 -12.334019
  endloop
 endfacet
 facet normal -1 0 0
  outer loop
   vertex -32.600000 -9.200000 -18.400000
   vertex -32.600000 -16.498851 -12.799395
   vertex -32.600000 -16.116926 -12.334019
  endloop
 endfacet
 facet normal 1 0 0
  outer loop
   vertex 32.600000 -9.200000 -18.400000
   vertex 32.600000 -16.116926 -12.334019
   vertex 32.600000 -16.498851 -12.799395
  endloop
 endfacet
 facet normal 0 -0.812847 0.582477
  outer loop
   vertex -32.600000 -16.498851 -12.799395
   vertex -32.600000 -16.849520 -13.288754
   vertex 32.600000 -16.849520 -13.288754
  endloop
 endfacet
 facet normal 0 -0.812847 0.582477
  outer loop
   vertex -32.600000 -16.498851 -12.799395
   vertex 32.600000 -16.849520 -13.288754
   vertex 32.600000 -16.498851 -12.799395
  endloop
 endfacet
 facet normal -1 0 0
  outer loop
   vertex -32.600000 -9.200000 -18.400000
   vertex -32.600000 -16.849520 -13.288754
   vertex -32.600000 -16.498851 -12.799395
  endloop
 endfacet
 facet normal 1 0 0
  outer loop
   vertex 32.600000 -9.200000 -18.400000
   vertex 32.600000 -16.498851 -12.799395
   vertex 32.600000 -16.849520 -13.288754
  endloop
 endfacet
 facet normal 0 -0.849202 0.528069
  outer loop
   vertex -32.600000 -16.849520 -13.288754
   vertex -32.600000 -17.167434 -13.800000
   vertex 32.600000 -17.167434 -13.800000
  endloop
 endfacet
 facet normal 0 -0.849202 0.528069
  outer loop
   vertex -32.600000 -16.849520 -13.288754
   vertex 32.600000 -17.167434 -13.800000
   vertex 32.600000 -16.849520 -13.288754
  endloop
 endfacet
 facet normal -1 0 0
  outer loop
   vertex -32.600000 -9.200000 -18.400000
   vertex -32.600000 -17.167434 -13.800000
   vertex -32.600000 -16.849520 -13.288754
  endloop
 endfacet
 facet normal 1 0 0
  outer loop
   vertex 32.600000 -9.200000 -18.400000
   vertex 32.600000 -16.849520 -13.288754
   vertex 32.600000 -17.167434 -13.800000
  endloop
 endfacet
 facet normal 0 -0.881922 0.471396
  outer loop
   vertex -32.600000 -17.167434 -13.800000
   vertex -32.600000 -17.451229 -14.330944
   vertex 32.600000 -17.451229 -14.330944
  endloop
 endfacet
 facet normal 0 -0.881922 0.471396
  outer loop
   vertex -32.600000 -17.167434 -13.800000
   vertex 32.600000 -17.451229 -14.330944
   vertex 32.600000 -17.167434 -13.800000
  endloop
 endfacet
 facet normal -1 0 0
  outer loop
   vertex -32.600000 -9.200000 -18.400000
   vertex -32.600000 -17.451229 -14.330944
   vertex -32.600000 -17.167434 -13.800000
  endloop
 endfacet
 facet normal 1 0 0
  outer loop
   vertex 32.600000 -9.200000 -18.400000
   vertex 32.600000 -17.167434 -13.800000
   vertex 32.600000 -17.451229 -14.330944
  endloop
 endfacet
 facet normal 0 -0.910863 0.412708
  outer loop
   vertex -32.600000 -17.451229 -14.330944
   vertex -32.600000 -17.699692 -14.879312
   vertex 32.600000 -17.699692 -14.879312
  endloop
 endfacet
 facet normal 0 -0.910863 0.412708
  outer loop
   vertex -32.600000 -17.451229 -14.330944
   vertex 32.600000 -17.699692 -14.879312
   vertex 32.600000 -17.451229 -14.330944
  endloop
 endfacet
 facet normal -1 0 0
  outer loop
   vertex -32.600000 -9.200000 -18.400000
   vertex -32.600000 -17.699692 -14.879312
   vertex -32.600000 -17.451229 -14.330944
  endloop
 endfacet
 facet normal 1 0 0
  outer loop
   vertex 32.600000 -9.200000 -18.400000
   vertex 32.600000 -17.451229 -14.330944
   vertex 32.600000 -17.699692 -14.879312
  endloop
 endfacet
 facet normal 0 -0.935906 0.352249
  outer loop
   vertex -32.600000 -17.699692 -14.879312
   vertex -32.600000 -17.911757 -15.442757
   vertex 32.600000 -17.911757 -15.442757
  endloop
 endfacet
 facet normal 0 -0.935906 0.352249
  outer loop
   vertex -32.600000 -17.699692 -14.879312
   vertex 32.600000 -17.911757 -15.442757
   vertex 32.600000 -17.699692 -14.879312
  endloop
 endfacet
 facet normal -1 0 0
  outer loop
   vertex -32.600000 -9.200000 -18.400000
   vertex -32.600000 -17.911757 -15.442757
   vertex -32.600000 -17.699692 -14.879312
  endloop
 endfacet
 facet normal 1 0 0
  outer loop
   vertex 32.600000 -9.200000 -18.400000
   vertex 32.600000 -17.699692 -14.879312
   vertex 32.600000 -17.911757 -15.442757
  endloop
 endfacet
 facet normal 0 -0.95694 0.290286
  outer loop
   vertex -32.600000 -17.911757 -15.442757
   vertex -32.600000 -18.086518 -16.018865
   vertex 32.600000 -18.086518 -16.018865
  endloop
 endfacet
 facet normal 0 -0.95694 0.290286
  outer loop
   vertex -32.600000 -17.911757 -15.442757
   vertex 32.600000 -18.086518 -16.018865
   vertex 32.600000 -17.911757 -15.442757
  endloop
 endfacet
 facet normal -1 0 0
  outer loop
   vertex -32.600000 -9.200000 -18.400000
   vertex -32.600000 -18.086518 -16.018865
   vertex -32.600000 -17.911757 -15.442757
  endloop
 endfacet
 facet normal 1 0 0
  outer loop
   vertex 32.600000 -9.200000 -18.400000
   vertex 32.600000 -17.911757 -15.442757
   vertex 32.600000 -18.086518 -16.018865
  endloop
 endfacet
 facet normal 0 -0.973877 0.227076
  outer loop
   vertex -32.600000 -18.086518 -16.018865
   vertex -32.600000 -18.223225 -16.605169
   vertex 32.600000 -18.223225 -16.605169
  endloop
 endfacet
 facet normal 0 -0.973877 0.227076
  outer loop
   vertex -32.600000 -18.086518 -16.018865
   vertex 32.600000 -18.223225 -16.605169
   vertex 32.600000 -18.086518 -16.018865
  endloop
 endfacet
 facet normal -1 0 0
  outer loop
   vertex -32.600000 -9.200000 -18.400000
   vertex -32.600000 -18.223225 -16.605169
   vertex -32.600000 -18.086518 -16.018865
  endloop
 endfacet
 facet normal 1 0 0
  outer loop
   vertex 32.600000 -9.200000 -18.400000
   vertex 32.600000 -18.086518 -16.018865
   vertex 32.600000 -18.223225 -16.605169
  endloop
 endfacet
 facet normal 0 -0.986643 0.162895
  outer loop
   vertex -32.600000 -18.223225 -16.605169
   vertex -32.600000 -18.321293 -17.199159
   vertex 32.600000 -18.321293 -17.199159
  endloop
 endfacet
 facet normal 0 -0.986643 0.162895
  outer loop
   vertex -32.600000 -18.223225 -16.605169
   vertex 32.600000 -18.321293 -17.199159
   vertex 32.600000 -18.223225 -16.605169
  endloop
 endfacet
 facet normal -1 0 0
  outer loop
   vertex -32.600000 -9.200000 -18.400000
   vertex -32.600000 -18.321293 -17.199159
   vertex -32.600000 -18.223225 -16.605169
  endloop
 endfacet
 facet normal 1 0 0
  outer loop
   vertex 32.600000 -9.200000 -18.400000
   vertex 32.600000 -18.223225 -16.605169
   vertex 32.600000 -18.321293 -17.199159
  endloop
 endfacet
 facet normal 0 -0.995185 0.0980166
  outer loop
   vertex -32.600000 -18.321293 -17.199159
   vertex -32.600000 -18.380302 -17.798291
   vertex 32.600000 -18.380302 -17.798291
  endloop
 endfacet
 facet normal 0 -0.995185 0.0980166
  outer loop
   vertex -32.600000 -18.321293 -17.199159
   vertex 32.600000 -18.380302 -17.798291
   vertex 32.600000 -18.321293 -17.199159
  endloop
 endfacet
 facet normal -1 0 0
  outer loop
   vertex -32.600000 -9.200000 -18.400000
   vertex -32.600000 -18.380302 -17.798291
   vertex -32.600000 -18.321293 -17.199159
  endloop
 endfacet
 facet normal 1 0 0
  outer loop
   vertex 32.600000 -9.200000 -18.400000
   vertex 32.600000 -18.321293 -17.199159
   vertex 32.600000 -18.380302 -17.798291
  endloop
 endfacet
 facet normal 0 -0.999465 0.0327192
  outer loop
   vertex -32.600000 -18.380302 -17.798291
   vertex -32.600000 -18.400000 -18.400000
   vertex 32.600000 -18.400000 -18.400000
  endloop
 endfacet
 facet normal 0 -0.999465 0.0327192
  outer loop
   vertex -32.600000 -18.380302 -17.798291
   vertex 32.600000 -18.400000 -18.400000
   vertex 32.600000 -18.380302 -17.798291
  endloop
 endfacet
 facet normal -1 0 0
  outer loop
   vertex -32.600000 -9.200000 -18.400000
   vertex -32.600000 -18.400000 -18.400000
   vertex -32.600000 -18.380302 -17.798291
  endloop
 endfacet
 facet normal 1 0 0
  outer loop
   vertex 32.600000 -9.200000 -18.400000
   vertex 32.600000 -18.380302 -17.798291
   vertex 32.600000 -18.400000 -18.400000
  endloop
 endfacet
 facet normal 0 -0.999465 -0.0327192
  outer loop
   vertex -32.600000 -18.400000 -18.400000
   vertex -32.600000 -18.380302 -19.001709
   vertex 32.600000 -18.380302 -19.001709
  endloop
 endfacet
 facet normal 0 -0.999465 -0.0327192
  outer loop
   vertex -32.600000 -18.400000 -18.400000
   vertex 32.600000 -18.380302 -19.001709
   vertex 32.600000 -18.400000 -18.400000
  endloop
 endfacet
 facet normal -1 -0 0
  outer loop
   vertex -32.600000 -9.200000 -18.400000
   vertex -32.600000 -18.380302 -19.001709
   vertex -32.600000 -18.400000 -18.400000
  endloop
 endfacet
 facet normal 1 0 0
  outer loop
   vertex 32.600000 -9.200000 -18.400000
   vertex 32.600000 -18.400000 -18.400000
   vertex 32.600000 -18.380302 -19.001709
  endloop
 endfacet
 facet normal 0 -0.995185 -0.0980166
  outer loop
   vertex -32.600000 -18.380302 -19.001709
   vertex -32.600000 -18.321293 -19.600841
   vertex 32.600000 -18.321293 -19.600841
  endloop
 endfacet
 facet normal 0 -0.995185 -0.0980166
  outer loop
   vertex -32.600000 -18.380302 -19.001709
   vertex 32.600000 -18.321293 -19.600841
   vertex 32.600000 -18.380302 -19.001709
  endloop
 endfacet
 facet normal -1 0 0
  outer loop
   vertex -32.600000 -9.200000 -18.400000
   vertex -32.600000 -18.321293 -19.600841
   vertex -32.600000 -18.380302 -19.001709
  endloop
 endfacet
 facet normal 1 0 0
  outer loop
   vertex 32.600000 -9.200000 -18.400000
   vertex 32.600000 -18.380302 -19.001709
   vertex 32.600000 -18.321293 -19.600841
  endloop
 endfacet
 facet normal 0 -0.986643 -0.162895
  outer loop
   vertex -32.600000 -18.321293 -19.600841
   vertex -32.600000 -18.223225 -20.194831
   vertex 32.600000 -18.223225 -20.194831
  endloop
 endfacet
 facet normal 0 -0.986643 -0.162895
  outer loop
   vertex -32.600000 -18.321293 -19.600841
   vertex 32.600000 -18.223225 -20.194831
   vertex 32.600000 -18.321293 -19.600841
  endloop
 endfacet
 facet normal -1 0 0
  outer loop
   vertex -32.600000 -9.200000 -18.400000
   vertex -32.600000 -18.223225 -20.194831
   vertex -32.600000 -18.321293 -19.600841
  endloop
 endfacet
 facet normal 1 0 0
  outer loop
   vertex 32.600000 -9.200000 -18.400000
   vertex 32.600000 -18.321293 -19.600841
   vertex 32.600000 -18.223225 -20.194831
  endloop
 endfacet
 facet normal 0 -0.973877 -0.227076
  outer loop
   vertex -32.600000 -18.223225 -20.194831
   vertex -32.600000 -18.086518 -20.781135
   vertex 32.600000 -18.086518 -20.781135
  endloop
 endfacet
 facet normal 0 -0.973877 -0.227076
  outer loop
   vertex -32.600000 -18.223225 -20.194831
   vertex 32.600000 -18.086518 -20.781135
   vertex 32.600000 -18.223225 -20.194831
  endloop
 endfacet
 facet normal -1 0 0
  outer loop
   vertex -32.600000 -9.200000 -18.400000
   vertex -32.600000 -18.086518 -20.781135
   vertex -32.600000 -18.223225 -20.194831
  endloop
 endfacet
 facet normal 1 0 0
  outer loop
   vertex 32.600000 -9.200000 -18.400000
   vertex 32.600000 -18.223225 -20.194831
   vertex 32.600000 -18.086518 -20.781135
  endloop
 endfacet
 facet normal 0 -0.95694 -0.290286
  outer loop
   vertex -32.600000 -18.086518 -20.781135
   vertex -32.600000 -17.911757 -21.357243
   vertex 32.600000 -17.911757 -21.357243
  endloop
 endfacet
 facet normal 0 -0.95694 -0.290286
  outer loop
   vertex -32.600000 -18.086518 -20.781135
   vertex 32.600000 -17.911757 -21.357243
   vertex 32.600000 -18.086518 -20.781135
  endloop
 endfacet
 facet normal -1 0 0
  outer loop
   vertex -32.600000 -9.200000 -18.400000
   vertex -32.600000 -17.911757 -21.357243
   vertex -32.600000 -18.086518 -20.781135
  endloop
 endfacet
 facet normal 1 0 0
  outer loop
   vertex 32.600000 -9.200000 -18.400000
   vertex 32.600000 -18.086518 -20.781135
   vertex 32.600000 -17.911757 -21.357243
  endloop
 endfacet
 facet normal 0 -0.935906 -0.352249
  outer loop
   vertex -32.600000 -17.911757 -21.357243
   vertex -32.600000 -17.699692 -21.920688
   vertex 32.600000 -17.699692 -21.920688
  endloop
 endfacet
 facet normal 0 -0.935906 -0.352249
  outer loop
   vertex -32.600000 -17.911757 -21.357243
   vertex 32.600000 -17.699692 -21.920688
   vertex 32.600000 -17.911757 -21.357243
  endloop
 endfacet
 facet normal -1 0 0
  outer loop
   vertex -32.600000 -9.200000 -18.400000
   vertex -32.600000 -17.699692 -21.920688
   vertex -32.600000 -17.911757 -21.357243
  endloop
 endfacet
 facet normal 1 0 0
  outer loop
   vertex 32.600000 -9.200000 -18.400000
   vertex 32.600000 -17.911757 -21.357243
   vertex 32.600000 -17.699692 -21.920688
  endloop
 endfacet
 facet normal 0 -0.910863 -0.412708
  outer loop
   vertex -32.600000 -17.699692 -21.920688
   vertex -32.600000 -17.451229 -22.469056
   vertex 32.600000 -17.451229 -22.469056
  endloop
 endfacet
 facet normal 0 -0.910863 -0.412708
  outer loop
   vertex -32.600000 -17.699692 -21.920688
   vertex 32.600000 -17.451229 -22.469056
   vertex 32.600000 -17.699692 -21.920688
  endloop
 endfacet
 facet normal -1 0 0
  outer loop
   vertex -32.600000 -9.200000 -18.400000
   vertex -32.600000 -17.451229 -22.469056
   vertex -32.600000 -17.699692 -21.920688
  endloop
 endfacet
 facet normal 1 0 0
  outer loop
   vertex 32.600000 -9.200000 -18.400000
   vertex 32.600000 -17.699692 -21.920688
   vertex 32.600000 -17.451229 -22.469056
  endloop
 endfacet
 facet normal 0 -0.881922 -0.471396
  outer loop
   vertex -32.600000 -17.451229 -22.469056
   vertex -32.600000 -17.167434 -23.000000
   vertex 32.600000 -17.167434 -23.000000
  endloop
 endfacet
 facet normal 0 -0.881922 -0.471396
  outer loop
   vertex -32.600000 -17.451229 -22.469056
   vertex 32.600000 -17.167434 -23.000000
   vertex 32.600000 -17.451229 -22.469056
  endloop
 endfacet
 facet normal -1 0 0
  outer loop
   vertex -32.600000 -9.200000 -18.400000
   vertex -32.600000 -17.167434 -23.000000
   vertex -32.600000 -17.451229 -22.469056
  endloop
 endfacet
 facet normal 1 0 0
  outer loop
   vertex 32.600000 -9.200000 -18.400000
   vertex 32.600000 -17.451229 -22.469056
   vertex 32.600000 -17.167434 -23.000000
  endloop
 endfacet
 facet normal 0 -0.849202 -0.528069
  outer loop
   vertex -32.600000 -17.167434 -23.000000
   vertex -32.600000 -16.849520 -23.511246
   vertex 32.600000 -16.849520 -23.511246
  endloop
 endfacet
 facet normal 0 -0.849202 -0.528069
  outer loop
   vertex -32.600000 -17.167434 -23.000000
   vertex 32.600000 -16.849520 -23.511246
   vertex 32.600000 -17.167434 -23.000000
  endloop
 endfacet
 facet normal -1 0 0
  outer loop
   vertex -32.600000 -9.200000 -18.400000
   vertex -32.600000 -16.849520 -23.511246
   vertex -32.600000 -17.167434 -23.000000
  endloop
 endfacet
 facet normal 1 0 0
  outer loop
   vertex 32.600000 -9.200000 -18.400000
   vertex 32.600000 -17.167434 -23.000000
   vertex 32.600000 -16.849520 -23.511246
  endloop
 endfacet
 facet normal 0 -0.812847 -0.582477
  outer loop
   vertex -32.600000 -16.849520 -23.511246
   vertex -32.600000 -16.498851 -24.000605
   vertex 32.600000 -16.498851 -24.000605
  endloop
 endfacet
 facet normal 0 -0.812847 -0.582477
  outer loop
   vertex -32.600000 -16.849520 -23.511246
   vertex 32.600000 -16.498851 -24.000605
   vertex 32.600000 -16.849520 -23.511246
  endloop
 endfacet
 facet normal -1 0 0
  outer loop
   vertex -32.600000 -9.200000 -18.400000
   vertex -32.600000 -16.498851 -24.000605
   vertex -32.600000 -16.849520 -23.511246
  endloop
 endfacet
 facet normal 1 0 0
  outer loop
   vertex 32.600000 -9.200000 -18.400000
   vertex 32.600000 -16.849520 -23.511246
   vertex 32.600000 -16.498851 -24.000605
  endloop
 endfacet
 facet normal 0 -0.77301 -0.634394
  outer loop
   vertex -32.600000 -16.498851 -24.000605
   vertex -32.600000 -16.116926 -24.465981
   vertex 32.600000 -16.116926 -24.465981
  endloop
 endfacet
 facet normal 0 -0.77301 -0.634394
  outer loop
   vertex -32.600000 -16.498851 -24.000605
   vertex 32.600000 -16.116926 -24.465981
   vertex 32.600000 -16.498851 -24.000605
  endloop
 endfacet
 facet normal -1 0 0
  outer loop
   vertex -32.600000 -9.200000 -18.400000
   vertex -32.600000 -16.116926 -24.465981
   vertex -32.600000 -16.498851 -24.000605
  endloop
 endfacet
 facet normal 1 0 0
  outer loop
   vertex 32.600000 -9.200000 -18.400000
   vertex 32.600000 -16.498851 -24.000605
   vertex 32.600000 -16.116926 -24.465981
  endloop
 endfacet
 facet normal 0 -0.729864 -0.683592
  outer loop
   vertex -32.600000 -16.116926 -24.465981
   vertex -32.600000 -15.705382 -24.905382
   vertex 32.600000 -15.705382 -24.905382
  endloop
 endfacet
 facet normal 0 -0.729864 -0.683592
  outer loop
   vertex -32.600000 -16.116926 -24.465981
   vertex 32.600000 -15.705382 -24.905382
   vertex 32.600000 -16.116926 -24.465981
  endloop
 endfacet
 facet normal -1 0 0
  outer loop
   vertex -32.600000 -9.200000 -18.400000
   vertex -32.600000 -15.705382 -24.905382
   vertex -32.600000 -16.116926 -24.465981
  endloop
 endfacet
 facet normal 1 0 0
  outer loop
   vertex 32.600000 -9.200000 -18.400000
   vertex 32.600000 -16.116926 -24.465981
   vertex 32.600000 -15.705382 -24.905382
  endloop
 endfacet
 facet normal 0 -0.683592 -0.729864
  outer loop
   vertex -32.600000 -15.705382 -24.905382
   vertex -32.600000 -15.265981 -25.316926
   vertex 32.600000 -15.265981 -25.316926
  endloop
 endfacet
 facet normal 0 -0.683592 -0.729864
  outer loop
   vertex -32.600000 -15.705382 -24.905382
   vertex 32.600000 -15.265981 -25.316926
   vertex 32.600000 -15.705382 -24.905382
  endloop
 endfacet
 facet normal -1 0 0
  outer loop
   vertex -32.600000 -9.200000 -18.400000
   vertex -32.600000 -15.265981 -25.316926
   vertex -32.600000 -15.705382 -24.905382
  endloop
 endfacet
 facet normal 1 0 0
  outer loop
   vertex 32.600000 -9.200000 -18.400000
   vertex 32.600000 -15.705382 -24.905382
   vertex 32.600000 -15.265981 -25.316926
  endloop
 endfacet
 facet normal 0 -0.634394 -0.77301
  outer loop
   vertex -32.600000 -15.265981 -25.316926
   vertex -32.600000 -14.800605 -25.698851
   vertex 32.600000 -14.800605 -25.698851
  endloop
 endfacet
 facet normal 0 -0.634394 -0.77301
  outer loop
   vertex -32.600000 -15.265981 -25.316926
   vertex 32.600000 -14.800605 -25.698851
   vertex 32.600000 -15.265981 -25.316926
  endloop
 endfacet
 facet normal -1 0 0
  outer loop
   vertex -32.600000 -9.200000 -18.400000
   vertex -32.600000 -14.800605 -25.698851
   vertex -32.600000 -15.265981 -25.316926
  endloop
 endfacet
 facet normal 1 0 0
  outer loop
   vertex 32.600000 -9.200000 -18.400000
   vertex 32.600000 -15.265981 -25.316926
   vertex 32.600000 -14.800605 -25.698851
  endloop
 endfacet
 facet normal 0 -0.582477 -0.812847
  outer loop
   vertex -32.600000 -14.800605 -25.698851
   vertex -32.600000 -14.311246 -26.049520
   vertex 32.600000 -14.311246 -26.049520
  endloop
 endfacet
 facet normal 0 -0.582477 -0.812847
  outer loop
   vertex -32.600000 -14.800605 -25.698851
   vertex 32.600000 -14.311246 -26.049520
   vertex 32.600000 -14.800605 -25.698851
  endloop
 endfacet
 facet normal -1 0 0
  outer loop
   vertex -32.600000 -9.200000 -18.400000
   vertex -32.600000 -14.311246 -26.049520
   vertex -32.600000 -14.800605 -25.698851
  endloop
 endfacet
 facet normal 1 0 0
  outer loop
   vertex 32.600000 -9.200000 -18.400000
   vertex 32.600000 -14.800605 -25.698851
   vertex 32.600000 -14.311246 -26.049520
  endloop
 endfacet
 facet normal 0 -0.528069 -0.849202
  outer loop
   vertex -32.600000 -14.311246 -26.049520
   vertex -32.600000 -13.800000 -26.367434
   vertex 32.600000 -13.800000 -26.367434
  endloop
 endfacet
 facet normal 0 -0.528069 -0.849202
  outer loop
   vertex -32.600000 -14.311246 -26.049520
   vertex 32.600000 -13.800000 -26.367434
   vertex 32.600000 -14.311246 -26.049520
  endloop
 endfacet
 facet normal -1 0 0
  outer loop
   vertex -32.600000 -9.200000 -18.400000
   vertex -32.600000 -13.800000 -26.367434
   vertex -32.600000 -14.311246 -26.049520
  endloop
 endfacet
 facet normal 1 0 0
  outer loop
   vertex 32.600000 -9.200000 -18.400000
   vertex 32.600000 -14.311246 -26.049520
   vertex 32.600000 -13.800000 -26.367434
  endloop
 endfacet
 facet normal 0 -0.471396 -0.881922
  outer loop
   vertex -32.600000 -13.800000 -26.367434
   vertex -32.600000 -13.269056 -26.651229
   vertex 32.600000 -13.269056 -26.651229
  endloop
 endfacet
 facet normal 0 -0.471396 -0.881922
  outer loop
   vertex -32.600000 -13.800000 -26.367434
   vertex 32.600000 -13.269056 -26.651229
   vertex 32.600000 -13.800000 -26.367434
  endloop
 endfacet
 facet normal -1 0 0
  outer loop
   vertex -32.600000 -9.200000 -18.400000
   vertex -32.600000 -13.269056 -26.651229
   vertex -32.600000 -13.800000 -26.367434
  endloop
 endfacet
 facet normal 1 0 0
  outer loop
   vertex 32.600000 -9.200000 -18.400000
   vertex 32.600000 -13.800000 -26.367434
   vertex 32.600000 -13.269056 -26.651229
  endloop
 endfacet
 facet normal 0 -0.412708 -0.910863
  outer loop
   vertex -32.600000 -13.269056 -26.651229
   vertex -32.600000 -12.720688 -26.899692
   vertex 32.600000 -12.720688 -26.899692
  endloop
 endfacet
 facet normal 0 -0.412708 -0.910863
  outer loop
   vertex -32.600000 -13.269056 -26.651229
   vertex 32.600000 -12.720688 -26.899692
   vertex 32.600000 -13.269056 -26.651229
  endloop
 endfacet
 facet normal -1 0 0
  outer loop
   vertex -32.600000 -9.200000 -18.400000
   vertex -32.600000 -12.720688 -26.899692
   vertex -32.600000 -13.269056 -26.651229
  endloop
 endfacet
 facet normal 1 0 0
  outer loop
   vertex 32.600000 -9.200000 -18.400000
   vertex 32.600000 -13.269056 -26.651229
   vertex 32.600000 -12.720688 -26.899692
  endloop
 endfacet
 facet normal 0 -0.352249 -0.935906
  outer loop
   vertex -32.600000 -12.720688 -26.899692
   vertex -32.600000 -12.157243 -27.111757
   vertex 32.600000 -12.157243 -27.111757
  endloop
 endfacet
 facet normal 0 -0.352249 -0.935906
  outer loop
   vertex -32.600000 -12.720688 -26.899692
   vertex 32.600000 -12.157243 -27.111757
   vertex 32.600000 -12.720688 -26.899692
  endloop
 endfacet
 facet normal -1 0 0
  outer loop
   vertex -32.600000 -9.200000 -18.400000
   vertex -32.600000 -12.157243 -27.111757
   vertex -32.600000 -12.720688 -26.899692
  endloop
 endfacet
 facet normal 1 0 0
  outer loop
   vertex 32.600000 -9.200000 -18.400000
   vertex 32.600000 -12.720688 -26.899692
   vertex 32.600000 -12.157243 -27.111757
  endloop
 endfacet
 facet normal 0 -0.290286 -0.95694
  outer loop
   vertex -32.600000 -12.157243 -27.111757
   vertex -32.600000 -11.581135 -27.286518
   vertex 32.600000 -11.581135 -27.286518
  endloop
 endfacet
 facet normal 0 -0.290286 -0.95694
  outer loop
   vertex -32.600000 -12.157243 -27.111757
   vertex 32.600000 -11.581135 -27.286518
   vertex 32.600000 -12.157243 -27.111757
  endloop
 endfacet
 facet normal -1 0 0
  outer loop
   vertex -32.600000 -9.200000 -18.400000
   vertex -32.600000 -11.581135 -27.286518
   vertex -32.600000 -12.157243 -27.111757
  endloop
 endfacet
 facet normal 1 0 0
  outer loop
   vertex 32.600000 -9.200000 -18.400000
   vertex 32.600000 -12.157243 -27.111757
   vertex 32.600000 -11.581135 -27.286518
  endloop
 endfacet
 facet normal 0 -0.227076 -0.973877
  outer loop
   vertex -32.600000 -11.581135 -27.286518
   vertex -32.600000 -10.994831 -27.423225
   vertex 32.600000 -10.994831 -27.423225
  endloop
 endfacet
 facet normal 0 -0.227076 -0.973877
  outer loop
   vertex -32.600000 -11.581135 -27.286518
   vertex 32.600000 -10.994831 -27.423225
   vertex 32.600000 -11.581135 -27.286518
  endloop
 endfacet
 facet normal -1 0 0
  outer loop
   vertex -32.600000 -9.200000 -18.400000
   vertex -32.600000 -10.994831 -27.423225
   vertex -32.600000 -11.581135 -27.286518
  endloop
 endfacet
 facet normal 1 0 0
  outer loop
   vertex 32.600000 -9.200000 -18.400000
   vertex 32.600000 -11.581135 -27.286518
   vertex 32.600000 -10.994831 -27.423225
  endloop
 endfacet
 facet normal 0 -0.162895 -0.986643
  outer loop
   vertex -32.600000 -10.994831 -27.423225
   vertex -32.600000 -10.400841 -27.521293
   vertex 32.600000 -10.400841 -27.521293
  endloop
 endfacet
 facet normal 0 -0.162895 -0.986643
  outer loop
   vertex -32.600000 -10.994831 -27.423225
   vertex 32.600000 -10.400841 -27.521293
   vertex 32.600000 -10.994831 -27.423225
  endloop
 endfacet
 facet normal -1 0 0
  outer loop
   vertex -32.600000 -9.200000 -18.400000
   vertex -32.600000 -10.400841 -27.521293
   vertex -32.600000 -10.994831 -27.423225
  endloop
 endfacet
 facet normal 1 0 0
  outer loop
   vertex 32.600000 -9.200000 -18.400000
   vertex 32.600000 -10.994831 -27.423225
   vertex 32.600000 -10.400841 -27.521293
  endloop
 endfacet
 facet normal 0 -0.0980166 -0.995185
  outer loop
   vertex -32.600000 -10.400841 -27.521293
   vertex -32.600000 -9.801709 -27.580302
   vertex 32.600000 -9.801709 -27.580302
  endloop
 endfacet
 facet normal 0 -0.0980166 -0.995185
  outer loop
   vertex -32.600000 -10.400841 -27.521293
   vertex 32.600000 -9.801709 -27.580302
   vertex 32.600000 -10.400841 -27.521293
  endloop
 endfacet
 facet normal -1 0 0
  outer loop
   vertex -32.600000 -9.200000 -18.400000
   vertex -32.600000 -9.801709 -27.580302
   vertex -32.600000 -10.400841 -27.521293
  endloop
 endfacet
 facet normal 1 0 0
  outer loop
   vertex 32.600000 -9.200000 -18.400000
   vertex 32.600000 -10.400841 -27.521293
   vertex 32.600000 -9.801709 -27.580302
  endloop
 endfacet
 facet normal 0 -0.0327192 -0.999465
  outer loop
   vertex -32.600000 -9.801709 -27.580302
   vertex -32.600000 -9.200000 -27.600000
   vertex 32.600000 -9.200000 -27.600000
  endloop
 endfacet
 facet normal 0 -0.0327192 -0.999465
  outer loop
   vertex -32.600000 -9.801709 -27.580302
   vertex 32.600000 -9.200000 -27.600000
   vertex 32.600000 -9.801709 -27.580302
  endloop
 endfacet
 facet normal -1 0 -0
  outer loop
   vertex -32.600000 -9.200000 -18.400000
   vertex -32.600000 -9.200000 -27.600000
   vertex -32.600000 -9.801709 -27.580302
  endloop
 endfacet
 facet normal 1 0 0
  outer loop
   vertex 32.600000 -9.200000 -18.400000
   vertex 32.600000 -9.801709 -27.580302
   vertex 32.600000 -9.200000 -27.600000
  endloop
 endfacet
 facet normal 0 0.0327192 -0.999465
  outer loop
   vertex -32.600000 -9.200000 -27.600000
   vertex -32.600000 -8.598291 -27.580302
   vertex 32.600000 -8.598291 -27.580302
  endloop
 endfacet
 facet normal 0 0.0327192 -0.999465
  outer loop
   vertex -32.600000 -9.200000 -27.600000
   vertex 32.600000 -8.598291 -27.580302
   vertex 32.600000 -9.200000 -27.600000
  endloop
 endfacet
 facet normal -1 0 0
  outer loop
   vertex -32.600000 -9.200000 -18.400000
   vertex -32.600000 -8.598291 -27.580302
   vertex -32.600000 -9.200000 -27.600000
  endloop
 endfacet
 facet normal 1 0 0
  outer loop
   vertex 32.600000 -9.200000 -18.400000
   vertex 32.600000 -9.200000 -27.600000
   vertex 32.600000 -8.598291 -27.580302
  endloop
 endfacet
 facet normal 0 0.0980166 -0.995185
  outer loop
   vertex -32.600000 -8.598291 -27.580302
   vertex -32.600000 -7.999159 -27.521293
   vertex 32.600000 -7.999159 -27.521293
  endloop
 endfacet
 facet normal 0 0.0980166 -0.995185
  outer loop
   vertex -32.600000 -8.598291 -27.580302
   vertex 32.600000 -7.999159 -27.521293
   vertex 32.600000 -8.598291 -27.580302
  endloop
 endfacet
 facet normal -1 0 0
  outer loop
   vertex -32.600000 -9.200000 -18.400000
   vertex -32.600000 -7.999159 -27.521293
   vertex -32.600000 -8.598291 -27.580302
  endloop
 endfacet
 facet normal 1 0 0
  outer loop
   vertex 32.600000 -9.200000 -18.400000
   vertex 32.600000 -8.598291 -27.580302
   vertex 32.600000 -7.999159 -27.521293
  endloop
 endfacet
 facet normal 0 0.162895 -0.986643
  outer loop
   vertex -32.600000 -7.999159 -27.521293
   vertex -32.600000 -7.405169 -27.423225
   vertex 32.600000 -7.405169 -27.423225
  endloop
 endfacet
 facet normal 0 0.162895 -0.986643
  outer loop
   vertex -32.600000 -7.999159 -27.521293
   vertex 32.600000 -7.405169 -27.423225
   vertex 32.600000 -7.999159 -27.521293
  endloop
 endfacet
 facet normal -1 0 0
  outer loop
   vertex -32.600000 -9.200000 -18.400000
   vertex -32.600000 -7.405169 -27.423225
   vertex -32.600000 -7.999159 -27.521293
  endloop
 endfacet
 facet normal 1 0 0
  outer loop
   vertex 32.600000 -9.200000 -18.400000
   vertex 32.600000 -7.999159 -27.521293
   vertex 32.600000 -7.405169 -27.423225
  endloop
 endfacet
 facet normal 0 0.227076 -0.973877
  outer loop
   vertex -32.600000 -7.405169 -27.423225
   vertex -32.600000 -6.818865 -27.286518
   vertex 32.600000 -6.818865 -27.286518
  endloop
 endfacet
 facet normal 0 0.227076 -0.973877
  outer loop
   vertex -32.600000 -7.405169 -27.423225
   vertex 32.600000 -6.818865 -27.286518
   vertex 32.600000 -7.405169 -27.423225
  endloop
 endfacet
 facet normal -1 0 0
  outer loop
   vertex -32.600000 -9.200000 -18.400000
   vertex -32.600000 -6.818865 -27.286518
   vertex -32.600000 -7.405169 -27.423225
  endloop
 endfacet
 facet normal 1 0 0
  outer loop
   vertex 32.600000 -9.200000 -18.400000
   vertex 32.600000 -7.405169 -27.423225
   vertex 32.600000 -6.818865 -27.286518
  endloop
 endfacet
 facet normal 0 0.290286 -0.95694
  outer loop
   vertex -32.600000 -6.818865 -27.286518
   vertex -32.600000 -6.242757 -27.111757
   vertex 32.600000 -6.242757 -27.111757
  endloop
 endfacet
 facet normal 0 0.290286 -0.95694
  outer loop
   vertex -32.600000 -6.818865 -27.286518
   vertex 32.600000 -6.242757 -27.111757
   vertex 32.600000 -6.818865 -27.286518
  endloop
 endfacet
 facet normal -1 0 0
  outer loop
   vertex -32.600000 -9.200000 -18.400000
   vertex -32.600000 -6.242757 -27.111757
   vertex -32.600000 -6.818865 -27.286518
  endloop
 endfacet
 facet normal 1 0 0
  outer loop
   vertex 32.600000 -9.200000 -18.400000
   vertex 32.600000 -6.818865 -27.286518
   vertex 32.600000 -6.242757 -27.111757
  endloop
 endfacet
 facet normal 0 0.352249 -0.935906
  outer loop
   vertex -32.600000 -6.242757 -27.111757
   vertex -32.600000 -5.679312 -26.899692
   vertex 32.600000 -5.679312 -26.899692
  endloop
 endfacet
 facet normal 0 0.352249 -0.935906
  outer loop
   vertex -32.600000 -6.242757 -27.111757
   vertex 32.600000 -5.679312 -26.899692
   vertex 32.600000 -6.242757 -27.111757
  endloop
 endfacet
 facet normal -1 0 0
  outer loop
   vertex -32.600000 -9.200000 -18.400000
   vertex -32.600000 -5.679312 -26.899692
   vertex -32.600000 -6.242757 -27.111757
  endloop
 endfacet
 facet normal 1 0 0
  outer loop
   vertex 32.600000 -9.200000 -18.400000
   vertex 32.600000 -6.242757 -27.111757
   vertex 32.600000 -5.679312 -26.899692
  endloop
 endfacet
 facet normal 0 0.412708 -0.910863
  outer loop
   vertex -32.600000 -5.679312 -26.899692
   vertex -32.600000 -5.130944 -26.651229
   vertex 32.600000 -5.130944 -26.651229
  endloop
 endfacet
 facet normal 0 0.412708 -0.910863
  outer loop
   vertex -32.600000 -5.679312 -26.899692
   vertex 32.600000 -5.130944 -26.651229
   vertex 32.600000 -5.679312 -26.899692
  endloop
 endfacet
 facet normal -1 0 0
  outer loop
   vertex -32.600000 -9.200000 -18.400000
   vertex -32.600000 -5.130944 -26.651229
   vertex -32.600000 -5.679312 -26.899692
  endloop
 endfacet
 facet normal 1 0 0
  outer loop
   vertex 32.600000 -9.200000 -18.400000
   vertex 32.600000 -5.679312 -26.899692
   vertex 32.600000 -5.130944 -26.651229
  endloop
 endfacet
 facet normal 0 0.471396 -0.881922
  outer loop
   vertex -32.600000 -5.130944 -26.651229
   vertex -32.600000 -4.600000 -26.367434
   vertex 32.600000 -4.600000 -26.367434
  endloop
 endfacet
 facet normal 0 0.471396 -0.881922
  outer loop
   vertex -32.600000 -5.130944 -26.651229
   vertex 32.600000 -4.600000 -26.367434
   vertex 32.600000 -5.130944 -26.651229
  endloop
 endfacet
 facet normal -1 0 0
  outer loop
   vertex -32.600000 -9.200000 -18.400000
   vertex -32.600000 -4.600000 -26.367434
   vertex -32.600000 -5.130944 -26.651229
  endloop
 endfacet
 facet normal 1 0 0
  outer loop
   vertex 32.600000 -9.200000 -18.400000
   vertex 32.600000 -5.130944 -26.651229
   vertex 32.600000 -4.600000 -26.367434
  endloop
 endfacet
 facet normal 0 0.528069 -0.849202
  outer loop
   vertex -32.600000 -4.600000 -26.367434
   vertex -32.600000 -4.088754 -26.049520
   vertex 32.600000 -4.088754 -26.049520
  endloop
 endfacet
 facet normal 0 0.528069 -0.849202
  outer loop
   vertex -32.600000 -4.600000 -26.367434
   vertex 32.600000 -4.088754 -26.049520
   vertex 32.600000 -4.600000 -26.367434
  endloop
 endfacet
 facet normal -1 0 0
  outer loop
   vertex -32.600000 -9.200000 -18.400000
   vertex -32.600000 -4.088754 -26.049520
   vertex -32.600000 -4.600000 -26.367434
  endloop
 endfacet
 facet normal 1 0 0
  outer loop
   vertex 32.600000 -9.200000 -18.400000
   vertex 32.600000 -4.600000 -26.367434
   vertex 32.600000 -4.088754 -26.049520
  endloop
 endfacet
 facet normal 0 0.582477 -0.812847
  outer loop
   vertex -32.600000 -4.088754 -26.049520
   vertex -32.600000 -3.599395 -25.698851
   vertex 32.600000 -3.599395 -25.698851
  endloop
 endfacet
 facet normal 0 0.582477 -0.812847
  outer loop
   vertex -32.600000 -4.088754 -26.049520
   vertex 32.600000 -3.599395 -25.698851
   vertex 32.600000 -4.088754 -26.049520
  endloop
 endfacet
 facet normal -1 0 0
  outer loop
   vertex -32.600000 -9.200000 -18.400000
   vertex -32.600000 -3.599395 -25.698851
   vertex -32.600000 -4.088754 -26.049520
  endloop
 endfacet
 facet normal 1 0 0
  outer loop
   vertex 32.600000 -9.200000 -18.400000
   vertex 32.600000 -4.088754 -26.049520
   vertex 32.600000 -3.599395 -25.698851
  endloop
 endfacet
 facet normal 0 0.634394 -0.77301
  outer loop
   vertex -32.600000 -3.599395 -25.698851
   vertex -32.600000 -3.134019 -25.316926
   vertex 32.600000 -3.134019 -25.316926
  endloop
 endfacet
 facet normal 0 0.634394 -0.77301
  outer loop
   vertex -32.600000 -3.599395 -25.698851
   vertex 32.600000 -3.134019 -25.316926
   vertex 32.600000 -3.599395 -25.698851
  endloop
 endfacet
 facet normal -1 0 0
  outer loop
   vertex -32.600000 -9.200000 -18.400000
   vertex -32.600000 -3.134019 -25.316926
   vertex -32.600000 -3.599395 -25.698851
  endloop
 endfacet
 facet normal 1 0 0
  outer loop
   vertex 32.600000 -9.200000 -18.400000
   vertex 32.600000 -3.599395 -25.698851
   vertex 32.600000 -3.134019 -25.316926
  endloop
 endfacet
 facet normal 0 0.683592 -0.729864
  outer loop
   vertex -32.600000 -3.134019 -25.316926
   vertex -32.600000 -2.694618 -24.905382
   vertex 32.600000 -2.694618 -24.905382
  endloop
 endfacet
 facet normal 0 0.683592 -0.729864
  outer loop
   vertex -32.600000 -3.134019 -25.316926
   vertex 32.600000 -2.694618 -24.905382
   vertex 32.600000 -3.134019 -25.316926
  endloop
 endfacet
 facet normal -1 0 0
  outer loop
   vertex -32.600000 -9.200000 -18.400000
   vertex -32.600000 -2.694618 -24.905382
   vertex -32.600000 -3.134019 -25.316926
  endloop
 endfacet
 facet normal 1 0 0
  outer loop
   vertex 32.600000 -9.200000 -18.400000
   vertex 32.600000 -3.134019 -25.316926
   vertex 32.600000 -2.694618 -24.905382
  endloop
 endfacet
 facet normal 0 0.729864 -0.683592
  outer loop
   vertex -32.600000 -2.694618 -24.905382
   vertex -32.600000 -2.283074 -24.465981
   vertex 32.600000 -2.283074 -24.465981
  endloop
 endfacet
 facet normal 0 0.729864 -0.683592
  outer loop
   vertex -32.600000 -2.694618 -24.905382
   vertex 32.600000 -2.283074 -24.465981
   vertex 32.600000 -2.694618 -24.905382
  endloop
 endfacet
 facet normal -1 0 0
  outer loop
   vertex -32.600000 -9.200000 -18.400000
   vertex -32.600000 -2.283074 -24.465981
   vertex -32.600000 -2.694618 -24.905382
  endloop
 endfacet
 facet normal 1 0 0
  outer loop
   vertex 32.600000 -9.200000 -18.400000
   vertex 32.600000 -2.694618 -24.905382
   vertex 32.600000 -2.283074 -24.465981
  endloop
 endfacet
 facet normal 0 0.77301 -0.634394
  outer loop
   vertex -32.600000 -2.283074 -24.465981
   vertex -32.600000 -1.901149 -24.000605
   vertex 32.600000 -1.901149 -24.000605
  endloop
 endfacet
 facet normal 0 0.77301 -0.634394
  outer loop
   vertex -32.600000 -2.283074 -24.465981
   vertex 32.600000 -1.901149 -24.000605
   vertex 32.600000 -2.283074 -24.465981
  endloop
 endfacet
 facet normal -1 0 0
  outer loop
   vertex -32.600000 -9.200000 -18.400000
   vertex -32.600000 -1.901149 -24.000605
   vertex -32.600000 -2.283074 -24.465981
  endloop
 endfacet
 facet normal 1 0 0
  outer loop
   vertex 32.600000 -9.200000 -18.400000
   vertex 32.600000 -2.283074 -24.465981
   vertex 32.600000 -1.901149 -24.000605
  endloop
 endfacet
 facet normal 0 0.812847 -0.582477
  outer loop
   vertex -32.600000 -1.901149 -24.000605
   vertex -32.600000 -1.550480 -23.511246
   vertex 32.600000 -1.550480 -23.511246
  endloop
 endfacet
 facet normal 0 0.812847 -0.582477
  outer loop
   vertex -32.600000 -1.901149 -24.000605
   vertex 32.600000 -1.550480 -23.511246
   vertex 32.600000 -1.901149 -24.000605
  endloop
 endfacet
 facet normal -1 0 0
  outer loop
   vertex -32.600000 -9.200000 -18.400000
   vertex -32.600000 -1.550480 -23.511246
   vertex -32.600000 -1.901149 -24.000605
  endloop
 endfacet
 facet normal 1 0 0
  outer loop
   vertex 32.600000 -9.200000 -18.400000
   vertex 32.600000 -1.901149 -24.000605
   vertex 32.600000 -1.550480 -23.511246
  endloop
 endfacet
 facet normal 0 0.849202 -0.528069
  outer loop
   vertex -32.600000 -1.550480 -23.511246
   vertex -32.600000 -1.232566 -23.000000
   vertex 32.600000 -1.232566 -23.000000
  endloop
 endfacet
 facet normal 0 0.849202 -0.528069
  outer loop
   vertex -32.600000 -1.550480 -23.511246
   vertex 32.600000 -1.232566 -23.000000
   vertex 32.600000 -1.550480 -23.511246
  endloop
 endfacet
 facet normal -1 0 0
  outer loop
   vertex -32.600000 -9.200000 -18.400000
   vertex -32.600000 -1.232566 -23.000000
   vertex -32.600000 -1.550480 -23.511246
  endloop
 endfacet
 facet normal 1 0 0
  outer loop
   vertex 32.600000 -9.200000 -18.400000
   vertex 32.600000 -1.550480 -23.511246
   vertex 32.600000 -1.232566 -23.000000
  endloop
 endfacet
 facet normal 0 0.881922 -0.471396
  outer loop
   vertex -32.600000 -1.232566 -23.000000
   vertex -32.600000 -0.948771 -22.469056
   vertex 32.600000 -0.948771 -22.469056
  endloop
 endfacet
 facet normal 0 0.881922 -0.471396
  outer loop
   vertex -32.600000 -1.232566 -23.000000
   vertex 32.600000 -0.948771 -22.469056
   vertex 32.600000 -1.232566 -23.000000
  endloop
 endfacet
 facet normal -1 0 0
  outer loop
   vertex -32.600000 -9.200000 -18.400000
   vertex -32.600000 -0.948771 -22.469056
   vertex -32.600000 -1.232566 -23.000000
  endloop
 endfacet
 facet normal 1 0 0
  outer loop
   vertex 32.600000 -9.200000 -18.400000
   vertex 32.600000 -1.232566 -23.000000
   vertex 32.600000 -0.948771 -22.469056
  endloop
 endfacet
 facet normal 0 0.910863 -0.412708
  outer loop
   vertex -32.600000 -0.948771 -22.469056
   vertex -32.600000 -0.700308 -21.920688
   vertex 32.600000 -0.700308 -21.920688
  endloop
 endfacet
 facet normal 0 0.910863 -0.412708
  outer loop
   vertex -32.600000 -0.948771 -22.469056
   vertex 32.600000 -0.700308 -21.920688
   vertex 32.600000 -0.948771 -22.469056
  endloop
 endfacet
 facet normal -1 0 0
  outer loop
   vertex -32.600000 -9.200000 -18.400000
   vertex -32.600000 -0.700308 -21.920688
   vertex -32.600000 -0.948771 -22.469056
  endloop
 endfacet
 facet normal 1 0 0
  outer loop
   vertex 32.600000 -9.200000 -18.400000
   vertex 32.600000 -0.948771 -22.469056
   vertex 32.600000 -0.700308 -21.920688
  endloop
 endfacet
 facet normal 0 0.935906 -0.352249
  outer loop
   vertex -32.600000 -0.700308 -21.920688
   vertex -32.600000 -0.488243 -21.357243
   vertex 32.600000 -0.488243 -21.357243
  endloop
 endfacet
 facet normal 0 0.935906 -0.352249
  outer loop
   vertex -32.600000 -0.700308 -21.920688
   vertex 32.600000 -0.488243 -21.357243
   vertex 32.600000 -0.700308 -21.920688
  endloop
 endfacet
 facet normal -1 0 0
  outer loop
   vertex -32.600000 -9.200000 -18.400000
   vertex -32.600000 -0.488243 -21.357243
   vertex -32.600000 -0.700308 -21.920688
  endloop
 endfacet
 facet normal 1 0 0
  outer loop
   vertex 32.600000 -9.200000 -18.400000
   vertex 32.600000 -0.700308 -21.920688
   vertex 32.600000 -0.488243 -21.357243
  endloop
 endfacet
 facet normal 0 0.95694 -0.290286
  outer loop
   vertex -32.600000 -0.488243 -21.357243
   vertex -32.600000 -0.313482 -20.781135
   vertex 32.600000 -0.313482 -20.781135
  endloop
 endfacet
 facet normal 0 0.95694 -0.290286
  outer loop
   vertex -32.600000 -0.488243 -21.357243
   vertex 32.600000 -0.313482 -20.781135
   vertex 32.600000 -0.488243 -21.357243
  endloop
 endfacet
 facet normal -1 0 0
  outer loop
   vertex -32.600000 -9.200000 -18.400000
   vertex -32.600000 -0.313482 -20.781135
   vertex -32.600000 -0.488243 -21.357243
  endloop
 endfacet
 facet normal 1 0 0
  outer loop
   vertex 32.600000 -9.200000 -18.400000
   vertex 32.600000 -0.488243 -21.357243
   vertex 32.600000 -0.313482 -20.781135
  endloop
 endfacet
 facet normal 0 0.973877 -0.227076
  outer loop
   vertex -32.600000 -0.313482 -20.781135
   vertex -32.600000 -0.176775 -20.194831
   vertex 32.600000 -0.176775 -20.194831
  endloop
 endfacet
 facet normal 0 0.973877 -0.227076
  outer loop
   vertex -32.600000 -0.313482 -20.781135
   vertex 32.600000 -0.176775 -20.194831
   vertex 32.600000 -0.313482 -20.781135
  endloop
 endfacet
 facet normal -1 0 0
  outer loop
   vertex -32.600000 -9.200000 -18.400000
   vertex -32.600000 -0.176775 -20.194831
   vertex -32.600000 -0.313482 -20.781135
  endloop
 endfacet
 facet normal 1 0 0
  outer loop
   vertex 32.600000 -9.200000 -18.400000
   vertex 32.600000 -0.313482 -20.781135
   vertex 32.600000 -0.176775 -20.194831
  endloop
 endfacet
 facet normal 0 0.986643 -0.162895
  outer loop
   vertex -32.600000 -0.176775 -20.194831
   vertex -32.600000 -0.078707 -19.600841
   vertex 32.600000 -0.078707 -19.600841
  endloop
 endfacet
 facet normal 0 0.986643 -0.162895
  outer loop
   vertex -32.600000 -0.176775 -20.194831
   vertex 32.600000 -0.078707 -19.600841
   vertex 32.600000 -0.176775 -20.194831
  endloop
 endfacet
 facet normal -1 0 0
  outer loop
   vertex -32.600000 -9.200000 -18.400000
   vertex -32.600000 -0.078707 -19.600841
   vertex -32.600000 -0.176775 -20.194831
  endloop
 endfacet
 facet normal 1 0 0
  outer loop
   vertex 32.600000 -9.200000 -18.400000
   vertex 32.600000 -0.176775 -20.194831
   vertex 32.600000 -0.078707 -19.600841
  endloop
 endfacet
 facet normal 0 0.995185 -0.0980166
  outer loop
   vertex -32.600000 -0.078707 -19.600841
   vertex -32.600000 -0.019698 -19.001709
   vertex 32.600000 -0.019698 -19.001709
  endloop
 endfacet
 facet normal 0 0.995185 -0.0980166
  outer loop
   vertex -32.600000 -0.078707 -19.600841
   vertex 32.600000 -0.019698 -19.001709
   vertex 32.600000 -0.078707 -19.600841
  endloop
 endfacet
 facet normal -1 0 0
  outer loop
   vertex -32.600000 -9.200000 -18.400000
   vertex -32.600000 -0.019698 -19.001709
   vertex -32.600000 -0.078707 -19.600841
  endloop
 endfacet
 facet normal 1 0 0
  outer loop
   vertex 32.600000 -9.200000 -18.400000
   vertex 32.600000 -0.078707 -19.600841
   vertex 32.600000 -0.019698 -19.001709
  endloop
 endfacet
 facet normal 0 0.999465 -0.0327192
  outer loop
   vertex -32.600000 -0.019698 -19.001709
   vertex -32.600000 0.000000 -18.400000
   vertex 32.600000 0.000000 -18.400000
  endloop
 endfacet
 facet normal 0 0.999465 -0.0327192
  outer loop
   vertex -32.600000 -0.019698 -19.001709
   vertex 32.600000 0.000000 -18.400000
   vertex 32.600000 -0.019698 -19.001709
  endloop
 endfacet
 facet normal -1 0 0
  outer loop
   vertex -32.600000 -9.200000 -18.400000
   vertex -32.600000 0.000000 -18.400000
   vertex -32.600000 -0.019698 -19.001709
  endloop
 endfacet
 facet normal 1 -0 0
  outer loop
   vertex 32.600000 -9.200000 -18.400000
   vertex 32.600000 -0.019698 -19.001709
   vertex 32.600000 0.000000 -18.400000
  endloop
 endfacet
 facet normal 0 0.999465 0.0327192
  outer loop
   vertex -32.600000 0.000000 0.000000
   vertex -32.600000 -0.019698 0.601709
   vertex 32.600000 -0.019698 0.601709
  endloop
 endfacet
 facet normal -0 0.999465 0.0327192
  outer loop
   vertex -32.600000 0.000000 0.000000
   vertex 32.600000 -0.019698 0.601709
   vertex 32.600000 0.000000 0.000000
  endloop
 endfacet
 facet normal -1 0 0
  outer loop
   vertex -32.600000 -9.200000 0.000000
   vertex -32.600000 -0.019698 0.601709
   vertex -32.600000 0.000000 0.000000
  endloop
 endfacet
 facet normal 1 0 0
  outer loop
   vertex 32.600000 -9.200000 0.000000
   vertex 32.600000 0.000000 0.000000
   vertex 32.600000 -0.019698 0.601709
  endloop
 endfacet
 facet normal 0 0.995185 0.0980166
  outer loop
   vertex -32.600000 -0.019698 0.601709
   vertex -32.600000 -0.078707 1.200841
   vertex 32.600000 -0.078707 1.200841
  endloop
 endfacet
 facet normal -0 0.995185 0.0980166
  outer loop
   vertex -32.600000 -0.019698 0.601709
   vertex 32.600000 -0.078707 1.200841
   vertex 32.600000 -0.019698 0.601709
  endloop
 endfacet
 facet normal -1 0 0
  outer loop
   vertex -32.600000 -9.200000 0.000000
   vertex -32.600000 -0.078707 1.200841
   vertex -32.600000 -0.019698 0.601709
  endloop
 endfacet
 facet normal 1 0 0
  outer loop
   vertex 32.600000 -9.200000 0.000000
   vertex 32.600000 -0.019698 0.601709
   vertex 32.600000 -0.078707 1.200841
  endloop
 endfacet
 facet normal 0 0.986643 0.162895
  outer loop
   vertex -32.600000 -0.078707 1.200841
   vertex -32.600000 -0.176775 1.794831
   vertex 32.600000 -0.176775 1.794831
  endloop
 endfacet
 facet normal -0 0.986643 0.162895
  outer loop
   vertex -32.600000 -0.078707 1.200841
   vertex 32.600000 -0.176775 1.794831
   vertex 32.600000 -0.078707 1.200841
  endloop
 endfacet
 facet normal -1 0 0
  outer loop
   vertex -32.600000 -9.200000 0.000000
   vertex -32.600000 -0.176775 1.794831
   vertex -32.600000 -0.078707 1.200841
  endloop
 endfacet
 facet normal 1 0 0
  outer loop
   vertex 32.600000 -9.200000 0.000000
   vertex 32.600000 -0.078707 1.200841
   vertex 32.600000 -0.176775 1.794831
  endloop
 endfacet
 facet normal 0 0.973877 0.227076
  outer loop
   vertex -32.600000 -0.176775 1.794831
   vertex -32.600000 -0.313482 2.381135
   vertex 32.600000 -0.313482 2.381135
  endloop
 endfacet
 facet normal -0 0.973877 0.227076
  outer loop
   vertex -32.600000 -0.176775 1.794831
   vertex 32.600000 -0.313482 2.381135
   vertex 32.600000 -0.176775 1.794831
  endloop
 endfacet
 facet normal -1 0 0
  outer loop
   vertex -32.600000 -9.200000 0.000000
   vertex -32.600000 -0.313482 2.381135
   vertex -32.600000 -0.176775 1.794831
  endloop
 endfacet
 facet normal 1 0 0
  outer loop
   vertex 32.600000 -9.200000 0.000000
   vertex 32.600000 -0.176775 1.794831
   vertex 32.600000 -0.313482 2.381135
  endloop
 endfacet
 facet normal 0 0.95694 0.290286
  outer loop
   vertex -32.600000 -0.313482 2.381135
   vertex -32.600000 -0.488243 2.957243
   vertex 32.600000 -0.488243 2.957243
  endloop
 endfacet
 facet normal -0 0.95694 0.290286
  outer loop
   vertex -32.600000 -0.313482 2.381135
   vertex 32.600000 -0.488243 2.957243
   vertex 32.600000 -0.313482 2.381135
  endloop
 endfacet
 facet normal -1 0 0
  outer loop
   vertex -32.600000 -9.200000 0.000000
   vertex -32.600000 -0.488243 2.957243
   vertex -32.600000 -0.313482 2.381135
  endloop
 endfacet
 facet normal 1 0 0
  outer loop
   vertex 32.600000 -9.200000 0.000000
   vertex 32.600000 -0.313482 2.381135
   vertex 32.600000 -0.488243 2.957243
  endloop
 endfacet
 facet normal 0 0.935906 0.352249
  outer loop
   vertex -32.600000 -0.488243 2.957243
   vertex -32.600000 -0.700308 3.520688
   vertex 32.600000 -0.700308 3.520688
  endloop
 endfacet
 facet normal -0 0.935906 0.352249
  outer loop
   vertex -32.600000 -0.488243 2.957243
   vertex 32.600000 -0.700308 3.520688
   vertex 32.600000 -0.488243 2.957243
  endloop
 endfacet
 facet normal -1 0 0
  outer loop
   vertex -32.600000 -9.200000 0.000000
   vertex -32.600000 -0.700308 3.520688
   vertex -32.600000 -0.488243 2.957243
  endloop
 endfacet
 facet normal 1 0 0
  outer loop
   vertex 32.600000 -9.200000 0.000000
   vertex 32.600000 -0.488243 2.957243
   vertex 32.600000 -0.700308 3.520688
  endloop
 endfacet
 facet normal 0 0.910863 0.412708
  outer loop
   vertex -32.600000 -0.700308 3.520688
   vertex -32.600000 -0.948771 4.069056
   vertex 32.600000 -0.948771 4.069056
  endloop
 endfacet
 facet normal -0 0.910863 0.412708
  outer loop
   vertex -32.600000 -0.700308 3.520688
   vertex 32.600000 -0.948771 4.069056
   vertex 32.600000 -0.700308 3.520688
  endloop
 endfacet
 facet normal -1 0 0
  outer loop
   vertex -32.600000 -9.200000 0.000000
   vertex -32.600000 -0.948771 4.069056
   vertex -32.600000 -0.700308 3.520688
  endloop
 endfacet
 facet normal 1 0 0
  outer loop
   vertex 32.600000 -9.200000 0.000000
   vertex 32.600000 -0.700308 3.520688
   vertex 32.600000 -0.948771 4.069056
  endloop
 endfacet
 facet normal 0 0.881922 0.471396
  outer loop
   vertex -32.600000 -0.948771 4.069056
   vertex -32.600000 -1.232566 4.600000
   vertex 32.600000 -1.232566 4.600000
  endloop
 endfacet
 facet normal -0 0.881922 0.471396
  outer loop
   vertex -32.600000 -0.948771 4.069056
   vertex 32.600000 -1.232566 4.600000
   vertex 32.600000 -0.948771 4.069056
  endloop
 endfacet
 facet normal -1 0 0
  outer loop
   vertex -32.600000 -9.200000 0.000000
   vertex -32.600000 -1.232566 4.600000
   vertex -32.600000 -0.948771 4.069056
  endloop
 endfacet
 facet normal 1 0 0
  outer loop
   vertex 32.600000 -9.200000 0.000000
   vertex 32.600000 -0.948771 4.069056
   vertex 32.600000 -1.232566 4.600000
  endloop
 endfacet
 facet normal 0 0.849202 0.528069
  outer loop
   vertex -32.600000 -1.232566 4.600000
   vertex -32.600000 -1.550480 5.111246
   vertex 32.600000 -1.550480 5.111246
  endloop
 endfacet
 facet normal -0 0.849202 0.528069
  outer loop
   vertex -32.600000 -1.232566 4.600000
   vertex 32.600000 -1.550480 5.111246
   vertex 32.600000 -1.232566 4.600000
  endloop
 endfacet
 facet normal -1 0 0
  outer loop
   vertex -32.600000 -9.200000 0.000000
   vertex -32.600000 -1.550480 5.111246
   vertex -32.600000 -1.232566 4.600000
  endloop
 endfacet
 facet normal 1 0 0
  outer loop
   vertex 32.600000 -9.200000 0.000000
   vertex 32.600000 -1.232566 4.600000
   vertex 32.600000 -1.550480 5.111246
  endloop
 endfacet
 facet normal 0 0.812847 0.582477
  outer loop
   vertex -32.600000 -1.550480 5.111246
   vertex -32.600000 -1.901149 5.600605
   vertex 32.600000 -1.901149 5.600605
  endloop
 endfacet
 facet normal -0 0.812847 0.582477
  outer loop
   vertex -32.600000 -1.550480 5.111246
   vertex 32.600000 -1.901149 5.600605
   vertex 32.600000 -1.550480 5.111246
  endloop
 endfacet
 facet normal -1 0 0
  outer loop
   vertex -32.600000 -9.200000 0.000000
   vertex -32.600000 -1.901149 5.600605
   vertex -32.600000 -1.550480 5.111246
  endloop
 endfacet
 facet normal 1 0 0
  outer loop
   vertex 32.600000 -9.200000 0.000000
   vertex 32.600000 -1.550480 5.111246
   vertex 32.600000 -1.901149 5.600605
  endloop
 endfacet
 facet normal 0 0.77301 0.634394
  outer loop
   vertex -32.600000 -1.901149 5.600605
   vertex -32.600000 -2.283074 6.065981
   vertex 32.600000 -2.283074 6.065981
  endloop
 endfacet
 facet normal -0 0.77301 0.634394
  outer loop
   vertex -32.600000 -1.901149 5.600605
   vertex 32.600000 -2.283074 6.065981
   vertex 32.600000 -1.901149 5.600605
  endloop
 endfacet
 facet normal -1 0 0
  outer loop
   vertex -32.600000 -9.200000 0.000000
   vertex -32.600000 -2.283074 6.065981
   vertex -32.600000 -1.901149 5.600605
  endloop
 endfacet
 facet normal 1 0 0
  outer loop
   vertex 32.600000 -9.200000 0.000000
   vertex 32.600000 -1.901149 5.600605
   vertex 32.600000 -2.283074 6.065981
  endloop
 endfacet
 facet normal 0 0.729864 0.683592
  outer loop
   vertex -32.600000 -2.283074 6.065981
   vertex -32.600000 -2.694618 6.505382
   vertex 32.600000 -2.694618 6.505382
  endloop
 endfacet
 facet normal -0 0.729864 0.683592
  outer loop
   vertex -32.600000 -2.283074 6.065981
   vertex 32.600000 -2.694618 6.505382
   vertex 32.600000 -2.283074 6.065981
  endloop
 endfacet
 facet normal -1 0 0
  outer loop
   vertex -32.600000 -9.200000 0.000000
   vertex -32.600000 -2.694618 6.505382
   vertex -32.600000 -2.283074 6.065981
  endloop
 endfacet
 facet normal 1 0 0
  outer loop
   vertex 32.600000 -9.200000 0.000000
   vertex 32.600000 -2.283074 6.065981
   vertex 32.600000 -2.694618 6.505382
  endloop
 endfacet
 facet normal 0 0.683592 0.729864
  outer loop
   vertex -32.600000 -2.694618 6.505382
   vertex -32.600000 -3.134019 6.916926
   vertex 32.600000 -3.134019 6.916926
  endloop
 endfacet
 facet normal -0 0.683592 0.729864
  outer loop
   vertex -32.600000 -2.694618 6.505382
   vertex 32.600000 -3.134019 6.916926
   vertex 32.600000 -2.694618 6.505382
  endloop
 endfacet
 facet normal -1 0 0
  outer loop
   vertex -32.600000 -9.200000 0.000000
   vertex -32.600000 -3.134019 6.916926
   vertex -32.600000 -2.694618 6.505382
  endloop
 endfacet
 facet normal 1 0 0
  outer loop
   vertex 32.600000 -9.200000 0.000000
   vertex 32.600000 -2.694618 6.505382
   vertex 32.600000 -3.134019 6.916926
  endloop
 endfacet
 facet normal 0 0.634394 0.77301
  outer loop
   vertex -32.600000 -3.134019 6.916926
   vertex -32.600000 -3.599395 7.298851
   vertex 32.600000 -3.599395 7.298851
  endloop
 endfacet
 facet normal -0 0.634394 0.77301
  outer loop
   vertex -32.600000 -3.134019 6.916926
   vertex 32.600000 -3.599395 7.298851
   vertex 32.600000 -3.134019 6.916926
  endloop
 endfacet
 facet normal -1 0 0
  outer loop
   vertex -32.600000 -9.200000 0.000000
   vertex -32.600000 -3.599395 7.298851
   vertex -32.600000 -3.134019 6.916926
  endloop
 endfacet
 facet normal 1 0 0
  outer loop
   vertex 32.600000 -9.200000 0.000000
   vertex 32.600000 -3.134019 6.916926
   vertex 32.600000 -3.599395 7.298851
  endloop
 endfacet
 facet normal 0 0.582477 0.812847
  outer loop
   vertex -32.600000 -3.599395 7.298851
   vertex -32.600000 -4.088754 7.649520
   vertex 32.600000 -4.088754 7.649520
  endloop
 endfacet
 facet normal -0 0.582477 0.812847
  outer loop
   vertex -32.600000 -3.599395 7.298851
   vertex 32.600000 -4.088754 7.649520
   vertex 32.600000 -3.599395 7.298851
  endloop
 endfacet
 facet normal -1 0 0
  outer loop
   vertex -32.600000 -9.200000 0.000000
   vertex -32.600000 -4.088754 7.649520
   vertex -32.600000 -3.599395 7.298851
  endloop
 endfacet
 facet normal 1 0 0
  outer loop
   vertex 32.600000 -9.200000 0.000000
   vertex 32.600000 -3.599395 7.298851
   vertex 32.600000 -4.088754 7.649520
  endloop
 endfacet
 facet normal 0 0.528069 0.849202
  outer loop
   vertex -32.600000 -4.088754 7.649520
   vertex -32.600000 -4.600000 7.967434
   vertex 32.600000 -4.600000 7.967434
  endloop
 endfacet
 facet normal -0 0.528069 0.849202
  outer loop
   vertex -32.600000 -4.088754 7.649520
   vertex 32.600000 -4.600000 7.967434
   vertex 32.600000 -4.088754 7.649520
  endloop
 endfacet
 facet normal -1 0 0
  outer loop
   vertex -32.600000 -9.200000 0.000000
   vertex -32.600000 -4.600000 7.967434
   vertex -32.600000 -4.088754 7.649520
  endloop
 endfacet
 facet normal 1 0 0
  outer loop
   vertex 32.600000 -9.200000 0.000000
   vertex 32.600000 -4.088754 7.649520
   vertex 32.600000 -4.600000 7.967434
  endloop
 endfacet
 facet normal 0 0.471396 0.881922
  outer loop
   vertex -32.600000 -4.600000 7.967434
   vertex -32.600000 -5.130944 8.251229
   vertex 32.600000 -5.130944 8.251229
  endloop
 endfacet
 facet normal -0 0.471396 0.881922
  outer loop
   vertex -32.600000 -4.600000 7.967434
   vertex 32.600000 -5.130944 8.251229
   vertex 32.600000 -4.600000 7.967434
  endloop
 endfacet
 facet normal -1 0 0
  outer loop
   vertex -32.600000 -9.200000 0.000000
   vertex -32.600000 -5.130944 8.251229
   vertex -32.600000 -4.600000 7.967434
  endloop
 endfacet
 facet normal 1 0 0
  outer loop
   vertex 32.600000 -9.200000 0.000000
   vertex 32.600000 -4.600000 7.967434
   vertex 32.600000 -5.130944 8.251229
  endloop
 endfacet
 facet normal 0 0.412708 0.910863
  outer loop
   vertex -32.600000 -5.130944 8.251229
   vertex -32.600000 -5.679312 8.499692
   vertex 32.600000 -5.679312 8.499692
  endloop
 endfacet
 facet normal -0 0.412708 0.910863
  outer loop
   vertex -32.600000 -5.130944 8.251229
   vertex 32.600000 -5.679312 8.499692
   vertex 32.600000 -5.130944 8.251229
  endloop
 endfacet
 facet normal -1 0 0
  outer loop
   vertex -32.600000 -9.200000 0.000000
   vertex -32.600000 -5.679312 8.499692
   vertex -32.600000 -5.130944 8.251229
  endloop
 endfacet
 facet normal 1 0 0
  outer loop
   vertex 32.600000 -9.200000 0.000000
   vertex 32.600000 -5.130944 8.251229
   vertex 32.600000 -5.679312 8.499692
  endloop
 endfacet
 facet normal 0 0.352249 0.935906
  outer loop
   vertex -32.600000 -5.679312 8.499692
   vertex -32.600000 -6.242757 8.711757
   vertex 32.600000 -6.242757 8.711757
  endloop
 endfacet
 facet normal -0 0.352249 0.935906
  outer loop
   vertex -32.600000 -5.679312 8.499692
   vertex 32.600000 -6.242757 8.711757
   vertex 32.600000 -5.679312 8.499692
  endloop
 endfacet
 facet normal -1 0 0
  outer loop
   vertex -32.600000 -9.200000 0.000000
   vertex -32.600000 -6.242757 8.711757
   vertex -32.600000 -5.679312 8.499692
  endloop
 endfacet
 facet normal 1 0 0
  outer loop
   vertex 32.600000 -9.200000 0.000000
   vertex 32.600000 -5.679312 8.499692
   vertex 32.600000 -6.242757 8.711757
  endloop
 endfacet
 facet normal 0 0.290286 0.95694
  outer loop
   vertex -32.600000 -6.242757 8.711757
   vertex -32.600000 -6.818865 8.886518
   vertex 32.600000 -6.818865 8.886518
  endloop
 endfacet
 facet normal -0 0.290286 0.95694
  outer loop
   vertex -32.600000 -6.242757 8.711757
   vertex 32.600000 -6.818865 8.886518
   vertex 32.600000 -6.242757 8.711757
  endloop
 endfacet
 facet normal -1 0 0
  outer loop
   vertex -32.600000 -9.200000 0.000000
   vertex -32.600000 -6.818865 8.886518
   vertex -32.600000 -6.242757 8.711757
  endloop
 endfacet
 facet normal 1 0 0
  outer loop
   vertex 32.600000 -9.200000 0.000000
   vertex 32.600000 -6.242757 8.711757
   vertex 32.600000 -6.818865 8.886518
  endloop
 endfacet
 facet normal 0 0.227076 0.973877
  outer loop
   vertex -32.600000 -6.818865 8.886518
   vertex -32.600000 -7.405169 9.023225
   vertex 32.600000 -7.405169 9.023225
  endloop
 endfacet
 facet normal -0 0.227076 0.973877
  outer loop
   vertex -32.600000 -6.818865 8.886518
   vertex 32.600000 -7.405169 9.023225
   vertex 32.600000 -6.818865 8.886518
  endloop
 endfacet
 facet normal -1 0 0
  outer loop
   vertex -32.600000 -9.200000 0.000000
   vertex -32.600000 -7.405169 9.023225
   vertex -32.600000 -6.818865 8.886518
  endloop
 endfacet
 facet normal 1 0 0
  outer loop
   vertex 32.600000 -9.200000 0.000000
   vertex 32.600000 -6.818865 8.886518
   vertex 32.600000 -7.405169 9.023225
  endloop
 endfacet
 facet normal 0 0.162895 0.986643
  outer loop
   vertex -32.600000 -7.405169 9.023225
   vertex -32.600000 -7.999159 9.121293
   vertex 32.600000 -7.999159 9.121293
  endloop
 endfacet
 facet normal -0 0.162895 0.986643
  outer loop
   vertex -32.600000 -7.405169 9.023225
   vertex 32.600000 -7.999159 9.121293
   vertex 32.600000 -7.405169 9.023225
  endloop
 endfacet
 facet normal -1 0 0
  outer loop
   vertex -32.600000 -9.200000 0.000000
   vertex -32.600000 -7.999159 9.121293
   vertex -32.600000 -7.405169 9.023225
  endloop
 endfacet
 facet normal 1 0 0
  outer loop
   vertex 32.600000 -9.200000 0.000000
   vertex 32.600000 -7.405169 9.023225
   vertex 32.600000 -7.999159 9.121293
  endloop
 endfacet
 facet normal 0 0.0980166 0.995185
  outer loop
   vertex -32.600000 -7.999159 9.121293
   vertex -32.600000 -8.598291 9.180302
   vertex 32.600000 -8.598291 9.180302
  endloop
 endfacet
 facet normal -0 0.0980166 0.995185
  outer loop
   vertex -32.600000 -7.999159 9.121293
   vertex 32.600000 -8.598291 9.180302
   vertex 32.600000 -7.999159 9.121293
  endloop
 endfacet
 facet normal -1 0 0
  outer loop
   vertex -32.600000 -9.200000 0.000000
   vertex -32.600000 -8.598291 9.180302
   vertex -32.600000 -7.999159 9.121293
  endloop
 endfacet
 facet normal 1 0 0
  outer loop
   vertex 32.600000 -9.200000 0.000000
   vertex 32.600000 -7.999159 9.121293
   vertex 32.600000 -8.598291 9.180302
  endloop
 endfacet
 facet normal 0 0.0327192 0.999465
  outer loop
   vertex -32.600000 -8.598291 9.180302
   vertex -32.600000 -9.200000 9.200000
   vertex 32.600000 -9.200000 9.200000
  endloop
 endfacet
 facet normal -0 0.0327192 0.999465
  outer loop
   vertex -32.600000 -8.598291 9.180302
   vertex 32.600000 -9.200000 9.200000
   vertex 32.600000 -8.598291 9.180302
  endloop
 endfacet
 facet normal -1 0 0
  outer loop
   vertex -32.600000 -9.200000 0.000000
   vertex -32.600000 -9.200000 9.200000
   vertex -32.600000 -8.598291 9.180302
  endloop
 endfacet
 facet normal 1 0 0
  outer loop
   vertex 32.600000 -9.200000 0.000000
   vertex 32.600000 -8.598291 9.180302
   vertex 32.600000 -9.200000 9.200000
  endloop
 endfacet
 facet normal 0 -0.0327192 0.999465
  outer loop
   vertex -32.600000 -9.200000 9.200000
   vertex -32.600000 -9.801709 9.180302
   vertex 32.600000 -9.801709 9.180302
  endloop
 endfacet
 facet normal 0 -0.0327192 0.999465
  outer loop
   vertex -32.600000 -9.200000 9.200000
   vertex 32.600000 -9.801709 9.180302
   vertex 32.600000 -9.200000 9.200000
  endloop
 endfacet
 facet normal -1 0 0
  outer loop
   vertex -32.600000 -9.200000 0.000000
   vertex -32.600000 -9.801709 9.180302
   vertex -32.600000 -9.200000 9.200000
  endloop
 endfacet
 facet normal 1 0 -0
  outer loop
   vertex 32.600000 -9.200000 0.000000
   vertex 32.600000 -9.200000 9.200000
   vertex 32.600000 -9.801709 9.180302
  endloop
 endfacet
 facet normal 0 -0.0980166 0.995185
  outer loop
   vertex -32.600000 -9.801709 9.180302
   vertex -32.600000 -10.400841 9.121293
   vertex 32.600000 -10.400841 9.121293
  endloop
 endfacet
 facet normal 0 -0.0980166 0.995185
  outer loop
   vertex -32.600000 -9.801709 9.180302
   vertex 32.600000 -10.400841 9.121293
   vertex 32.600000 -9.801709 9.180302
  endloop
 endfacet
 facet normal -1 0 0
  outer loop
   vertex -32.600000 -9.200000 0.000000
   vertex -32.600000 -10.400841 9.121293
   vertex -32.600000 -9.801709 9.180302
  endloop
 endfacet
 facet normal 1 0 0
  outer loop
   vertex 32.600000 -9.200000 0.000000
   vertex 32.600000 -9.801709 9.180302
   vertex 32.600000 -10.400841 9.121293
  endloop
 endfacet
 facet normal 0 -0.162895 0.986643
  outer loop
   vertex -32.600000 -10.400841 9.121293
   vertex -32.600000 -10.994831 9.023225
   vertex 32.600000 -10.994831 9.023225
  endloop
 endfacet
 facet normal 0 -0.162895 0.986643
  outer loop
   vertex -32.600000 -10.400841 9.121293
   vertex 32.600000 -10.994831 9.023225
   vertex 32.600000 -10.400841 9.121293
  endloop
 endfacet
 facet normal -1 0 0
  outer loop
   vertex -32.600000 -9.200000 0.000000
   vertex -32.600000 -10.994831 9.023225
   vertex -32.600000 -10.400841 9.121293
  endloop
 endfacet
 facet normal 1 0 0
  outer loop
   vertex 32.600000 -9.200000 0.000000
   vertex 32.600000 -10.400841 9.121293
   vertex 32.600000 -10.994831 9.023225
  endloop
 endfacet
 facet normal 0 -0.227076 0.973877
  outer loop
   vertex -32.600000 -10.994831 9.023225
   vertex -32.600000 -11.581135 8.886518
   vertex 32.600000 -11.581135 8.886518
  endloop
 endfacet
 facet normal 0 -0.227076 0.973877
  outer loop
   vertex -32.600000 -10.994831 9.023225
   vertex 32.600000 -11.581135 8.886518
   vertex 32.600000 -10.994831 9.023225
  endloop
 endfacet
 facet normal -1 0 0
  outer loop
   vertex -32.600000 -9.200000 0.000000
   vertex -32.600000 -11.581135 8.886518
   vertex -32.600000 -10.994831 9.023225
  endloop
 endfacet
 facet normal 1 0 0
  outer loop
   vertex 32.600000 -9.200000 0.000000
   vertex 32.600000 -10.994831 9.023225
   vertex 32.600000 -11.581135 8.886518
  endloop
 endfacet
 facet normal 0 -0.290286 0.95694
  outer loop
   vertex -32.600000 -11.581135 8.886518
   vertex -32.600000 -12.157243 8.711757
   vertex 32.600000 -12.157243 8.711757
  endloop
 endfacet
 facet normal 0 -0.290286 0.95694
  outer loop
   vertex -32.600000 -11.581135 8.886518
   vertex 32.600000 -12.157243 8.711757
   vertex 32.600000 -11.581135 8.886518
  endloop
 endfacet
 facet normal -1 0 0
  outer loop
   vertex -32.600000 -9.200000 0.000000
   vertex -32.600000 -12.157243 8.711757
   vertex -32.600000 -11.581135 8.886518
  endloop
 endfacet
 facet normal 1 0 0
  outer loop
   vertex 32.600000 -9.200000 0.000000
   vertex 32.600000 -11.581135 8.886518
   vertex 32.600000 -12.157243 8.711757
  endloop
 endfacet
 facet normal 0 -0.352249 0.935906
  outer loop
   vertex -32.600000 -12.157243 8.711757
   vertex -32.600000 -12.720688 8.499692
   vertex 32.600000 -12.720688 8.499692
  endloop
 endfacet
 facet normal 0 -0.352249 0.935906
  outer loop
   vertex -32.600000 -12.157243 8.711757
   vertex 32.600000 -12.720688 8.499692
   vertex 32.600000 -12.157243 8.711757
  endloop
 endfacet
 facet normal -1 0 0
  outer loop
   vertex -32.600000 -9.200000 0.000000
   vertex -32.600000 -12.720688 8.499692
   vertex -32.600000 -12.157243 8.711757
  endloop
 endfacet
 facet normal 1 0 0
  outer loop
   vertex 32.600000 -9.200000 0.000000
   vertex 32.600000 -12.157243 8.711757
   vertex 32.600000 -12.720688 8.499692
  endloop
 endfacet
 facet normal 0 -0.412708 0.910863
  outer loop
   vertex -32.600000 -12.720688 8.499692
   vertex -32.600000 -13.269056 8.251229
   vertex 32.600000 -13.269056 8.251229
  endloop
 endfacet
 facet normal 0 -0.412708 0.910863
  outer loop
   vertex -32.600000 -12.720688 8.499692
   vertex 32.600000 -13.269056 8.251229
   vertex 32.600000 -12.720688 8.499692
  endloop
 endfacet
 facet normal -1 0 0
  outer loop
   vertex -32.600000 -9.200000 0.000000
   vertex -32.600000 -13.269056 8.251229
   vertex -32.600000 -12.720688 8.499692
  endloop
 endfacet
 facet normal 1 0 0
  outer loop
   vertex 32.600000 -9.200000 0.000000
   vertex 32.600000 -12.720688 8.499692
   vertex 32.600000 -13.269056 8.251229
  endloop
 endfacet
 facet normal 0 -0.471396 0.881922
  outer loop
   vertex -32.600000 -13.269056 8.251229
   vertex -32.600000 -13.800000 7.967434
   vertex 32.600000 -13.800000 7.967434
  endloop
 endfacet
 facet normal 0 -0.471396 0.881922
  outer loop
   vertex -32.600000 -13.269056 8.251229
   vertex 32.600000 -13.800000 7.967434
   vertex 32.600000 -13.269056 8.251229
  endloop
 endfacet
 facet normal -1 0 0
  outer loop
   vertex -32.600000 -9.200000 0.000000
   vertex -32.600000 -13.800000 7.967434
   vertex -32.600000 -13.269056 8.251229
  endloop
 endfacet
 facet normal 1 0 0
  outer loop
   vertex 32.600000 -9.200000 0.000000
   vertex 32.600000 -13.269056 8.251229
   vertex 32.600000 -13.800000 7.967434
  endloop
 endfacet
 facet normal 0 -0.528069 0.849202
  outer loop
   vertex -32.600000 -13.800000 7.967434
   vertex -32.600000 -14.311246 7.649520
   vertex 32.600000 -14.311246 7.649520
  endloop
 endfacet
 facet normal 0 -0.528069 0.849202
  outer loop
   vertex -32.600000 -13.800000 7.967434
   vertex 32.600000 -14.311246 7.649520
   vertex 32.600000 -13.800000 7.967434
  endloop
 endfacet
 facet normal -1 0 0
  outer loop
   vertex -32.600000 -9.200000 0.000000
   vertex -32.600000 -14.311246 7.649520
   vertex -32.600000 -13.800000 7.967434
  endloop
 endfacet
 facet normal 1 0 0
  outer loop
   vertex 32.600000 -9.200000 0.000000
   vertex 32.600000 -13.800000 7.967434
   vertex 32.600000 -14.311246 7.649520
  endloop
 endfacet
 facet normal 0 -0.582477 0.812847
  outer loop
   vertex -32.600000 -14.311246 7.649520
   vertex -32.600000 -14.800605 7.298851
   vertex 32.600000 -14.800605 7.298851
  endloop
 endfacet
 facet normal 0 -0.582477 0.812847
  outer loop
   vertex -32.600000 -14.311246 7.649520
   vertex 32.600000 -14.800605 7.298851
   vertex 32.600000 -14.311246 7.649520
  endloop
 endfacet
 facet normal -1 0 0
  outer loop
   vertex -32.600000 -9.200000 0.000000
   vertex -32.600000 -14.800605 7.298851
   vertex -32.600000 -14.311246 7.649520
  endloop
 endfacet
 facet normal 1 0 0
  outer loop
   vertex 32.600000 -9.200000 0.000000
   vertex 32.600000 -14.311246 7.649520
   vertex 32.600000 -14.800605 7.298851
  endloop
 endfacet
 facet normal 0 -0.634394 0.77301
  outer loop
   vertex -32.600000 -14.800605 7.298851
   vertex -32.600000 -15.265981 6.916926
   vertex 32.600000 -15.265981 6.916926
  endloop
 endfacet
 facet normal 0 -0.634394 0.77301
  outer loop
   vertex -32.600000 -14.800605 7.298851
   vertex 32.600000 -15.265981 6.916926
   vertex 32.600000 -14.800605 7.298851
  endloop
 endfacet
 facet normal -1 0 0
  outer loop
   vertex -32.600000 -9.200000 0.000000
   vertex -32.600000 -15.265981 6.916926
   vertex -32.600000 -14.800605 7.298851
  endloop
 endfacet
 facet normal 1 0 0
  outer loop
   vertex 32.600000 -9.200000 0.000000
   vertex 32.600000 -14.800605 7.298851
   vertex 32.600000 -15.265981 6.916926
  endloop
 endfacet
 facet normal 0 -0.683592 0.729864
  outer loop
   vertex -32.600000 -15.265981 6.916926
   vertex -32.600000 -15.705382 6.505382
   vertex 32.600000 -15.705382 6.505382
  endloop
 endfacet
 facet normal 0 -0.683592 0.729864
  outer loop
   vertex -32.600000 -15.265981 6.916926
   vertex 32.600000 -15.705382 6.505382
   vertex 32.600000 -15.265981 6.916926
  endloop
 endfacet
 facet normal -1 0 0
  outer loop
   vertex -32.600000 -9.200000 0.000000
   vertex -32.600000 -15.705382 6.505382
   vertex -32.600000 -15.265981 6.916926
  endloop
 endfacet
 facet normal 1 0 0
  outer loop
   vertex 32.600000 -9.200000 0.000000
   vertex 32.600000 -15.265981 6.916926
   vertex 32.600000 -15.705382 6.505382
  endloop
 endfacet
 facet normal 0 -0.729864 0.683592
  outer loop
   vertex -32.600000 -15.705382 6.505382
   vertex -32.600000 -16.116926 6.065981
   vertex 32.600000 -16.116926 6.065981
  endloop
 endfacet
 facet normal 0 -0.729864 0.683592
  outer loop
   vertex -32.600000 -15.705382 6.505382
   vertex 32.600000 -16.116926 6.065981
   vertex 32.600000 -15.705382 6.505382
  endloop
 endfacet
 facet normal -1 0 0
  outer loop
   vertex -32.600000 -9.200000 0.000000
   vertex -32.600000 -16.116926 6.065981
   vertex -32.600000 -15.705382 6.505382
  endloop
 endfacet
 facet normal 1 0 0
  outer loop
   vertex 32.600000 -9.200000 0.000000
   vertex 32.600000 -15.705382 6.505382
   vertex 32.600000 -16.116926 6.065981
  endloop
 endfacet
 facet normal 0 -0.77301 0.634394
  outer loop
   vertex -32.600000 -16.116926 6.065981
   vertex -32.600000 -16.498851 5.600605
   vertex 32.600000 -16.498851 5.600605
  endloop
 endfacet
 facet normal 0 -0.77301 0.634394
  outer loop
   vertex -32.600000 -16.116926 6.065981
   vertex 32.600000 -16.498851 5.600605
   vertex 32.600000 -16.116926 6.065981
  endloop
 endfacet
 facet normal -1 0 0
  outer loop
   vertex -32.600000 -9.200000 0.000000
   vertex -32.600000 -16.498851 5.600605
   vertex -32.600000 -16.116926 6.065981
  endloop
 endfacet
 facet normal 1 0 0
  outer loop
   vertex 32.600000 -9.200000 0.000000
   vertex 32.600000 -16.116926 6.065981
   vertex 32.600000 -16.498851 5.600605
  endloop
 endfacet
 facet normal 0 -0.812847 0.582477
  outer loop
   vertex -32.600000 -16.498851 5.600605
   vertex -32.600000 -16.849520 5.111246
   vertex 32.600000 -16.849520 5.111246
  endloop
 endfacet
 facet normal 0 -0.812847 0.582477
  outer loop
   vertex -32.600000 -16.498851 5.600605
   vertex 32.600000 -16.849520 5.111246
   vertex 32.600000 -16.498851 5.600605
  endloop
 endfacet
 facet normal -1 0 0
  outer loop
   vertex -32.600000 -9.200000 0.000000
   vertex -32.600000 -16.849520 5.111246
   vertex -32.600000 -16.498851 5.600605
  endloop
 endfacet
 facet normal 1 0 0
  outer loop
   vertex 32.600000 -9.200000 0.000000
   vertex 32.600000 -16.498851 5.600605
   vertex 32.600000 -16.849520 5.111246
  endloop
 endfacet
 facet normal 0 -0.849202 0.528069
  outer loop
   vertex -32.600000 -16.849520 5.111246
   vertex -32.600000 -17.167434 4.600000
   vertex 32.600000 -17.167434 4.600000
  endloop
 endfacet
 facet normal 0 -0.849202 0.528069
  outer loop
   vertex -32.600000 -16.849520 5.111246
   vertex 32.600000 -17.167434 4.600000
   vertex 32.600000 -16.849520 5.111246
  endloop
 endfacet
 facet normal -1 0 0
  outer loop
   vertex -32.600000 -9.200000 0.000000
   vertex -32.600000 -17.167434 4.600000
   vertex -32.600000 -16.849520 5.111246
  endloop
 endfacet
 facet normal 1 0 0
  outer loop
   vertex 32.600000 -9.200000 0.000000
   vertex 32.600000 -16.849520 5.111246
   vertex 32.600000 -17.167434 4.600000
  endloop
 endfacet
 facet normal 0 -0.881922 0.471396
  outer loop
   vertex -32.600000 -17.167434 4.600000
   vertex -32.600000 -17.451229 4.069056
   vertex 32.600000 -17.451229 4.069056
  endloop
 endfacet
 facet normal 0 -0.881922 0.471396
  outer loop
   vertex -32.600000 -17.167434 4.600000
   vertex 32.600000 -17.451229 4.069056
   vertex 32.600000 -17.167434 4.600000
  endloop
 endfacet
 facet normal -1 0 0
  outer loop
   vertex -32.600000 -9.200000 0.000000
   vertex -32.600000 -17.451229 4.069056
   vertex -32.600000 -17.167434 4.600000
  endloop
 endfacet
 facet normal 1 0 0
  outer loop
   vertex 32.600000 -9.200000 0.000000
   vertex 32.600000 -17.167434 4.600000
   vertex 32.600000 -17.451229 4.069056
  endloop
 endfacet
 facet normal 0 -0.910863 0.412708
  outer loop
   vertex -32.600000 -17.451229 4.069056
   vertex -32.600000 -17.699692 3.520688
   vertex 32.600000 -17.699692 3.520688
  endloop
 endfacet
 facet normal 0 -0.910863 0.412708
  outer loop
   vertex -32.600000 -17.451229 4.069056
   vertex 32.600000 -17.699692 3.520688
   vertex 32.600000 -17.451229 4.069056
  endloop
 endfacet
 facet normal -1 0 0
  outer loop
   vertex -32.600000 -9.200000 0.000000
   vertex -32.600000 -17.699692 3.520688
   vertex -32.600000 -17.451229 4.069056
  endloop
 endfacet
 facet normal 1 0 0
  outer loop
   vertex 32.600000 -9.200000 0.000000
   vertex 32.600000 -17.451229 4.069056
   vertex 32.600000 -17.699692 3.520688
  endloop
 endfacet
 facet normal 0 -0.935906 0.352249
  outer loop
   vertex -32.600000 -17.699692 3.520688
   vertex -32.600000 -17.911757 2.957243
   vertex 32.600000 -17.911757 2.957243
  endloop
 endfacet
 facet normal 0 -0.935906 0.352249
  outer loop
   vertex -32.600000 -17.699692 3.520688
   vertex 32.600000 -17.911757 2.957243
   vertex 32.600000 -17.699692 3.520688
  endloop
 endfacet
 facet normal -1 0 0
  outer loop
   vertex -32.600000 -9.200000 0.000000
   vertex -32.600000 -17.911757 2.957243
   vertex -32.600000 -17.699692 3.520688
  endloop
 endfacet
 facet normal 1 0 0
  outer loop
   vertex 32.600000 -9.200000 0.000000
   vertex 32.600000 -17.699692 3.520688
   vertex 32.600000 -17.911757 2.957243
  endloop
 endfacet
 facet normal 0 -0.95694 0.290286
  outer loop
   vertex -32.600000 -17.911757 2.957243
   vertex -32.600000 -18.086518 2.381135
   vertex 32.600000 -18.086518 2.381135
  endloop
 endfacet
 facet normal 0 -0.95694 0.290286
  outer loop
   vertex -32.600000 -17.911757 2.957243
   vertex 32.600000 -18.086518 2.381135
   vertex 32.600000 -17.911757 2.957243
  endloop
 endfacet
 facet normal -1 0 0
  outer loop
   vertex -32.600000 -9.200000 0.000000
   vertex -32.600000 -18.086518 2.381135
   vertex -32.600000 -17.911757 2.957243
  endloop
 endfacet
 facet normal 1 0 0
  outer loop
   vertex 32.600000 -9.200000 0.000000
   vertex 32.600000 -17.911757 2.957243
   vertex 32.600000 -18.086518 2.381135
  endloop
 endfacet
 facet normal 0 -0.973877 0.227076
  outer loop
   vertex -32.600000 -18.086518 2.381135
   vertex -32.600000 -18.223225 1.794831
   vertex 32.600000 -18.223225 1.794831
  endloop
 endfacet
 facet normal 0 -0.973877 0.227076
  outer loop
   vertex -32.600000 -18.086518 2.381135
   vertex 32.600000 -18.223225 1.794831
   vertex 32.600000 -18.086518 2.381135
  endloop
 endfacet
 facet normal -1 0 0
  outer loop
   vertex -32.600000 -9.200000 0.000000
   vertex -32.600000 -18.223225 1.794831
   vertex -32.600000 -18.086518 2.381135
  endloop
 endfacet
 facet normal 1 0 0
  outer loop
   vertex 32.600000 -9.200000 0.000000
   vertex 32.600000 -18.086518 2.381135
   vertex 32.600000 -18.223225 1.794831
  endloop
 endfacet
 facet normal 0 -0.986643 0.162895
  outer loop
   vertex -32.600000 -18.223225 1.794831
   vertex -32.600000 -18.321293 1.200841
   vertex 32.600000 -18.321293 1.200841
  endloop
 endfacet
 facet normal 0 -0.986643 0.162895
  outer loop
   vertex -32.600000 -18.223225 1.794831
   vertex 32.600000 -18.321293 1.200841
   vertex 32.600000 -18.223225 1.794831
  endloop
 endfacet
 facet normal -1 0 0
  outer loop
   vertex -32.600000 -9.200000 0.000000
   vertex -32.600000 -18.321293 1.200841
   vertex -32.600000 -18.223225 1.794831
  endloop
 endfacet
 facet normal 1 0 0
  outer loop
   vertex 32.600000 -9.200000 0.000000
   vertex 32.600000 -18.223225 1.794831
   vertex 32.600000 -18.321293 1.200841
  endloop
 endfacet
 facet normal 0 -0.995185 0.0980166
  outer loop
   vertex -32.600000 -18.321293 1.200841
   vertex -32.600000 -18.380302 0.601709
   vertex 32.600000 -18.380302 0.601709
  endloop
 endfacet
 facet normal 0 -0.995185 0.0980166
  outer loop
   vertex -32.600000 -18.321293 1.200841
   vertex 32.600000 -18.380302 0.601709
   vertex 32.600000 -18.321293 1.200841
  endloop
 endfacet
 facet normal -1 0 0
  outer loop
   vertex -32.600000 -9.200000 0.000000
   vertex -32.600000 -18.380302 0.601709
   vertex -32.600000 -18.321293 1.200841
  endloop
 endfacet
 facet normal 1 0 0
  outer loop
   vertex 32.600000 -9.200000 0.000000
   vertex 32.600000 -18.321293 1.200841
   vertex 32.600000 -18.380302 0.601709
  endloop
 endfacet
 facet normal 0 -0.999465 0.0327192
  outer loop
   vertex -32.600000 -18.380302 0.601709
   vertex -32.600000 -18.400000 0.000000
   vertex 32.600000 -18.400000 0.000000
  endloop
 endfacet
 facet normal 0 -0.999465 0.0327192
  outer loop
   vertex -32.600000 -18.380302 0.601709
   vertex 32.600000 -18.400000 0.000000
   vertex 32.600000 -18.380302 0.601709
  endloop
 endfacet
 facet normal -1 0 0
  outer loop
   vertex -32.600000 -9.200000 0.000000
   vertex -32.600000 -18.400000 0.000000
   vertex -32.600000 -18.380302 0.601709
  endloop
 endfacet
 facet normal 1 0 0
  outer loop
   vertex 32.600000 -9.200000 0.000000
   vertex 32.600000 -18.380302 0.601709
   vertex 32.600000 -18.400000 0.000000
  endloop
 endfacet
 facet normal 0 -0.999465 -0.0327192
  outer loop
   vertex -32.600000 -18.400000 0.000000
   vertex -32.600000 -18.380302 -0.601709
   vertex 32.600000 -18.380302 -0.601709
  endloop
 endfacet
 facet normal 0 -0.999465 -0.0327192
  outer loop
   vertex -32.600000 -18.400000 0.000000
   vertex 32.600000 -18.380302 -0.601709
   vertex 32.600000 -18.400000 0.000000
  endloop
 endfacet
 facet normal -1 -0 0
  outer loop
   vertex -32.600000 -9.200000 0.000000
   vertex -32.600000 -18.380302 -0.601709
   vertex -32.600000 -18.400000 0.000000
  endloop
 endfacet
 facet normal 1 0 0
  outer loop
   vertex 32.600000 -9.200000 0.000000
   vertex 32.600000 -18.400000 0.000000
   vertex 32.600000 -18.380302 -0.601709
  endloop
 endfacet
 facet normal 0 -0.995185 -0.0980166
  outer loop
   vertex -32.600000 -18.380302 -0.601709
   vertex -32.600000 -18.321293 -1.200841
   vertex 32.600000 -18.321293 -1.200841
  endloop
 endfacet
 facet normal 0 -0.995185 -0.0980166
  outer loop
   vertex -32.600000 -18.380302 -0.601709
   vertex 32.600000 -18.321293 -1.200841
   vertex 32.600000 -18.380302 -0.601709
  endloop
 endfacet
 facet normal -1 0 0
  outer loop
   vertex -32.600000 -9.200000 0.000000
   vertex -32.600000 -18.321293 -1.200841
   vertex -32.600000 -18.380302 -0.601709
  endloop
 endfacet
 facet normal 1 0 0
  outer loop
   vertex 32.600000 -9.200000 0.000000
   vertex 32.600000 -18.380302 -0.601709
   vertex 32.600000 -18.321293 -1.200841
  endloop
 endfacet
 facet normal 0 -0.986643 -0.162895
  outer loop
   vertex -32.600000 -18.321293 -1.200841
   vertex -32.600000 -18.223225 -1.794831
   vertex 32.600000 -18.223225 -1.794831
  endloop
 endfacet
 facet normal 0 -0.986643 -0.162895
  outer loop
   vertex -32.600000 -18.321293 -1.200841
   vertex 32.600000 -18.223225 -1.794831
   vertex 32.600000 -18.321293 -1.200841
  endloop
 endfacet
 facet normal -1 0 0
  outer loop
   vertex -32.600000 -9.200000 0.000000
   vertex -32.600000 -18.223225 -1.794831
   vertex -32.600000 -18.321293 -1.200841
  endloop
 endfacet
 facet normal 1 0 0
  outer loop
   vertex 32.600000 -9.200000 0.000000
   vertex 32.600000 -18.321293 -1.200841
   vertex 32.600000 -18.223225 -1.794831
  endloop
 endfacet
 facet normal 0 -0.973877 -0.227076
  outer loop
   vertex -32.600000 -18.223225 -1.794831
   vertex -32.600000 -18.086518 -2.381135
   vertex 32.600000 -18.086518 -2.381135
  endloop
 endfacet
 facet normal 0 -0.973877 -0.227076
  outer loop
   vertex -32.600000 -18.223225 -1.794831
   vertex 32.600000 -18.086518 -2.381135
   vertex 32.600000 -18.223225 -1.794831
  endloop
 endfacet
 facet normal -1 0 0
  outer loop
   vertex -32.600000 -9.200000 0.000000
   vertex -32.600000 -18.086518 -2.381135
   vertex -32.600000 -18.223225 -1.794831
  endloop
 endfacet
 facet normal 1 0 0
  outer loop
   vertex 32.600000 -9.200000 0.000000
   vertex 32.600000 -18.223225 -1.794831
   vertex 32.600000 -18.086518 -2.381135
  endloop
 endfacet
 facet normal 0 -0.95694 -0.290286
  outer loop
   vertex -32.600000 -18.086518 -2.381135
   vertex -32.600000 -17.911757 -2.957243
   vertex 32.600000 -17.911757 -2.957243
  endloop
 endfacet
 facet normal 0 -0.95694 -0.290286
  outer loop
   vertex -32.600000 -18.086518 -2.381135
   vertex 32.600000 -17.911757 -2.957243
   vertex 32.600000 -18.086518 -2.381135
  endloop
 endfacet
 facet normal -1 0 0
  outer loop
   vertex -32.600000 -9.200000 0.000000
   vertex -32.600000 -17.911757 -2.957243
   vertex -32.600000 -18.086518 -2.381135
  endloop
 endfacet
 facet normal 1 0 0
  outer loop
   vertex 32.600000 -9.200000 0.000000
   vertex 32.600000 -18.086518 -2.381135
   vertex 32.600000 -17.911757 -2.957243
  endloop
 endfacet
 facet normal 0 -0.935906 -0.352249
  outer loop
   vertex -32.600000 -17.911757 -2.957243
   vertex -32.600000 -17.699692 -3.520688
   vertex 32.600000 -17.699692 -3.520688
  endloop
 endfacet
 facet normal 0 -0.935906 -0.352249
  outer loop
   vertex -32.600000 -17.911757 -2.957243
   vertex 32.600000 -17.699692 -3.520688
   vertex 32.600000 -17.911757 -2.957243
  endloop
 endfacet
 facet normal -1 0 0
  outer loop
   vertex -32.600000 -9.200000 0.000000
   vertex -32.600000 -17.699692 -3.520688
   vertex -32.600000 -17.911757 -2.957243
  endloop
 endfacet
 facet normal 1 0 0
  outer loop
   vertex 32.600000 -9.200000 0.000000
   vertex 32.600000 -17.911757 -2.957243
   vertex 32.600000 -17.699692 -3.520688
  endloop
 endfacet
 facet normal 0 -0.910863 -0.412708
  outer loop
   vertex -32.600000 -17.699692 -3.520688
   vertex -32.600000 -17.451229 -4.069056
   vertex 32.600000 -17.451229 -4.069056
  endloop
 endfacet
 facet normal 0 -0.910863 -0.412708
  outer loop
   vertex -32.600000 -17.699692 -3.520688
   vertex 32.600000 -17.451229 -4.069056
   vertex 32.600000 -17.699692 -3.520688
  endloop
 endfacet
 facet normal -1 0 0
  outer loop
   vertex -32.600000 -9.200000 0.000000
   vertex -32.600000 -17.451229 -4.069056
   vertex -32.600000 -17.699692 -3.520688
  endloop
 endfacet
 facet normal 1 0 0
  outer loop
   vertex 32.600000 -9.200000 0.000000
   vertex 32.600000 -17.699692 -3.520688
   vertex 32.600000 -17.451229 -4.069056
  endloop
 endfacet
 facet normal 0 -0.881922 -0.471396
  outer loop
   vertex -32.600000 -17.451229 -4.069056
   vertex -32.600000 -17.167434 -4.600000
   vertex 32.600000 -17.167434 -4.600000
  endloop
 endfacet
 facet normal 0 -0.881922 -0.471396
  outer loop
   vertex -32.600000 -17.451229 -4.069056
   vertex 32.600000 -17.167434 -4.600000
   vertex 32.600000 -17.451229 -4.069056
  endloop
 endfacet
 facet normal -1 0 0
  outer loop
   vertex -32.600000 -9.200000 0.000000
   vertex -32.600000 -17.167434 -4.600000
   vertex -32.600000 -17.451229 -4.069056
  endloop
 endfacet
 facet normal 1 0 0
  outer loop
   vertex 32.600000 -9.200000 0.000000
   vertex 32.600000 -17.451229 -4.069056
   vertex 32.600000 -17.167434 -4.600000
  endloop
 endfacet
 facet normal 0 -0.849202 -0.528069
  outer loop
   vertex -32.600000 -17.167434 -4.600000
   vertex -32.600000 -16.849520 -5.111246
   vertex 32.600000 -16.849520 -5.111246
  endloop
 endfacet
 facet normal 0 -0.849202 -0.528069
  outer loop
   vertex -32.600000 -17.167434 -4.600000
   vertex 32.600000 -16.849520 -5.111246
   vertex 32.600000 -17.167434 -4.600000
  endloop
 endfacet
 facet normal -1 0 0
  outer loop
   vertex -32.600000 -9.200000 0.000000
   vertex -32.600000 -16.849520 -5.111246
   vertex -32.600000 -17.167434 -4.600000
  endloop
 endfacet
 facet normal 1 0 0
  outer loop
   vertex 32.600000 -9.200000 0.000000
   vertex 32.600000 -17.167434 -4.600000
   vertex 32.600000 -16.849520 -5.111246
  endloop
 endfacet
 facet normal 0 -0.812847 -0.582477
  outer loop
   vertex -32.600000 -16.849520 -5.111246
   vertex -32.600000 -16.498851 -5.600605
   vertex 32.600000 -16.498851 -5.600605
  endloop
 endfacet
 facet normal 0 -0.812847 -0.582477
  outer loop
   vertex -32.600000 -16.849520 -5.111246
   vertex 32.600000 -16.498851 -5.600605
   vertex 32.600000 -16.849520 -5.111246
  endloop
 endfacet
 facet normal -1 0 0
  outer loop
   vertex -32.600000 -9.200000 0.000000
   vertex -32.600000 -16.498851 -5.600605
   vertex -32.600000 -16.849520 -5.111246
  endloop
 endfacet
 facet normal 1 0 0
  outer loop
   vertex 32.600000 -9.200000 0.000000
   vertex 32.600000 -16.849520 -5.111246
   vertex 32.600000 -16.498851 -5.600605
  endloop
 endfacet
 facet normal 0 -0.77301 -0.634394
  outer loop
   vertex -32.600000 -16.498851 -5.600605
   vertex -32.600000 -16.116926 -6.065981
   vertex 32.600000 -16.116926 -6.065981
  endloop
 endfacet
 facet normal 0 -0.77301 -0.634394
  outer loop
   vertex -32.600000 -16.498851 -5.600605
   vertex 32.600000 -16.116926 -6.065981
   vertex 32.600000 -16.498851 -5.600605
  endloop
 endfacet
 facet normal -1 0 0
  outer loop
   vertex -32.600000 -9.200000 0.000000
   vertex -32.600000 -16.116926 -6.065981
   vertex -32.600000 -16.498851 -5.600605
  endloop
 endfacet
 facet normal 1 0 0
  outer loop
   vertex 32.600000 -9.200000 0.000000
   vertex 32.600000 -16.498851 -5.600605
   vertex 32.600000 -16.116926 -6.065981
  endloop
 endfacet
 facet normal 0 -0.729864 -0.683592
  outer loop
   vertex -32.600000 -16.116926 -6.065981
   vertex -32.600000 -15.705382 -6.505382
   vertex 32.600000 -15.705382 -6.505382
  endloop
 endfacet
 facet normal 0 -0.729864 -0.683592
  outer loop
   vertex -32.600000 -16.116926 -6.065981
   vertex 32.600000 -15.705382 -6.505382
   vertex 32.600000 -16.116926 -6.065981
  endloop
 endfacet
 facet normal -1 0 0
  outer loop
   vertex -32.600000 -9.200000 0.000000
   vertex -32.600000 -15.705382 -6.505382
   vertex -32.600000 -16.116926 -6.065981
  endloop
 endfacet
 facet normal 1 0 0
  outer loop
   vertex 32.600000 -9.200000 0.000000
   vertex 32.600000 -16.116926 -6.065981
   vertex 32.600000 -15.705382 -6.505382
  endloop
 endfacet
 facet normal 0 -0.683592 -0.729864
  outer loop
   vertex -32.600000 -15.705382 -6.505382
   vertex -32.600000 -15.265981 -6.916926
   vertex 32.600000 -15.265981 -6.916926
  endloop
 endfacet
 facet normal 0 -0.683592 -0.729864
  outer loop
   vertex -32.600000 -15.705382 -6.505382
   vertex 32.600000 -15.265981 -6.916926
   vertex 32.600000 -15.705382 -6.505382
  endloop
 endfacet
 facet normal -1 0 0
  outer loop
   vertex -32.600000 -9.200000 0.000000
   vertex -32.600000 -15.265981 -6.916926
   vertex -32.600000 -15.705382 -6.505382
  endloop
 endfacet
 facet normal 1 0 0
  outer loop
   vertex 32.600000 -9.200000 0.000000
   vertex 32.600000 -15.705382 -6.505382
   vertex 32.600000 -15.265981 -6.916926
  endloop
 endfacet
 facet normal 0 -0.634394 -0.77301
  outer loop
   vertex -32.600000 -15.265981 -6.916926
   vertex -32.600000 -14.800605 -7.298851
   vertex 32.600000 -14.800605 -7.298851
  endloop
 endfacet
 facet normal 0 -0.634394 -0.77301
  outer loop
   vertex -32.600000 -15.265981 -6.916926
   vertex 32.600000 -14.800605 -7.298851
   vertex 32.600000 -15.265981 -6.916926
  endloop
 endfacet
 facet normal -1 0 0
  outer loop
   vertex -32.600000 -9.200000 0.000000
   vertex -32.600000 -14.800605 -7.298851
   vertex -32.600000 -15.265981 -6.916926
  endloop
 endfacet
 facet normal 1 0 0
  outer loop
   vertex 32.600000 -9.200000 0.000000
   vertex 32.600000 -15.265981 -6.916926
   vertex 32.600000 -14.800605 -7.298851
  endloop
 endfacet
 facet normal 0 -0.582477 -0.812847
  outer loop
   vertex -32.600000 -14.800605 -7.298851
   vertex -32.600000 -14.311246 -7.649520
   vertex 32.600000 -14.311246 -7.649520
  endloop
 endfacet
 facet normal 0 -0.582477 -0.812847
  outer loop
   vertex -32.600000 -14.800605 -7.298851
   vertex 32.600000 -14.311246 -7.649520
   vertex 32.600000 -14.800605 -7.298851
  endloop
 endfacet
 facet normal -1 0 0
  outer loop
   vertex -32.600000 -9.200000 0.000000
   vertex -32.600000 -14.311246 -7.649520
   vertex -32.600000 -14.800605 -7.298851
  endloop
 endfacet
 facet normal 1 0 0
  outer loop
   vertex 32.600000 -9.200000 0.000000
   vertex 32.600000 -14.800605 -7.298851
   vertex 32.600000 -14.311246 -7.649520
  endloop
 endfacet
 facet normal 0 -0.528069 -0.849202
  outer loop
   vertex -32.600000 -14.311246 -7.649520
   vertex -32.600000 -13.800000 -7.967434
   vertex 32.600000 -13.800000 -7.967434
  endloop
 endfacet
 facet normal 0 -0.528069 -0.849202
  outer loop
   vertex -32.600000 -14.311246 -7.649520
   vertex 32.600000 -13.800000 -7.967434
   vertex 32.600000 -14.311246 -7.649520
  endloop
 endfacet
 facet normal -1 0 0
  outer loop
   vertex -32.600000 -9.200000 0.000000
   vertex -32.600000 -13.800000 -7.967434
   vertex -32.600000 -14.311246 -7.649520
  endloop
 endfacet
 facet normal 1 0 0
  outer loop
   vertex 32.600000 -9.200000 0.000000
   vertex 32.600000 -14.311246 -7.649520
   vertex 32.600000 -13.800000 -7.967434
  endloop
 endfacet
 facet normal 0 -0.471396 -0.881922
  outer loop
   vertex -32.600000 -13.800000 -7.967434
   vertex -32.600000 -13.269056 -8.251229
   vertex 32.600000 -13.269056 -8.251229
  endloop
 endfacet
 facet normal 0 -0.471396 -0.881922
  outer loop
   vertex -32.600000 -13.800000 -7.967434
   vertex 32.600000 -13.269056 -8.251229
   vertex 32.600000 -13.800000 -7.967434
  endloop
 endfacet
 facet normal -1 0 0
  outer loop
   vertex -32.600000 -9.200000 0.000000
   vertex -32.600000 -13.269056 -8.251229
   vertex -32.600000 -13.800000 -7.967434
  endloop
 endfacet
 facet normal 1 0 0
  outer loop
   vertex 32.600000 -9.200000 0.000000
   vertex 32.600000 -13.800000 -7.967434
   vertex 32.600000 -13.269056 -8.251229
  endloop
 endfacet
 facet normal 0 -0.412708 -0.910863
  outer loop
   vertex -32.600000 -13.269056 -8.251229
   vertex -32.600000 -12.720688 -8.499692
   vertex 32.600000 -12.720688 -8.499692
  endloop
 endfacet
 facet normal 0 -0.412708 -0.910863
  outer loop
   vertex -32.600000 -13.269056 -8.251229
   vertex 32.600000 -12.720688 -8.499692
   vertex 32.600000 -13.269056 -8.251229
  endloop
 endfacet
 facet normal -1 0 0
  outer loop
   vertex -32.600000 -9.200000 0.000000
   vertex -32.600000 -12.720688 -8.499692
   vertex -32.600000 -13.269056 -8.251229
  endloop
 endfacet
 facet normal 1 0 0
  outer loop
   vertex 32.600000 -9.200000 0.000000
   vertex 32.600000 -13.269056 -8.251229
   vertex 32.600000 -12.720688 -8.499692
  endloop
 endfacet
 facet normal 0 -0.352249 -0.935906
  outer loop
   vertex -32.600000 -12.720688 -8.499692
   vertex -32.600000 -12.157243 -8.711757
   vertex 32.600000 -12.157243 -8.711757
  endloop
 endfacet
 facet normal 0 -0.352249 -0.935906
  outer loop
   vertex -32.600000 -12.720688 -8.499692
   vertex 32.600000 -12.157243 -8.711757
   vertex 32.600000 -12.720688 -8.499692
  endloop
 endfacet
 facet normal -1 0 0
  outer loop
   vertex -32.600000 -9.200000 0.000000
   vertex -32.600000 -12.157243 -8.711757
   vertex -32.600000 -12.720688 -8.499692
  endloop
 endfacet
 facet normal 1 0 0
  outer loop
   vertex 32.600000 -9.200000 0.000000
   vertex 32.600000 -12.720688 -8.499692
   vertex 32.600000 -12.157243 -8.711757
  endloop
 endfacet
 facet normal 0 -0.290286 -0.95694
  outer loop
   vertex -32.600000 -12.157243 -8.711757
   vertex -32.600000 -11.581135 -8.886518
   vertex 32.600000 -11.581135 -8.886518
  endloop
 endfacet
 facet normal 0 -0.290286 -0.95694
  outer loop
   vertex -32.600000 -12.157243 -8.711757
   vertex 32.600000 -11.581135 -8.886518
   vertex 32.600000 -12.157243 -8.711757
  endloop
 endfacet
 facet normal -1 0 0
  outer loop
   vertex -32.600000 -9.200000 0.000000
   vertex -32.600000 -11.581135 -8.886518
   vertex -32.600000 -12.157243 -8.711757
  endloop
 endfacet
 facet normal 1 0 0
  outer loop
   vertex 32.600000 -9.200000 0.000000
   vertex 32.600000 -12.157243 -8.711757
   vertex 32.600000 -11.581135 -8.886518
  endloop
 endfacet
 facet normal 0 -0.227076 -0.973877
  outer loop
   vertex -32.600000 -11.581135 -8.886518
   vertex -32.600000 -10.994831 -9.023225
   vertex 32.600000 -10.994831 -9.023225
  endloop
 endfacet
 facet normal 0 -0.227076 -0.973877
  outer loop
   vertex -32.600000 -11.581135 -8.886518
   vertex 32.600000 -10.994831 -9.023225
   vertex 32.600000 -11.581135 -8.886518
  endloop
 endfacet
 facet normal -1 0 0
  outer loop
   vertex -32.600000 -9.200000 0.000000
   vertex -32.600000 -10.994831 -9.023225
   vertex -32.600000 -11.581135 -8.886518
  endloop
 endfacet
 facet normal 1 0 0
  outer loop
   vertex 32.600000 -9.200000 0.000000
   vertex 32.600000 -11.581135 -8.886518
   vertex 32.600000 -10.994831 -9.023225
  endloop
 endfacet
 facet normal 0 -0.162895 -0.986643
  outer loop
   vertex -32.600000 -10.994831 -9.023225
   vertex -32.600000 -10.400841 -9.121293
   vertex 32.600000 -10.400841 -9.121293
  endloop
 endfacet
 facet normal 0 -0.162895 -0.986643
  outer loop
   vertex -32.600000 -10.994831 -9.023225
   vertex 32.600000 -10.400841 -9.121293
   vertex 32.600000 -10.994831 -9.023225
  endloop
 endfacet
 facet normal -1 0 0
  outer loop
   vertex -32.600000 -9.200000 0.000000
   vertex -32.600000 -10.400841 -9.121293
   vertex -32.600000 -10.994831 -9.023225
  endloop
 endfacet
 facet normal 1 0 0
  outer loop
   vertex 32.600000 -9.200000 0.000000
   vertex 32.600000 -10.994831 -9.023225
   vertex 32.600000 -10.400841 -9.121293
  endloop
 endfacet
 facet normal 0 -0.0980166 -0.995185
  outer loop
   vertex -32.600000 -10.400841 -9.121293
   vertex -32.600000 -9.801709 -9.180302
   vertex 32.600000 -9.801709 -9.180302
  endloop
 endfacet
 facet normal 0 -0.0980166 -0.995185
  outer loop
   vertex -32.600000 -10.400841 -9.121293
   vertex 32.600000 -9.801709 -9.180302
   vertex 32.600000 -10.400841 -9.121293
  endloop
 endfacet
 facet normal -1 0 0
  outer loop
   vertex -32.600000 -9.200000 0.000000
   vertex -32.600000 -9.801709 -9.180302
   vertex -32.600000 -10.400841 -9.121293
  endloop
 endfacet
 facet normal 1 0 0
  outer loop
   vertex 32.600000 -9.200000 0.000000
   vertex 32.600000 -10.400841 -9.121293
   vertex 32.600000 -9.801709 -9.180302
  endloop
 endfacet
 facet normal 0 -0.0327192 -0.999465
  outer loop
   vertex -32.600000 -9.801709 -9.180302
   vertex -32.600000 -9.200000 -9.200000
   vertex 32.600000 -9.200000 -9.200000
  endloop
 endfacet
 facet normal 0 -0.0327192 -0.999465
  outer loop
   vertex -32.600000 -9.801709 -9.180302
   vertex 32.600000 -9.200000 -9.200000
   vertex 32.600000 -9.801709 -9.180302
  endloop
 endfacet
 facet normal -1 0 -0
  outer loop
   vertex -32.600000 -9.200000 0.000000
   vertex -32.600000 -9.200000 -9.200000
   vertex -32.600000 -9.801709 -9.180302
  endloop
 endfacet
 facet normal 1 0 0
  outer loop
   vertex 32.600000 -9.200000 0.000000
   vertex 32.600000 -9.801709 -9.180302
   vertex 32.600000 -9.200000 -9.200000
  endloop
 endfacet
 facet normal 0 0.0327192 -0.999465
  outer loop
   vertex -32.600000 -9.200000 -9.200000
   vertex -32.600000 -8.598291 -9.180302
   vertex 32.600000 -8.598291 -9.180302
  endloop
 endfacet
 facet normal 0 0.0327192 -0.999465
  outer loop
   vertex -32.600000 -9.200000 -9.200000
   vertex 32.600000 -8.598291 -9.180302
   vertex 32.600000 -9.200000 -9.200000
  endloop
 endfacet
 facet normal -1 0 0
  outer loop
   vertex -32.600000 -9.200000 0.000000
   vertex -32.600000 -8.598291 -9.180302
   vertex -32.600000 -9.200000 -9.200000
  endloop
 endfacet
 facet normal 1 0 0
  outer loop
   vertex 32.600000 -9.200000 0.000000
   vertex 32.600000 -9.200000 -9.200000
   vertex 32.600000 -8.598291 -9.180302
  endloop
 endfacet
 facet normal 0 0.0980166 -0.995185
  outer loop
   vertex -32.600000 -8.598291 -9.180302
   vertex -32.600000 -7.999159 -9.121293
   vertex 32.600000 -7.999159 -9.121293
  endloop
 endfacet
 facet normal 0 0.0980166 -0.995185
  outer loop
   vertex -32.600000 -8.598291 -9.180302
   vertex 32.600000 -7.999159 -9.121293
   vertex 32.600000 -8.598291 -9.180302
  endloop
 endfacet
 facet normal -1 0 0
  outer loop
   vertex -32.600000 -9.200000 0.000000
   vertex -32.600000 -7.999159 -9.121293
   vertex -32.600000 -8.598291 -9.180302
  endloop
 endfacet
 facet normal 1 0 0
  outer loop
   vertex 32.600000 -9.200000 0.000000
   vertex 32.600000 -8.598291 -9.180302
   vertex 32.600000 -7.999159 -9.121293
  endloop
 endfacet
 facet normal 0 0.162895 -0.986643
  outer loop
   vertex -32.600000 -7.999159 -9.121293
   vertex -32.600000 -7.405169 -9.023225
   vertex 32.600000 -7.405169 -9.023225
  endloop
 endfacet
 facet normal 0 0.162895 -0.986643
  outer loop
   vertex -32.600000 -7.999159 -9.121293
   vertex 32.600000 -7.405169 -9.023225
   vertex 32.600000 -7.999159 -9.121293
  endloop
 endfacet
 facet normal -1 0 0
  outer loop
   vertex -32.600000 -9.200000 0.000000
   vertex -32.600000 -7.405169 -9.023225
   vertex -32.600000 -7.999159 -9.121293
  endloop
 endfacet
 facet normal 1 0 0
  outer loop
   vertex 32.600000 -9.200000 0.000000
   vertex 32.600000 -7.999159 -9.121293
   vertex 32.600000 -7.405169 -9.023225
  endloop
 endfacet
 facet normal 0 0.227076 -0.973877
  outer loop
   vertex -32.600000 -7.405169 -9.023225
   vertex -32.600000 -6.818865 -8.886518
   vertex 32.600000 -6.818865 -8.886518
  endloop
 endfacet
 facet normal 0 0.227076 -0.973877
  outer loop
   vertex -32.600000 -7.405169 -9.023225
   vertex 32.600000 -6.818865 -8.886518
   vertex 32.600000 -7.405169 -9.023225
  endloop
 endfacet
 facet normal -1 0 0
  outer loop
   vertex -32.600000 -9.200000 0.000000
   vertex -32.600000 -6.818865 -8.886518
   vertex -32.600000 -7.405169 -9.023225
  endloop
 endfacet
 facet normal 1 0 0
  outer loop
   vertex 32.600000 -9.200000 0.000000
   vertex 32.600000 -7.405169 -9.023225
   vertex 32.600000 -6.818865 -8.886518
  endloop
 endfacet
 facet normal 0 0.290286 -0.95694
  outer loop
   vertex -32.600000 -6.818865 -8.886518
   vertex -32.600000 -6.242757 -8.711757
   vertex 32.600000 -6.242757 -8.711757
  endloop
 endfacet
 facet normal 0 0.290286 -0.95694
  outer loop
   vertex -32.600000 -6.818865 -8.886518
   vertex 32.600000 -6.242757 -8.711757
   vertex 32.600000 -6.818865 -8.886518
  endloop
 endfacet
 facet normal -1 0 0
  outer loop
   vertex -32.600000 -9.200000 0.000000
   vertex -32.600000 -6.242757 -8.711757
   vertex -32.600000 -6.818865 -8.886518
  endloop
 endfacet
 facet normal 1 0 0
  outer loop
   vertex 32.600000 -9.200000 0.000000
   vertex 32.600000 -6.818865 -8.886518
   vertex 32.600000 -6.242757 -8.711757
  endloop
 endfacet
 facet normal 0 0.352249 -0.935906
  outer loop
   vertex -32.600000 -6.242757 -8.711757
   vertex -32.600000 -5.679312 -8.499692
   vertex 32.600000 -5.679312 -8.499692
  endloop
 endfacet
 facet normal 0 0.352249 -0.935906
  outer loop
   vertex -32.600000 -6.242757 -8.711757
   vertex 32.600000 -5.679312 -8.499692
   vertex 32.600000 -6.242757 -8.711757
  endloop
 endfacet
 facet normal -1 0 0
  outer loop
   vertex -32.600000 -9.200000 0.000000
   vertex -32.600000 -5.679312 -8.499692
   vertex -32.600000 -6.242757 -8.711757
  endloop
 endfacet
 facet normal 1 0 0
  outer loop
   vertex 32.600000 -9.200000 0.000000
   vertex 32.600000 -6.242757 -8.711757
   vertex 32.600000 -5.679312 -8.499692
  endloop
 endfacet
 facet normal 0 0.412708 -0.910863
  outer loop
   vertex -32.600000 -5.679312 -8.499692
   vertex -32.600000 -5.130944 -8.251229
   vertex 32.600000 -5.130944 -8.251229
  endloop
 endfacet
 facet normal 0 0.412708 -0.910863
  outer loop
   vertex -32.600000 -5.679312 -8.499692
   vertex 32.600000 -5.130944 -8.251229
   vertex 32.600000 -5.679312 -8.499692
  endloop
 endfacet
 facet normal -1 0 0
  outer loop
   vertex -32.600000 -9.200000 0.000000
   vertex -32.600000 -5.130944 -8.251229
   vertex -32.600000 -5.679312 -8.499692
  endloop
 endfacet
 facet normal 1 0 0
  outer loop
   vertex 32.600000 -9.200000 0.000000
   vertex 32.600000 -5.679312 -8.499692
   vertex 32.600000 -5.130944 -8.251229
  endloop
 endfacet
 facet normal 0 0.471396 -0.881922
  outer loop
   vertex -32.600000 -5.130944 -8.251229
   vertex -32.600000 -4.600000 -7.967434
   vertex 32.600000 -4.600000 -7.967434
  endloop
 endfacet
 facet normal 0 0.471396 -0.881922
  outer loop
   vertex -32.600000 -5.130944 -8.251229
   vertex 32.600000 -4.600000 -7.967434
   vertex 32.600000 -5.130944 -8.251229
  endloop
 endfacet
 facet normal -1 0 0
  outer loop
   vertex -32.600000 -9.200000 0.000000
   vertex -32.600000 -4.600000 -7.967434
   vertex -32.600000 -5.130944 -8.251229
  endloop
 endfacet
 facet normal 1 0 0
  outer loop
   vertex 32.600000 -9.200000 0.000000
   vertex 32.600000 -5.130944 -8.251229
   vertex 32.600000 -4.600000 -7.967434
  endloop
 endfacet
 facet normal 0 0.528069 -0.849202
  outer loop
   vertex -32.600000 -4.600000 -7.967434
   vertex -32.600000 -4.088754 -7.649520
   vertex 32.600000 -4.088754 -7.649520
  endloop
 endfacet
 facet normal 0 0.528069 -0.849202
  outer loop
   vertex -32.600000 -4.600000 -7.967434
   vertex 32.600000 -4.088754 -7.649520
   vertex 32.600000 -4.600000 -7.967434
  endloop
 endfacet
 facet normal -1 0 0
  outer loop
   vertex -32.600000 -9.200000 0.000000
   vertex -32.600000 -4.088754 -7.649520
   vertex -32.600000 -4.600000 -7.967434
  endloop
 endfacet
 facet normal 1 0 0
  outer loop
   vertex 32.600000 -9.200000 0.000000
   vertex 32.600000 -4.600000 -7.967434
   vertex 32.600000 -4.088754 -7.649520
  endloop
 endfacet
 facet normal 0 0.582477 -0.812847
  outer loop
   vertex -32.600000 -4.088754 -7.649520
   vertex -32.600000 -3.599395 -7.298851
   vertex 32.600000 -3.599395 -7.298851
  endloop
 endfacet
 facet normal 0 0.582477 -0.812847
  outer loop
   vertex -32.600000 -4.088754 -7.649520
   vertex 32.600000 -3.599395 -7.298851
   vertex 32.600000 -4.088754 -7.649520
  endloop
 endfacet
 facet normal -1 0 0
  outer loop
   vertex -32.600000 -9.200000 0.000000
   vertex -32.600000 -3.599395 -7.298851
   vertex -32.600000 -4.088754 -7.649520
  endloop
 endfacet
 facet normal 1 0 0
  outer loop
   vertex 32.600000 -9.200000 0.000000
   vertex 32.600000 -4.088754 -7.649520
   vertex 32.600000 -3.599395 -7.298851
  endloop
 endfacet
 facet normal 0 0.634394 -0.77301
  outer loop
   vertex -32.600000 -3.599395 -7.298851
   vertex -32.600000 -3.134019 -6.916926
   vertex 32.600000 -3.134019 -6.916926
  endloop
 endfacet
 facet normal 0 0.634394 -0.77301
  outer loop
   vertex -32.600000 -3.599395 -7.298851
   vertex 32.600000 -3.134019 -6.916926
   vertex 32.600000 -3.599395 -7.298851
  endloop
 endfacet
 facet normal -1 0 0
  outer loop
   vertex -32.600000 -9.200000 0.000000
   vertex -32.600000 -3.134019 -6.916926
   vertex -32.600000 -3.599395 -7.298851
  endloop
 endfacet
 facet normal 1 0 0
  outer loop
   vertex 32.600000 -9.200000 0.000000
   vertex 32.600000 -3.599395 -7.298851
   vertex 32.600000 -3.134019 -6.916926
  endloop
 endfacet
 facet normal 0 0.683592 -0.729864
  outer loop
   vertex -32.600000 -3.134019 -6.916926
   vertex -32.600000 -2.694618 -6.505382
   vertex 32.600000 -2.694618 -6.505382
  endloop
 endfacet
 facet normal 0 0.683592 -0.729864
  outer loop
   vertex -32.600000 -3.134019 -6.916926
   vertex 32.600000 -2.694618 -6.505382
   vertex 32.600000 -3.134019 -6.916926
  endloop
 endfacet
 facet normal -1 0 0
  outer loop
   vertex -32.600000 -9.200000 0.000000
   vertex -32.600000 -2.694618 -6.505382
   vertex -32.600000 -3.134019 -6.916926
  endloop
 endfacet
 facet normal 1 0 0
  outer loop
   vertex 32.600000 -9.200000 0.000000
   vertex 32.600000 -3.134019 -6.916926
   vertex 32.600000 -2.694618 -6.505382
  endloop
 endfacet
 facet normal 0 0.729864 -0.683592
  outer loop
   vertex -32.600000 -2.694618 -6.505382
   vertex -32.600000 -2.283074 -6.065981
   vertex 32.600000 -2.283074 -6.065981
  endloop
 endfacet
 facet normal 0 0.729864 -0.683592
  outer loop
   vertex -32.600000 -2.694618 -6.505382
   vertex 32.600000 -2.283074 -6.065981
   vertex 32.600000 -2.694618 -6.505382
  endloop
 endfacet
 facet normal -1 0 0
  outer loop
   vertex -32.600000 -9.200000 0.000000
   vertex -32.600000 -2.283074 -6.065981
   vertex -32.600000 -2.694618 -6.505382
  endloop
 endfacet
 facet normal 1 0 0
  outer loop
   vertex 32.600000 -9.200000 0.000000
   vertex 32.600000 -2.694618 -6.505382
   vertex 32.600000 -2.283074 -6.065981
  endloop
 endfacet
 facet normal 0 0.77301 -0.634394
  outer loop
   vertex -32.600000 -2.283074 -6.065981
   vertex -32.600000 -1.901149 -5.600605
   vertex 32.600000 -1.901149 -5.600605
  endloop
 endfacet
 facet normal 0 0.77301 -0.634394
  outer loop
   vertex -32.600000 -2.283074 -6.065981
   vertex 32.600000 -1.901149 -5.600605
   vertex 32.600000 -2.283074 -6.065981
  endloop
 endfacet
 facet normal -1 0 0
  outer loop
   vertex -32.600000 -9.200000 0.000000
   vertex -32.600000 -1.901149 -5.600605
   vertex -32.600000 -2.283074 -6.065981
  endloop
 endfacet
 facet normal 1 0 0
  outer loop
   vertex 32.600000 -9.200000 0.000000
   vertex 32.600000 -2.283074 -6.065981
   vertex 32.600000 -1.901149 -5.600605
  endloop
 endfacet
 facet normal 0 0.812847 -0.582477
  outer loop
   vertex -32.600000 -1.901149 -5.600605
   vertex -32.600000 -1.550480 -5.111246
   vertex 32.600000 -1.550480 -5.111246
  endloop
 endfacet
 facet normal 0 0.812847 -0.582477
  outer loop
   vertex -32.600000 -1.901149 -5.600605
   vertex 32.600000 -1.550480 -5.111246
   vertex 32.600000 -1.901149 -5.600605
  endloop
 endfacet
 facet normal -1 0 0
  outer loop
   vertex -32.600000 -9.200000 0.000000
   vertex -32.600000 -1.550480 -5.111246
   vertex -32.600000 -1.901149 -5.600605
  endloop
 endfacet
 facet normal 1 0 0
  outer loop
   vertex 32.600000 -9.200000 0.000000
   vertex 32.600000 -1.901149 -5.600605
   vertex 32.600000 -1.550480 -5.111246
  endloop
 endfacet
 facet normal 0 0.849202 -0.528069
  outer loop
   vertex -32.600000 -1.550480 -5.111246
   vertex -32.600000 -1.232566 -4.600000
   vertex 32.600000 -1.232566 -4.600000
  endloop
 endfacet
 facet normal 0 0.849202 -0.528069
  outer loop
   vertex -32.600000 -1.550480 -5.111246
   vertex 32.600000 -1.232566 -4.600000
   vertex 32.600000 -1.550480 -5.111246
  endloop
 endfacet
 facet normal -1 0 0
  outer loop
   vertex -32.600000 -9.200000 0.000000
   vertex -32.600000 -1.232566 -4.600000
   vertex -32.600000 -1.550480 -5.111246
  endloop
 endfacet
 facet normal 1 0 0
  outer loop
   vertex 32.600000 -9.200000 0.000000
   vertex 32.600000 -1.550480 -5.111246
   vertex 32.600000 -1.232566 -4.600000
  endloop
 endfacet
 facet normal 0 0.881922 -0.471396
  outer loop
   vertex -32.600000 -1.232566 -4.600000
   vertex -32.600000 -0.948771 -4.069056
   vertex 32.600000 -0.948771 -4.069056
  endloop
 endfacet
 facet normal 0 0.881922 -0.471396
  outer loop
   vertex -32.600000 -1.232566 -4.600000
   vertex 32.600000 -0.948771 -4.069056
   vertex 32.600000 -1.232566 -4.600000
  endloop
 endfacet
 facet normal -1 0 0
  outer loop
   vertex -32.600000 -9.200000 0.000000
   vertex -32.600000 -0.948771 -4.069056
   vertex -32.600000 -1.232566 -4.600000
  endloop
 endfacet
 facet normal 1 0 0
  outer loop
   vertex 32.600000 -9.200000 0.000000
   vertex 32.600000 -1.232566 -4.600000
   vertex 32.600000 -0.948771 -4.069056
  endloop
 endfacet
 facet normal 0 0.910863 -0.412708
  outer loop
   vertex -32.600000 -0.948771 -4.069056
   vertex -32.600000 -0.700308 -3.520688
   vertex 32.600000 -0.700308 -3.520688
  endloop
 endfacet
 facet normal 0 0.910863 -0.412708
  outer loop
   vertex -32.600000 -0.948771 -4.069056
   vertex 32.600000 -0.700308 -3.520688
   vertex 32.600000 -0.948771 -4.069056
  endloop
 endfacet
 facet normal -1 0 0
  outer loop
   vertex -32.600000 -9.200000 0.000000
   vertex -32.600000 -0.700308 -3.520688
   vertex -32.600000 -0.948771 -4.069056
  endloop
 endfacet
 facet normal 1 0 0
  outer loop
   vertex 32.600000 -9.200000 0.000000
   vertex 32.600000 -0.948771 -4.069056
   vertex 32.600000 -0.700308 -3.520688
  endloop
 endfacet
 facet normal 0 0.935906 -0.352249
  outer loop
   vertex -32.600000 -0.700308 -3.520688
   vertex -32.600000 -0.488243 -2.957243
   vertex 32.600000 -0.488243 -2.957243
  endloop
 endfacet
 facet normal 0 0.935906 -0.352249
  outer loop
   vertex -32.600000 -0.700308 -3.520688
   vertex 32.600000 -0.488243 -2.957243
   vertex 32.600000 -0.700308 -3.520688
  endloop
 endfacet
 facet normal -1 0 0
  outer loop
   vertex -32.600000 -9.200000 0.000000
   vertex -32.600000 -0.488243 -2.957243
   vertex -32.600000 -0.700308 -3.520688
  endloop
 endfacet
 facet normal 1 0 0
  outer loop
   vertex 32.600000 -9.200000 0.000000
   vertex 32.600000 -0.700308 -3.520688
   vertex 32.600000 -0.488243 -2.957243
  endloop
 endfacet
 facet normal 0 0.95694 -0.290286
  outer loop
   vertex -32.600000 -0.488243 -2.957243
   vertex -32.600000 -0.313482 -2.381135
   vertex 32.600000 -0.313482 -2.381135
  endloop
 endfacet
 facet normal 0 0.95694 -0.290286
  outer loop
   vertex -32.600000 -0.488243 -2.957243
   vertex 32.600000 -0.313482 -2.381135
   vertex 32.600000 -0.488243 -2.957243
  endloop
 endfacet
 facet normal -1 0 0
  outer loop
   vertex -32.600000 -9.200000 0.000000
   vertex -32.600000 -0.313482 -2.381135
   vertex -32.600000 -0.488243 -2.957243
  endloop
 endfacet
 facet normal 1 0 0
  outer loop
   vertex 32.600000 -9.200000 0.000000
   vertex 32.600000 -0.488243 -2.957243
   vertex 32.600000 -0.313482 -2.381135
  endloop
 endfacet
 facet normal 0 0.973877 -0.227076
  outer loop
   vertex -32.600000 -0.313482 -2.381135
   vertex -32.600000 -0.176775 -1.794831
   vertex 32.600000 -0.176775 -1.794831
  endloop
 endfacet
 facet normal 0 0.973877 -0.227076
  outer loop
   vertex -32.600000 -0.313482 -2.381135
   vertex 32.600000 -0.176775 -1.794831
   vertex 32.600000 -0.313482 -2.381135
  endloop
 endfacet
 facet normal -1 0 0
  outer loop
   vertex -32.600000 -9.200000 0.000000
   vertex -32.600000 -0.176775 -1.794831
   vertex -32.600000 -0.313482 -2.381135
  endloop
 endfacet
 facet normal 1 0 0
  outer loop
   vertex 32.600000 -9.200000 0.000000
   vertex 32.600000 -0.313482 -2.381135
   vertex 32.600000 -0.176775 -1.794831
  endloop
 endfacet
 facet normal 0 0.986643 -0.162895
  outer loop
   vertex -32.600000 -0.176775 -1.794831
   vertex -32.600000 -0.078707 -1.200841
   vertex 32.600000 -0.078707 -1.200841
  endloop
 endfacet
 facet normal 0 0.986643 -0.162895
  outer loop
   vertex -32.600000 -0.176775 -1.794831
   vertex 32.600000 -0.078707 -1.200841
   vertex 32.600000 -0.176775 -1.794831
  endloop
 endfacet
 facet normal -1 0 0
  outer loop
   vertex -32.600000 -9.200000 0.000000
   vertex -32.600000 -0.078707 -1.200841
   vertex -32.600000 -0.176775 -1.794831
  endloop
 endfacet
 facet normal 1 0 0
  outer loop
   vertex 32.600000 -9.200000 0.000000
   vertex 32.600000 -0.176775 -1.794831
   vertex 32.600000 -0.078707 -1.200841
  endloop
 endfacet
 facet normal 0 0.995185 -0.0980166
  outer loop
   vertex -32.600000 -0.078707 -1.200841
   vertex -32.600000 -0.019698 -0.601709
   vertex 32.600000 -0.019698 -0.601709
  endloop
 endfacet
 facet normal 0 0.995185 -0.0980166
  outer loop
   vertex -32.600000 -0.078707 -1.200841
   vertex 32.600000 -0.019698 -0.601709
   vertex 32.600000 -0.078707 -1.200841
  endloop
 endfacet
 facet normal -1 0 0
  outer loop
   vertex -32.600000 -9.200000 0.000000
   vertex -32.600000 -0.019698 -0.601709
   vertex -32.600000 -0.078707 -1.200841
  endloop
 endfacet
 facet normal 1 0 0
  outer loop
   vertex 32.600000 -9.200000 0.000000
   vertex 32.600000 -0.078707 -1.200841
   vertex 32.600000 -0.019698 -0.601709
  endloop
 endfacet
 facet normal 0 0.999465 -0.0327192
  outer loop
   vertex -32.600000 -0.019698 -0.601709
   vertex -32.600000 0.000000 0.000000
   vertex 32.600000 0.000000 0.000000
  endloop
 endfacet
 facet normal 0 0.999465 -0.0327192
  outer loop
   vertex -32.600000 -0.019698 -0.601709
   vertex 32.600000 0.000000 0.000000
   vertex 32.600000 -0.019698 -0.601709
  endloop
 endfacet
 facet normal -1 0 0
  outer loop
   vertex -32.600000 -9.200000 0.000000
   vertex -32.600000 0.000000 0.000000
   vertex -32.600000 -0.019698 -0.601709
  endloop
 endfacet
 facet normal 1 -0 0
  outer loop
   vertex 32.600000 -9.200000 0.000000
   vertex 32.600000 -0.019698 -0.601709
   vertex 32.600000 0.000000 0.000000
  endloop
 endfacet
 facet normal 0 0.999465 0.0327192
  outer loop
   vertex -32.600000 0.000000 18.400000
   vertex -32.600000 -0.019698 19.001709
   vertex 32.600000 -0.019698 19.001709
  endloop
 endfacet
 facet normal -0 0.999465 0.0327192
  outer loop
   vertex -32.600000 0.000000 18.400000
   vertex 32.600000 -0.019698 19.001709
   vertex 32.600000 0.000000 18.400000
  endloop
 endfacet
 facet normal -1 0 0
  outer loop
   vertex -32.600000 -9.200000 18.400000
   vertex -32.600000 -0.019698 19.001709
   vertex -32.600000 0.000000 18.400000
  endloop
 endfacet
 facet normal 1 0 0
  outer loop
   vertex 32.600000 -9.200000 18.400000
   vertex 32.600000 0.000000 18.400000
   vertex 32.600000 -0.019698 19.001709
  endloop
 endfacet
 facet normal 0 0.995185 0.0980166
  outer loop
   vertex -32.600000 -0.019698 19.001709
   vertex -32.600000 -0.078707 19.600841
   vertex 32.600000 -0.078707 19.600841
  endloop
 endfacet
 facet normal -0 0.995185 0.0980166
  outer loop
   vertex -32.600000 -0.019698 19.001709
   vertex 32.600000 -0.078707 19.600841
   vertex 32.600000 -0.019698 19.001709
  endloop
 endfacet
 facet normal -1 0 0
  outer loop
   vertex -32.600000 -9.200000 18.400000
   vertex -32.600000 -0.078707 19.600841
   vertex -32.600000 -0.019698 19.001709
  endloop
 endfacet
 facet normal 1 0 0
  outer loop
   vertex 32.600000 -9.200000 18.400000
   vertex 32.600000 -0.019698 19.001709
   vertex 32.600000 -0.078707 19.600841
  endloop
 endfacet
 facet normal 0 0.986643 0.162895
  outer loop
   vertex -32.600000 -0.078707 19.600841
   vertex -32.600000 -0.176775 20.194831
   vertex 32.600000 -0.176775 20.194831
  endloop
 endfacet
 facet normal -0 0.986643 0.162895
  outer loop
   vertex -32.600000 -0.078707 19.600841
   vertex 32.600000 -0.176775 20.194831
   vertex 32.600000 -0.078707 19.600841
  endloop
 endfacet
 facet normal -1 0 0
  outer loop
   vertex -32.600000 -9.200000 18.400000
   vertex -32.600000 -0.176775 20.194831
   vertex -32.600000 -0.078707 19.600841
  endloop
 endfacet
 facet normal 1 0 0
  outer loop
   vertex 32.600000 -9.200000 18.400000
   vertex 32.600000 -0.078707 19.600841
   vertex 32.600000 -0.176775 20.194831
  endloop
 endfacet
 facet normal 0 0.973877 0.227076
  outer loop
   vertex -32.600000 -0.176775 20.194831
   vertex -32.600000 -0.313482 20.781135
   vertex 32.600000 -0.313482 20.781135
  endloop
 endfacet
 facet normal -0 0.973877 0.227076
  outer loop
   vertex -32.600000 -0.176775 20.194831
   vertex 32.600000 -0.313482 20.781135
   vertex 32.600000 -0.176775 20.194831
  endloop
 endfacet
 facet normal -1 0 0
  outer loop
   vertex -32.600000 -9.200000 18.400000
   vertex -32.600000 -0.313482 20.781135
   vertex -32.600000 -0.176775 20.194831
  endloop
 endfacet
 facet normal 1 0 0
  outer loop
   vertex 32.600000 -9.200000 18.400000
   vertex 32.600000 -0.176775 20.194831
   vertex 32.600000 -0.313482 20.781135
  endloop
 endfacet
 facet normal 0 0.95694 0.290286
  outer loop
   vertex -32.600000 -0.313482 20.781135
   vertex -32.600000 -0.488243 21.357243
   vertex 32.600000 -0.488243 21.357243
  endloop
 endfacet
 facet normal -0 0.95694 0.290286
  outer loop
   vertex -32.600000 -0.313482 20.781135
   vertex 32.600000 -0.488243 21.357243
   vertex 32.600000 -0.313482 20.781135
  endloop
 endfacet
 facet normal -1 0 0
  outer loop
   vertex -32.600000 -9.200000 18.400000
   vertex -32.600000 -0.488243 21.357243
   vertex -32.600000 -0.313482 20.781135
  endloop
 endfacet
 facet normal 1 0 0
  outer loop
   vertex 32.600000 -9.200000 18.400000
   vertex 32.600000 -0.313482 20.781135
   vertex 32.600000 -0.488243 21.357243
  endloop
 endfacet
 facet normal 0 0.935906 0.352249
  outer loop
   vertex -32.600000 -0.488243 21.357243
   vertex -32.600000 -0.700308 21.920688
   vertex 32.600000 -0.700308 21.920688
  endloop
 endfacet
 facet normal -0 0.935906 0.352249
  outer loop
   vertex -32.600000 -0.488243 21.357243
   vertex 32.600000 -0.700308 21.920688
   vertex 32.600000 -0.488243 21.357243
  endloop
 endfacet
 facet normal -1 0 0
  outer loop
   vertex -32.600000 -9.200000 18.400000
   vertex -32.600000 -0.700308 21.920688
   vertex -32.600000 -0.488243 21.357243
  endloop
 endfacet
 facet normal 1 0 0
  outer loop
   vertex 32.600000 -9.200000 18.400000
   vertex 32.600000 -0.488243 21.357243
   vertex 32.600000 -0.700308 21.920688
  endloop
 endfacet
 facet normal 0 0.910863 0.412708
  outer loop
   vertex -32.600000 -0.700308 21.920688
   vertex -32.600000 -0.948771 22.469056
   vertex 32.600000 -0.948771 22.469056
  endloop
 endfacet
 facet normal -0 0.910863 0.412708
  outer loop
   vertex -32.600000 -0.700308 21.920688
   vertex 32.600000 -0.948771 22.469056
   vertex 32.600000 -0.700308 21.920688
  endloop
 endfacet
 facet normal -1 0 0
  outer loop
   vertex -32.600000 -9.200000 18.400000
   vertex -32.600000 -0.948771 22.469056
   vertex -32.600000 -0.700308 21.920688
  endloop
 endfacet
 facet normal 1 0 0
  outer loop
   vertex 32.600000 -9.200000 18.400000
   vertex 32.600000 -0.700308 21.920688
   vertex 32.600000 -0.948771 22.469056
  endloop
 endfacet
 facet normal 0 0.881922 0.471396
  outer loop
   vertex -32.600000 -0.948771 22.469056
   vertex -32.600000 -1.232566 23.000000
   vertex 32.600000 -1.232566 23.000000
  endloop
 endfacet
 facet normal -0 0.881922 0.471396
  outer loop
   vertex -32.600000 -0.948771 22.469056
   vertex 32.600000 -1.232566 23.000000
   vertex 32.600000 -0.948771 22.469056
  endloop
 endfacet
 facet normal -1 0 0
  outer loop
   vertex -32.600000 -9.200000 18.400000
   vertex -32.600000 -1.232566 23.000000
   vertex -32.600000 -0.948771 22.469056
  endloop
 endfacet
 facet normal 1 0 0
  outer loop
   vertex 32.600000 -9.200000 18.400000
   vertex 32.600000 -0.948771 22.469056
   vertex 32.600000 -1.232566 23.000000
  endloop
 endfacet
 facet normal 0 0.849202 0.528069
  outer loop
   vertex -32.600000 -1.232566 23.000000
   vertex -32.600000 -1.550480 23.511246
   vertex 32.600000 -1.550480 23.511246
  endloop
 endfacet
 facet normal -0 0.849202 0.528069
  outer loop
   vertex -32.600000 -1.232566 23.000000
   vertex 32.600000 -1.550480 23.511246
   vertex 32.600000 -1.232566 23.000000
  endloop
 endfacet
 facet normal -1 0 0
  outer loop
   vertex -32.600000 -9.200000 18.400000
   vertex -32.600000 -1.550480 23.511246
   vertex -32.600000 -1.232566 23.000000
  endloop
 endfacet
 facet normal 1 0 0
  outer loop
   vertex 32.600000 -9.200000 18.400000
   vertex 32.600000 -1.232566 23.000000
   vertex 32.600000 -1.550480 23.511246
  endloop
 endfacet
 facet normal 0 0.812847 0.582477
  outer loop
   vertex -32.600000 -1.550480 23.511246
   vertex -32.600000 -1.901149 24.000605
   vertex 32.600000 -1.901149 24.000605
  endloop
 endfacet
 facet normal -0 0.812847 0.582477
  outer loop
   vertex -32.600000 -1.550480 23.511246
   vertex 32.600000 -1.901149 24.000605
   vertex 32.600000 -1.550480 23.511246
  endloop
 endfacet
 facet normal -1 0 0
  outer loop
   vertex -32.600000 -9.200000 18.400000
   vertex -32.600000 -1.901149 24.000605
   vertex -32.600000 -1.550480 23.511246
  endloop
 endfacet
 facet normal 1 0 0
  outer loop
   vertex 32.600000 -9.200000 18.400000
   vertex 32.600000 -1.550480 23.511246
   vertex 32.600000 -1.901149 24.000605
  endloop
 endfacet
 facet normal 0 0.77301 0.634394
  outer loop
   vertex -32.600000 -1.901149 24.000605
   vertex -32.600000 -2.283074 24.465981
   vertex 32.600000 -2.283074 24.465981
  endloop
 endfacet
 facet normal -0 0.77301 0.634394
  outer loop
   vertex -32.600000 -1.901149 24.000605
   vertex 32.600000 -2.283074 24.465981
   vertex 32.600000 -1.901149 24.000605
  endloop
 endfacet
 facet normal -1 0 0
  outer loop
   vertex -32.600000 -9.200000 18.400000
   vertex -32.600000 -2.283074 24.465981
   vertex -32.600000 -1.901149 24.000605
  endloop
 endfacet
 facet normal 1 0 0
  outer loop
   vertex 32.600000 -9.200000 18.400000
   vertex 32.600000 -1.901149 24.000605
   vertex 32.600000 -2.283074 24.465981
  endloop
 endfacet
 facet normal 0 0.729864 0.683592
  outer loop
   vertex -32.600000 -2.283074 24.465981
   vertex -32.600000 -2.694618 24.905382
   vertex 32.600000 -2.694618 24.905382
  endloop
 endfacet
 facet normal -0 0.729864 0.683592
  outer loop
   vertex -32.600000 -2.283074 24.465981
   vertex 32.600000 -2.694618 24.905382
   vertex 32.600000 -2.283074 24.465981
  endloop
 endfacet
 facet normal -1 0 0
  outer loop
   vertex -32.600000 -9.200000 18.400000
   vertex -32.600000 -2.694618 24.905382
   vertex -32.600000 -2.283074 24.465981
  endloop
 endfacet
 facet normal 1 0 0
  outer loop
   vertex 32.600000 -9.200000 18.400000
   vertex 32.600000 -2.283074 24.465981
   vertex 32.600000 -2.694618 24.905382
  endloop
 endfacet
 facet normal 0 0.683592 0.729864
  outer loop
   vertex -32.600000 -2.694618 24.905382
   vertex -32.600000 -3.134019 25.316926
   vertex 32.600000 -3.134019 25.316926
  endloop
 endfacet
 facet normal -0 0.683592 0.729864
  outer loop
   vertex -32.600000 -2.694618 24.905382
   vertex 32.600000 -3.134019 25.316926
   vertex 32.600000 -2.694618 24.905382
  endloop
 endfacet
 facet normal -1 0 0
  outer loop
   vertex -32.600000 -9.200000 18.400000
   vertex -32.600000 -3.134019 25.316926
   vertex -32.600000 -2.694618 24.905382
  endloop
 endfacet
 facet normal 1 0 0
  outer loop
   vertex 32.600000 -9.200000 18.400000
   vertex 32.600000 -2.694618 24.905382
   vertex 32.600000 -3.134019 25.316926
  endloop
 endfacet
 facet normal 0 0.634394 0.77301
  outer loop
   vertex -32.600000 -3.134019 25.316926
   vertex -32.600000 -3.599395 25.698851
   vertex 32.600000 -3.599395 25.698851
  endloop
 endfacet
 facet normal -0 0.634394 0.77301
  outer loop
   vertex -32.600000 -3.134019 25.316926
   vertex 32.600000 -3.599395 25.698851
   vertex 32.600000 -3.134019 25.316926
  endloop
 endfacet
 facet normal -1 0 0
  outer loop
   vertex -32.600000 -9.200000 18.400000
   vertex -32.600000 -3.599395 25.698851
   vertex -32.600000 -3.134019 25.316926
  endloop
 endfacet
 facet normal 1 0 0
  outer loop
   vertex 32.600000 -9.200000 18.400000
   vertex 32.600000 -3.134019 25.316926
   vertex 32.600000 -3.599395 25.698851
  endloop
 endfacet
 facet normal 0 0.582477 0.812847
  outer loop
   vertex -32.600000 -3.599395 25.698851
   vertex -32.600000 -4.088754 26.049520
   vertex 32.600000 -4.088754 26.049520
  endloop
 endfacet
 facet normal -0 0.582477 0.812847
  outer loop
   vertex -32.600000 -3.599395 25.698851
   vertex 32.600000 -4.088754 26.049520
   vertex 32.600000 -3.599395 25.698851
  endloop
 endfacet
 facet normal -1 0 0
  outer loop
   vertex -32.600000 -9.200000 18.400000
   vertex -32.600000 -4.088754 26.049520
   vertex -32.600000 -3.599395 25.698851
  endloop
 endfacet
 facet normal 1 0 0
  outer loop
   vertex 32.600000 -9.200000 18.400000
   vertex 32.600000 -3.599395 25.698851
   vertex 32.600000 -4.088754 26.049520
  endloop
 endfacet
 facet normal 0 0.528069 0.849202
  outer loop
   vertex -32.600000 -4.088754 26.049520
   vertex -32.600000 -4.600000 26.367434
   vertex 32.600000 -4.600000 26.367434
  endloop
 endfacet
 facet normal -0 0.528069 0.849202
  outer loop
   vertex -32.600000 -4.088754 26.049520
   vertex 32.600000 -4.600000 26.367434
   vertex 32.600000 -4.088754 26.049520
  endloop
 endfacet
 facet normal -1 0 0
  outer loop
   vertex -32.600000 -9.200000 18.400000
   vertex -32.600000 -4.600000 26.367434
   vertex -32.600000 -4.088754 26.049520
  endloop
 endfacet
 facet normal 1 0 0
  outer loop
   vertex 32.600000 -9.200000 18.400000
   vertex 32.600000 -4.088754 26.049520
   vertex 32.600000 -4.600000 26.367434
  endloop
 endfacet
 facet normal 0 0.471396 0.881922
  outer loop
   vertex -32.600000 -4.600000 26.367434
   vertex -32.600000 -5.130944 26.651229
   vertex 32.600000 -5.130944 26.651229
  endloop
 endfacet
 facet normal -0 0.471396 0.881922
  outer loop
   vertex -32.600000 -4.600000 26.367434
   vertex 32.600000 -5.130944 26.651229
   vertex 32.600000 -4.600000 26.367434
  endloop
 endfacet
 facet normal -1 0 0
  outer loop
   vertex -32.600000 -9.200000 18.400000
   vertex -32.600000 -5.130944 26.651229
   vertex -32.600000 -4.600000 26.367434
  endloop
 endfacet
 facet normal 1 0 0
  outer loop
   vertex 32.600000 -9.200000 18.400000
   vertex 32.600000 -4.600000 26.367434
   vertex 32.600000 -5.130944 26.651229
  endloop
 endfacet
 facet normal 0 0.412708 0.910863
  outer loop
   vertex -32.600000 -5.130944 26.651229
   vertex -32.600000 -5.679312 26.899692
   vertex 32.600000 -5.679312 26.899692
  endloop
 endfacet
 facet normal -0 0.412708 0.910863
  outer loop
   vertex -32.600000 -5.130944 26.651229
   vertex 32.600000 -5.679312 26.899692
   vertex 32.600000 -5.130944 26.651229
  endloop
 endfacet
 facet normal -1 0 0
  outer loop
   vertex -32.600000 -9.200000 18.400000
   vertex -32.600000 -5.679312 26.899692
   vertex -32.600000 -5.130944 26.651229
  endloop
 endfacet
 facet normal 1 0 0
  outer loop
   vertex 32.600000 -9.200000 18.400000
   vertex 32.600000 -5.130944 26.651229
   vertex 32.600000 -5.679312 26.899692
  endloop
 endfacet
 facet normal 0 0.352249 0.935906
  outer loop
   vertex -32.600000 -5.679312 26.899692
   vertex -32.600000 -6.242757 27.111757
   vertex 32.600000 -6.242757 27.111757
  endloop
 endfacet
 facet normal -0 0.352249 0.935906
  outer loop
   vertex -32.600000 -5.679312 26.899692
   vertex 32.600000 -6.242757 27.111757
   vertex 32.600000 -5.679312 26.899692
  endloop
 endfacet
 facet normal -1 0 0
  outer loop
   vertex -32.600000 -9.200000 18.400000
   vertex -32.600000 -6.242757 27.111757
   vertex -32.600000 -5.679312 26.899692
  endloop
 endfacet
 facet normal 1 0 0
  outer loop
   vertex 32.600000 -9.200000 18.400000
   vertex 32.600000 -5.679312 26.899692
   vertex 32.600000 -6.242757 27.111757
  endloop
 endfacet
 facet normal 0 0.290286 0.95694
  outer loop
   vertex -32.600000 -6.242757 27.111757
   vertex -32.600000 -6.818865 27.286518
   vertex 32.600000 -6.818865 27.286518
  endloop
 endfacet
 facet normal -0 0.290286 0.95694
  outer loop
   vertex -32.600000 -6.242757 27.111757
   vertex 32.600000 -6.818865 27.286518
   vertex 32.600000 -6.242757 27.111757
  endloop
 endfacet
 facet normal -1 0 0
  outer loop
   vertex -32.600000 -9.200000 18.400000
   vertex -32.600000 -6.818865 27.286518
   vertex -32.600000 -6.242757 27.111757
  endloop
 endfacet
 facet normal 1 0 0
  outer loop
   vertex 32.600000 -9.200000 18.400000
   vertex 32.600000 -6.242757 27.111757
   vertex 32.600000 -6.818865 27.286518
  endloop
 endfacet
 facet normal 0 0.227076 0.973877
  outer loop
   vertex -32.600000 -6.818865 27.286518
   vertex -32.600000 -7.405169 27.423225
   vertex 32.600000 -7.405169 27.423225
  endloop
 endfacet
 facet normal -0 0.227076 0.973877
  outer loop
   vertex -32.600000 -6.818865 27.286518
   vertex 32.600000 -7.405169 27.423225
   vertex 32.600000 -6.818865 27.286518
  endloop
 endfacet
 facet normal -1 0 0
  outer loop
   vertex -32.600000 -9.200000 18.400000
   vertex -32.600000 -7.405169 27.423225
   vertex -32.600000 -6.818865 27.286518
  endloop
 endfacet
 facet normal 1 0 0
  outer loop
   vertex 32.600000 -9.200000 18.400000
   vertex 32.600000 -6.818865 27.286518
   vertex 32.600000 -7.405169 27.423225
  endloop
 endfacet
 facet normal 0 0.162895 0.986643
  outer loop
   vertex -32.600000 -7.405169 27.423225
   vertex -32.600000 -7.999159 27.521293
   vertex 32.600000 -7.999159 27.521293
  endloop
 endfacet
 facet normal -0 0.162895 0.986643
  outer loop
   vertex -32.600000 -7.405169 27.423225
   vertex 32.600000 -7.999159 27.521293
   vertex 32.600000 -7.405169 27.423225
  endloop
 endfacet
 facet normal -1 0 0
  outer loop
   vertex -32.600000 -9.200000 18.400000
   vertex -32.600000 -7.999159 27.521293
   vertex -32.600000 -7.405169 27.423225
  endloop
 endfacet
 facet normal 1 0 0
  outer loop
   vertex 32.600000 -9.200000 18.400000
   vertex 32.600000 -7.405169 27.423225
   vertex 32.600000 -7.999159 27.521293
  endloop
 endfacet
 facet normal 0 0.0980166 0.995185
  outer loop
   vertex -32.600000 -7.999159 27.521293
   vertex -32.600000 -8.598291 27.580302
   vertex 32.600000 -8.598291 27.580302
  endloop
 endfacet
 facet normal -0 0.0980166 0.995185
  outer loop
   vertex -32.600000 -7.999159 27.521293
   vertex 32.600000 -8.598291 27.580302
   vertex 32.600000 -7.999159 27.521293
  endloop
 endfacet
 facet normal -1 0 0
  outer loop
   vertex -32.600000 -9.200000 18.400000
   vertex -32.600000 -8.598291 27.580302
   vertex -32.600000 -7.999159 27.521293
  endloop
 endfacet
 facet normal 1 0 0
  outer loop
   vertex 32.600000 -9.200000 18.400000
   vertex 32.600000 -7.999159 27.521293
   vertex 32.600000 -8.598291 27.580302
  endloop
 endfacet
 facet normal 0 0.0327192 0.999465
  outer loop
   vertex -32.600000 -8.598291 27.580302
   vertex -32.600000 -9.200000 27.600000
   vertex 32.600000 -9.200000 27.600000
  endloop
 endfacet
 facet normal -0 0.0327192 0.999465
  outer loop
   vertex -32.600000 -8.598291 27.580302
   vertex 32.600000 -9.200000 27.600000
   vertex 32.600000 -8.598291 27.580302
  endloop
 endfacet
 facet normal -1 0 0
  outer loop
   vertex -32.600000 -9.200000 18.400000
   vertex -32.600000 -9.200000 27.600000
   vertex -32.600000 -8.598291 27.580302
  endloop
 endfacet
 facet normal 1 0 0
  outer loop
   vertex 32.600000 -9.200000 18.400000
   vertex 32.600000 -8.598291 27.580302
   vertex 32.600000 -9.200000 27.600000
  endloop
 endfacet
 facet normal 0 -0.0327192 0.999465
  outer loop
   vertex -32.600000 -9.200000 27.600000
   vertex -32.600000 -9.801709 27.580302
   vertex 32.600000 -9.801709 27.580302
  endloop
 endfacet
 facet normal 0 -0.0327192 0.999465
  outer loop
   vertex -32.600000 -9.200000 27.600000
   vertex 32.600000 -9.801709 27.580302
   vertex 32.600000 -9.200000 27.600000
  endloop
 endfacet
 facet normal -1 0 0
  outer loop
   vertex -32.600000 -9.200000 18.400000
   vertex -32.600000 -9.801709 27.580302
   vertex -32.600000 -9.200000 27.600000
  endloop
 endfacet
 facet normal 1 0 -0
  outer loop
   vertex 32.600000 -9.200000 18.400000
   vertex 32.600000 -9.200000 27.600000
   vertex 32.600000 -9.801709 27.580302
  endloop
 endfacet
 facet normal 0 -0.0980166 0.995185
  outer loop
   vertex -32.600000 -9.801709 27.580302
   vertex -32.600000 -10.400841 27.521293
   vertex 32.600000 -10.400841 27.521293
  endloop
 endfacet
 facet normal 0 -0.0980166 0.995185
  outer loop
   vertex -32.600000 -9.801709 27.580302
   vertex 32.600000 -10.400841 27.521293
   vertex 32.600000 -9.801709 27.580302
  endloop
 endfacet
 facet normal -1 0 0
  outer loop
   vertex -32.600000 -9.200000 18.400000
   vertex -32.600000 -10.400841 27.521293
   vertex -32.600000 -9.801709 27.580302
  endloop
 endfacet
 facet normal 1 0 0
  outer loop
   vertex 32.600000 -9.200000 18.400000
   vertex 32.600000 -9.801709 27.580302
   vertex 32.600000 -10.400841 27.521293
  endloop
 endfacet
 facet normal 0 -0.162895 0.986643
  outer loop
   vertex -32.600000 -10.400841 27.521293
   vertex -32.600000 -10.994831 27.423225
   vertex 32.600000 -10.994831 27.423225
  endloop
 endfacet
 facet normal 0 -0.162895 0.986643
  outer loop
   vertex -32.600000 -10.400841 27.521293
   vertex 32.600000 -10.994831 27.423225
   vertex 32.600000 -10.400841 27.521293
  endloop
 endfacet
 facet normal -1 0 0
  outer loop
   vertex -32.600000 -9.200000 18.400000
   vertex -32.600000 -10.994831 27.423225
   vertex -32.600000 -10.400841 27.521293
  endloop
 endfacet
 facet normal 1 0 0
  outer loop
   vertex 32.600000 -9.200000 18.400000
   vertex 32.600000 -10.400841 27.521293
   vertex 32.600000 -10.994831 27.423225
  endloop
 endfacet
 facet normal 0 -0.227076 0.973877
  outer loop
   vertex -32.600000 -10.994831 27.423225
   vertex -32.600000 -11.581135 27.286518
   vertex 32.600000 -11.581135 27.286518
  endloop
 endfacet
 facet normal 0 -0.227076 0.973877
  outer loop
   vertex -32.600000 -10.994831 27.423225
   vertex 32.600000 -11.581135 27.286518
   vertex 32.600000 -10.994831 27.423225
  endloop
 endfacet
 facet normal -1 0 0
  outer loop
   vertex -32.600000 -9.200000 18.400000
   vertex -32.600000 -11.581135 27.286518
   vertex -32.600000 -10.994831 27.423225
  endloop
 endfacet
 facet normal 1 0 0
  outer loop
   vertex 32.600000 -9.200000 18.400000
   vertex 32.600000 -10.994831 27.423225
   vertex 32.600000 -11.581135 27.286518
  endloop
 endfacet
 facet normal 0 -0.290286 0.95694
  outer loop
   vertex -32.600000 -11.581135 27.286518
   vertex -32.600000 -12.157243 27.111757
   vertex 32.600000 -12.157243 27.111757
  endloop
 endfacet
 facet normal 0 -0.290286 0.95694
  outer loop
   vertex -32.600000 -11.581135 27.286518
   vertex 32.600000 -12.157243 27.111757
   vertex 32.600000 -11.581135 27.286518
  endloop
 endfacet
 facet normal -1 0 0
  outer loop
   vertex -32.600000 -9.200000 18.400000
   vertex -32.600000 -12.157243 27.111757
   vertex -32.600000 -11.581135 27.286518
  endloop
 endfacet
 facet normal 1 0 0
  outer loop
   vertex 32.600000 -9.200000 18.400000
   vertex 32.600000 -11.581135 27.286518
   vertex 32.600000 -12.157243 27.111757
  endloop
 endfacet
 facet normal 0 -0.352249 0.935906
  outer loop
   vertex -32.600000 -12.157243 27.111757
   vertex -32.600000 -12.720688 26.899692
   vertex 32.600000 -12.720688 26.899692
  endloop
 endfacet
 facet normal 0 -0.352249 0.935906
  outer loop
   vertex -32.600000 -12.157243 27.111757
   vertex 32.600000 -12.720688 26.899692
   vertex 32.600000 -12.157243 27.111757
  endloop
 endfacet
 facet normal -1 0 0
  outer loop
   vertex -32.600000 -9.200000 18.400000
   vertex -32.600000 -12.720688 26.899692
   vertex -32.600000 -12.157243 27.111757
  endloop
 endfacet
 facet normal 1 0 0
  outer loop
   vertex 32.600000 -9.200000 18.400000
   vertex 32.600000 -12.157243 27.111757
   vertex 32.600000 -12.720688 26.899692
  endloop
 endfacet
 facet normal 0 -0.412708 0.910863
  outer loop
   vertex -32.600000 -12.720688 26.899692
   vertex -32.600000 -13.269056 26.651229
   vertex 32.600000 -13.269056 26.651229
  endloop
 endfacet
 facet normal 0 -0.412708 0.910863
  outer loop
   vertex -32.600000 -12.720688 26.899692
   vertex 32.600000 -13.269056 26.651229
   vertex 32.600000 -12.720688 26.899692
  endloop
 endfacet
 facet normal -1 0 0
  outer loop
   vertex -32.600000 -9.200000 18.400000
   vertex -32.600000 -13.269056 26.651229
   vertex -32.600000 -12.720688 26.899692
  endloop
 endfacet
 facet normal 1 0 0
  outer loop
   vertex 32.600000 -9.200000 18.400000
   vertex 32.600000 -12.720688 26.899692
   vertex 32.600000 -13.269056 26.651229
  endloop
 endfacet
 facet normal 0 -0.471396 0.881922
  outer loop
   vertex -32.600000 -13.269056 26.651229
   vertex -32.600000 -13.800000 26.367434
   vertex 32.600000 -13.800000 26.367434
  endloop
 endfacet
 facet normal 0 -0.471396 0.881922
  outer loop
   vertex -32.600000 -13.269056 26.651229
   vertex 32.600000 -13.800000 26.367434
   vertex 32.600000 -13.269056 26.651229
  endloop
 endfacet
 facet normal -1 0 0
  outer loop
   vertex -32.600000 -9.200000 18.400000
   vertex -32.600000 -13.800000 26.367434
   vertex -32.600000 -13.269056 26.651229
  endloop
 endfacet
 facet normal 1 0 0
  outer loop
   vertex 32.600000 -9.200000 18.400000
   vertex 32.600000 -13.269056 26.651229
   vertex 32.600000 -13.800000 26.367434
  endloop
 endfacet
 facet normal 0 -0.528069 0.849202
  outer loop
   vertex -32.600000 -13.800000 26.367434
   vertex -32.600000 -14.311246 26.049520
   vertex 32.600000 -14.311246 26.049520
  endloop
 endfacet
 facet normal 0 -0.528069 0.849202
  outer loop
   vertex -32.600000 -13.800000 26.367434
   vertex 32.600000 -14.311246 26.049520
   vertex 32.600000 -13.800000 26.367434
  endloop
 endfacet
 facet normal -1 0 0
  outer loop
   vertex -32.600000 -9.200000 18.400000
   vertex -32.600000 -14.311246 26.049520
   vertex -32.600000 -13.800000 26.367434
  endloop
 endfacet
 facet normal 1 0 0
  outer loop
   vertex 32.600000 -9.200000 18.400000
   vertex 32.600000 -13.800000 26.367434
   vertex 32.600000 -14.311246 26.049520
  endloop
 endfacet
 facet normal 0 -0.582477 0.812847
  outer loop
   vertex -32.600000 -14.311246 26.049520
   vertex -32.600000 -14.800605 25.698851
   vertex 32.600000 -14.800605 25.698851
  endloop
 endfacet
 facet normal 0 -0.582477 0.812847
  outer loop
   vertex -32.600000 -14.311246 26.049520
   vertex 32.600000 -14.800605 25.698851
   vertex 32.600000 -14.311246 26.049520
  endloop
 endfacet
 facet normal -1 0 0
  outer loop
   vertex -32.600000 -9.200000 18.400000
   vertex -32.600000 -14.800605 25.698851
   vertex -32.600000 -14.311246 26.049520
  endloop
 endfacet
 facet normal 1 0 0
  outer loop
   vertex 32.600000 -9.200000 18.400000
   vertex 32.600000 -14.311246 26.049520
   vertex 32.600000 -14.800605 25.698851
  endloop
 endfacet
 facet normal 0 -0.634394 0.77301
  outer loop
   vertex -32.600000 -14.800605 25.698851
   vertex -32.600000 -15.265981 25.316926
   vertex 32.600000 -15.265981 25.316926
  endloop
 endfacet
 facet normal 0 -0.634394 0.77301
  outer loop
   vertex -32.600000 -14.800605 25.698851
   vertex 32.600000 -15.265981 25.316926
   vertex 32.600000 -14.800605 25.698851
  endloop
 endfacet
 facet normal -1 0 0
  outer loop
   vertex -32.600000 -9.200000 18.400000
   vertex -32.600000 -15.265981 25.316926
   vertex -32.600000 -14.800605 25.698851
  endloop
 endfacet
 facet normal 1 0 0
  outer loop
   vertex 32.600000 -9.200000 18.400000
   vertex 32.600000 -14.800605 25.698851
   vertex 32.600000 -15.265981 25.316926
  endloop
 endfacet
 facet normal 0 -0.683592 0.729864
  outer loop
   vertex -32.600000 -15.265981 25.316926
   vertex -32.600000 -15.705382 24.905382
   vertex 32.600000 -15.705382 24.905382
  endloop
 endfacet
 facet normal 0 -0.683592 0.729864
  outer loop
   vertex -32.600000 -15.265981 25.316926
   vertex 32.600000 -15.705382 24.905382
   vertex 32.600000 -15.265981 25.316926
  endloop
 endfacet
 facet normal -1 0 0
  outer loop
   vertex -32.600000 -9.200000 18.400000
   vertex -32.600000 -15.705382 24.905382
   vertex -32.600000 -15.265981 25.316926
  endloop
 endfacet
 facet normal 1 0 0
  outer loop
   vertex 32.600000 -9.200000 18.400000
   vertex 32.600000 -15.265981 25.316926
   vertex 32.600000 -15.705382 24.905382
  endloop
 endfacet
 facet normal 0 -0.729864 0.683592
  outer loop
   vertex -32.600000 -15.705382 24.905382
   vertex -32.600000 -16.116926 24.465981
   vertex 32.600000 -16.116926 24.465981
  endloop
 endfacet
 facet normal 0 -0.729864 0.683592
  outer loop
   vertex -32.600000 -15.705382 24.905382
   vertex 32.600000 -16.116926 24.465981
   vertex 32.600000 -15.705382 24.905382
  endloop
 endfacet
 facet normal -1 0 0
  outer loop
   vertex -32.600000 -9.200000 18.400000
   vertex -32.600000 -16.116926 24.465981
   vertex -32.600000 -15.705382 24.905382
  endloop
 endfacet
 facet normal 1 0 0
  outer loop
   vertex 32.600000 -9.200000 18.400000
   vertex 32.600000 -15.705382 24.905382
   vertex 32.600000 -16.116926 24.465981
  endloop
 endfacet
 facet normal 0 -0.77301 0.634394
  outer loop
   vertex -32.600000 -16.116926 24.465981
   vertex -32.600000 -16.498851 24.000605
   vertex 32.600000 -16.498851 24.000605
  endloop
 endfacet
 facet normal 0 -0.77301 0.634394
  outer loop
   vertex -32.600000 -16.116926 24.465981
   vertex 32.600000 -16.498851 24.000605
   vertex 32.600000 -16.116926 24.465981
  endloop
 endfacet
 facet normal -1 0 0
  outer loop
   vertex -32.600000 -9.200000 18.400000
   vertex -32.600000 -16.498851 24.000605
   vertex -32.600000 -16.116926 24.465981
  endloop
 endfacet
 facet normal 1 0 0
  outer loop
   vertex 32.600000 -9.200000 18.400000
   vertex 32.600000 -16.116926 24.465981
   vertex 32.600000 -16.498851 24.000605
  endloop
 endfacet
 facet normal 0 -0.812847 0.582477
  outer loop
   vertex -32.600000 -16.498851 24.000605
   vertex -32.600000 -16.849520 23.511246
   vertex 32.600000 -16.849520 23.511246
  endloop
 endfacet
 facet normal 0 -0.812847 0.582477
  outer loop
   vertex -32.600000 -16.498851 24.000605
   vertex 32.600000 -16.849520 23.511246
   vertex 32.600000 -16.498851 24.000605
  endloop
 endfacet
 facet normal -1 0 0
  outer loop
   vertex -32.600000 -9.200000 18.400000
   vertex -32.600000 -16.849520 23.511246
   vertex -32.600000 -16.498851 24.000605
  endloop
 endfacet
 facet normal 1 0 0
  outer loop
   vertex 32.600000 -9.200000 18.400000
   vertex 32.600000 -16.498851 24.000605
   vertex 32.600000 -16.849520 23.511246
  endloop
 endfacet
 facet normal 0 -0.849202 0.528069
  outer loop
   vertex -32.600000 -16.849520 23.511246
   vertex -32.600000 -17.167434 23.000000
   vertex 32.600000 -17.167434 23.000000
  endloop
 endfacet
 facet normal 0 -0.849202 0.528069
  outer loop
   vertex -32.600000 -16.849520 23.511246
   vertex 32.600000 -17.167434 23.000000
   vertex 32.600000 -16.849520 23.511246
  endloop
 endfacet
 facet normal -1 0 0
  outer loop
   vertex -32.600000 -9.200000 18.400000
   vertex -32.600000 -17.167434 23.000000
   vertex -32.600000 -16.849520 23.511246
  endloop
 endfacet
 facet normal 1 0 0
  outer loop
   vertex 32.600000 -9.200000 18.400000
   vertex 32.600000 -16.849520 23.511246
   vertex 32.600000 -17.167434 23.000000
  endloop
 endfacet
 facet normal 0 -0.881922 0.471396
  outer loop
   vertex -32.600000 -17.167434 23.000000
   vertex -32.600000 -17.451229 22.469056
   vertex 32.600000 -17.451229 22.469056
  endloop
 endfacet
 facet normal 0 -0.881922 0.471396
  outer loop
   vertex -32.600000 -17.167434 23.000000
   vertex 32.600000 -17.451229 22.469056
   vertex 32.600000 -17.167434 23.000000
  endloop
 endfacet
 facet normal -1 0 0
  outer loop
   vertex -32.600000 -9.200000 18.400000
   vertex -32.600000 -17.451229 22.469056
   vertex -32.600000 -17.167434 23.000000
  endloop
 endfacet
 facet normal 1 0 0
  outer loop
   vertex 32.600000 -9.200000 18.400000
   vertex 32.600000 -17.167434 23.000000
   vertex 32.600000 -17.451229 22.469056
  endloop
 endfacet
 facet normal 0 -0.910863 0.412708
  outer loop
   vertex -32.600000 -17.451229 22.469056
   vertex -32.600000 -17.699692 21.920688
   vertex 32.600000 -17.699692 21.920688
  endloop
 endfacet
 facet normal 0 -0.910863 0.412708
  outer loop
   vertex -32.600000 -17.451229 22.469056
   vertex 32.600000 -17.699692 21.920688
   vertex 32.600000 -17.451229 22.469056
  endloop
 endfacet
 facet normal -1 0 0
  outer loop
   vertex -32.600000 -9.200000 18.400000
   vertex -32.600000 -17.699692 21.920688
   vertex -32.600000 -17.451229 22.469056
  endloop
 endfacet
 facet normal 1 0 0
  outer loop
   vertex 32.600000 -9.200000 18.400000
   vertex 32.600000 -17.451229 22.469056
   vertex 32.600000 -17.699692 21.920688
  endloop
 endfacet
 facet normal 0 -0.935906 0.352249
  outer loop
   vertex -32.600000 -17.699692 21.920688
   vertex -32.600000 -17.911757 21.357243
   vertex 32.600000 -17.911757 21.357243
  endloop
 endfacet
 facet normal 0 -0.935906 0.352249
  outer loop
   vertex -32.600000 -17.699692 21.920688
   vertex 32.600000 -17.911757 21.357243
   vertex 32.600000 -17.699692 21.920688
  endloop
 endfacet
 facet normal -1 0 0
  outer loop
   vertex -32.600000 -9.200000 18.400000
   vertex -32.600000 -17.911757 21.357243
   vertex -32.600000 -17.699692 21.920688
  endloop
 endfacet
 facet normal 1 0 0
  outer loop
   vertex 32.600000 -9.200000 18.400000
   vertex 32.600000 -17.699692 21.920688
   vertex 32.600000 -17.911757 21.357243
  endloop
 endfacet
 facet normal 0 -0.95694 0.290286
  outer loop
   vertex -32.600000 -17.911757 21.357243
   vertex -32.600000 -18.086518 20.781135
   vertex 32.600000 -18.086518 20.781135
  endloop
 endfacet
 facet normal 0 -0.95694 0.290286
  outer loop
   vertex -32.600000 -17.911757 21.357243
   vertex 32.600000 -18.086518 20.781135
   vertex 32.600000 -17.911757 21.357243
  endloop
 endfacet
 facet normal -1 0 0
  outer loop
   vertex -32.600000 -9.200000 18.400000
   vertex -32.600000 -18.086518 20.781135
   vertex -32.600000 -17.911757 21.357243
  endloop
 endfacet
 facet normal 1 0 0
  outer loop
   vertex 32.600000 -9.200000 18.400000
   vertex 32.600000 -17.911757 21.357243
   vertex 32.600000 -18.086518 20.781135
  endloop
 endfacet
 facet normal 0 -0.973877 0.227076
  outer loop
   vertex -32.600000 -18.086518 20.781135
   vertex -32.600000 -18.223225 20.194831
   vertex 32.600000 -18.223225 20.194831
  endloop
 endfacet
 facet normal 0 -0.973877 0.227076
  outer loop
   vertex -32.600000 -18.086518 20.781135
   vertex 32.600000 -18.223225 20.194831
   vertex 32.600000 -18.086518 20.781135
  endloop
 endfacet
 facet normal -1 0 0
  outer loop
   vertex -32.600000 -9.200000 18.400000
   vertex -32.600000 -18.223225 20.194831
   vertex -32.600000 -18.086518 20.781135
  endloop
 endfacet
 facet normal 1 0 0
  outer loop
   vertex 32.600000 -9.200000 18.400000
   vertex 32.600000 -18.086518 20.781135
   vertex 32.600000 -18.223225 20.194831
  endloop
 endfacet
 facet normal 0 -0.986643 0.162895
  outer loop
   vertex -32.600000 -18.223225 20.194831
   vertex -32.600000 -18.321293 19.600841
   vertex 32.600000 -18.321293 19.600841
  endloop
 endfacet
 facet normal 0 -0.986643 0.162895
  outer loop
   vertex -32.600000 -18.223225 20.194831
   vertex 32.600000 -18.321293 19.600841
   vertex 32.600000 -18.223225 20.194831
  endloop
 endfacet
 facet normal -1 0 0
  outer loop
   vertex -32.600000 -9.200000 18.400000
   vertex -32.600000 -18.321293 19.600841
   vertex -32.600000 -18.223225 20.194831
  endloop
 endfacet
 facet normal 1 0 0
  outer loop
   vertex 32.600000 -9.200000 18.400000
   vertex 32.600000 -18.223225 20.194831
   vertex 32.600000 -18.321293 19.600841
  endloop
 endfacet
 facet normal 0 -0.995185 0.0980166
  outer loop
   vertex -32.600000 -18.321293 19.600841
   vertex -32.600000 -18.380302 19.001709
   vertex 32.600000 -18.380302 19.001709
  endloop
 endfacet
 facet normal 0 -0.995185 0.0980166
  outer loop
   vertex -32.600000 -18.321293 19.600841
   vertex 32.600000 -18.380302 19.001709
   vertex 32.600000 -18.321293 19.600841
  endloop
 endfacet
 facet normal -1 0 0
  outer loop
   vertex -32.600000 -9.200000 18.400000
   vertex -32.600000 -18.380302 19.001709
   vertex -32.600000 -18.321293 19.600841
  endloop
 endfacet
 facet normal 1 0 0
  outer loop
   vertex 32.600000 -9.200000 18.400000
   vertex 32.600000 -18.321293 19.600841
   vertex 32.600000 -18.380302 19.001709
  endloop
 endfacet
 facet normal 0 -0.999465 0.0327192
  outer loop
   vertex -32.600000 -18.380302 19.001709
   vertex -32.600000 -18.400000 18.400000
   vertex 32.600000 -18.400000 18.400000
  endloop
 endfacet
 facet normal 0 -0.999465 0.0327192
  outer loop
   vertex -32.600000 -18.380302 19.001709
   vertex 32.600000 -18.400000 18.400000
   vertex 32.600000 -18.380302 19.001709
  endloop
 endfacet
 facet normal -1 0 0
  outer loop
   vertex -32.600000 -9.200000 18.400000
   vertex -32.600000 -18.400000 18.400000
   vertex -32.600000 -18.380302 19.001709
  endloop
 endfacet
 facet normal 1 0 0
  outer loop
   vertex 32.600000 -9.200000 18.400000
   vertex 32.600000 -18.380302 19.001709
   vertex 32.600000 -18.400000 18.400000
  endloop
 endfacet
 facet normal 0 -0.999465 -0.0327192
  outer loop
   vertex -32.600000 -18.400000 18.400000
   vertex -32.600000 -18.380302 17.798291
   vertex 32.600000 -18.380302 17.798291
  endloop
 endfacet
 facet normal 0 -0.999465 -0.0327192
  outer loop
   vertex -32.600000 -18.400000 18.400000
   vertex 32.600000 -18.380302 17.798291
   vertex 32.600000 -18.400000 18.400000
  endloop
 endfacet
 facet normal -1 -0 0
  outer loop
   vertex -32.600000 -9.200000 18.400000
   vertex -32.600000 -18.380302 17.798291
   vertex -32.600000 -18.400000 18.400000
  endloop
 endfacet
 facet normal 1 0 0
  outer loop
   vertex 32.600000 -9.200000 18.400000
   vertex 32.600000 -18.400000 18.400000
   vertex 32.600000 -18.380302 17.798291
  endloop
 endfacet
 facet normal 0 -0.995185 -0.0980166
  outer loop
   vertex -32.600000 -18.380302 17.798291
   vertex -32.600000 -18.321293 17.199159
   vertex 32.600000 -18.321293 17.199159
  endloop
 endfacet
 facet normal 0 -0.995185 -0.0980166
  outer loop
   vertex -32.600000 -18.380302 17.798291
   vertex 32.600000 -18.321293 17.199159
   vertex 32.600000 -18.380302 17.798291
  endloop
 endfacet
 facet normal -1 0 0
  outer loop
   vertex -32.600000 -9.200000 18.400000
   vertex -32.600000 -18.321293 17.199159
   vertex -32.600000 -18.380302 17.798291
  endloop
 endfacet
 facet normal 1 0 0
  outer loop
   vertex 32.600000 -9.200000 18.400000
   vertex 32.600000 -18.380302 17.798291
   vertex 32.600000 -18.321293 17.199159
  endloop
 endfacet
 facet normal 0 -0.986643 -0.162895
  outer loop
   vertex -32.600000 -18.321293 17.199159
   vertex -32.600000 -18.223225 16.605169
   vertex 32.600000 -18.223225 16.605169
  endloop
 endfacet
 facet normal 0 -0.986643 -0.162895
  outer loop
   vertex -32.600000 -18.321293 17.199159
   vertex 32.600000 -18.223225 16.605169
   vertex 32.600000 -18.321293 17.199159
  endloop
 endfacet
 facet normal -1 0 0
  outer loop
   vertex -32.600000 -9.200000 18.400000
   vertex -32.600000 -18.223225 16.605169
   vertex -32.600000 -18.321293 17.199159
  endloop
 endfacet
 facet normal 1 0 0
  outer loop
   vertex 32.600000 -9.200000 18.400000
   vertex 32.600000 -18.321293 17.199159
   vertex 32.600000 -18.223225 16.605169
  endloop
 endfacet
 facet normal 0 -0.973877 -0.227076
  outer loop
   vertex -32.600000 -18.223225 16.605169
   vertex -32.600000 -18.086518 16.018865
   vertex 32.600000 -18.086518 16.018865
  endloop
 endfacet
 facet normal 0 -0.973877 -0.227076
  outer loop
   vertex -32.600000 -18.223225 16.605169
   vertex 32.600000 -18.086518 16.018865
   vertex 32.600000 -18.223225 16.605169
  endloop
 endfacet
 facet normal -1 0 0
  outer loop
   vertex -32.600000 -9.200000 18.400000
   vertex -32.600000 -18.086518 16.018865
   vertex -32.600000 -18.223225 16.605169
  endloop
 endfacet
 facet normal 1 0 0
  outer loop
   vertex 32.600000 -9.200000 18.400000
   vertex 32.600000 -18.223225 16.605169
   vertex 32.600000 -18.086518 16.018865
  endloop
 endfacet
 facet normal 0 -0.95694 -0.290286
  outer loop
   vertex -32.600000 -18.086518 16.018865
   vertex -32.600000 -17.911757 15.442757
   vertex 32.600000 -17.911757 15.442757
  endloop
 endfacet
 facet normal 0 -0.95694 -0.290286
  outer loop
   vertex -32.600000 -18.086518 16.018865
   vertex 32.600000 -17.911757 15.442757
   vertex 32.600000 -18.086518 16.018865
  endloop
 endfacet
 facet normal -1 0 0
  outer loop
   vertex -32.600000 -9.200000 18.400000
   vertex -32.600000 -17.911757 15.442757
   vertex -32.600000 -18.086518 16.018865
  endloop
 endfacet
 facet normal 1 0 0
  outer loop
   vertex 32.600000 -9.200000 18.400000
   vertex 32.600000 -18.086518 16.018865
   vertex 32.600000 -17.911757 15.442757
  endloop
 endfacet
 facet normal 0 -0.935906 -0.352249
  outer loop
   vertex -32.600000 -17.911757 15.442757
   vertex -32.600000 -17.699692 14.879312
   vertex 32.600000 -17.699692 14.879312
  endloop
 endfacet
 facet normal 0 -0.935906 -0.352249
  outer loop
   vertex -32.600000 -17.911757 15.442757
   vertex 32.600000 -17.699692 14.879312
   vertex 32.600000 -17.911757 15.442757
  endloop
 endfacet
 facet normal -1 0 0
  outer loop
   vertex -32.600000 -9.200000 18.400000
   vertex -32.600000 -17.699692 14.879312
   vertex -32.600000 -17.911757 15.442757
  endloop
 endfacet
 facet normal 1 0 0
  outer loop
   vertex 32.600000 -9.200000 18.400000
   vertex 32.600000 -17.911757 15.442757
   vertex 32.600000 -17.699692 14.879312
  endloop
 endfacet
 facet normal 0 -0.910863 -0.412708
  outer loop
   vertex -32.600000 -17.699692 14.879312
   vertex -32.600000 -17.451229 14.330944
   vertex 32.600000 -17.451229 14.330944
  endloop
 endfacet
 facet normal 0 -0.910863 -0.412708
  outer loop
   vertex -32.600000 -17.699692 14.879312
   vertex 32.600000 -17.451229 14.330944
   vertex 32.600000 -17.699692 14.879312
  endloop
 endfacet
 facet normal -1 0 0
  outer loop
   vertex -32.600000 -9.200000 18.400000
   vertex -32.600000 -17.451229 14.330944
   vertex -32.600000 -17.699692 14.879312
  endloop
 endfacet
 facet normal 1 0 0
  outer loop
   vertex 32.600000 -9.200000 18.400000
   vertex 32.600000 -17.699692 14.879312
   vertex 32.600000 -17.451229 14.330944
  endloop
 endfacet
 facet normal 0 -0.881922 -0.471396
  outer loop
   vertex -32.600000 -17.451229 14.330944
   vertex -32.600000 -17.167434 13.800000
   vertex 32.600000 -17.167434 13.800000
  endloop
 endfacet
 facet normal 0 -0.881922 -0.471396
  outer loop
   vertex -32.600000 -17.451229 14.330944
   vertex 32.600000 -17.167434 13.800000
   vertex 32.600000 -17.451229 14.330944
  endloop
 endfacet
 facet normal -1 0 0
  outer loop
   vertex -32.600000 -9.200000 18.400000
   vertex -32.600000 -17.167434 13.800000
   vertex -32.600000 -17.451229 14.330944
  endloop
 endfacet
 facet normal 1 0 0
  outer loop
   vertex 32.600000 -9.200000 18.400000
   vertex 32.600000 -17.451229 14.330944
   vertex 32.600000 -17.167434 13.800000
  endloop
 endfacet
 facet normal 0 -0.849202 -0.528069
  outer loop
   vertex -32.600000 -17.167434 13.800000
   vertex -32.600000 -16.849520 13.288754
   vertex 32.600000 -16.849520 13.288754
  endloop
 endfacet
 facet normal 0 -0.849202 -0.528069
  outer loop
   vertex -32.600000 -17.167434 13.800000
   vertex 32.600000 -16.849520 13.288754
   vertex 32.600000 -17.167434 13.800000
  endloop
 endfacet
 facet normal -1 0 0
  outer loop
   vertex -32.600000 -9.200000 18.400000
   vertex -32.600000 -16.849520 13.288754
   vertex -32.600000 -17.167434 13.800000
  endloop
 endfacet
 facet normal 1 0 0
  outer loop
   vertex 32.600000 -9.200000 18.400000
   vertex 32.600000 -17.167434 13.800000
   vertex 32.600000 -16.849520 13.288754
  endloop
 endfacet
 facet normal 0 -0.812847 -0.582477
  outer loop
   vertex -32.600000 -16.849520 13.288754
   vertex -32.600000 -16.498851 12.799395
   vertex 32.600000 -16.498851 12.799395
  endloop
 endfacet
 facet normal 0 -0.812847 -0.582477
  outer loop
   vertex -32.600000 -16.849520 13.288754
   vertex 32.600000 -16.498851 12.799395
   vertex 32.600000 -16.849520 13.288754
  endloop
 endfacet
 facet normal -1 0 0
  outer loop
   vertex -32.600000 -9.200000 18.400000
   vertex -32.600000 -16.498851 12.799395
   vertex -32.600000 -16.849520 13.288754
  endloop
 endfacet
 facet normal 1 0 0
  outer loop
   vertex 32.600000 -9.200000 18.400000
   vertex 32.600000 -16.849520 13.288754
   vertex 32.600000 -16.498851 12.799395
  endloop
 endfacet
 facet normal 0 -0.77301 -0.634394
  outer loop
   vertex -32.600000 -16.498851 12.799395
   vertex -32.600000 -16.116926 12.334019
   vertex 32.600000 -16.116926 12.334019
  endloop
 endfacet
 facet normal 0 -0.77301 -0.634394
  outer loop
   vertex -32.600000 -16.498851 12.799395
   vertex 32.600000 -16.116926 12.334019
   vertex 32.600000 -16.498851 12.799395
  endloop
 endfacet
 facet normal -1 0 0
  outer loop
   vertex -32.600000 -9.200000 18.400000
   vertex -32.600000 -16.116926 12.334019
   vertex -32.600000 -16.498851 12.799395
  endloop
 endfacet
 facet normal 1 0 0
  outer loop
   vertex 32.600000 -9.200000 18.400000
   vertex 32.600000 -16.498851 12.799395
   vertex 32.600000 -16.116926 12.334019
  endloop
 endfacet
 facet normal 0 -0.729864 -0.683592
  outer loop
   vertex -32.600000 -16.116926 12.334019
   vertex -32.600000 -15.705382 11.894618
   vertex 32.600000 -15.705382 11.894618
  endloop
 endfacet
 facet normal 0 -0.729864 -0.683592
  outer loop
   vertex -32.600000 -16.116926 12.334019
   vertex 32.600000 -15.705382 11.894618
   vertex 32.600000 -16.116926 12.334019
  endloop
 endfacet
 facet normal -1 0 0
  outer loop
   vertex -32.600000 -9.200000 18.400000
   vertex -32.600000 -15.705382 11.894618
   vertex -32.600000 -16.116926 12.334019
  endloop
 endfacet
 facet normal 1 0 0
  outer loop
   vertex 32.600000 -9.200000 18.400000
   vertex 32.600000 -16.116926 12.334019
   vertex 32.600000 -15.705382 11.894618
  endloop
 endfacet
 facet normal 0 -0.683592 -0.729864
  outer loop
   vertex -32.600000 -15.705382 11.894618
   vertex -32.600000 -15.265981 11.483074
   vertex 32.600000 -15.265981 11.483074
  endloop
 endfacet
 facet normal 0 -0.683592 -0.729864
  outer loop
   vertex -32.600000 -15.705382 11.894618
   vertex 32.600000 -15.265981 11.483074
   vertex 32.600000 -15.705382 11.894618
  endloop
 endfacet
 facet normal -1 0 0
  outer loop
   vertex -32.600000 -9.200000 18.400000
   vertex -32.600000 -15.265981 11.483074
   vertex -32.600000 -15.705382 11.894618
  endloop
 endfacet
 facet normal 1 0 0
  outer loop
   vertex 32.600000 -9.200000 18.400000
   vertex 32.600000 -15.705382 11.894618
   vertex 32.600000 -15.265981 11.483074
  endloop
 endfacet
 facet normal 0 -0.634394 -0.77301
  outer loop
   vertex -32.600000 -15.265981 11.483074
   vertex -32.600000 -14.800605 11.101149
   vertex 32.600000 -14.800605 11.101149
  endloop
 endfacet
 facet normal 0 -0.634394 -0.77301
  outer loop
   vertex -32.600000 -15.265981 11.483074
   vertex 32.600000 -14.800605 11.101149
   vertex 32.600000 -15.265981 11.483074
  endloop
 endfacet
 facet normal -1 0 0
  outer loop
   vertex -32.600000 -9.200000 18.400000
   vertex -32.600000 -14.800605 11.101149
   vertex -32.600000 -15.265981 11.483074
  endloop
 endfacet
 facet normal 1 0 0
  outer loop
   vertex 32.600000 -9.200000 18.400000
   vertex 32.600000 -15.265981 11.483074
   vertex 32.600000 -14.800605 11.101149
  endloop
 endfacet
 facet normal 0 -0.582477 -0.812847
  outer loop
   vertex -32.600000 -14.800605 11.101149
   vertex -32.600000 -14.311246 10.750480
   vertex 32.600000 -14.311246 10.750480
  endloop
 endfacet
 facet normal 0 -0.582477 -0.812847
  outer loop
   vertex -32.600000 -14.800605 11.101149
   vertex 32.600000 -14.311246 10.750480
   vertex 32.600000 -14.800605 11.101149
  endloop
 endfacet
 facet normal -1 0 0
  outer loop
   vertex -32.600000 -9.200000 18.400000
   vertex -32.600000 -14.311246 10.750480
   vertex -32.600000 -14.800605 11.101149
  endloop
 endfacet
 facet normal 1 0 0
  outer loop
   vertex 32.600000 -9.200000 18.400000
   vertex 32.600000 -14.800605 11.101149
   vertex 32.600000 -14.311246 10.750480
  endloop
 endfacet
 facet normal 0 -0.528069 -0.849202
  outer loop
   vertex -32.600000 -14.311246 10.750480
   vertex -32.600000 -13.800000 10.432566
   vertex 32.600000 -13.800000 10.432566
  endloop
 endfacet
 facet normal 0 -0.528069 -0.849202
  outer loop
   vertex -32.600000 -14.311246 10.750480
   vertex 32.600000 -13.800000 10.432566
   vertex 32.600000 -14.311246 10.750480
  endloop
 endfacet
 facet normal -1 0 0
  outer loop
   vertex -32.600000 -9.200000 18.400000
   vertex -32.600000 -13.800000 10.432566
   vertex -32.600000 -14.311246 10.750480
  endloop
 endfacet
 facet normal 1 0 0
  outer loop
   vertex 32.600000 -9.200000 18.400000
   vertex 32.600000 -14.311246 10.750480
   vertex 32.600000 -13.800000 10.432566
  endloop
 endfacet
 facet normal 0 -0.471396 -0.881922
  outer loop
   vertex -32.600000 -13.800000 10.432566
   vertex -32.600000 -13.269056 10.148771
   vertex 32.600000 -13.269056 10.148771
  endloop
 endfacet
 facet normal 0 -0.471396 -0.881922
  outer loop
   vertex -32.600000 -13.800000 10.432566
   vertex 32.600000 -13.269056 10.148771
   vertex 32.600000 -13.800000 10.432566
  endloop
 endfacet
 facet normal -1 0 0
  outer loop
   vertex -32.600000 -9.200000 18.400000
   vertex -32.600000 -13.269056 10.148771
   vertex -32.600000 -13.800000 10.432566
  endloop
 endfacet
 facet normal 1 0 0
  outer loop
   vertex 32.600000 -9.200000 18.400000
   vertex 32.600000 -13.800000 10.432566
   vertex 32.600000 -13.269056 10.148771
  endloop
 endfacet
 facet normal 0 -0.412708 -0.910863
  outer loop
   vertex -32.600000 -13.269056 10.148771
   vertex -32.600000 -12.720688 9.900308
   vertex 32.600000 -12.720688 9.900308
  endloop
 endfacet
 facet normal 0 -0.412708 -0.910863
  outer loop
   vertex -32.600000 -13.269056 10.148771
   vertex 32.600000 -12.720688 9.900308
   vertex 32.600000 -13.269056 10.148771
  endloop
 endfacet
 facet normal -1 0 0
  outer loop
   vertex -32.600000 -9.200000 18.400000
   vertex -32.600000 -12.720688 9.900308
   vertex -32.600000 -13.269056 10.148771
  endloop
 endfacet
 facet normal 1 0 0
  outer loop
   vertex 32.600000 -9.200000 18.400000
   vertex 32.600000 -13.269056 10.148771
   vertex 32.600000 -12.720688 9.900308
  endloop
 endfacet
 facet normal 0 -0.352249 -0.935906
  outer loop
   vertex -32.600000 -12.720688 9.900308
   vertex -32.600000 -12.157243 9.688243
   vertex 32.600000 -12.157243 9.688243
  endloop
 endfacet
 facet normal 0 -0.352249 -0.935906
  outer loop
   vertex -32.600000 -12.720688 9.900308
   vertex 32.600000 -12.157243 9.688243
   vertex 32.600000 -12.720688 9.900308
  endloop
 endfacet
 facet normal -1 0 0
  outer loop
   vertex -32.600000 -9.200000 18.400000
   vertex -32.600000 -12.157243 9.688243
   vertex -32.600000 -12.720688 9.900308
  endloop
 endfacet
 facet normal 1 0 0
  outer loop
   vertex 32.600000 -9.200000 18.400000
   vertex 32.600000 -12.720688 9.900308
   vertex 32.600000 -12.157243 9.688243
  endloop
 endfacet
 facet normal 0 -0.290286 -0.95694
  outer loop
   vertex -32.600000 -12.157243 9.688243
   vertex -32.600000 -11.581135 9.513482
   vertex 32.600000 -11.581135 9.513482
  endloop
 endfacet
 facet normal 0 -0.290286 -0.95694
  outer loop
   vertex -32.600000 -12.157243 9.688243
   vertex 32.600000 -11.581135 9.513482
   vertex 32.600000 -12.157243 9.688243
  endloop
 endfacet
 facet normal -1 0 0
  outer loop
   vertex -32.600000 -9.200000 18.400000
   vertex -32.600000 -11.581135 9.513482
   vertex -32.600000 -12.157243 9.688243
  endloop
 endfacet
 facet normal 1 0 0
  outer loop
   vertex 32.600000 -9.200000 18.400000
   vertex 32.600000 -12.157243 9.688243
   vertex 32.600000 -11.581135 9.513482
  endloop
 endfacet
 facet normal 0 -0.227076 -0.973877
  outer loop
   vertex -32.600000 -11.581135 9.513482
   vertex -32.600000 -10.994831 9.376775
   vertex 32.600000 -10.994831 9.376775
  endloop
 endfacet
 facet normal 0 -0.227076 -0.973877
  outer loop
   vertex -32.600000 -11.581135 9.513482
   vertex 32.600000 -10.994831 9.376775
   vertex 32.600000 -11.581135 9.513482
  endloop
 endfacet
 facet normal -1 0 0
  outer loop
   vertex -32.600000 -9.200000 18.400000
   vertex -32.600000 -10.994831 9.376775
   vertex -32.600000 -11.581135 9.513482
  endloop
 endfacet
 facet normal 1 0 0
  outer loop
   vertex 32.600000 -9.200000 18.400000
   vertex 32.600000 -11.581135 9.513482
   vertex 32.600000 -10.994831 9.376775
  endloop
 endfacet
 facet normal 0 -0.162895 -0.986643
  outer loop
   vertex -32.600000 -10.994831 9.376775
   vertex -32.600000 -10.400841 9.278707
   vertex 32.600000 -10.400841 9.278707
  endloop
 endfacet
 facet normal 0 -0.162895 -0.986643
  outer loop
   vertex -32.600000 -10.994831 9.376775
   vertex 32.600000 -10.400841 9.278707
   vertex 32.600000 -10.994831 9.376775
  endloop
 endfacet
 facet normal -1 0 0
  outer loop
   vertex -32.600000 -9.200000 18.400000
   vertex -32.600000 -10.400841 9.278707
   vertex -32.600000 -10.994831 9.376775
  endloop
 endfacet
 facet normal 1 0 0
  outer loop
   vertex 32.600000 -9.200000 18.400000
   vertex 32.600000 -10.994831 9.376775
   vertex 32.600000 -10.400841 9.278707
  endloop
 endfacet
 facet normal 0 -0.0980166 -0.995185
  outer loop
   vertex -32.600000 -10.400841 9.278707
   vertex -32.600000 -9.801709 9.219698
   vertex 32.600000 -9.801709 9.219698
  endloop
 endfacet
 facet normal 0 -0.0980166 -0.995185
  outer loop
   vertex -32.600000 -10.400841 9.278707
   vertex 32.600000 -9.801709 9.219698
   vertex 32.600000 -10.400841 9.278707
  endloop
 endfacet
 facet normal -1 0 0
  outer loop
   vertex -32.600000 -9.200000 18.400000
   vertex -32.600000 -9.801709 9.219698
   vertex -32.600000 -10.400841 9.278707
  endloop
 endfacet
 facet normal 1 0 0
  outer loop
   vertex 32.600000 -9.200000 18.400000
   vertex 32.600000 -10.400841 9.278707
   vertex 32.600000 -9.801709 9.219698
  endloop
 endfacet
 facet normal 0 -0.0327192 -0.999465
  outer loop
   vertex -32.600000 -9.801709 9.219698
   vertex -32.600000 -9.200000 9.200000
   vertex 32.600000 -9.200000 9.200000
  endloop
 endfacet
 facet normal 0 -0.0327192 -0.999465
  outer loop
   vertex -32.600000 -9.801709 9.219698
   vertex 32.600000 -9.200000 9.200000
   vertex 32.600000 -9.801709 9.219698
  endloop
 endfacet
 facet normal -1 0 -0
  outer loop
   vertex -32.600000 -9.200000 18.400000
   vertex -32.600000 -9.200000 9.200000
   vertex -32.600000 -9.801709 9.219698
  endloop
 endfacet
 facet normal 1 0 0
  outer loop
   vertex 32.600000 -9.200000 18.400000
   vertex 32.600000 -9.801709 9.219698
   vertex 32.600000 -9.200000 9.200000
  endloop
 endfacet
 facet normal 0 0.0327192 -0.999465
  outer loop
   vertex -32.600000 -9.200000 9.200000
   vertex -32.600000 -8.598291 9.219698
   vertex 32.600000 -8.598291 9.219698
  endloop
 endfacet
 facet normal 0 0.0327192 -0.999465
  outer loop
   vertex -32.600000 -9.200000 9.200000
   vertex 32.600000 -8.598291 9.219698
   vertex 32.600000 -9.200000 9.200000
  endloop
 endfacet
 facet normal -1 0 0
  outer loop
   vertex -32.600000 -9.200000 18.400000
   vertex -32.600000 -8.598291 9.219698
   vertex -32.600000 -9.200000 9.200000
  endloop
 endfacet
 facet normal 1 0 0
  outer loop
   vertex 32.600000 -9.200000 18.400000
   vertex 32.600000 -9.200000 9.200000
   vertex 32.600000 -8.598291 9.219698
  endloop
 endfacet
 facet normal 0 0.0980166 -0.995185
  outer loop
   vertex -32.600000 -8.598291 9.219698
   vertex -32.600000 -7.999159 9.278707
   vertex 32.600000 -7.999159 9.278707
  endloop
 endfacet
 facet normal 0 0.0980166 -0.995185
  outer loop
   vertex -32.600000 -8.598291 9.219698
   vertex 32.600000 -7.999159 9.278707
   vertex 32.600000 -8.598291 9.219698
  endloop
 endfacet
 facet normal -1 0 0
  outer loop
   vertex -32.600000 -9.200000 18.400000
   vertex -32.600000 -7.999159 9.278707
   vertex -32.600000 -8.598291 9.219698
  endloop
 endfacet
 facet normal 1 0 0
  outer loop
   vertex 32.600000 -9.200000 18.400000
   vertex 32.600000 -8.598291 9.219698
   vertex 32.600000 -7.999159 9.278707
  endloop
 endfacet
 facet normal 0 0.162895 -0.986643
  outer loop
   vertex -32.600000 -7.999159 9.278707
   vertex -32.600000 -7.405169 9.376775
   vertex 32.600000 -7.405169 9.376775
  endloop
 endfacet
 facet normal 0 0.162895 -0.986643
  outer loop
   vertex -32.600000 -7.999159 9.278707
   vertex 32.600000 -7.405169 9.376775
   vertex 32.600000 -7.999159 9.278707
  endloop
 endfacet
 facet normal -1 0 0
  outer loop
   vertex -32.600000 -9.200000 18.400000
   vertex -32.600000 -7.405169 9.376775
   vertex -32.600000 -7.999159 9.278707
  endloop
 endfacet
 facet normal 1 0 0
  outer loop
   vertex 32.600000 -9.200000 18.400000
   vertex 32.600000 -7.999159 9.278707
   vertex 32.600000 -7.405169 9.376775
  endloop
 endfacet
 facet normal 0 0.227076 -0.973877
  outer loop
   vertex -32.600000 -7.405169 9.376775
   vertex -32.600000 -6.818865 9.513482
   vertex 32.600000 -6.818865 9.513482
  endloop
 endfacet
 facet normal 0 0.227076 -0.973877
  outer loop
   vertex -32.600000 -7.405169 9.376775
   vertex 32.600000 -6.818865 9.513482
   vertex 32.600000 -7.405169 9.376775
  endloop
 endfacet
 facet normal -1 0 0
  outer loop
   vertex -32.600000 -9.200000 18.400000
   vertex -32.600000 -6.818865 9.513482
   vertex -32.600000 -7.405169 9.376775
  endloop
 endfacet
 facet normal 1 0 0
  outer loop
   vertex 32.600000 -9.200000 18.400000
   vertex 32.600000 -7.405169 9.376775
   vertex 32.600000 -6.818865 9.513482
  endloop
 endfacet
 facet normal 0 0.290286 -0.95694
  outer loop
   vertex -32.600000 -6.818865 9.513482
   vertex -32.600000 -6.242757 9.688243
   vertex 32.600000 -6.242757 9.688243
  endloop
 endfacet
 facet normal 0 0.290286 -0.95694
  outer loop
   vertex -32.600000 -6.818865 9.513482
   vertex 32.600000 -6.242757 9.688243
   vertex 32.600000 -6.818865 9.513482
  endloop
 endfacet
 facet normal -1 0 0
  outer loop
   vertex -32.600000 -9.200000 18.400000
   vertex -32.600000 -6.242757 9.688243
   vertex -32.600000 -6.818865 9.513482
  endloop
 endfacet
 facet normal 1 0 0
  outer loop
   vertex 32.600000 -9.200000 18.400000
   vertex 32.600000 -6.818865 9.513482
   vertex 32.600000 -6.242757 9.688243
  endloop
 endfacet
 facet normal 0 0.352249 -0.935906
  outer loop
   vertex -32.600000 -6.242757 9.688243
   vertex -32.600000 -5.679312 9.900308
   vertex 32.600000 -5.679312 9.900308
  endloop
 endfacet
 facet normal 0 0.352249 -0.935906
  outer loop
   vertex -32.600000 -6.242757 9.688243
   vertex 32.600000 -5.679312 9.900308
   vertex 32.600000 -6.242757 9.688243
  endloop
 endfacet
 facet normal -1 0 0
  outer loop
   vertex -32.600000 -9.200000 18.400000
   vertex -32.600000 -5.679312 9.900308
   vertex -32.600000 -6.242757 9.688243
  endloop
 endfacet
 facet normal 1 0 0
  outer loop
   vertex 32.600000 -9.200000 18.400000
   vertex 32.600000 -6.242757 9.688243
   vertex 32.600000 -5.679312 9.900308
  endloop
 endfacet
 facet normal 0 0.412708 -0.910863
  outer loop
   vertex -32.600000 -5.679312 9.900308
   vertex -32.600000 -5.130944 10.148771
   vertex 32.600000 -5.130944 10.148771
  endloop
 endfacet
 facet normal 0 0.412708 -0.910863
  outer loop
   vertex -32.600000 -5.679312 9.900308
   vertex 32.600000 -5.130944 10.148771
   vertex 32.600000 -5.679312 9.900308
  endloop
 endfacet
 facet normal -1 0 0
  outer loop
   vertex -32.600000 -9.200000 18.400000
   vertex -32.600000 -5.130944 10.148771
   vertex -32.600000 -5.679312 9.900308
  endloop
 endfacet
 facet normal 1 0 0
  outer loop
   vertex 32.600000 -9.200000 18.400000
   vertex 32.600000 -5.679312 9.900308
   vertex 32.600000 -5.130944 10.148771
  endloop
 endfacet
 facet normal 0 0.471396 -0.881922
  outer loop
   vertex -32.600000 -5.130944 10.148771
   vertex -32.600000 -4.600000 10.432566
   vertex 32.600000 -4.600000 10.432566
  endloop
 endfacet
 facet normal 0 0.471396 -0.881922
  outer loop
   vertex -32.600000 -5.130944 10.148771
   vertex 32.600000 -4.600000 10.432566
   vertex 32.600000 -5.130944 10.148771
  endloop
 endfacet
 facet normal -1 0 0
  outer loop
   vertex -32.600000 -9.200000 18.400000
   vertex -32.600000 -4.600000 10.432566
   vertex -32.600000 -5.130944 10.148771
  endloop
 endfacet
 facet normal 1 0 0
  outer loop
   vertex 32.600000 -9.200000 18.400000
   vertex 32.600000 -5.130944 10.148771
   vertex 32.600000 -4.600000 10.432566
  endloop
 endfacet
 facet normal 0 0.528069 -0.849202
  outer loop
   vertex -32.600000 -4.600000 10.432566
   vertex -32.600000 -4.088754 10.750480
   vertex 32.600000 -4.088754 10.750480
  endloop
 endfacet
 facet normal 0 0.528069 -0.849202
  outer loop
   vertex -32.600000 -4.600000 10.432566
   vertex 32.600000 -4.088754 10.750480
   vertex 32.600000 -4.600000 10.432566
  endloop
 endfacet
 facet normal -1 0 0
  outer loop
   vertex -32.600000 -9.200000 18.400000
   vertex -32.600000 -4.088754 10.750480
   vertex -32.600000 -4.600000 10.432566
  endloop
 endfacet
 facet normal 1 0 0
  outer loop
   vertex 32.600000 -9.200000 18.400000
   vertex 32.600000 -4.600000 10.432566
   vertex 32.600000 -4.088754 10.750480
  endloop
 endfacet
 facet normal 0 0.582477 -0.812847
  outer loop
   vertex -32.600000 -4.088754 10.750480
   vertex -32.600000 -3.599395 11.101149
   vertex 32.600000 -3.599395 11.101149
  endloop
 endfacet
 facet normal 0 0.582477 -0.812847
  outer loop
   vertex -32.600000 -4.088754 10.750480
   vertex 32.600000 -3.599395 11.101149
   vertex 32.600000 -4.088754 10.750480
  endloop
 endfacet
 facet normal -1 0 0
  outer loop
   vertex -32.600000 -9.200000 18.400000
   vertex -32.600000 -3.599395 11.101149
   vertex -32.600000 -4.088754 10.750480
  endloop
 endfacet
 facet normal 1 0 0
  outer loop
   vertex 32.600000 -9.200000 18.400000
   vertex 32.600000 -4.088754 10.750480
   vertex 32.600000 -3.599395 11.101149
  endloop
 endfacet
 facet normal 0 0.634394 -0.77301
  outer loop
   vertex -32.600000 -3.599395 11.101149
   vertex -32.600000 -3.134019 11.483074
   vertex 32.600000 -3.134019 11.483074
  endloop
 endfacet
 facet normal 0 0.634394 -0.77301
  outer loop
   vertex -32.600000 -3.599395 11.101149
   vertex 32.600000 -3.134019 11.483074
   vertex 32.600000 -3.599395 11.101149
  endloop
 endfacet
 facet normal -1 0 0
  outer loop
   vertex -32.600000 -9.200000 18.400000
   vertex -32.600000 -3.134019 11.483074
   vertex -32.600000 -3.599395 11.101149
  endloop
 endfacet
 facet normal 1 0 0
  outer loop
   vertex 32.600000 -9.200000 18.400000
   vertex 32.600000 -3.599395 11.101149
   vertex 32.600000 -3.134019 11.483074
  endloop
 endfacet
 facet normal 0 0.683592 -0.729864
  outer loop
   vertex -32.600000 -3.134019 11.483074
   vertex -32.600000 -2.694618 11.894618
   vertex 32.600000 -2.694618 11.894618
  endloop
 endfacet
 facet normal 0 0.683592 -0.729864
  outer loop
   vertex -32.600000 -3.134019 11.483074
   vertex 32.600000 -2.694618 11.894618
   vertex 32.600000 -3.134019 11.483074
  endloop
 endfacet
 facet normal -1 0 0
  outer loop
   vertex -32.600000 -9.200000 18.400000
   vertex -32.600000 -2.694618 11.894618
   vertex -32.600000 -3.134019 11.483074
  endloop
 endfacet
 facet normal 1 0 0
  outer loop
   vertex 32.600000 -9.200000 18.400000
   vertex 32.600000 -3.134019 11.483074
   vertex 32.600000 -2.694618 11.894618
  endloop
 endfacet
 facet normal 0 0.729864 -0.683592
  outer loop
   vertex -32.600000 -2.694618 11.894618
   vertex -32.600000 -2.283074 12.334019
   vertex 32.600000 -2.283074 12.334019
  endloop
 endfacet
 facet normal 0 0.729864 -0.683592
  outer loop
   vertex -32.600000 -2.694618 11.894618
   vertex 32.600000 -2.283074 12.334019
   vertex 32.600000 -2.694618 11.894618
  endloop
 endfacet
 facet normal -1 0 0
  outer loop
   vertex -32.600000 -9.200000 18.400000
   vertex -32.600000 -2.283074 12.334019
   vertex -32.600000 -2.694618 11.894618
  endloop
 endfacet
 facet normal 1 0 0
  outer loop
   vertex 32.600000 -9.200000 18.400000
   vertex 32.600000 -2.694618 11.894618
   vertex 32.600000 -2.283074 12.334019
  endloop
 endfacet
 facet normal 0 0.77301 -0.634394
  outer loop
   vertex -32.600000 -2.283074 12.334019
   vertex -32.600000 -1.901149 12.799395
   vertex 32.600000 -1.901149 12.799395
  endloop
 endfacet
 facet normal 0 0.77301 -0.634394
  outer loop
   vertex -32.600000 -2.283074 12.334019
   vertex 32.600000 -1.901149 12.799395
   vertex 32.600000 -2.283074 12.334019
  endloop
 endfacet
 facet normal -1 0 0
  outer loop
   vertex -32.600000 -9.200000 18.400000
   vertex -32.600000 -1.901149 12.799395
   vertex -32.600000 -2.283074 12.334019
  endloop
 endfacet
 facet normal 1 0 0
  outer loop
   vertex 32.600000 -9.200000 18.400000
   vertex 32.600000 -2.283074 12.334019
   vertex 32.600000 -1.901149 12.799395
  endloop
 endfacet
 facet normal 0 0.812847 -0.582477
  outer loop
   vertex -32.600000 -1.901149 12.799395
   vertex -32.600000 -1.550480 13.288754
   vertex 32.600000 -1.550480 13.288754
  endloop
 endfacet
 facet normal 0 0.812847 -0.582477
  outer loop
   vertex -32.600000 -1.901149 12.799395
   vertex 32.600000 -1.550480 13.288754
   vertex 32.600000 -1.901149 12.799395
  endloop
 endfacet
 facet normal -1 0 0
  outer loop
   vertex -32.600000 -9.200000 18.400000
   vertex -32.600000 -1.550480 13.288754
   vertex -32.600000 -1.901149 12.799395
  endloop
 endfacet
 facet normal 1 0 0
  outer loop
   vertex 32.600000 -9.200000 18.400000
   vertex 32.600000 -1.901149 12.799395
   vertex 32.600000 -1.550480 13.288754
  endloop
 endfacet
 facet normal 0 0.849202 -0.528069
  outer loop
   vertex -32.600000 -1.550480 13.288754
   vertex -32.600000 -1.232566 13.800000
   vertex 32.600000 -1.232566 13.800000
  endloop
 endfacet
 facet normal 0 0.849202 -0.528069
  outer loop
   vertex -32.600000 -1.550480 13.288754
   vertex 32.600000 -1.232566 13.800000
   vertex 32.600000 -1.550480 13.288754
  endloop
 endfacet
 facet normal -1 0 0
  outer loop
   vertex -32.600000 -9.200000 18.400000
   vertex -32.600000 -1.232566 13.800000
   vertex -32.600000 -1.550480 13.288754
  endloop
 endfacet
 facet normal 1 0 0
  outer loop
   vertex 32.600000 -9.200000 18.400000
   vertex 32.600000 -1.550480 13.288754
   vertex 32.600000 -1.232566 13.800000
  endloop
 endfacet
 facet normal 0 0.881922 -0.471396
  outer loop
   vertex -32.600000 -1.232566 13.800000
   vertex -32.600000 -0.948771 14.330944
   vertex 32.600000 -0.948771 14.330944
  endloop
 endfacet
 facet normal 0 0.881922 -0.471396
  outer loop
   vertex -32.600000 -1.232566 13.800000
   vertex 32.600000 -0.948771 14.330944
   vertex 32.600000 -1.232566 13.800000
  endloop
 endfacet
 facet normal -1 0 0
  outer loop
   vertex -32.600000 -9.200000 18.400000
   vertex -32.600000 -0.948771 14.330944
   vertex -32.600000 -1.232566 13.800000
  endloop
 endfacet
 facet normal 1 0 0
  outer loop
   vertex 32.600000 -9.200000 18.400000
   vertex 32.600000 -1.232566 13.800000
   vertex 32.600000 -0.948771 14.330944
  endloop
 endfacet
 facet normal 0 0.910863 -0.412708
  outer loop
   vertex -32.600000 -0.948771 14.330944
   vertex -32.600000 -0.700308 14.879312
   vertex 32.600000 -0.700308 14.879312
  endloop
 endfacet
 facet normal 0 0.910863 -0.412708
  outer loop
   vertex -32.600000 -0.948771 14.330944
   vertex 32.600000 -0.700308 14.879312
   vertex 32.600000 -0.948771 14.330944
  endloop
 endfacet
 facet normal -1 0 0
  outer loop
   vertex -32.600000 -9.200000 18.400000
   vertex -32.600000 -0.700308 14.879312
   vertex -32.600000 -0.948771 14.330944
  endloop
 endfacet
 facet normal 1 0 0
  outer loop
   vertex 32.600000 -9.200000 18.400000
   vertex 32.600000 -0.948771 14.330944
   vertex 32.600000 -0.700308 14.879312
  endloop
 endfacet
 facet normal 0 0.935906 -0.352249
  outer loop
   vertex -32.600000 -0.700308 14.879312
   vertex -32.600000 -0.488243 15.442757
   vertex 32.600000 -0.488243 15.442757
  endloop
 endfacet
 facet normal 0 0.935906 -0.352249
  outer loop
   vertex -32.600000 -0.700308 14.879312
   vertex 32.600000 -0.488243 15.442757
   vertex 32.600000 -0.700308 14.879312
  endloop
 endfacet
 facet normal -1 0 0
  outer loop
   vertex -32.600000 -9.200000 18.400000
   vertex -32.600000 -0.488243 15.442757
   vertex -32.600000 -0.700308 14.879312
  endloop
 endfacet
 facet normal 1 0 0
  outer loop
   vertex 32.600000 -9.200000 18.400000
   vertex 32.600000 -0.700308 14.879312
   vertex 32.600000 -0.488243 15.442757
  endloop
 endfacet
 facet normal 0 0.95694 -0.290286
  outer loop
   vertex -32.600000 -0.488243 15.442757
   vertex -32.600000 -0.313482 16.018865
   vertex 32.600000 -0.313482 16.018865
  endloop
 endfacet
 facet normal 0 0.95694 -0.290286
  outer loop
   vertex -32.600000 -0.488243 15.442757
   vertex 32.600000 -0.313482 16.018865
   vertex 32.600000 -0.488243 15.442757
  endloop
 endfacet
 facet normal -1 0 0
  outer loop
   vertex -32.600000 -9.200000 18.400000
   vertex -32.600000 -0.313482 16.018865
   vertex -32.600000 -0.488243 15.442757
  endloop
 endfacet
 facet normal 1 0 0
  outer loop
   vertex 32.600000 -9.200000 18.400000
   vertex 32.600000 -0.488243 15.442757
   vertex 32.600000 -0.313482 16.018865
  endloop
 endfacet
 facet normal 0 0.973877 -0.227076
  outer loop
   vertex -32.600000 -0.313482 16.018865
   vertex -32.600000 -0.176775 16.605169
   vertex 32.600000 -0.176775 16.605169
  endloop
 endfacet
 facet normal 0 0.973877 -0.227076
  outer loop
   vertex -32.600000 -0.313482 16.018865
   vertex 32.600000 -0.176775 16.605169
   vertex 32.600000 -0.313482 16.018865
  endloop
 endfacet
 facet normal -1 0 0
  outer loop
   vertex -32.600000 -9.200000 18.400000
   vertex -32.600000 -0.176775 16.605169
   vertex -32.600000 -0.313482 16.018865
  endloop
 endfacet
 facet normal 1 0 0
  outer loop
   vertex 32.600000 -9.200000 18.400000
   vertex 32.600000 -0.313482 16.018865
   vertex 32.600000 -0.176775 16.605169
  endloop
 endfacet
 facet normal 0 0.986643 -0.162895
  outer loop
   vertex -32.600000 -0.176775 16.605169
   vertex -32.600000 -0.078707 17.199159
   vertex 32.600000 -0.078707 17.199159
  endloop
 endfacet
 facet normal 0 0.986643 -0.162895
  outer loop
   vertex -32.600000 -0.176775 16.605169
   vertex 32.600000 -0.078707 17.199159
   vertex 32.600000 -0.176775 16.605169
  endloop
 endfacet
 facet normal -1 0 0
  outer loop
   vertex -32.600000 -9.200000 18.400000
   vertex -32.600000 -0.078707 17.199159
   vertex -32.600000 -0.176775 16.605169
  endloop
 endfacet
 facet normal 1 0 0
  outer loop
   vertex 32.600000 -9.200000 18.400000
   vertex 32.600000 -0.176775 16.605169
   vertex 32.600000 -0.078707 17.199159
  endloop
 endfacet
 facet normal 0 0.995185 -0.0980166
  outer loop
   vertex -32.600000 -0.078707 17.199159
   vertex -32.600000 -0.019698 17.798291
   vertex 32.600000 -0.019698 17.798291
  endloop
 endfacet
 facet normal 0 0.995185 -0.0980166
  outer loop
   vertex -32.600000 -0.078707 17.199159
   vertex 32.600000 -0.019698 17.798291
   vertex 32.600000 -0.078707 17.199159
  endloop
 endfacet
 facet normal -1 0 0
  outer loop
   vertex -32.600000 -9.200000 18.400000
   vertex -32.600000 -0.019698 17.798291
   vertex -32.600000 -0.078707 17.199159
  endloop
 endfacet
 facet normal 1 0 0
  outer loop
   vertex 32.600000 -9.200000 18.400000
   vertex 32.600000 -0.078707 17.199159
   vertex 32.600000 -0.019698 17.798291
  endloop
 endfacet
 facet normal 0 0.999465 -0.0327192
  outer loop
   vertex -32.600000 -0.019698 17.798291
   vertex -32.600000 0.000000 18.400000
   vertex 32.600000 0.000000 18.400000
  endloop
 endfacet
 facet normal 0 0.999465 -0.0327192
  outer loop
   vertex -32.600000 -0.019698 17.798291
   vertex 32.600000 0.000000 18.400000
   vertex 32.600000 -0.019698 17.798291
  endloop
 endfacet
 facet normal -1 0 0
  outer loop
   vertex -32.600000 -9.200000 18.400000
   vertex -32.600000 0.000000 18.400000
   vertex -32.600000 -0.019698 17.798291
  endloop
 endfacet
 facet normal 1 -0 0
  outer loop
   vertex 32.600000 -9.200000 18.400000
   vertex 32.600000 -0.019698 17.798291
   vertex 32.600000 0.000000 18.400000
  endloop
 endfacet
 facet normal 0 0.999465 0.0327192
  outer loop
   vertex -32.600000 18.400000 -18.400000
   vertex -32.600000 18.380302 -17.798291
   vertex 32.600000 18.380302 -17.798291
  endloop
 endfacet
 facet normal -0 0.999465 0.0327192
  outer loop
   vertex -32.600000 18.400000 -18.400000
   vertex 32.600000 18.380302 -17.798291
   vertex 32.600000 18.400000 -18.400000
  endloop
 endfacet
 facet normal -1 0 0
  outer loop
   vertex -32.600000 9.200000 -18.400000
   vertex -32.600000 18.380302 -17.798291
   vertex -32.600000 18.400000 -18.400000
  endloop
 endfacet
 facet normal 1 0 0
  outer loop
   vertex 32.600000 9.200000 -18.400000
   vertex 32.600000 18.400000 -18.400000
   vertex 32.600000 18.380302 -17.798291
  endloop
 endfacet
 facet normal 0 0.995185 0.0980166
  outer loop
   vertex -32.600000 18.380302 -17.798291
   vertex -32.600000 18.321293 -17.199159
   vertex 32.600000 18.321293 -17.199159
  endloop
 endfacet
 facet normal -0 0.995185 0.0980166
  outer loop
   vertex -32.600000 18.380302 -17.798291
   vertex 32.600000 18.321293 -17.199159
   vertex 32.600000 18.380302 -17.798291
  endloop
 endfacet
 facet normal -1 0 0
  outer loop
   vertex -32.600000 9.200000 -18.400000
   vertex -32.600000 18.321293 -17.199159
   vertex -32.600000 18.380302 -17.798291
  endloop
 endfacet
 facet normal 1 0 0
  outer loop
   vertex 32.600000 9.200000 -18.400000
   vertex 32.600000 18.380302 -17.798291
   vertex 32.600000 18.321293 -17.199159
  endloop
 endfacet
 facet normal 0 0.986643 0.162895
  outer loop
   vertex -32.600000 18.321293 -17.199159
   vertex -32.600000 18.223225 -16.605169
   vertex 32.600000 18.223225 -16.605169
  endloop
 endfacet
 facet normal -0 0.986643 0.162895
  outer loop
   vertex -32.600000 18.321293 -17.199159
   vertex 32.600000 18.223225 -16.605169
   vertex 32.600000 18.321293 -17.199159
  endloop
 endfacet
 facet normal -1 0 0
  outer loop
   vertex -32.600000 9.200000 -18.400000
   vertex -32.600000 18.223225 -16.605169
   vertex -32.600000 18.321293 -17.199159
  endloop
 endfacet
 facet normal 1 0 0
  outer loop
   vertex 32.600000 9.200000 -18.400000
   vertex 32.600000 18.321293 -17.199159
   vertex 32.600000 18.223225 -16.605169
  endloop
 endfacet
 facet normal 0 0.973877 0.227076
  outer loop
   vertex -32.600000 18.223225 -16.605169
   vertex -32.600000 18.086518 -16.018865
   vertex 32.600000 18.086518 -16.018865
  endloop
 endfacet
 facet normal -0 0.973877 0.227076
  outer loop
   vertex -32.600000 18.223225 -16.605169
   vertex 32.600000 18.086518 -16.018865
   vertex 32.600000 18.223225 -16.605169
  endloop
 endfacet
 facet normal -1 0 0
  outer loop
   vertex -32.600000 9.200000 -18.400000
   vertex -32.600000 18.086518 -16.018865
   vertex -32.600000 18.223225 -16.605169
  endloop
 endfacet
 facet normal 1 0 0
  outer loop
   vertex 32.600000 9.200000 -18.400000
   vertex 32.600000 18.223225 -16.605169
   vertex 32.600000 18.086518 -16.018865
  endloop
 endfacet
 facet normal 0 0.95694 0.290286
  outer loop
   vertex -32.600000 18.086518 -16.018865
   vertex -32.600000 17.911757 -15.442757
   vertex 32.600000 17.911757 -15.442757
  endloop
 endfacet
 facet normal -0 0.95694 0.290286
  outer loop
   vertex -32.600000 18.086518 -16.018865
   vertex 32.600000 17.911757 -15.442757
   vertex 32.600000 18.086518 -16.018865
  endloop
 endfacet
 facet normal -1 0 0
  outer loop
   vertex -32.600000 9.200000 -18.400000
   vertex -32.600000 17.911757 -15.442757
   vertex -32.600000 18.086518 -16.018865
  endloop
 endfacet
 facet normal 1 0 0
  outer loop
   vertex 32.600000 9.200000 -18.400000
   vertex 32.600000 18.086518 -16.018865
   vertex 32.600000 17.911757 -15.442757
  endloop
 endfacet
 facet normal 0 0.935906 0.352249
  outer loop
   vertex -32.600000 17.911757 -15.442757
   vertex -32.600000 17.699692 -14.879312
   vertex 32.600000 17.699692 -14.879312
  endloop
 endfacet
 facet normal -0 0.935906 0.352249
  outer loop
   vertex -32.600000 17.911757 -15.442757
   vertex 32.600000 17.699692 -14.879312
   vertex 32.600000 17.911757 -15.442757
  endloop
 endfacet
 facet normal -1 0 0
  outer loop
   vertex -32.600000 9.200000 -18.400000
   vertex -32.600000 17.699692 -14.879312
   vertex -32.600000 17.911757 -15.442757
  endloop
 endfacet
 facet normal 1 0 0
  outer loop
   vertex 32.600000 9.200000 -18.400000
   vertex 32.600000 17.911757 -15.442757
   vertex 32.600000 17.699692 -14.879312
  endloop
 endfacet
 facet normal 0 0.910863 0.412708
  outer loop
   vertex -32.600000 17.699692 -14.879312
   vertex -32.600000 17.451229 -14.330944
   vertex 32.600000 17.451229 -14.330944
  endloop
 endfacet
 facet normal -0 0.910863 0.412708
  outer loop
   vertex -32.600000 17.699692 -14.879312
   vertex 32.600000 17.451229 -14.330944
   vertex 32.600000 17.699692 -14.879312
  endloop
 endfacet
 facet normal -1 0 0
  outer loop
   vertex -32.600000 9.200000 -18.400000
   vertex -32.600000 17.451229 -14.330944
   vertex -32.600000 17.699692 -14.879312
  endloop
 endfacet
 facet normal 1 0 0
  outer loop
   vertex 32.600000 9.200000 -18.400000
   vertex 32.600000 17.699692 -14.879312
   vertex 32.600000 17.451229 -14.330944
  endloop
 endfacet
 facet normal 0 0.881922 0.471396
  outer loop
   vertex -32.600000 17.451229 -14.330944
   vertex -32.600000 17.167434 -13.800000
   vertex 32.600000 17.167434 -13.800000
  endloop
 endfacet
 facet normal -0 0.881922 0.471396
  outer loop
   vertex -32.600000 17.451229 -14.330944
   vertex 32.600000 17.167434 -13.800000
   vertex 32.600000 17.451229 -14.330944
  endloop
 endfacet
 facet normal -1 0 0
  outer loop
   vertex -32.600000 9.200000 -18.400000
   vertex -32.600000 17.167434 -13.800000
   vertex -32.600000 17.451229 -14.330944
  endloop
 endfacet
 facet normal 1 0 0
  outer loop
   vertex 32.600000 9.200000 -18.400000
   vertex 32.600000 17.451229 -14.330944
   vertex 32.600000 17.167434 -13.800000
  endloop
 endfacet
 facet normal 0 0.849202 0.528069
  outer loop
   vertex -32.600000 17.167434 -13.800000
   vertex -32.600000 16.849520 -13.288754
   vertex 32.600000 16.849520 -13.288754
  endloop
 endfacet
 facet normal -0 0.849202 0.528069
  outer loop
   vertex -32.600000 17.167434 -13.800000
   vertex 32.600000 16.849520 -13.288754
   vertex 32.600000 17.167434 -13.800000
  endloop
 endfacet
 facet normal -1 0 0
  outer loop
   vertex -32.600000 9.200000 -18.400000
   vertex -32.600000 16.849520 -13.288754
   vertex -32.600000 17.167434 -13.800000
  endloop
 endfacet
 facet normal 1 0 0
  outer loop
   vertex 32.600000 9.200000 -18.400000
   vertex 32.600000 17.167434 -13.800000
   vertex 32.600000 16.849520 -13.288754
  endloop
 endfacet
 facet normal 0 0.812847 0.582477
  outer loop
   vertex -32.600000 16.849520 -13.288754
   vertex -32.600000 16.498851 -12.799395
   vertex 32.600000 16.498851 -12.799395
  endloop
 endfacet
 facet normal -0 0.812847 0.582477
  outer loop
   vertex -32.600000 16.849520 -13.288754
   vertex 32.600000 16.498851 -12.799395
   vertex 32.600000 16.849520 -13.288754
  endloop
 endfacet
 facet normal -1 0 0
  outer loop
   vertex -32.600000 9.200000 -18.400000
   vertex -32.600000 16.498851 -12.799395
   vertex -32.600000 16.849520 -13.288754
  endloop
 endfacet
 facet normal 1 0 0
  outer loop
   vertex 32.600000 9.200000 -18.400000
   vertex 32.600000 16.849520 -13.288754
   vertex 32.600000 16.498851 -12.799395
  endloop
 endfacet
 facet normal 0 0.77301 0.634394
  outer loop
   vertex -32.600000 16.498851 -12.799395
   vertex -32.600000 16.116926 -12.334019
   vertex 32.600000 16.116926 -12.334019
  endloop
 endfacet
 facet normal -0 0.77301 0.634394
  outer loop
   vertex -32.600000 16.498851 -12.799395
   vertex 32.600000 16.116926 -12.334019
   vertex 32.600000 16.498851 -12.799395
  endloop
 endfacet
 facet normal -1 0 0
  outer loop
   vertex -32.600000 9.200000 -18.400000
   vertex -32.600000 16.116926 -12.334019
   vertex -32.600000 16.498851 -12.799395
  endloop
 endfacet
 facet normal 1 0 0
  outer loop
   vertex 32.600000 9.200000 -18.400000
   vertex 32.600000 16.498851 -12.799395
   vertex 32.600000 16.116926 -12.334019
  endloop
 endfacet
 facet normal 0 0.729864 0.683592
  outer loop
   vertex -32.600000 16.116926 -12.334019
   vertex -32.600000 15.705382 -11.894618
   vertex 32.600000 15.705382 -11.894618
  endloop
 endfacet
 facet normal -0 0.729864 0.683592
  outer loop
   vertex -32.600000 16.116926 -12.334019
   vertex 32.600000 15.705382 -11.894618
   vertex 32.600000 16.116926 -12.334019
  endloop
 endfacet
 facet normal -1 0 0
  outer loop
   vertex -32.600000 9.200000 -18.400000
   vertex -32.600000 15.705382 -11.894618
   vertex -32.600000 16.116926 -12.334019
  endloop
 endfacet
 facet normal 1 0 0
  outer loop
   vertex 32.600000 9.200000 -18.400000
   vertex 32.600000 16.116926 -12.334019
   vertex 32.600000 15.705382 -11.894618
  endloop
 endfacet
 facet normal 0 0.683592 0.729864
  outer loop
   vertex -32.600000 15.705382 -11.894618
   vertex -32.600000 15.265981 -11.483074
   vertex 32.600000 15.265981 -11.483074
  endloop
 endfacet
 facet normal -0 0.683592 0.729864
  outer loop
   vertex -32.600000 15.705382 -11.894618
   vertex 32.600000 15.265981 -11.483074
   vertex 32.600000 15.705382 -11.894618
  endloop
 endfacet
 facet normal -1 0 0
  outer loop
   vertex -32.600000 9.200000 -18.400000
   vertex -32.600000 15.265981 -11.483074
   vertex -32.600000 15.705382 -11.894618
  endloop
 endfacet
 facet normal 1 0 0
  outer loop
   vertex 32.600000 9.200000 -18.400000
   vertex 32.600000 15.705382 -11.894618
   vertex 32.600000 15.265981 -11.483074
  endloop
 endfacet
 facet normal 0 0.634394 0.77301
  outer loop
   vertex -32.600000 15.265981 -11.483074
   vertex -32.600000 14.800605 -11.101149
   vertex 32.600000 14.800605 -11.101149
  endloop
 endfacet
 facet normal -0 0.634394 0.77301
  outer loop
   vertex -32.600000 15.265981 -11.483074
   vertex 32.600000 14.800605 -11.101149
   vertex 32.600000 15.265981 -11.483074
  endloop
 endfacet
 facet normal -1 0 0
  outer loop
   vertex -32.600000 9.200000 -18.400000
   vertex -32.600000 14.800605 -11.101149
   vertex -32.600000 15.265981 -11.483074
  endloop
 endfacet
 facet normal 1 0 0
  outer loop
   vertex 32.600000 9.200000 -18.400000
   vertex 32.600000 15.265981 -11.483074
   vertex 32.600000 14.800605 -11.101149
  endloop
 endfacet
 facet normal 0 0.582477 0.812847
  outer loop
   vertex -32.600000 14.800605 -11.101149
   vertex -32.600000 14.311246 -10.750480
   vertex 32.600000 14.311246 -10.750480
  endloop
 endfacet
 facet normal -0 0.582477 0.812847
  outer loop
   vertex -32.600000 14.800605 -11.101149
   vertex 32.600000 14.311246 -10.750480
   vertex 32.600000 14.800605 -11.101149
  endloop
 endfacet
 facet normal -1 0 0
  outer loop
   vertex -32.600000 9.200000 -18.400000
   vertex -32.600000 14.311246 -10.750480
   vertex -32.600000 14.800605 -11.101149
  endloop
 endfacet
 facet normal 1 0 0
  outer loop
   vertex 32.600000 9.200000 -18.400000
   vertex 32.600000 14.800605 -11.101149
   vertex 32.600000 14.311246 -10.750480
  endloop
 endfacet
 facet normal 0 0.528069 0.849202
  outer loop
   vertex -32.600000 14.311246 -10.750480
   vertex -32.600000 13.800000 -10.432566
   vertex 32.600000 13.800000 -10.432566
  endloop
 endfacet
 facet normal -0 0.528069 0.849202
  outer loop
   vertex -32.600000 14.311246 -10.750480
   vertex 32.600000 13.800000 -10.432566
   vertex 32.600000 14.311246 -10.750480
  endloop
 endfacet
 facet normal -1 0 0
  outer loop
   vertex -32.600000 9.200000 -18.400000
   vertex -32.600000 13.800000 -10.432566
   vertex -32.600000 14.311246 -10.750480
  endloop
 endfacet
 facet normal 1 0 0
  outer loop
   vertex 32.600000 9.200000 -18.400000
   vertex 32.600000 14.311246 -10.750480
   vertex 32.600000 13.800000 -10.432566
  endloop
 endfacet
 facet normal 0 0.471396 0.881922
  outer loop
   vertex -32.600000 13.800000 -10.432566
   vertex -32.600000 13.269056 -10.148771
   vertex 32.600000 13.269056 -10.148771
  endloop
 endfacet
 facet normal -0 0.471396 0.881922
  outer loop
   vertex -32.600000 13.800000 -10.432566
   vertex 32.600000 13.269056 -10.148771
   vertex 32.600000 13.800000 -10.432566
  endloop
 endfacet
 facet normal -1 0 0
  outer loop
   vertex -32.600000 9.200000 -18.400000
   vertex -32.600000 13.269056 -10.148771
   vertex -32.600000 13.800000 -10.432566
  endloop
 endfacet
 facet normal 1 0 0
  outer loop
   vertex 32.600000 9.200000 -18.400000
   vertex 32.600000 13.800000 -10.432566
   vertex 32.600000 13.269056 -10.148771
  endloop
 endfacet
 facet normal 0 0.412708 0.910863
  outer loop
   vertex -32.600000 13.269056 -10.148771
   vertex -32.600000 12.720688 -9.900308
   vertex 32.600000 12.720688 -9.900308
  endloop
 endfacet
 facet normal -0 0.412708 0.910863
  outer loop
   vertex -32.600000 13.269056 -10.148771
   vertex 32.600000 12.720688 -9.900308
   vertex 32.600000 13.269056 -10.148771
  endloop
 endfacet
 facet normal -1 0 0
  outer loop
   vertex -32.600000 9.200000 -18.400000
   vertex -32.600000 12.720688 -9.900308
   vertex -32.600000 13.269056 -10.148771
  endloop
 endfacet
 facet normal 1 0 0
  outer loop
   vertex 32.600000 9.200000 -18.400000
   vertex 32.600000 13.269056 -10.148771
   vertex 32.600000 12.720688 -9.900308
  endloop
 endfacet
 facet normal 0 0.352249 0.935906
  outer loop
   vertex -32.600000 12.720688 -9.900308
   vertex -32.600000 12.157243 -9.688243
   vertex 32.600000 12.157243 -9.688243
  endloop
 endfacet
 facet normal -0 0.352249 0.935906
  outer loop
   vertex -32.600000 12.720688 -9.900308
   vertex 32.600000 12.157243 -9.688243
   vertex 32.600000 12.720688 -9.900308
  endloop
 endfacet
 facet normal -1 0 0
  outer loop
   vertex -32.600000 9.200000 -18.400000
   vertex -32.600000 12.157243 -9.688243
   vertex -32.600000 12.720688 -9.900308
  endloop
 endfacet
 facet normal 1 0 0
  outer loop
   vertex 32.600000 9.200000 -18.400000
   vertex 32.600000 12.720688 -9.900308
   vertex 32.600000 12.157243 -9.688243
  endloop
 endfacet
 facet normal 0 0.290286 0.95694
  outer loop
   vertex -32.600000 12.157243 -9.688243
   vertex -32.600000 11.581135 -9.513482
   vertex 32.600000 11.581135 -9.513482
  endloop
 endfacet
 facet normal -0 0.290286 0.95694
  outer loop
   vertex -32.600000 12.157243 -9.688243
   vertex 32.600000 11.581135 -9.513482
   vertex 32.600000 12.157243 -9.688243
  endloop
 endfacet
 facet normal -1 0 0
  outer loop
   vertex -32.600000 9.200000 -18.400000
   vertex -32.600000 11.581135 -9.513482
   vertex -32.600000 12.157243 -9.688243
  endloop
 endfacet
 facet normal 1 0 0
  outer loop
   vertex 32.600000 9.200000 -18.400000
   vertex 32.600000 12.157243 -9.688243
   vertex 32.600000 11.581135 -9.513482
  endloop
 endfacet
 facet normal 0 0.227076 0.973877
  outer loop
   vertex -32.600000 11.581135 -9.513482
   vertex -32.600000 10.994831 -9.376775
   vertex 32.600000 10.994831 -9.376775
  endloop
 endfacet
 facet normal -0 0.227076 0.973877
  outer loop
   vertex -32.600000 11.581135 -9.513482
   vertex 32.600000 10.994831 -9.376775
   vertex 32.600000 11.581135 -9.513482
  endloop
 endfacet
 facet normal -1 0 0
  outer loop
   vertex -32.600000 9.200000 -18.400000
   vertex -32.600000 10.994831 -9.376775
   vertex -32.600000 11.581135 -9.513482
  endloop
 endfacet
 facet normal 1 0 0
  outer loop
   vertex 32.600000 9.200000 -18.400000
   vertex 32.600000 11.581135 -9.513482
   vertex 32.600000 10.994831 -9.376775
  endloop
 endfacet
 facet normal 0 0.162895 0.986643
  outer loop
   vertex -32.600000 10.994831 -9.376775
   vertex -32.600000 10.400841 -9.278707
   vertex 32.600000 10.400841 -9.278707
  endloop
 endfacet
 facet normal -0 0.162895 0.986643
  outer loop
   vertex -32.600000 10.994831 -9.376775
   vertex 32.600000 10.400841 -9.278707
   vertex 32.600000 10.994831 -9.376775
  endloop
 endfacet
 facet normal -1 0 0
  outer loop
   vertex -32.600000 9.200000 -18.400000
   vertex -32.600000 10.400841 -9.278707
   vertex -32.600000 10.994831 -9.376775
  endloop
 endfacet
 facet normal 1 0 0
  outer loop
   vertex 32.600000 9.200000 -18.400000
   vertex 32.600000 10.994831 -9.376775
   vertex 32.600000 10.400841 -9.278707
  endloop
 endfacet
 facet normal 0 0.0980166 0.995185
  outer loop
   vertex -32.600000 10.400841 -9.278707
   vertex -32.600000 9.801709 -9.219698
   vertex 32.600000 9.801709 -9.219698
  endloop
 endfacet
 facet normal -0 0.0980166 0.995185
  outer loop
   vertex -32.600000 10.400841 -9.278707
   vertex 32.600000 9.801709 -9.219698
   vertex 32.600000 10.400841 -9.278707
  endloop
 endfacet
 facet normal -1 0 0
  outer loop
   vertex -32.600000 9.200000 -18.400000
   vertex -32.600000 9.801709 -9.219698
   vertex -32.600000 10.400841 -9.278707
  endloop
 endfacet
 facet normal 1 0 0
  outer loop
   vertex 32.600000 9.200000 -18.400000
   vertex 32.600000 10.400841 -9.278707
   vertex 32.600000 9.801709 -9.219698
  endloop
 endfacet
 facet normal 0 0.0327192 0.999465
  outer loop
   vertex -32.600000 9.801709 -9.219698
   vertex -32.600000 9.200000 -9.200000
   vertex 32.600000 9.200000 -9.200000
  endloop
 endfacet
 facet normal -0 0.0327192 0.999465
  outer loop
   vertex -32.600000 9.801709 -9.219698
   vertex 32.600000 9.200000 -9.200000
   vertex 32.600000 9.801709 -9.219698
  endloop
 endfacet
 facet normal -1 0 0
  outer loop
   vertex -32.600000 9.200000 -18.400000
   vertex -32.600000 9.200000 -9.200000
   vertex -32.600000 9.801709 -9.219698
  endloop
 endfacet
 facet normal 1 0 0
  outer loop
   vertex 32.600000 9.200000 -18.400000
   vertex 32.600000 9.801709 -9.219698
   vertex 32.600000 9.200000 -9.200000
  endloop
 endfacet
 facet normal 0 -0.0327192 0.999465
  outer loop
   vertex -32.600000 9.200000 -9.200000
   vertex -32.600000 8.598291 -9.219698
   vertex 32.600000 8.598291 -9.219698
  endloop
 endfacet
 facet normal 0 -0.0327192 0.999465
  outer loop
   vertex -32.600000 9.200000 -9.200000
   vertex 32.600000 8.598291 -9.219698
   vertex 32.600000 9.200000 -9.200000
  endloop
 endfacet
 facet normal -1 0 0
  outer loop
   vertex -32.600000 9.200000 -18.400000
   vertex -32.600000 8.598291 -9.219698
   vertex -32.600000 9.200000 -9.200000
  endloop
 endfacet
 facet normal 1 0 -0
  outer loop
   vertex 32.600000 9.200000 -18.400000
   vertex 32.600000 9.200000 -9.200000
   vertex 32.600000 8.598291 -9.219698
  endloop
 endfacet
 facet normal 0 -0.0980166 0.995185
  outer loop
   vertex -32.600000 8.598291 -9.219698
   vertex -32.600000 7.999159 -9.278707
   vertex 32.600000 7.999159 -9.278707
  endloop
 endfacet
 facet normal 0 -0.0980166 0.995185
  outer loop
   vertex -32.600000 8.598291 -9.219698
   vertex 32.600000 7.999159 -9.278707
   vertex 32.600000 8.598291 -9.219698
  endloop
 endfacet
 facet normal -1 0 0
  outer loop
   vertex -32.600000 9.200000 -18.400000
   vertex -32.600000 7.999159 -9.278707
   vertex -32.600000 8.598291 -9.219698
  endloop
 endfacet
 facet normal 1 0 0
  outer loop
   vertex 32.600000 9.200000 -18.400000
   vertex 32.600000 8.598291 -9.219698
   vertex 32.600000 7.999159 -9.278707
  endloop
 endfacet
 facet normal 0 -0.162895 0.986643
  outer loop
   vertex -32.600000 7.999159 -9.278707
   vertex -32.600000 7.405169 -9.376775
   vertex 32.600000 7.405169 -9.376775
  endloop
 endfacet
 facet normal 0 -0.162895 0.986643
  outer loop
   vertex -32.600000 7.999159 -9.278707
   vertex 32.600000 7.405169 -9.376775
   vertex 32.600000 7.999159 -9.278707
  endloop
 endfacet
 facet normal -1 0 0
  outer loop
   vertex -32.600000 9.200000 -18.400000
   vertex -32.600000 7.405169 -9.376775
   vertex -32.600000 7.999159 -9.278707
  endloop
 endfacet
 facet normal 1 0 0
  outer loop
   vertex 32.600000 9.200000 -18.400000
   vertex 32.600000 7.999159 -9.278707
   vertex 32.600000 7.405169 -9.376775
  endloop
 endfacet
 facet normal 0 -0.227076 0.973877
  outer loop
   vertex -32.600000 7.405169 -9.376775
   vertex -32.600000 6.818865 -9.513482
   vertex 32.600000 6.818865 -9.513482
  endloop
 endfacet
 facet normal 0 -0.227076 0.973877
  outer loop
   vertex -32.600000 7.405169 -9.376775
   vertex 32.600000 6.818865 -9.513482
   vertex 32.600000 7.405169 -9.376775
  endloop
 endfacet
 facet normal -1 0 0
  outer loop
   vertex -32.600000 9.200000 -18.400000
   vertex -32.600000 6.818865 -9.513482
   vertex -32.600000 7.405169 -9.376775
  endloop
 endfacet
 facet normal 1 0 0
  outer loop
   vertex 32.600000 9.200000 -18.400000
   vertex 32.600000 7.405169 -9.376775
   vertex 32.600000 6.818865 -9.513482
  endloop
 endfacet
 facet normal 0 -0.290286 0.95694
  outer loop
   vertex -32.600000 6.818865 -9.513482
   vertex -32.600000 6.242757 -9.688243
   vertex 32.600000 6.242757 -9.688243
  endloop
 endfacet
 facet normal 0 -0.290286 0.95694
  outer loop
   vertex -32.600000 6.818865 -9.513482
   vertex 32.600000 6.242757 -9.688243
   vertex 32.600000 6.818865 -9.513482
  endloop
 endfacet
 facet normal -1 0 0
  outer loop
   vertex -32.600000 9.200000 -18.400000
   vertex -32.600000 6.242757 -9.688243
   vertex -32.600000 6.818865 -9.513482
  endloop
 endfacet
 facet normal 1 0 0
  outer loop
   vertex 32.600000 9.200000 -18.400000
   vertex 32.600000 6.818865 -9.513482
   vertex 32.600000 6.242757 -9.688243
  endloop
 endfacet
 facet normal 0 -0.352249 0.935906
  outer loop
   vertex -32.600000 6.242757 -9.688243
   vertex -32.600000 5.679312 -9.900308
   vertex 32.600000 5.679312 -9.900308
  endloop
 endfacet
 facet normal 0 -0.352249 0.935906
  outer loop
   vertex -32.600000 6.242757 -9.688243
   vertex 32.600000 5.679312 -9.900308
   vertex 32.600000 6.242757 -9.688243
  endloop
 endfacet
 facet normal -1 0 0
  outer loop
   vertex -32.600000 9.200000 -18.400000
   vertex -32.600000 5.679312 -9.900308
   vertex -32.600000 6.242757 -9.688243
  endloop
 endfacet
 facet normal 1 0 0
  outer loop
   vertex 32.600000 9.200000 -18.400000
   vertex 32.600000 6.242757 -9.688243
   vertex 32.600000 5.679312 -9.900308
  endloop
 endfacet
 facet normal 0 -0.412708 0.910863
  outer loop
   vertex -32.600000 5.679312 -9.900308
   vertex -32.600000 5.130944 -10.148771
   vertex 32.600000 5.130944 -10.148771
  endloop
 endfacet
 facet normal 0 -0.412708 0.910863
  outer loop
   vertex -32.600000 5.679312 -9.900308
   vertex 32.600000 5.130944 -10.148771
   vertex 32.600000 5.679312 -9.900308
  endloop
 endfacet
 facet normal -1 0 0
  outer loop
   vertex -32.600000 9.200000 -18.400000
   vertex -32.600000 5.130944 -10.148771
   vertex -32.600000 5.679312 -9.900308
  endloop
 endfacet
 facet normal 1 0 0
  outer loop
   vertex 32.600000 9.200000 -18.400000
   vertex 32.600000 5.679312 -9.900308
   vertex 32.600000 5.130944 -10.148771
  endloop
 endfacet
 facet normal 0 -0.471396 0.881922
  outer loop
   vertex -32.600000 5.130944 -10.148771
   vertex -32.600000 4.600000 -10.432566
   vertex 32.600000 4.600000 -10.432566
  endloop
 endfacet
 facet normal 0 -0.471396 0.881922
  outer loop
   vertex -32.600000 5.130944 -10.148771
   vertex 32.600000 4.600000 -10.432566
   vertex 32.600000 5.130944 -10.148771
  endloop
 endfacet
 facet normal -1 0 0
  outer loop
   vertex -32.600000 9.200000 -18.400000
   vertex -32.600000 4.600000 -10.432566
   vertex -32.600000 5.130944 -10.148771
  endloop
 endfacet
 facet normal 1 0 0
  outer loop
   vertex 32.600000 9.200000 -18.400000
   vertex 32.600000 5.130944 -10.148771
   vertex 32.600000 4.600000 -10.432566
  endloop
 endfacet
 facet normal 0 -0.528069 0.849202
  outer loop
   vertex -32.600000 4.600000 -10.432566
   vertex -32.600000 4.088754 -10.750480
   vertex 32.600000 4.088754 -10.750480
  endloop
 endfacet
 facet normal 0 -0.528069 0.849202
  outer loop
   vertex -32.600000 4.600000 -10.432566
   vertex 32.600000 4.088754 -10.750480
   vertex 32.600000 4.600000 -10.432566
  endloop
 endfacet
 facet normal -1 0 0
  outer loop
   vertex -32.600000 9.200000 -18.400000
   vertex -32.600000 4.088754 -10.750480
   vertex -32.600000 4.600000 -10.432566
  endloop
 endfacet
 facet normal 1 0 0
  outer loop
   vertex 32.600000 9.200000 -18.400000
   vertex 32.600000 4.600000 -10.432566
   vertex 32.600000 4.088754 -10.750480
  endloop
 endfacet
 facet normal 0 -0.582477 0.812847
  outer loop
   vertex -32.600000 4.088754 -10.750480
   vertex -32.600000 3.599395 -11.101149
   vertex 32.600000 3.599395 -11.101149
  endloop
 endfacet
 facet normal 0 -0.582477 0.812847
  outer loop
   vertex -32.600000 4.088754 -10.750480
   vertex 32.600000 3.599395 -11.101149
   vertex 32.600000 4.088754 -10.750480
  endloop
 endfacet
 facet normal -1 0 0
  outer loop
   vertex -32.600000 9.200000 -18.400000
   vertex -32.600000 3.599395 -11.101149
   vertex -32.600000 4.088754 -10.750480
  endloop
 endfacet
 facet normal 1 0 0
  outer loop
   vertex 32.600000 9.200000 -18.400000
   vertex 32.600000 4.088754 -10.750480
   vertex 32.600000 3.599395 -11.101149
  endloop
 endfacet
 facet normal 0 -0.634394 0.77301
  outer loop
   vertex -32.600000 3.599395 -11.101149
   vertex -32.600000 3.134019 -11.483074
   vertex 32.600000 3.134019 -11.483074
  endloop
 endfacet
 facet normal 0 -0.634394 0.77301
  outer loop
   vertex -32.600000 3.599395 -11.101149
   vertex 32.600000 3.134019 -11.483074
   vertex 32.600000 3.599395 -11.101149
  endloop
 endfacet
 facet normal -1 0 0
  outer loop
   vertex -32.600000 9.200000 -18.400000
   vertex -32.600000 3.134019 -11.483074
   vertex -32.600000 3.599395 -11.101149
  endloop
 endfacet
 facet normal 1 0 0
  outer loop
   vertex 32.600000 9.200000 -18.400000
   vertex 32.600000 3.599395 -11.101149
   vertex 32.600000 3.134019 -11.483074
  endloop
 endfacet
 facet normal 0 -0.683592 0.729864
  outer loop
   vertex -32.600000 3.134019 -11.483074
   vertex -32.600000 2.694618 -11.894618
   vertex 32.600000 2.694618 -11.894618
  endloop
 endfacet
 facet normal 0 -0.683592 0.729864
  outer loop
   vertex -32.600000 3.134019 -11.483074
   vertex 32.600000 2.694618 -11.894618
   vertex 32.600000 3.134019 -11.483074
  endloop
 endfacet
 facet normal -1 0 0
  outer loop
   vertex -32.600000 9.200000 -18.400000
   vertex -32.600000 2.694618 -11.894618
   vertex -32.600000 3.134019 -11.483074
  endloop
 endfacet
 facet normal 1 0 0
  outer loop
   vertex 32.600000 9.200000 -18.400000
   vertex 32.600000 3.134019 -11.483074
   vertex 32.600000 2.694618 -11.894618
  endloop
 endfacet
 facet normal 0 -0.729864 0.683592
  outer loop
   vertex -32.600000 2.694618 -11.894618
   vertex -32.600000 2.283074 -12.334019
   vertex 32.600000 2.283074 -12.334019
  endloop
 endfacet
 facet normal 0 -0.729864 0.683592
  outer loop
   vertex -32.600000 2.694618 -11.894618
   vertex 32.600000 2.283074 -12.334019
   vertex 32.600000 2.694618 -11.894618
  endloop
 endfacet
 facet normal -1 0 0
  outer loop
   vertex -32.600000 9.200000 -18.400000
   vertex -32.600000 2.283074 -12.334019
   vertex -32.600000 2.694618 -11.894618
  endloop
 endfacet
 facet normal 1 0 0
  outer loop
   vertex 32.600000 9.200000 -18.400000
   vertex 32.600000 2.694618 -11.894618
   vertex 32.600000 2.283074 -12.334019
  endloop
 endfacet
 facet normal 0 -0.77301 0.634394
  outer loop
   vertex -32.600000 2.283074 -12.334019
   vertex -32.600000 1.901149 -12.799395
   vertex 32.600000 1.901149 -12.799395
  endloop
 endfacet
 facet normal 0 -0.77301 0.634394
  outer loop
   vertex -32.600000 2.283074 -12.334019
   vertex 32.600000 1.901149 -12.799395
   vertex 32.600000 2.283074 -12.334019
  endloop
 endfacet
 facet normal -1 0 0
  outer loop
   vertex -32.600000 9.200000 -18.400000
   vertex -32.600000 1.901149 -12.799395
   vertex -32.600000 2.283074 -12.334019
  endloop
 endfacet
 facet normal 1 0 0
  outer loop
   vertex 32.600000 9.200000 -18.400000
   vertex 32.600000 2.283074 -12.334019
   vertex 32.600000 1.901149 -12.799395
  endloop
 endfacet
 facet normal 0 -0.812847 0.582477
  outer loop
   vertex -32.600000 1.901149 -12.799395
   vertex -32.600000 1.550480 -13.288754
   vertex 32.600000 1.550480 -13.288754
  endloop
 endfacet
 facet normal 0 -0.812847 0.582477
  outer loop
   vertex -32.600000 1.901149 -12.799395
   vertex 32.600000 1.550480 -13.288754
   vertex 32.600000 1.901149 -12.799395
  endloop
 endfacet
 facet normal -1 0 0
  outer loop
   vertex -32.600000 9.200000 -18.400000
   vertex -32.600000 1.550480 -13.288754
   vertex -32.600000 1.901149 -12.799395
  endloop
 endfacet
 facet normal 1 0 0
  outer loop
   vertex 32.600000 9.200000 -18.400000
   vertex 32.600000 1.901149 -12.799395
   vertex 32.600000 1.550480 -13.288754
  endloop
 endfacet
 facet normal 0 -0.849202 0.528069
  outer loop
   vertex -32.600000 1.550480 -13.288754
   vertex -32.600000 1.232566 -13.800000
   vertex 32.600000 1.232566 -13.800000
  endloop
 endfacet
 facet normal 0 -0.849202 0.528069
  outer loop
   vertex -32.600000 1.550480 -13.288754
   vertex 32.600000 1.232566 -13.800000
   vertex 32.600000 1.550480 -13.288754
  endloop
 endfacet
 facet normal -1 0 0
  outer loop
   vertex -32.600000 9.200000 -18.400000
   vertex -32.600000 1.232566 -13.800000
   vertex -32.600000 1.550480 -13.288754
  endloop
 endfacet
 facet normal 1 0 0
  outer loop
   vertex 32.600000 9.200000 -18.400000
   vertex 32.600000 1.550480 -13.288754
   vertex 32.600000 1.232566 -13.800000
  endloop
 endfacet
 facet normal 0 -0.881922 0.471396
  outer loop
   vertex -32.600000 1.232566 -13.800000
   vertex -32.600000 0.948771 -14.330944
   vertex 32.600000 0.948771 -14.330944
  endloop
 endfacet
 facet normal 0 -0.881922 0.471396
  outer loop
   vertex -32.600000 1.232566 -13.800000
   vertex 32.600000 0.948771 -14.330944
   vertex 32.600000 1.232566 -13.800000
  endloop
 endfacet
 facet normal -1 0 0
  outer loop
   vertex -32.600000 9.200000 -18.400000
   vertex -32.600000 0.948771 -14.330944
   vertex -32.600000 1.232566 -13.800000
  endloop
 endfacet
 facet normal 1 0 0
  outer loop
   vertex 32.600000 9.200000 -18.400000
   vertex 32.600000 1.232566 -13.800000
   vertex 32.600000 0.948771 -14.330944
  endloop
 endfacet
 facet normal 0 -0.910863 0.412708
  outer loop
   vertex -32.600000 0.948771 -14.330944
   vertex -32.600000 0.700308 -14.879312
   vertex 32.600000 0.700308 -14.879312
  endloop
 endfacet
 facet normal 0 -0.910863 0.412708
  outer loop
   vertex -32.600000 0.948771 -14.330944
   vertex 32.600000 0.700308 -14.879312
   vertex 32.600000 0.948771 -14.330944
  endloop
 endfacet
 facet normal -1 0 0
  outer loop
   vertex -32.600000 9.200000 -18.400000
   vertex -32.600000 0.700308 -14.879312
   vertex -32.600000 0.948771 -14.330944
  endloop
 endfacet
 facet normal 1 0 0
  outer loop
   vertex 32.600000 9.200000 -18.400000
   vertex 32.600000 0.948771 -14.330944
   vertex 32.600000 0.700308 -14.879312
  endloop
 endfacet
 facet normal 0 -0.935906 0.352249
  outer loop
   vertex -32.600000 0.700308 -14.879312
   vertex -32.600000 0.488243 -15.442757
   vertex 32.600000 0.488243 -15.442757
  endloop
 endfacet
 facet normal 0 -0.935906 0.352249
  outer loop
   vertex -32.600000 0.700308 -14.879312
   vertex 32.600000 0.488243 -15.442757
   vertex 32.600000 0.700308 -14.879312
  endloop
 endfacet
 facet normal -1 0 0
  outer loop
   vertex -32.600000 9.200000 -18.400000
   vertex -32.600000 0.488243 -15.442757
   vertex -32.600000 0.700308 -14.879312
  endloop
 endfacet
 facet normal 1 0 0
  outer loop
   vertex 32.600000 9.200000 -18.400000
   vertex 32.600000 0.700308 -14.879312
   vertex 32.600000 0.488243 -15.442757
  endloop
 endfacet
 facet normal 0 -0.95694 0.290286
  outer loop
   vertex -32.600000 0.488243 -15.442757
   vertex -32.600000 0.313482 -16.018865
   vertex 32.600000 0.313482 -16.018865
  endloop
 endfacet
 facet normal 0 -0.95694 0.290286
  outer loop
   vertex -32.600000 0.488243 -15.442757
   vertex 32.600000 0.313482 -16.018865
   vertex 32.600000 0.488243 -15.442757
  endloop
 endfacet
 facet normal -1 0 0
  outer loop
   vertex -32.600000 9.200000 -18.400000
   vertex -32.600000 0.313482 -16.018865
   vertex -32.600000 0.488243 -15.442757
  endloop
 endfacet
 facet normal 1 0 0
  outer loop
   vertex 32.600000 9.200000 -18.400000
   vertex 32.600000 0.488243 -15.442757
   vertex 32.600000 0.313482 -16.018865
  endloop
 endfacet
 facet normal 0 -0.973877 0.227076
  outer loop
   vertex -32.600000 0.313482 -16.018865
   vertex -32.600000 0.176775 -16.605169
   vertex 32.600000 0.176775 -16.605169
  endloop
 endfacet
 facet normal 0 -0.973877 0.227076
  outer loop
   vertex -32.600000 0.313482 -16.018865
   vertex 32.600000 0.176775 -16.605169
   vertex 32.600000 0.313482 -16.018865
  endloop
 endfacet
 facet normal -1 0 0
  outer loop
   vertex -32.600000 9.200000 -18.400000
   vertex -32.600000 0.176775 -16.605169
   vertex -32.600000 0.313482 -16.018865
  endloop
 endfacet
 facet normal 1 0 0
  outer loop
   vertex 32.600000 9.200000 -18.400000
   vertex 32.600000 0.313482 -16.018865
   vertex 32.600000 0.176775 -16.605169
  endloop
 endfacet
 facet normal 0 -0.986643 0.162895
  outer loop
   vertex -32.600000 0.176775 -16.605169
   vertex -32.600000 0.078707 -17.199159
   vertex 32.600000 0.078707 -17.199159
  endloop
 endfacet
 facet normal 0 -0.986643 0.162895
  outer loop
   vertex -32.600000 0.176775 -16.605169
   vertex 32.600000 0.078707 -17.199159
   vertex 32.600000 0.176775 -16.605169
  endloop
 endfacet
 facet normal -1 0 0
  outer loop
   vertex -32.600000 9.200000 -18.400000
   vertex -32.600000 0.078707 -17.199159
   vertex -32.600000 0.176775 -16.605169
  endloop
 endfacet
 facet normal 1 0 0
  outer loop
   vertex 32.600000 9.200000 -18.400000
   vertex 32.600000 0.176775 -16.605169
   vertex 32.600000 0.078707 -17.199159
  endloop
 endfacet
 facet normal 0 -0.995185 0.0980166
  outer loop
   vertex -32.600000 0.078707 -17.199159
   vertex -32.600000 0.019698 -17.798291
   vertex 32.600000 0.019698 -17.798291
  endloop
 endfacet
 facet normal 0 -0.995185 0.0980166
  outer loop
   vertex -32.600000 0.078707 -17.199159
   vertex 32.600000 0.019698 -17.798291
   vertex 32.600000 0.078707 -17.199159
  endloop
 endfacet
 facet normal -1 0 0
  outer loop
   vertex -32.600000 9.200000 -18.400000
   vertex -32.600000 0.019698 -17.798291
   vertex -32.600000 0.078707 -17.199159
  endloop
 endfacet
 facet normal 1 0 0
  outer loop
   vertex 32.600000 9.200000 -18.400000
   vertex 32.600000 0.078707 -17.199159
   vertex 32.600000 0.019698 -17.798291
  endloop
 endfacet
 facet normal 0 -0.999465 0.0327192
  outer loop
   vertex -32.600000 0.019698 -17.798291
   vertex -32.600000 0.000000 -18.400000
   vertex 32.600000 0.000000 -18.400000
  endloop
 endfacet
 facet normal 0 -0.999465 0.0327192
  outer loop
   vertex -32.600000 0.019698 -17.798291
   vertex 32.600000 0.000000 -18.400000
   vertex 32.600000 0.019698 -17.798291
  endloop
 endfacet
 facet normal -1 0 0
  outer loop
   vertex -32.600000 9.200000 -18.400000
   vertex -32.600000 0.000000 -18.400000
   vertex -32.600000 0.019698 -17.798291
  endloop
 endfacet
 facet normal 1 0 0
  outer loop
   vertex 32.600000 9.200000 -18.400000
   vertex 32.600000 0.019698 -17.798291
   vertex 32.600000 0.000000 -18.400000
  endloop
 endfacet
 facet normal 0 -0.999465 -0.0327192
  outer loop
   vertex -32.600000 0.000000 -18.400000
   vertex -32.600000 0.019698 -19.001709
   vertex 32.600000 0.019698 -19.001709
  endloop
 endfacet
 facet normal 0 -0.999465 -0.0327192
  outer loop
   vertex -32.600000 0.000000 -18.400000
   vertex 32.600000 0.019698 -19.001709
   vertex 32.600000 0.000000 -18.400000
  endloop
 endfacet
 facet normal -1 -0 0
  outer loop
   vertex -32.600000 9.200000 -18.400000
   vertex -32.600000 0.019698 -19.001709
   vertex -32.600000 0.000000 -18.400000
  endloop
 endfacet
 facet normal 1 0 0
  outer loop
   vertex 32.600000 9.200000 -18.400000
   vertex 32.600000 0.000000 -18.400000
   vertex 32.600000 0.019698 -19.001709
  endloop
 endfacet
 facet normal 0 -0.995185 -0.0980166
  outer loop
   vertex -32.600000 0.019698 -19.001709
   vertex -32.600000 0.078707 -19.600841
   vertex 32.600000 0.078707 -19.600841
  endloop
 endfacet
 facet normal 0 -0.995185 -0.0980166
  outer loop
   vertex -32.600000 0.019698 -19.001709
   vertex 32.600000 0.078707 -19.600841
   vertex 32.600000 0.019698 -19.001709
  endloop
 endfacet
 facet normal -1 0 0
  outer loop
   vertex -32.600000 9.200000 -18.400000
   vertex -32.600000 0.078707 -19.600841
   vertex -32.600000 0.019698 -19.001709
  endloop
 endfacet
 facet normal 1 0 0
  outer loop
   vertex 32.600000 9.200000 -18.400000
   vertex 32.600000 0.019698 -19.001709
   vertex 32.600000 0.078707 -19.600841
  endloop
 endfacet
 facet normal 0 -0.986643 -0.162895
  outer loop
   vertex -32.600000 0.078707 -19.600841
   vertex -32.600000 0.176775 -20.194831
   vertex 32.600000 0.176775 -20.194831
  endloop
 endfacet
 facet normal 0 -0.986643 -0.162895
  outer loop
   vertex -32.600000 0.078707 -19.600841
   vertex 32.600000 0.176775 -20.194831
   vertex 32.600000 0.078707 -19.600841
  endloop
 endfacet
 facet normal -1 0 0
  outer loop
   vertex -32.600000 9.200000 -18.400000
   vertex -32.600000 0.176775 -20.194831
   vertex -32.600000 0.078707 -19.600841
  endloop
 endfacet
 facet normal 1 0 0
  outer loop
   vertex 32.600000 9.200000 -18.400000
   vertex 32.600000 0.078707 -19.600841
   vertex 32.600000 0.176775 -20.194831
  endloop
 endfacet
 facet normal 0 -0.973877 -0.227076
  outer loop
   vertex -32.600000 0.176775 -20.194831
   vertex -32.600000 0.313482 -20.781135
   vertex 32.600000 0.313482 -20.781135
  endloop
 endfacet
 facet normal 0 -0.973877 -0.227076
  outer loop
   vertex -32.600000 0.176775 -20.194831
   vertex 32.600000 0.313482 -20.781135
   vertex 32.600000 0.176775 -20.194831
  endloop
 endfacet
 facet normal -1 0 0
  outer loop
   vertex -32.600000 9.200000 -18.400000
   vertex -32.600000 0.313482 -20.781135
   vertex -32.600000 0.176775 -20.194831
  endloop
 endfacet
 facet normal 1 0 0
  outer loop
   vertex 32.600000 9.200000 -18.400000
   vertex 32.600000 0.176775 -20.194831
   vertex 32.600000 0.313482 -20.781135
  endloop
 endfacet
 facet normal 0 -0.95694 -0.290286
  outer loop
   vertex -32.600000 0.313482 -20.781135
   vertex -32.600000 0.488243 -21.357243
   vertex 32.600000 0.488243 -21.357243
  endloop
 endfacet
 facet normal 0 -0.95694 -0.290286
  outer loop
   vertex -32.600000 0.313482 -20.781135
   vertex 32.600000 0.488243 -21.357243
   vertex 32.600000 0.313482 -20.781135
  endloop
 endfacet
 facet normal -1 0 0
  outer loop
   vertex -32.600000 9.200000 -18.400000
   vertex -32.600000 0.488243 -21.357243
   vertex -32.600000 0.313482 -20.781135
  endloop
 endfacet
 facet normal 1 0 0
  outer loop
   vertex 32.600000 9.200000 -18.400000
   vertex 32.600000 0.313482 -20.781135
   vertex 32.600000 0.488243 -21.357243
  endloop
 endfacet
 facet normal 0 -0.935906 -0.352249
  outer loop
   vertex -32.600000 0.488243 -21.357243
   vertex -32.600000 0.700308 -21.920688
   vertex 32.600000 0.700308 -21.920688
  endloop
 endfacet
 facet normal 0 -0.935906 -0.352249
  outer loop
   vertex -32.600000 0.488243 -21.357243
   vertex 32.600000 0.700308 -21.920688
   vertex 32.600000 0.488243 -21.357243
  endloop
 endfacet
 facet normal -1 0 0
  outer loop
   vertex -32.600000 9.200000 -18.400000
   vertex -32.600000 0.700308 -21.920688
   vertex -32.600000 0.488243 -21.357243
  endloop
 endfacet
 facet normal 1 0 0
  outer loop
   vertex 32.600000 9.200000 -18.400000
   vertex 32.600000 0.488243 -21.357243
   vertex 32.600000 0.700308 -21.920688
  endloop
 endfacet
 facet normal 0 -0.910863 -0.412708
  outer loop
   vertex -32.600000 0.700308 -21.920688
   vertex -32.600000 0.948771 -22.469056
   vertex 32.600000 0.948771 -22.469056
  endloop
 endfacet
 facet normal 0 -0.910863 -0.412708
  outer loop
   vertex -32.600000 0.700308 -21.920688
   vertex 32.600000 0.948771 -22.469056
   vertex 32.600000 0.700308 -21.920688
  endloop
 endfacet
 facet normal -1 0 0
  outer loop
   vertex -32.600000 9.200000 -18.400000
   vertex -32.600000 0.948771 -22.469056
   vertex -32.600000 0.700308 -21.920688
  endloop
 endfacet
 facet normal 1 0 0
  outer loop
   vertex 32.600000 9.200000 -18.400000
   vertex 32.600000 0.700308 -21.920688
   vertex 32.600000 0.948771 -22.469056
  endloop
 endfacet
 facet normal 0 -0.881922 -0.471396
  outer loop
   vertex -32.600000 0.948771 -22.469056
   vertex -32.600000 1.232566 -23.000000
   vertex 32.600000 1.232566 -23.000000
  endloop
 endfacet
 facet normal 0 -0.881922 -0.471396
  outer loop
   vertex -32.600000 0.948771 -22.469056
   vertex 32.600000 1.232566 -23.000000
   vertex 32.600000 0.948771 -22.469056
  endloop
 endfacet
 facet normal -1 0 0
  outer loop
   vertex -32.600000 9.200000 -18.400000
   vertex -32.600000 1.232566 -23.000000
   vertex -32.600000 0.948771 -22.469056
  endloop
 endfacet
 facet normal 1 0 0
  outer loop
   vertex 32.600000 9.200000 -18.400000
   vertex 32.600000 0.948771 -22.469056
   vertex 32.600000 1.232566 -23.000000
  endloop
 endfacet
 facet normal 0 -0.849202 -0.528069
  outer loop
   vertex -32.600000 1.232566 -23.000000
   vertex -32.600000 1.550480 -23.511246
   vertex 32.600000 1.550480 -23.511246
  endloop
 endfacet
 facet normal 0 -0.849202 -0.528069
  outer loop
   vertex -32.600000 1.232566 -23.000000
   vertex 32.600000 1.550480 -23.511246
   vertex 32.600000 1.232566 -23.000000
  endloop
 endfacet
 facet normal -1 0 0
  outer loop
   vertex -32.600000 9.200000 -18.400000
   vertex -32.600000 1.550480 -23.511246
   vertex -32.600000 1.232566 -23.000000
  endloop
 endfacet
 facet normal 1 0 0
  outer loop
   vertex 32.600000 9.200000 -18.400000
   vertex 32.600000 1.232566 -23.000000
   vertex 32.600000 1.550480 -23.511246
  endloop
 endfacet
 facet normal 0 -0.812847 -0.582477
  outer loop
   vertex -32.600000 1.550480 -23.511246
   vertex -32.600000 1.901149 -24.000605
   vertex 32.600000 1.901149 -24.000605
  endloop
 endfacet
 facet normal 0 -0.812847 -0.582477
  outer loop
   vertex -32.600000 1.550480 -23.511246
   vertex 32.600000 1.901149 -24.000605
   vertex 32.600000 1.550480 -23.511246
  endloop
 endfacet
 facet normal -1 0 0
  outer loop
   vertex -32.600000 9.200000 -18.400000
   vertex -32.600000 1.901149 -24.000605
   vertex -32.600000 1.550480 -23.511246
  endloop
 endfacet
 facet normal 1 0 0
  outer loop
   vertex 32.600000 9.200000 -18.400000
   vertex 32.600000 1.550480 -23.511246
   vertex 32.600000 1.901149 -24.000605
  endloop
 endfacet
 facet normal 0 -0.77301 -0.634394
  outer loop
   vertex -32.600000 1.901149 -24.000605
   vertex -32.600000 2.283074 -24.465981
   vertex 32.600000 2.283074 -24.465981
  endloop
 endfacet
 facet normal 0 -0.77301 -0.634394
  outer loop
   vertex -32.600000 1.901149 -24.000605
   vertex 32.600000 2.283074 -24.465981
   vertex 32.600000 1.901149 -24.000605
  endloop
 endfacet
 facet normal -1 0 0
  outer loop
   vertex -32.600000 9.200000 -18.400000
   vertex -32.600000 2.283074 -24.465981
   vertex -32.600000 1.901149 -24.000605
  endloop
 endfacet
 facet normal 1 0 0
  outer loop
   vertex 32.600000 9.200000 -18.400000
   vertex 32.600000 1.901149 -24.000605
   vertex 32.600000 2.283074 -24.465981
  endloop
 endfacet
 facet normal 0 -0.729864 -0.683592
  outer loop
   vertex -32.600000 2.283074 -24.465981
   vertex -32.600000 2.694618 -24.905382
   vertex 32.600000 2.694618 -24.905382
  endloop
 endfacet
 facet normal 0 -0.729864 -0.683592
  outer loop
   vertex -32.600000 2.283074 -24.465981
   vertex 32.600000 2.694618 -24.905382
   vertex 32.600000 2.283074 -24.465981
  endloop
 endfacet
 facet normal -1 0 0
  outer loop
   vertex -32.600000 9.200000 -18.400000
   vertex -32.600000 2.694618 -24.905382
   vertex -32.600000 2.283074 -24.465981
  endloop
 endfacet
 facet normal 1 0 0
  outer loop
   vertex 32.600000 9.200000 -18.400000
   vertex 32.600000 2.283074 -24.465981
   vertex 32.600000 2.694618 -24.905382
  endloop
 endfacet
 facet normal 0 -0.683592 -0.729864
  outer loop
   vertex -32.600000 2.694618 -24.905382
   vertex -32.600000 3.134019 -25.316926
   vertex 32.600000 3.134019 -25.316926
  endloop
 endfacet
 facet normal 0 -0.683592 -0.729864
  outer loop
   vertex -32.600000 2.694618 -24.905382
   vertex 32.600000 3.134019 -25.316926
   vertex 32.600000 2.694618 -24.905382
  endloop
 endfacet
 facet normal -1 0 0
  outer loop
   vertex -32.600000 9.200000 -18.400000
   vertex -32.600000 3.134019 -25.316926
   vertex -32.600000 2.694618 -24.905382
  endloop
 endfacet
 facet normal 1 0 0
  outer loop
   vertex 32.600000 9.200000 -18.400000
   vertex 32.600000 2.694618 -24.905382
   vertex 32.600000 3.134019 -25.316926
  endloop
 endfacet
 facet normal 0 -0.634394 -0.77301
  outer loop
   vertex -32.600000 3.134019 -25.316926
   vertex -32.600000 3.599395 -25.698851
   vertex 32.600000 3.599395 -25.698851
  endloop
 endfacet
 facet normal 0 -0.634394 -0.77301
  outer loop
   vertex -32.600000 3.134019 -25.316926
   vertex 32.600000 3.599395 -25.698851
   vertex 32.600000 3.134019 -25.316926
  endloop
 endfacet
 facet normal -1 0 0
  outer loop
   vertex -32.600000 9.200000 -18.400000
   vertex -32.600000 3.599395 -25.698851
   vertex -32.600000 3.134019 -25.316926
  endloop
 endfacet
 facet normal 1 0 0
  outer loop
   vertex 32.600000 9.200000 -18.400000
   vertex 32.600000 3.134019 -25.316926
   vertex 32.600000 3.599395 -25.698851
  endloop
 endfacet
 facet normal 0 -0.582477 -0.812847
  outer loop
   vertex -32.600000 3.599395 -25.698851
   vertex -32.600000 4.088754 -26.049520
   vertex 32.600000 4.088754 -26.049520
  endloop
 endfacet
 facet normal 0 -0.582477 -0.812847
  outer loop
   vertex -32.600000 3.599395 -25.698851
   vertex 32.600000 4.088754 -26.049520
   vertex 32.600000 3.599395 -25.698851
  endloop
 endfacet
 facet normal -1 0 0
  outer loop
   vertex -32.600000 9.200000 -18.400000
   vertex -32.600000 4.088754 -26.049520
   vertex -32.600000 3.599395 -25.698851
  endloop
 endfacet
 facet normal 1 0 0
  outer loop
   vertex 32.600000 9.200000 -18.400000
   vertex 32.600000 3.599395 -25.698851
   vertex 32.600000 4.088754 -26.049520
  endloop
 endfacet
 facet normal 0 -0.528069 -0.849202
  outer loop
   vertex -32.600000 4.088754 -26.049520
   vertex -32.600000 4.600000 -26.367434
   vertex 32.600000 4.600000 -26.367434
  endloop
 endfacet
 facet normal 0 -0.528069 -0.849202
  outer loop
   vertex -32.600000 4.088754 -26.049520
   vertex 32.600000 4.600000 -26.367434
   vertex 32.600000 4.088754 -26.049520
  endloop
 endfacet
 facet normal -1 0 0
  outer loop
   vertex -32.600000 9.200000 -18.400000
   vertex -32.600000 4.600000 -26.367434
   vertex -32.600000 4.088754 -26.049520
  endloop
 endfacet
 facet normal 1 0 0
  outer loop
   vertex 32.600000 9.200000 -18.400000
   vertex 32.600000 4.088754 -26.049520
   vertex 32.600000 4.600000 -26.367434
  endloop
 endfacet
 facet normal 0 -0.471396 -0.881922
  outer loop
   vertex -32.600000 4.600000 -26.367434
   vertex -32.600000 5.130944 -26.651229
   vertex 32.600000 5.130944 -26.651229
  endloop
 endfacet
 facet normal 0 -0.471396 -0.881922
  outer loop
   vertex -32.600000 4.600000 -26.367434
   vertex 32.600000 5.130944 -26.651229
   vertex 32.600000 4.600000 -26.367434
  endloop
 endfacet
 facet normal -1 0 0
  outer loop
   vertex -32.600000 9.200000 -18.400000
   vertex -32.600000 5.130944 -26.651229
   vertex -32.600000 4.600000 -26.367434
  endloop
 endfacet
 facet normal 1 0 0
  outer loop
   vertex 32.600000 9.200000 -18.400000
   vertex 32.600000 4.600000 -26.367434
   vertex 32.600000 5.130944 -26.651229
  endloop
 endfacet
 facet normal 0 -0.412708 -0.910863
  outer loop
   vertex -32.600000 5.130944 -26.651229
   vertex -32.600000 5.679312 -26.899692
   vertex 32.600000 5.679312 -26.899692
  endloop
 endfacet
 facet normal 0 -0.412708 -0.910863
  outer loop
   vertex -32.600000 5.130944 -26.651229
   vertex 32.600000 5.679312 -26.899692
   vertex 32.600000 5.130944 -26.651229
  endloop
 endfacet
 facet normal -1 0 0
  outer loop
   vertex -32.600000 9.200000 -18.400000
   vertex -32.600000 5.679312 -26.899692
   vertex -32.600000 5.130944 -26.651229
  endloop
 endfacet
 facet normal 1 0 0
  outer loop
   vertex 32.600000 9.200000 -18.400000
   vertex 32.600000 5.130944 -26.651229
   vertex 32.600000 5.679312 -26.899692
  endloop
 endfacet
 facet normal 0 -0.352249 -0.935906
  outer loop
   vertex -32.600000 5.679312 -26.899692
   vertex -32.600000 6.242757 -27.111757
   vertex 32.600000 6.242757 -27.111757
  endloop
 endfacet
 facet normal 0 -0.352249 -0.935906
  outer loop
   vertex -32.600000 5.679312 -26.899692
   vertex 32.600000 6.242757 -27.111757
   vertex 32.600000 5.679312 -26.899692
  endloop
 endfacet
 facet normal -1 0 0
  outer loop
   vertex -32.600000 9.200000 -18.400000
   vertex -32.600000 6.242757 -27.111757
   vertex -32.600000 5.679312 -26.899692
  endloop
 endfacet
 facet normal 1 0 0
  outer loop
   vertex 32.600000 9.200000 -18.400000
   vertex 32.600000 5.679312 -26.899692
   vertex 32.600000 6.242757 -27.111757
  endloop
 endfacet
 facet normal 0 -0.290286 -0.95694
  outer loop
   vertex -32.600000 6.242757 -27.111757
   vertex -32.600000 6.818865 -27.286518
   vertex 32.600000 6.818865 -27.286518
  endloop
 endfacet
 facet normal 0 -0.290286 -0.95694
  outer loop
   vertex -32.600000 6.242757 -27.111757
   vertex 32.600000 6.818865 -27.286518
   vertex 32.600000 6.242757 -27.111757
  endloop
 endfacet
 facet normal -1 0 0
  outer loop
   vertex -32.600000 9.200000 -18.400000
   vertex -32.600000 6.818865 -27.286518
   vertex -32.600000 6.242757 -27.111757
  endloop
 endfacet
 facet normal 1 0 0
  outer loop
   vertex 32.600000 9.200000 -18.400000
   vertex 32.600000 6.242757 -27.111757
   vertex 32.600000 6.818865 -27.286518
  endloop
 endfacet
 facet normal 0 -0.227076 -0.973877
  outer loop
   vertex -32.600000 6.818865 -27.286518
   vertex -32.600000 7.405169 -27.423225
   vertex 32.600000 7.405169 -27.423225
  endloop
 endfacet
 facet normal 0 -0.227076 -0.973877
  outer loop
   vertex -32.600000 6.818865 -27.286518
   vertex 32.600000 7.405169 -27.423225
   vertex 32.600000 6.818865 -27.286518
  endloop
 endfacet
 facet normal -1 0 0
  outer loop
   vertex -32.600000 9.200000 -18.400000
   vertex -32.600000 7.405169 -27.423225
   vertex -32.600000 6.818865 -27.286518
  endloop
 endfacet
 facet normal 1 0 0
  outer loop
   vertex 32.600000 9.200000 -18.400000
   vertex 32.600000 6.818865 -27.286518
   vertex 32.600000 7.405169 -27.423225
  endloop
 endfacet
 facet normal 0 -0.162895 -0.986643
  outer loop
   vertex -32.600000 7.405169 -27.423225
   vertex -32.600000 7.999159 -27.521293
   vertex 32.600000 7.999159 -27.521293
  endloop
 endfacet
 facet normal 0 -0.162895 -0.986643
  outer loop
   vertex -32.600000 7.405169 -27.423225
   vertex 32.600000 7.999159 -27.521293
   vertex 32.600000 7.405169 -27.423225
  endloop
 endfacet
 facet normal -1 0 0
  outer loop
   vertex -32.600000 9.200000 -18.400000
   vertex -32.600000 7.999159 -27.521293
   vertex -32.600000 7.405169 -27.423225
  endloop
 endfacet
 facet normal 1 0 0
  outer loop
   vertex 32.600000 9.200000 -18.400000
   vertex 32.600000 7.405169 -27.423225
   vertex 32.600000 7.999159 -27.521293
  endloop
 endfacet
 facet normal 0 -0.0980166 -0.995185
  outer loop
   vertex -32.600000 7.999159 -27.521293
   vertex -32.600000 8.598291 -27.580302
   vertex 32.600000 8.598291 -27.580302
  endloop
 endfacet
 facet normal 0 -0.0980166 -0.995185
  outer loop
   vertex -32.600000 7.999159 -27.521293
   vertex 32.600000 8.598291 -27.580302
   vertex 32.600000 7.999159 -27.521293
  endloop
 endfacet
 facet normal -1 0 0
  outer loop
   vertex -32.600000 9.200000 -18.400000
   vertex -32.600000 8.598291 -27.580302
   vertex -32.600000 7.999159 -27.521293
  endloop
 endfacet
 facet normal 1 0 0
  outer loop
   vertex 32.600000 9.200000 -18.400000
   vertex 32.600000 7.999159 -27.521293
   vertex 32.600000 8.598291 -27.580302
  endloop
 endfacet
 facet normal 0 -0.0327192 -0.999465
  outer loop
   vertex -32.600000 8.598291 -27.580302
   vertex -32.600000 9.200000 -27.600000
   vertex 32.600000 9.200000 -27.600000
  endloop
 endfacet
 facet normal 0 -0.0327192 -0.999465
  outer loop
   vertex -32.600000 8.598291 -27.580302
   vertex 32.600000 9.200000 -27.600000
   vertex 32.600000 8.598291 -27.580302
  endloop
 endfacet
 facet normal -1 0 -0
  outer loop
   vertex -32.600000 9.200000 -18.400000
   vertex -32.600000 9.200000 -27.600000
   vertex -32.600000 8.598291 -27.580302
  endloop
 endfacet
 facet normal 1 0 0
  outer loop
   vertex 32.600000 9.200000 -18.400000
   vertex 32.600000 8.598291 -27.580302
   vertex 32.600000 9.200000 -27.600000
  endloop
 endfacet
 facet normal 0 0.0327192 -0.999465
  outer loop
   vertex -32.600000 9.200000 -27.600000
   vertex -32.600000 9.801709 -27.580302
   vertex 32.600000 9.801709 -27.580302
  endloop
 endfacet
 facet normal 0 0.0327192 -0.999465
  outer loop
   vertex -32.600000 9.200000 -27.600000
   vertex 32.600000 9.801709 -27.580302
   vertex 32.600000 9.200000 -27.600000
  endloop
 endfacet
 facet normal -1 0 0
  outer loop
   vertex -32.600000 9.200000 -18.400000
   vertex -32.600000 9.801709 -27.580302
   vertex -32.600000 9.200000 -27.600000
  endloop
 endfacet
 facet normal 1 0 0
  outer loop
   vertex 32.600000 9.200000 -18.400000
   vertex 32.600000 9.200000 -27.600000
   vertex 32.600000 9.801709 -27.580302
  endloop
 endfacet
 facet normal 0 0.0980166 -0.995185
  outer loop
   vertex -32.600000 9.801709 -27.580302
   vertex -32.600000 10.400841 -27.521293
   vertex 32.600000 10.400841 -27.521293
  endloop
 endfacet
 facet normal 0 0.0980166 -0.995185
  outer loop
   vertex -32.600000 9.801709 -27.580302
   vertex 32.600000 10.400841 -27.521293
   vertex 32.600000 9.801709 -27.580302
  endloop
 endfacet
 facet normal -1 0 0
  outer loop
   vertex -32.600000 9.200000 -18.400000
   vertex -32.600000 10.400841 -27.521293
   vertex -32.600000 9.801709 -27.580302
  endloop
 endfacet
 facet normal 1 0 0
  outer loop
   vertex 32.600000 9.200000 -18.400000
   vertex 32.600000 9.801709 -27.580302
   vertex 32.600000 10.400841 -27.521293
  endloop
 endfacet
 facet normal 0 0.162895 -0.986643
  outer loop
   vertex -32.600000 10.400841 -27.521293
   vertex -32.600000 10.994831 -27.423225
   vertex 32.600000 10.994831 -27.423225
  endloop
 endfacet
 facet normal 0 0.162895 -0.986643
  outer loop
   vertex -32.600000 10.400841 -27.521293
   vertex 32.600000 10.994831 -27.423225
   vertex 32.600000 10.400841 -27.521293
  endloop
 endfacet
 facet normal -1 0 0
  outer loop
   vertex -32.600000 9.200000 -18.400000
   vertex -32.600000 10.994831 -27.423225
   vertex -32.600000 10.400841 -27.521293
  endloop
 endfacet
 facet normal 1 0 0
  outer loop
   vertex 32.600000 9.200000 -18.400000
   vertex 32.600000 10.400841 -27.521293
   vertex 32.600000 10.994831 -27.423225
  endloop
 endfacet
 facet normal 0 0.227076 -0.973877
  outer loop
   vertex -32.600000 10.994831 -27.423225
   vertex -32.600000 11.581135 -27.286518
   vertex 32.600000 11.581135 -27.286518
  endloop
 endfacet
 facet normal 0 0.227076 -0.973877
  outer loop
   vertex -32.600000 10.994831 -27.423225
   vertex 32.600000 11.581135 -27.286518
   vertex 32.600000 10.994831 -27.423225
  endloop
 endfacet
 facet normal -1 0 0
  outer loop
   vertex -32.600000 9.200000 -18.400000
   vertex -32.600000 11.581135 -27.286518
   vertex -32.600000 10.994831 -27.423225
  endloop
 endfacet
 facet normal 1 0 0
  outer loop
   vertex 32.600000 9.200000 -18.400000
   vertex 32.600000 10.994831 -27.423225
   vertex 32.600000 11.581135 -27.286518
  endloop
 endfacet
 facet normal 0 0.290286 -0.95694
  outer loop
   vertex -32.600000 11.581135 -27.286518
   vertex -32.600000 12.157243 -27.111757
   vertex 32.600000 12.157243 -27.111757
  endloop
 endfacet
 facet normal 0 0.290286 -0.95694
  outer loop
   vertex -32.600000 11.581135 -27.286518
   vertex 32.600000 12.157243 -27.111757
   vertex 32.600000 11.581135 -27.286518
  endloop
 endfacet
 facet normal -1 0 0
  outer loop
   vertex -32.600000 9.200000 -18.400000
   vertex -32.600000 12.157243 -27.111757
   vertex -32.600000 11.581135 -27.286518
  endloop
 endfacet
 facet normal 1 0 0
  outer loop
   vertex 32.600000 9.200000 -18.400000
   vertex 32.600000 11.581135 -27.286518
   vertex 32.600000 12.157243 -27.111757
  endloop
 endfacet
 facet normal 0 0.352249 -0.935906
  outer loop
   vertex -32.600000 12.157243 -27.111757
   vertex -32.600000 12.720688 -26.899692
   vertex 32.600000 12.720688 -26.899692
  endloop
 endfacet
 facet normal 0 0.352249 -0.935906
  outer loop
   vertex -32.600000 12.157243 -27.111757
   vertex 32.600000 12.720688 -26.899692
   vertex 32.600000 12.157243 -27.111757
  endloop
 endfacet
 facet normal -1 0 0
  outer loop
   vertex -32.600000 9.200000 -18.400000
   vertex -32.600000 12.720688 -26.899692
   vertex -32.600000 12.157243 -27.111757
  endloop
 endfacet
 facet normal 1 0 0
  outer loop
   vertex 32.600000 9.200000 -18.400000
   vertex 32.600000 12.157243 -27.111757
   vertex 32.600000 12.720688 -26.899692
  endloop
 endfacet
 facet normal 0 0.412708 -0.910863
  outer loop
   vertex -32.600000 12.720688 -26.899692
   vertex -32.600000 13.269056 -26.651229
   vertex 32.600000 13.269056 -26.651229
  endloop
 endfacet
 facet normal 0 0.412708 -0.910863
  outer loop
   vertex -32.600000 12.720688 -26.899692
   vertex 32.600000 13.269056 -26.651229
   vertex 32.600000 12.720688 -26.899692
  endloop
 endfacet
 facet normal -1 0 0
  outer loop
   vertex -32.600000 9.200000 -18.400000
   vertex -32.600000 13.269056 -26.651229
   vertex -32.600000 12.720688 -26.899692
  endloop
 endfacet
 facet normal 1 0 0
  outer loop
   vertex 32.600000 9.200000 -18.400000
   vertex 32.600000 12.720688 -26.899692
   vertex 32.600000 13.269056 -26.651229
  endloop
 endfacet
 facet normal 0 0.471396 -0.881922
  outer loop
   vertex -32.600000 13.269056 -26.651229
   vertex -32.600000 13.800000 -26.367434
   vertex 32.600000 13.800000 -26.367434
  endloop
 endfacet
 facet normal 0 0.471396 -0.881922
  outer loop
   vertex -32.600000 13.269056 -26.651229
   vertex 32.600000 13.800000 -26.367434
   vertex 32.600000 13.269056 -26.651229
  endloop
 endfacet
 facet normal -1 0 0
  outer loop
   vertex -32.600000 9.200000 -18.400000
   vertex -32.600000 13.800000 -26.367434
   vertex -32.600000 13.269056 -26.651229
  endloop
 endfacet
 facet normal 1 0 0
  outer loop
   vertex 32.600000 9.200000 -18.400000
   vertex 32.600000 13.269056 -26.651229
   vertex 32.600000 13.800000 -26.367434
  endloop
 endfacet
 facet normal 0 0.528069 -0.849202
  outer loop
   vertex -32.600000 13.800000 -26.367434
   vertex -32.600000 14.311246 -26.049520
   vertex 32.600000 14.311246 -26.049520
  endloop
 endfacet
 facet normal 0 0.528069 -0.849202
  outer loop
   vertex -32.600000 13.800000 -26.367434
   vertex 32.600000 14.311246 -26.049520
   vertex 32.600000 13.800000 -26.367434
  endloop
 endfacet
 facet normal -1 0 0
  outer loop
   vertex -32.600000 9.200000 -18.400000
   vertex -32.600000 14.311246 -26.049520
   vertex -32.600000 13.800000 -26.367434
  endloop
 endfacet
 facet normal 1 0 0
  outer loop
   vertex 32.600000 9.200000 -18.400000
   vertex 32.600000 13.800000 -26.367434
   vertex 32.600000 14.311246 -26.049520
  endloop
 endfacet
 facet normal 0 0.582477 -0.812847
  outer loop
   vertex -32.600000 14.311246 -26.049520
   vertex -32.600000 14.800605 -25.698851
   vertex 32.600000 14.800605 -25.698851
  endloop
 endfacet
 facet normal 0 0.582477 -0.812847
  outer loop
   vertex -32.600000 14.311246 -26.049520
   vertex 32.600000 14.800605 -25.698851
   vertex 32.600000 14.311246 -26.049520
  endloop
 endfacet
 facet normal -1 0 0
  outer loop
   vertex -32.600000 9.200000 -18.400000
   vertex -32.600000 14.800605 -25.698851
   vertex -32.600000 14.311246 -26.049520
  endloop
 endfacet
 facet normal 1 0 0
  outer loop
   vertex 32.600000 9.200000 -18.400000
   vertex 32.600000 14.311246 -26.049520
   vertex 32.600000 14.800605 -25.698851
  endloop
 endfacet
 facet normal 0 0.634394 -0.77301
  outer loop
   vertex -32.600000 14.800605 -25.698851
   vertex -32.600000 15.265981 -25.316926
   vertex 32.600000 15.265981 -25.316926
  endloop
 endfacet
 facet normal 0 0.634394 -0.77301
  outer loop
   vertex -32.600000 14.800605 -25.698851
   vertex 32.600000 15.265981 -25.316926
   vertex 32.600000 14.800605 -25.698851
  endloop
 endfacet
 facet normal -1 0 0
  outer loop
   vertex -32.600000 9.200000 -18.400000
   vertex -32.600000 15.265981 -25.316926
   vertex -32.600000 14.800605 -25.698851
  endloop
 endfacet
 facet normal 1 0 0
  outer loop
   vertex 32.600000 9.200000 -18.400000
   vertex 32.600000 14.800605 -25.698851
   vertex 32.600000 15.265981 -25.316926
  endloop
 endfacet
 facet normal 0 0.683592 -0.729864
  outer loop
   vertex -32.600000 15.265981 -25.316926
   vertex -32.600000 15.705382 -24.905382
   vertex 32.600000 15.705382 -24.905382
  endloop
 endfacet
 facet normal 0 0.683592 -0.729864
  outer loop
   vertex -32.600000 15.265981 -25.316926
   vertex 32.600000 15.705382 -24.905382
   vertex 32.600000 15.265981 -25.316926
  endloop
 endfacet
 facet normal -1 0 0
  outer loop
   vertex -32.600000 9.200000 -18.400000
   vertex -32.600000 15.705382 -24.905382
   vertex -32.600000 15.265981 -25.316926
  endloop
 endfacet
 facet normal 1 0 0
  outer loop
   vertex 32.600000 9.200000 -18.400000
   vertex 32.600000 15.265981 -25.316926
   vertex 32.600000 15.705382 -24.905382
  endloop
 endfacet
 facet normal 0 0.729864 -0.683592
  outer loop
   vertex -32.600000 15.705382 -24.905382
   vertex -32.600000 16.116926 -24.465981
   vertex 32.600000 16.116926 -24.465981
  endloop
 endfacet
 facet normal 0 0.729864 -0.683592
  outer loop
   vertex -32.600000 15.705382 -24.905382
   vertex 32.600000 16.116926 -24.465981
   vertex 32.600000 15.705382 -24.905382
  endloop
 endfacet
 facet normal -1 0 0
  outer loop
   vertex -32.600000 9.200000 -18.400000
   vertex -32.600000 16.116926 -24.465981
   vertex -32.600000 15.705382 -24.905382
  endloop
 endfacet
 facet normal 1 0 0
  outer loop
   vertex 32.600000 9.200000 -18.400000
   vertex 32.600000 15.705382 -24.905382
   vertex 32.600000 16.116926 -24.465981
  endloop
 endfacet
 facet normal 0 0.77301 -0.634394
  outer loop
   vertex -32.600000 16.116926 -24.465981
   vertex -32.600000 16.498851 -24.000605
   vertex 32.600000 16.498851 -24.000605
  endloop
 endfacet
 facet normal 0 0.77301 -0.634394
  outer loop
   vertex -32.600000 16.116926 -24.465981
   vertex 32.600000 16.498851 -24.000605
   vertex 32.600000 16.116926 -24.465981
  endloop
 endfacet
 facet normal -1 0 0
  outer loop
   vertex -32.600000 9.200000 -18.400000
   vertex -32.600000 16.498851 -24.000605
   vertex -32.600000 16.116926 -24.465981
  endloop
 endfacet
 facet normal 1 0 0
  outer loop
   vertex 32.600000 9.200000 -18.400000
   vertex 32.600000 16.116926 -24.465981
   vertex 32.600000 16.498851 -24.000605
  endloop
 endfacet
 facet normal 0 0.812847 -0.582477
  outer loop
   vertex -32.600000 16.498851 -24.000605
   vertex -32.600000 16.849520 -23.511246
   vertex 32.600000 16.849520 -23.511246
  endloop
 endfacet
 facet normal 0 0.812847 -0.582477
  outer loop
   vertex -32.600000 16.498851 -24.000605
   vertex 32.600000 16.849520 -23.511246
   vertex 32.600000 16.498851 -24.000605
  endloop
 endfacet
 facet normal -1 0 0
  outer loop
   vertex -32.600000 9.200000 -18.400000
   vertex -32.600000 16.849520 -23.511246
   vertex -32.600000 16.498851 -24.000605
  endloop
 endfacet
 facet normal 1 0 0
  outer loop
   vertex 32.600000 9.200000 -18.400000
   vertex 32.600000 16.498851 -24.000605
   vertex 32.600000 16.849520 -23.511246
  endloop
 endfacet
 facet normal 0 0.849202 -0.528069
  outer loop
   vertex -32.600000 16.849520 -23.511246
   vertex -32.600000 17.167434 -23.000000
   vertex 32.600000 17.167434 -23.000000
  endloop
 endfacet
 facet normal 0 0.849202 -0.528069
  outer loop
   vertex -32.600000 16.849520 -23.511246
   vertex 32.600000 17.167434 -23.000000
   vertex 32.600000 16.849520 -23.511246
  endloop
 endfacet
 facet normal -1 0 0
  outer loop
   vertex -32.600000 9.200000 -18.400000
   vertex -32.600000 17.167434 -23.000000
   vertex -32.600000 16.849520 -23.511246
  endloop
 endfacet
 facet normal 1 0 0
  outer loop
   vertex 32.600000 9.200000 -18.400000
   vertex 32.600000 16.849520 -23.511246
   vertex 32.600000 17.167434 -23.000000
  endloop
 endfacet
 facet normal 0 0.881922 -0.471396
  outer loop
   vertex -32.600000 17.167434 -23.000000
   vertex -32.600000 17.451229 -22.469056
   vertex 32.600000 17.451229 -22.469056
  endloop
 endfacet
 facet normal 0 0.881922 -0.471396
  outer loop
   vertex -32.600000 17.167434 -23.000000
   vertex 32.600000 17.451229 -22.469056
   vertex 32.600000 17.167434 -23.000000
  endloop
 endfacet
 facet normal -1 0 0
  outer loop
   vertex -32.600000 9.200000 -18.400000
   vertex -32.600000 17.451229 -22.469056
   vertex -32.600000 17.167434 -23.000000
  endloop
 endfacet
 facet normal 1 0 0
  outer loop
   vertex 32.600000 9.200000 -18.400000
   vertex 32.600000 17.167434 -23.000000
   vertex 32.600000 17.451229 -22.469056
  endloop
 endfacet
 facet normal 0 0.910863 -0.412708
  outer loop
   vertex -32.600000 17.451229 -22.469056
   vertex -32.600000 17.699692 -21.920688
   vertex 32.600000 17.699692 -21.920688
  endloop
 endfacet
 facet normal 0 0.910863 -0.412708
  outer loop
   vertex -32.600000 17.451229 -22.469056
   vertex 32.600000 17.699692 -21.920688
   vertex 32.600000 17.451229 -22.469056
  endloop
 endfacet
 facet normal -1 0 0
  outer loop
   vertex -32.600000 9.200000 -18.400000
   vertex -32.600000 17.699692 -21.920688
   vertex -32.600000 17.451229 -22.469056
  endloop
 endfacet
 facet normal 1 0 0
  outer loop
   vertex 32.600000 9.200000 -18.400000
   vertex 32.600000 17.451229 -22.469056
   vertex 32.600000 17.699692 -21.920688
  endloop
 endfacet
 facet normal 0 0.935906 -0.352249
  outer loop
   vertex -32.600000 17.699692 -21.920688
   vertex -32.600000 17.911757 -21.357243
   vertex 32.600000 17.911757 -21.357243
  endloop
 endfacet
 facet normal 0 0.935906 -0.352249
  outer loop
   vertex -32.600000 17.699692 -21.920688
   vertex 32.600000 17.911757 -21.357243
   vertex 32.600000 17.699692 -21.920688
  endloop
 endfacet
 facet normal -1 0 0
  outer loop
   vertex -32.600000 9.200000 -18.400000
   vertex -32.600000 17.911757 -21.357243
   vertex -32.600000 17.699692 -21.920688
  endloop
 endfacet
 facet normal 1 0 0
  outer loop
   vertex 32.600000 9.200000 -18.400000
   vertex 32.600000 17.699692 -21.920688
   vertex 32.600000 17.911757 -21.357243
  endloop
 endfacet
 facet normal 0 0.95694 -0.290286
  outer loop
   vertex -32.600000 17.911757 -21.357243
   vertex -32.600000 18.086518 -20.781135
   vertex 32.600000 18.086518 -20.781135
  endloop
 endfacet
 facet normal 0 0.95694 -0.290286
  outer loop
   vertex -32.600000 17.911757 -21.357243
   vertex 32.600000 18.086518 -20.781135
   vertex 32.600000 17.911757 -21.357243
  endloop
 endfacet
 facet normal -1 0 0
  outer loop
   vertex -32.600000 9.200000 -18.400000
   vertex -32.600000 18.086518 -20.781135
   vertex -32.600000 17.911757 -21.357243
  endloop
 endfacet
 facet normal 1 0 0
  outer loop
   vertex 32.600000 9.200000 -18.400000
   vertex 32.600000 17.911757 -21.357243
   vertex 32.600000 18.086518 -20.781135
  endloop
 endfacet
 facet normal 0 0.973877 -0.227076
  outer loop
   vertex -32.600000 18.086518 -20.781135
   vertex -32.600000 18.223225 -20.194831
   vertex 32.600000 18.223225 -20.194831
  endloop
 endfacet
 facet normal 0 0.973877 -0.227076
  outer loop
   vertex -32.600000 18.086518 -20.781135
   vertex 32.600000 18.223225 -20.194831
   vertex 32.600000 18.086518 -20.781135
  endloop
 endfacet
 facet normal -1 0 0
  outer loop
   vertex -32.600000 9.200000 -18.400000
   vertex -32.600000 18.223225 -20.194831
   vertex -32.600000 18.086518 -20.781135
  endloop
 endfacet
 facet normal 1 0 0
  outer loop
   vertex 32.600000 9.200000 -18.400000
   vertex 32.600000 18.086518 -20.781135
   vertex 32.600000 18.223225 -20.194831
  endloop
 endfacet
 facet normal 0 0.986643 -0.162895
  outer loop
   vertex -32.600000 18.223225 -20.194831
   vertex -32.600000 18.321293 -19.600841
   vertex 32.600000 18.321293 -19.600841
  endloop
 endfacet
 facet normal 0 0.986643 -0.162895
  outer loop
   vertex -32.600000 18.223225 -20.194831
   vertex 32.600000 18.321293 -19.600841
   vertex 32.600000 18.223225 -20.194831
  endloop
 endfacet
 facet normal -1 0 0
  outer loop
   vertex -32.600000 9.200000 -18.400000
   vertex -32.600000 18.321293 -19.600841
   vertex -32.600000 18.223225 -20.194831
  endloop
 endfacet
 facet normal 1 0 0
  outer loop
   vertex 32.600000 9.200000 -18.400000
   vertex 32.600000 18.223225 -20.194831
   vertex 32.600000 18.321293 -19.600841
  endloop
 endfacet
 facet normal 0 0.995185 -0.0980166
  outer loop
   vertex -32.600000 18.321293 -19.600841
   vertex -32.600000 18.380302 -19.001709
   vertex 32.600000 18.380302 -19.001709
  endloop
 endfacet
 facet normal 0 0.995185 -0.0980166
  outer loop
   vertex -32.600000 18.321293 -19.600841
   vertex 32.600000 18.380302 -19.001709
   vertex 32.600000 18.321293 -19.600841
  endloop
 endfacet
 facet normal -1 0 0
  outer loop
   vertex -32.600000 9.200000 -18.400000
   vertex -32.600000 18.380302 -19.001709
   vertex -32.600000 18.321293 -19.600841
  endloop
 endfacet
 facet normal 1 0 0
  outer loop
   vertex 32.600000 9.200000 -18.400000
   vertex 32.600000 18.321293 -19.600841
   vertex 32.600000 18.380302 -19.001709
  endloop
 endfacet
 facet normal 0 0.999465 -0.0327192
  outer loop
   vertex -32.600000 18.380302 -19.001709
   vertex -32.600000 18.400000 -18.400000
   vertex 32.600000 18.400000 -18.400000
  endloop
 endfacet
 facet normal 0 0.999465 -0.0327192
  outer loop
   vertex -32.600000 18.380302 -19.001709
   vertex 32.600000 18.400000 -18.400000
   vertex 32.600000 18.380302 -19.001709
  endloop
 endfacet
 facet normal -1 0 0
  outer loop
   vertex -32.600000 9.200000 -18.400000
   vertex -32.600000 18.400000 -18.400000
   vertex -32.600000 18.380302 -19.001709
  endloop
 endfacet
 facet normal 1 -0 0
  outer loop
   vertex 32.600000 9.200000 -18.400000
   vertex 32.600000 18.380302 -19.001709
   vertex 32.600000 18.400000 -18.400000
  endloop
 endfacet
 facet normal 0 0.999465 0.0327192
  outer loop
   vertex -32.600000 18.400000 0.000000
   vertex -32.600000 18.380302 0.601709
   vertex 32.600000 18.380302 0.601709
  endloop
 endfacet
 facet normal -0 0.999465 0.0327192
  outer loop
   vertex -32.600000 18.400000 0.000000
   vertex 32.600000 18.380302 0.601709
   vertex 32.600000 18.400000 0.000000
  endloop
 endfacet
 facet normal -1 0 0
  outer loop
   vertex -32.600000 9.200000 0.000000
   vertex -32.600000 18.380302 0.601709
   vertex -32.600000 18.400000 0.000000
  endloop
 endfacet
 facet normal 1 0 0
  outer loop
   vertex 32.600000 9.200000 0.000000
   vertex 32.600000 18.400000 0.000000
   vertex 32.600000 18.380302 0.601709
  endloop
 endfacet
 facet normal 0 0.995185 0.0980166
  outer loop
   vertex -32.600000 18.380302 0.601709
   vertex -32.600000 18.321293 1.200841
   vertex 32.600000 18.321293 1.200841
  endloop
 endfacet
 facet normal -0 0.995185 0.0980166
  outer loop
   vertex -32.600000 18.380302 0.601709
   vertex 32.600000 18.321293 1.200841
   vertex 32.600000 18.380302 0.601709
  endloop
 endfacet
 facet normal -1 0 0
  outer loop
   vertex -32.600000 9.200000 0.000000
   vertex -32.600000 18.321293 1.200841
   vertex -32.600000 18.380302 0.601709
  endloop
 endfacet
 facet normal 1 0 0
  outer loop
   vertex 32.600000 9.200000 0.000000
   vertex 32.600000 18.380302 0.601709
   vertex 32.600000 18.321293 1.200841
  endloop
 endfacet
 facet normal 0 0.986643 0.162895
  outer loop
   vertex -32.600000 18.321293 1.200841
   vertex -32.600000 18.223225 1.794831
   vertex 32.600000 18.223225 1.794831
  endloop
 endfacet
 facet normal -0 0.986643 0.162895
  outer loop
   vertex -32.600000 18.321293 1.200841
   vertex 32.600000 18.223225 1.794831
   vertex 32.600000 18.321293 1.200841
  endloop
 endfacet
 facet normal -1 0 0
  outer loop
   vertex -32.600000 9.200000 0.000000
   vertex -32.600000 18.223225 1.794831
   vertex -32.600000 18.321293 1.200841
  endloop
 endfacet
 facet normal 1 0 0
  outer loop
   vertex 32.600000 9.200000 0.000000
   vertex 32.600000 18.321293 1.200841
   vertex 32.600000 18.223225 1.794831
  endloop
 endfacet
 facet normal 0 0.973877 0.227076
  outer loop
   vertex -32.600000 18.223225 1.794831
   vertex -32.600000 18.086518 2.381135
   vertex 32.600000 18.086518 2.381135
  endloop
 endfacet
 facet normal -0 0.973877 0.227076
  outer loop
   vertex -32.600000 18.223225 1.794831
   vertex 32.600000 18.086518 2.381135
   vertex 32.600000 18.223225 1.794831
  endloop
 endfacet
 facet normal -1 0 0
  outer loop
   vertex -32.600000 9.200000 0.000000
   vertex -32.600000 18.086518 2.381135
   vertex -32.600000 18.223225 1.794831
  endloop
 endfacet
 facet normal 1 0 0
  outer loop
   vertex 32.600000 9.200000 0.000000
   vertex 32.600000 18.223225 1.794831
   vertex 32.600000 18.086518 2.381135
  endloop
 endfacet
 facet normal 0 0.95694 0.290286
  outer loop
   vertex -32.600000 18.086518 2.381135
   vertex -32.600000 17.911757 2.957243
   vertex 32.600000 17.911757 2.957243
  endloop
 endfacet
 facet normal -0 0.95694 0.290286
  outer loop
   vertex -32.600000 18.086518 2.381135
   vertex 32.600000 17.911757 2.957243
   vertex 32.600000 18.086518 2.381135
  endloop
 endfacet
 facet normal -1 0 0
  outer loop
   vertex -32.600000 9.200000 0.000000
   vertex -32.600000 17.911757 2.957243
   vertex -32.600000 18.086518 2.381135
  endloop
 endfacet
 facet normal 1 0 0
  outer loop
   vertex 32.600000 9.200000 0.000000
   vertex 32.600000 18.086518 2.381135
   vertex 32.600000 17.911757 2.957243
  endloop
 endfacet
 facet normal 0 0.935906 0.352249
  outer loop
   vertex -32.600000 17.911757 2.957243
   vertex -32.600000 17.699692 3.520688
   vertex 32.600000 17.699692 3.520688
  endloop
 endfacet
 facet normal -0 0.935906 0.352249
  outer loop
   vertex -32.600000 17.911757 2.957243
   vertex 32.600000 17.699692 3.520688
   vertex 32.600000 17.911757 2.957243
  endloop
 endfacet
 facet normal -1 0 0
  outer loop
   vertex -32.600000 9.200000 0.000000
   vertex -32.600000 17.699692 3.520688
   vertex -32.600000 17.911757 2.957243
  endloop
 endfacet
 facet normal 1 0 0
  outer loop
   vertex 32.600000 9.200000 0.000000
   vertex 32.600000 17.911757 2.957243
   vertex 32.600000 17.699692 3.520688
  endloop
 endfacet
 facet normal 0 0.910863 0.412708
  outer loop
   vertex -32.600000 17.699692 3.520688
   vertex -32.600000 17.451229 4.069056
   vertex 32.600000 17.451229 4.069056
  endloop
 endfacet
 facet normal -0 0.910863 0.412708
  outer loop
   vertex -32.600000 17.699692 3.520688
   vertex 32.600000 17.451229 4.069056
   vertex 32.600000 17.699692 3.520688
  endloop
 endfacet
 facet normal -1 0 0
  outer loop
   vertex -32.600000 9.200000 0.000000
   vertex -32.600000 17.451229 4.069056
   vertex -32.600000 17.699692 3.520688
  endloop
 endfacet
 facet normal 1 0 0
  outer loop
   vertex 32.600000 9.200000 0.000000
   vertex 32.600000 17.699692 3.520688
   vertex 32.600000 17.451229 4.069056
  endloop
 endfacet
 facet normal 0 0.881922 0.471396
  outer loop
   vertex -32.600000 17.451229 4.069056
   vertex -32.600000 17.167434 4.600000
   vertex 32.600000 17.167434 4.600000
  endloop
 endfacet
 facet normal -0 0.881922 0.471396
  outer loop
   vertex -32.600000 17.451229 4.069056
   vertex 32.600000 17.167434 4.600000
   vertex 32.600000 17.451229 4.069056
  endloop
 endfacet
 facet normal -1 0 0
  outer loop
   vertex -32.600000 9.200000 0.000000
   vertex -32.600000 17.167434 4.600000
   vertex -32.600000 17.451229 4.069056
  endloop
 endfacet
 facet normal 1 0 0
  outer loop
   vertex 32.600000 9.200000 0.000000
   vertex 32.600000 17.451229 4.069056
   vertex 32.600000 17.167434 4.600000
  endloop
 endfacet
 facet normal 0 0.849202 0.528069
  outer loop
   vertex -32.600000 17.167434 4.600000
   vertex -32.600000 16.849520 5.111246
   vertex 32.600000 16.849520 5.111246
  endloop
 endfacet
 facet normal -0 0.849202 0.528069
  outer loop
   vertex -32.600000 17.167434 4.600000
   vertex 32.600000 16.849520 5.111246
   vertex 32.600000 17.167434 4.600000
  endloop
 endfacet
 facet normal -1 0 0
  outer loop
   vertex -32.600000 9.200000 0.000000
   vertex -32.600000 16.849520 5.111246
   vertex -32.600000 17.167434 4.600000
  endloop
 endfacet
 facet normal 1 0 0
  outer loop
   vertex 32.600000 9.200000 0.000000
   vertex 32.600000 17.167434 4.600000
   vertex 32.600000 16.849520 5.111246
  endloop
 endfacet
 facet normal 0 0.812847 0.582477
  outer loop
   vertex -32.600000 16.849520 5.111246
   vertex -32.600000 16.498851 5.600605
   vertex 32.600000 16.498851 5.600605
  endloop
 endfacet
 facet normal -0 0.812847 0.582477
  outer loop
   vertex -32.600000 16.849520 5.111246
   vertex 32.600000 16.498851 5.600605
   vertex 32.600000 16.849520 5.111246
  endloop
 endfacet
 facet normal -1 0 0
  outer loop
   vertex -32.600000 9.200000 0.000000
   vertex -32.600000 16.498851 5.600605
   vertex -32.600000 16.849520 5.111246
  endloop
 endfacet
 facet normal 1 0 0
  outer loop
   vertex 32.600000 9.200000 0.000000
   vertex 32.600000 16.849520 5.111246
   vertex 32.600000 16.498851 5.600605
  endloop
 endfacet
 facet normal 0 0.77301 0.634394
  outer loop
   vertex -32.600000 16.498851 5.600605
   vertex -32.600000 16.116926 6.065981
   vertex 32.600000 16.116926 6.065981
  endloop
 endfacet
 facet normal -0 0.77301 0.634394
  outer loop
   vertex -32.600000 16.498851 5.600605
   vertex 32.600000 16.116926 6.065981
   vertex 32.600000 16.498851 5.600605
  endloop
 endfacet
 facet normal -1 0 0
  outer loop
   vertex -32.600000 9.200000 0.000000
   vertex -32.600000 16.116926 6.065981
   vertex -32.600000 16.498851 5.600605
  endloop
 endfacet
 facet normal 1 0 0
  outer loop
   vertex 32.600000 9.200000 0.000000
   vertex 32.600000 16.498851 5.600605
   vertex 32.600000 16.116926 6.065981
  endloop
 endfacet
 facet normal 0 0.729864 0.683592
  outer loop
   vertex -32.600000 16.116926 6.065981
   vertex -32.600000 15.705382 6.505382
   vertex 32.600000 15.705382 6.505382
  endloop
 endfacet
 facet normal -0 0.729864 0.683592
  outer loop
   vertex -32.600000 16.116926 6.065981
   vertex 32.600000 15.705382 6.505382
   vertex 32.600000 16.116926 6.065981
  endloop
 endfacet
 facet normal -1 0 0
  outer loop
   vertex -32.600000 9.200000 0.000000
   vertex -32.600000 15.705382 6.505382
   vertex -32.600000 16.116926 6.065981
  endloop
 endfacet
 facet normal 1 0 0
  outer loop
   vertex 32.600000 9.200000 0.000000
   vertex 32.600000 16.116926 6.065981
   vertex 32.600000 15.705382 6.505382
  endloop
 endfacet
 facet normal 0 0.683592 0.729864
  outer loop
   vertex -32.600000 15.705382 6.505382
   vertex -32.600000 15.265981 6.916926
   vertex 32.600000 15.265981 6.916926
  endloop
 endfacet
 facet normal -0 0.683592 0.729864
  outer loop
   vertex -32.600000 15.705382 6.505382
   vertex 32.600000 15.265981 6.916926
   vertex 32.600000 15.705382 6.505382
  endloop
 endfacet
 facet normal -1 0 0
  outer loop
   vertex -32.600000 9.200000 0.000000
   vertex -32.600000 15.265981 6.916926
   vertex -32.600000 15.705382 6.505382
  endloop
 endfacet
 facet normal 1 0 0
  outer loop
   vertex 32.600000 9.200000 0.000000
   vertex 32.600000 15.705382 6.505382
   vertex 32.600000 15.265981 6.916926
  endloop
 endfacet
 facet normal 0 0.634394 0.77301
  outer loop
   vertex -32.600000 15.265981 6.916926
   vertex -32.600000 14.800605 7.298851
   vertex 32.600000 14.800605 7.298851
  endloop
 endfacet
 facet normal -0 0.634394 0.77301
  outer loop
   vertex -32.600000 15.265981 6.916926
   vertex 32.600000 14.800605 7.298851
   vertex 32.600000 15.265981 6.916926
  endloop
 endfacet
 facet normal -1 0 0
  outer loop
   vertex -32.600000 9.200000 0.000000
   vertex -32.600000 14.800605 7.298851
   vertex -32.600000 15.265981 6.916926
  endloop
 endfacet
 facet normal 1 0 0
  outer loop
   vertex 32.600000 9.200000 0.000000
   vertex 32.600000 15.265981 6.916926
   vertex 32.600000 14.800605 7.298851
  endloop
 endfacet
 facet normal 0 0.582477 0.812847
  outer loop
   vertex -32.600000 14.800605 7.298851
   vertex -32.600000 14.311246 7.649520
   vertex 32.600000 14.311246 7.649520
  endloop
 endfacet
 facet normal -0 0.582477 0.812847
  outer loop
   vertex -32.600000 14.800605 7.298851
   vertex 32.600000 14.311246 7.649520
   vertex 32.600000 14.800605 7.298851
  endloop
 endfacet
 facet normal -1 0 0
  outer loop
   vertex -32.600000 9.200000 0.000000
   vertex -32.600000 14.311246 7.649520
   vertex -32.600000 14.800605 7.298851
  endloop
 endfacet
 facet normal 1 0 0
  outer loop
   vertex 32.600000 9.200000 0.000000
   vertex 32.600000 14.800605 7.298851
   vertex 32.600000 14.311246 7.649520
  endloop
 endfacet
 facet normal 0 0.528069 0.849202
  outer loop
   vertex -32.600000 14.311246 7.649520
   vertex -32.600000 13.800000 7.967434
   vertex 32.600000 13.800000 7.967434
  endloop
 endfacet
 facet normal -0 0.528069 0.849202
  outer loop
   vertex -32.600000 14.311246 7.649520
   vertex 32.600000 13.800000 7.967434
   vertex 32.600000 14.311246 7.649520
  endloop
 endfacet
 facet normal -1 0 0
  outer loop
   vertex -32.600000 9.200000 0.000000
   vertex -32.600000 13.800000 7.967434
   vertex -32.600000 14.311246 7.649520
  endloop
 endfacet
 facet normal 1 0 0
  outer loop
   vertex 32.600000 9.200000 0.000000
   vertex 32.600000 14.311246 7.649520
   vertex 32.600000 13.800000 7.967434
  endloop
 endfacet
 facet normal 0 0.471396 0.881922
  outer loop
   vertex -32.600000 13.800000 7.967434
   vertex -32.600000 13.269056 8.251229
   vertex 32.600000 13.269056 8.251229
  endloop
 endfacet
 facet normal -0 0.471396 0.881922
  outer loop
   vertex -32.600000 13.800000 7.967434
   vertex 32.600000 13.269056 8.251229
   vertex 32.600000 13.800000 7.967434
  endloop
 endfacet
 facet normal -1 0 0
  outer loop
   vertex -32.600000 9.200000 0.000000
   vertex -32.600000 13.269056 8.251229
   vertex -32.600000 13.800000 7.967434
  endloop
 endfacet
 facet normal 1 0 0
  outer loop
   vertex 32.600000 9.200000 0.000000
   vertex 32.600000 13.800000 7.967434
   vertex 32.600000 13.269056 8.251229
  endloop
 endfacet
 facet normal 0 0.412708 0.910863
  outer loop
   vertex -32.600000 13.269056 8.251229
   vertex -32.600000 12.720688 8.499692
   vertex 32.600000 12.720688 8.499692
  endloop
 endfacet
 facet normal -0 0.412708 0.910863
  outer loop
   vertex -32.600000 13.269056 8.251229
   vertex 32.600000 12.720688 8.499692
   vertex 32.600000 13.269056 8.251229
  endloop
 endfacet
 facet normal -1 0 0
  outer loop
   vertex -32.600000 9.200000 0.000000
   vertex -32.600000 12.720688 8.499692
   vertex -32.600000 13.269056 8.251229
  endloop
 endfacet
 facet normal 1 0 0
  outer loop
   vertex 32.600000 9.200000 0.000000
   vertex 32.600000 13.269056 8.251229
   vertex 32.600000 12.720688 8.499692
  endloop
 endfacet
 facet normal 0 0.352249 0.935906
  outer loop
   vertex -32.600000 12.720688 8.499692
   vertex -32.600000 12.157243 8.711757
   vertex 32.600000 12.157243 8.711757
  endloop
 endfacet
 facet normal -0 0.352249 0.935906
  outer loop
   vertex -32.600000 12.720688 8.499692
   vertex 32.600000 12.157243 8.711757
   vertex 32.600000 12.720688 8.499692
  endloop
 endfacet
 facet normal -1 0 0
  outer loop
   vertex -32.600000 9.200000 0.000000
   vertex -32.600000 12.157243 8.711757
   vertex -32.600000 12.720688 8.499692
  endloop
 endfacet
 facet normal 1 0 0
  outer loop
   vertex 32.600000 9.200000 0.000000
   vertex 32.600000 12.720688 8.499692
   vertex 32.600000 12.157243 8.711757
  endloop
 endfacet
 facet normal 0 0.290286 0.95694
  outer loop
   vertex -32.600000 12.157243 8.711757
   vertex -32.600000 11.581135 8.886518
   vertex 32.600000 11.581135 8.886518
  endloop
 endfacet
 facet normal -0 0.290286 0.95694
  outer loop
   vertex -32.600000 12.157243 8.711757
   vertex 32.600000 11.581135 8.886518
   vertex 32.600000 12.157243 8.711757
  endloop
 endfacet
 facet normal -1 0 0
  outer loop
   vertex -32.600000 9.200000 0.000000
   vertex -32.600000 11.581135 8.886518
   vertex -32.600000 12.157243 8.711757
  endloop
 endfacet
 facet normal 1 0 0
  outer loop
   vertex 32.600000 9.200000 0.000000
   vertex 32.600000 12.157243 8.711757
   vertex 32.600000 11.581135 8.886518
  endloop
 endfacet
 facet normal 0 0.227076 0.973877
  outer loop
   vertex -32.600000 11.581135 8.886518
   vertex -32.600000 10.994831 9.023225
   vertex 32.600000 10.994831 9.023225
  endloop
 endfacet
 facet normal -0 0.227076 0.973877
  outer loop
   vertex -32.600000 11.581135 8.886518
   vertex 32.600000 10.994831 9.023225
   vertex 32.600000 11.581135 8.886518
  endloop
 endfacet
 facet normal -1 0 0
  outer loop
   vertex -32.600000 9.200000 0.000000
   vertex -32.600000 10.994831 9.023225
   vertex -32.600000 11.581135 8.886518
  endloop
 endfacet
 facet normal 1 0 0
  outer loop
   vertex 32.600000 9.200000 0.000000
   vertex 32.600000 11.581135 8.886518
   vertex 32.600000 10.994831 9.023225
  endloop
 endfacet
 facet normal 0 0.162895 0.986643
  outer loop
   vertex -32.600000 10.994831 9.023225
   vertex -32.600000 10.400841 9.121293
   vertex 32.600000 10.400841 9.121293
  endloop
 endfacet
 facet normal -0 0.162895 0.986643
  outer loop
   vertex -32.600000 10.994831 9.023225
   vertex 32.600000 10.400841 9.121293
   vertex 32.600000 10.994831 9.023225
  endloop
 endfacet
 facet normal -1 0 0
  outer loop
   vertex -32.600000 9.200000 0.000000
   vertex -32.600000 10.400841 9.121293
   vertex -32.600000 10.994831 9.023225
  endloop
 endfacet
 facet normal 1 0 0
  outer loop
   vertex 32.600000 9.200000 0.000000
   vertex 32.600000 10.994831 9.023225
   vertex 32.600000 10.400841 9.121293
  endloop
 endfacet
 facet normal 0 0.0980166 0.995185
  outer loop
   vertex -32.600000 10.400841 9.121293
   vertex -32.600000 9.801709 9.180302
   vertex 32.600000 9.801709 9.180302
  endloop
 endfacet
 facet normal -0 0.0980166 0.995185
  outer loop
   vertex -32.600000 10.400841 9.121293
   vertex 32.600000 9.801709 9.180302
   vertex 32.600000 10.400841 9.121293
  endloop
 endfacet
 facet normal -1 0 0
  outer loop
   vertex -32.600000 9.200000 0.000000
   vertex -32.600000 9.801709 9.180302
   vertex -32.600000 10.400841 9.121293
  endloop
 endfacet
 facet normal 1 0 0
  outer loop
   vertex 32.600000 9.200000 0.000000
   vertex 32.600000 10.400841 9.121293
   vertex 32.600000 9.801709 9.180302
  endloop
 endfacet
 facet normal 0 0.0327192 0.999465
  outer loop
   vertex -32.600000 9.801709 9.180302
   vertex -32.600000 9.200000 9.200000
   vertex 32.600000 9.200000 9.200000
  endloop
 endfacet
 facet normal -0 0.0327192 0.999465
  outer loop
   vertex -32.600000 9.801709 9.180302
   vertex 32.600000 9.200000 9.200000
   vertex 32.600000 9.801709 9.180302
  endloop
 endfacet
 facet normal -1 0 0
  outer loop
   vertex -32.600000 9.200000 0.000000
   vertex -32.600000 9.200000 9.200000
   vertex -32.600000 9.801709 9.180302
  endloop
 endfacet
 facet normal 1 0 0
  outer loop
   vertex 32.600000 9.200000 0.000000
   vertex 32.600000 9.801709 9.180302
   vertex 32.600000 9.200000 9.200000
  endloop
 endfacet
 facet normal 0 -0.0327192 0.999465
  outer loop
   vertex -32.600000 9.200000 9.200000
   vertex -32.600000 8.598291 9.180302
   vertex 32.600000 8.598291 9.180302
  endloop
 endfacet
 facet normal 0 -0.0327192 0.999465
  outer loop
   vertex -32.600000 9.200000 9.200000
   vertex 32.600000 8.598291 9.180302
   vertex 32.600000 9.200000 9.200000
  endloop
 endfacet
 facet normal -1 0 0
  outer loop
   vertex -32.600000 9.200000 0.000000
   vertex -32.600000 8.598291 9.180302
   vertex -32.600000 9.200000 9.200000
  endloop
 endfacet
 facet normal 1 0 -0
  outer loop
   vertex 32.600000 9.200000 0.000000
   vertex 32.600000 9.200000 9.200000
   vertex 32.600000 8.598291 9.180302
  endloop
 endfacet
 facet normal 0 -0.0980166 0.995185
  outer loop
   vertex -32.600000 8.598291 9.180302
   vertex -32.600000 7.999159 9.121293
   vertex 32.600000 7.999159 9.121293
  endloop
 endfacet
 facet normal 0 -0.0980166 0.995185
  outer loop
   vertex -32.600000 8.598291 9.180302
   vertex 32.600000 7.999159 9.121293
   vertex 32.600000 8.598291 9.180302
  endloop
 endfacet
 facet normal -1 0 0
  outer loop
   vertex -32.600000 9.200000 0.000000
   vertex -32.600000 7.999159 9.121293
   vertex -32.600000 8.598291 9.180302
  endloop
 endfacet
 facet normal 1 0 0
  outer loop
   vertex 32.600000 9.200000 0.000000
   vertex 32.600000 8.598291 9.180302
   vertex 32.600000 7.999159 9.121293
  endloop
 endfacet
 facet normal 0 -0.162895 0.986643
  outer loop
   vertex -32.600000 7.999159 9.121293
   vertex -32.600000 7.405169 9.023225
   vertex 32.600000 7.405169 9.023225
  endloop
 endfacet
 facet normal 0 -0.162895 0.986643
  outer loop
   vertex -32.600000 7.999159 9.121293
   vertex 32.600000 7.405169 9.023225
   vertex 32.600000 7.999159 9.121293
  endloop
 endfacet
 facet normal -1 0 0
  outer loop
   vertex -32.600000 9.200000 0.000000
   vertex -32.600000 7.405169 9.023225
   vertex -32.600000 7.999159 9.121293
  endloop
 endfacet
 facet normal 1 0 0
  outer loop
   vertex 32.600000 9.200000 0.000000
   vertex 32.600000 7.999159 9.121293
   vertex 32.600000 7.405169 9.023225
  endloop
 endfacet
 facet normal 0 -0.227076 0.973877
  outer loop
   vertex -32.600000 7.405169 9.023225
   vertex -32.600000 6.818865 8.886518
   vertex 32.600000 6.818865 8.886518
  endloop
 endfacet
 facet normal 0 -0.227076 0.973877
  outer loop
   vertex -32.600000 7.405169 9.023225
   vertex 32.600000 6.818865 8.886518
   vertex 32.600000 7.405169 9.023225
  endloop
 endfacet
 facet normal -1 0 0
  outer loop
   vertex -32.600000 9.200000 0.000000
   vertex -32.600000 6.818865 8.886518
   vertex -32.600000 7.405169 9.023225
  endloop
 endfacet
 facet normal 1 0 0
  outer loop
   vertex 32.600000 9.200000 0.000000
   vertex 32.600000 7.405169 9.023225
   vertex 32.600000 6.818865 8.886518
  endloop
 endfacet
 facet normal 0 -0.290286 0.95694
  outer loop
   vertex -32.600000 6.818865 8.886518
   vertex -32.600000 6.242757 8.711757
   vertex 32.600000 6.242757 8.711757
  endloop
 endfacet
 facet normal 0 -0.290286 0.95694
  outer loop
   vertex -32.600000 6.818865 8.886518
   vertex 32.600000 6.242757 8.711757
   vertex 32.600000 6.818865 8.886518
  endloop
 endfacet
 facet normal -1 0 0
  outer loop
   vertex -32.600000 9.200000 0.000000
   vertex -32.600000 6.242757 8.711757
   vertex -32.600000 6.818865 8.886518
  endloop
 endfacet
 facet normal 1 0 0
  outer loop
   vertex 32.600000 9.200000 0.000000
   vertex 32.600000 6.818865 8.886518
   vertex 32.600000 6.242757 8.711757
  endloop
 endfacet
 facet normal 0 -0.352249 0.935906
  outer loop
   vertex -32.600000 6.242757 8.711757
   vertex -32.600000 5.679312 8.499692
   vertex 32.600000 5.679312 8.499692
  endloop
 endfacet
 facet normal 0 -0.352249 0.935906
  outer loop
   vertex -32.600000 6.242757 8.711757
   vertex 32.600000 5.679312 8.499692
   vertex 32.600000 6.242757 8.711757
  endloop
 endfacet
 facet normal -1 0 0
  outer loop
   vertex -32.600000 9.200000 0.000000
   vertex -32.600000 5.679312 8.499692
   vertex -32.600000 6.242757 8.711757
  endloop
 endfacet
 facet normal 1 0 0
  outer loop
   vertex 32.600000 9.200000 0.000000
   vertex 32.600000 6.242757 8.711757
   vertex 32.600000 5.679312 8.499692
  endloop
 endfacet
 facet normal 0 -0.412708 0.910863
  outer loop
   vertex -32.600000 5.679312 8.499692
   vertex -32.600000 5.130944 8.251229
   vertex 32.600000 5.130944 8.251229
  endloop
 endfacet
 facet normal 0 -0.412708 0.910863
  outer loop
   vertex -32.600000 5.679312 8.499692
   vertex 32.600000 5.130944 8.251229
   vertex 32.600000 5.679312 8.499692
  endloop
 endfacet
 facet normal -1 0 0
  outer loop
   vertex -32.600000 9.200000 0.000000
   vertex -32.600000 5.130944 8.251229
   vertex -32.600000 5.679312 8.499692
  endloop
 endfacet
 facet normal 1 0 0
  outer loop
   vertex 32.600000 9.200000 0.000000
   vertex 32.600000 5.679312 8.499692
   vertex 32.600000 5.130944 8.251229
  endloop
 endfacet
 facet normal 0 -0.471396 0.881922
  outer loop
   vertex -32.600000 5.130944 8.251229
   vertex -32.600000 4.600000 7.967434
   vertex 32.600000 4.600000 7.967434
  endloop
 endfacet
 facet normal 0 -0.471396 0.881922
  outer loop
   vertex -32.600000 5.130944 8.251229
   vertex 32.600000 4.600000 7.967434
   vertex 32.600000 5.130944 8.251229
  endloop
 endfacet
 facet normal -1 0 0
  outer loop
   vertex -32.600000 9.200000 0.000000
   vertex -32.600000 4.600000 7.967434
   vertex -32.600000 5.130944 8.251229
  endloop
 endfacet
 facet normal 1 0 0
  outer loop
   vertex 32.600000 9.200000 0.000000
   vertex 32.600000 5.130944 8.251229
   vertex 32.600000 4.600000 7.967434
  endloop
 endfacet
 facet normal 0 -0.528069 0.849202
  outer loop
   vertex -32.600000 4.600000 7.967434
   vertex -32.600000 4.088754 7.649520
   vertex 32.600000 4.088754 7.649520
  endloop
 endfacet
 facet normal 0 -0.528069 0.849202
  outer loop
   vertex -32.600000 4.600000 7.967434
   vertex 32.600000 4.088754 7.649520
   vertex 32.600000 4.600000 7.967434
  endloop
 endfacet
 facet normal -1 0 0
  outer loop
   vertex -32.600000 9.200000 0.000000
   vertex -32.600000 4.088754 7.649520
   vertex -32.600000 4.600000 7.967434
  endloop
 endfacet
 facet normal 1 0 0
  outer loop
   vertex 32.600000 9.200000 0.000000
   vertex 32.600000 4.600000 7.967434
   vertex 32.600000 4.088754 7.649520
  endloop
 endfacet
 facet normal 0 -0.582477 0.812847
  outer loop
   vertex -32.600000 4.088754 7.649520
   vertex -32.600000 3.599395 7.298851
   vertex 32.600000 3.599395 7.298851
  endloop
 endfacet
 facet normal 0 -0.582477 0.812847
  outer loop
   vertex -32.600000 4.088754 7.649520
   vertex 32.600000 3.599395 7.298851
   vertex 32.600000 4.088754 7.649520
  endloop
 endfacet
 facet normal -1 0 0
  outer loop
   vertex -32.600000 9.200000 0.000000
   vertex -32.600000 3.599395 7.298851
   vertex -32.600000 4.088754 7.649520
  endloop
 endfacet
 facet normal 1 0 0
  outer loop
   vertex 32.600000 9.200000 0.000000
   vertex 32.600000 4.088754 7.649520
   vertex 32.600000 3.599395 7.298851
  endloop
 endfacet
 facet normal 0 -0.634394 0.77301
  outer loop
   vertex -32.600000 3.599395 7.298851
   vertex -32.600000 3.134019 6.916926
   vertex 32.600000 3.134019 6.916926
  endloop
 endfacet
 facet normal 0 -0.634394 0.77301
  outer loop
   vertex -32.600000 3.599395 7.298851
   vertex 32.600000 3.134019 6.916926
   vertex 32.600000 3.599395 7.298851
  endloop
 endfacet
 facet normal -1 0 0
  outer loop
   vertex -32.600000 9.200000 0.000000
   vertex -32.600000 3.134019 6.916926
   vertex -32.600000 3.599395 7.298851
  endloop
 endfacet
 facet normal 1 0 0
  outer loop
   vertex 32.600000 9.200000 0.000000
   vertex 32.600000 3.599395 7.298851
   vertex 32.600000 3.134019 6.916926
  endloop
 endfacet
 facet normal 0 -0.683592 0.729864
  outer loop
   vertex -32.600000 3.134019 6.916926
   vertex -32.600000 2.694618 6.505382
   vertex 32.600000 2.694618 6.505382
  endloop
 endfacet
 facet normal 0 -0.683592 0.729864
  outer loop
   vertex -32.600000 3.134019 6.916926
   vertex 32.600000 2.694618 6.505382
   vertex 32.600000 3.134019 6.916926
  endloop
 endfacet
 facet normal -1 0 0
  outer loop
   vertex -32.600000 9.200000 0.000000
   vertex -32.600000 2.694618 6.505382
   vertex -32.600000 3.134019 6.916926
  endloop
 endfacet
 facet normal 1 0 0
  outer loop
   vertex 32.600000 9.200000 0.000000
   vertex 32.600000 3.134019 6.916926
   vertex 32.600000 2.694618 6.505382
  endloop
 endfacet
 facet normal 0 -0.729864 0.683592
  outer loop
   vertex -32.600000 2.694618 6.505382
   vertex -32.600000 2.283074 6.065981
   vertex 32.600000 2.283074 6.065981
  endloop
 endfacet
 facet normal 0 -0.729864 0.683592
  outer loop
   vertex -32.600000 2.694618 6.505382
   vertex 32.600000 2.283074 6.065981
   vertex 32.600000 2.694618 6.505382
  endloop
 endfacet
 facet normal -1 0 0
  outer loop
   vertex -32.600000 9.200000 0.000000
   vertex -32.600000 2.283074 6.065981
   vertex -32.600000 2.694618 6.505382
  endloop
 endfacet
 facet normal 1 0 0
  outer loop
   vertex 32.600000 9.200000 0.000000
   vertex 32.600000 2.694618 6.505382
   vertex 32.600000 2.283074 6.065981
  endloop
 endfacet
 facet normal 0 -0.77301 0.634394
  outer loop
   vertex -32.600000 2.283074 6.065981
   vertex -32.600000 1.901149 5.600605
   vertex 32.600000 1.901149 5.600605
  endloop
 endfacet
 facet normal 0 -0.77301 0.634394
  outer loop
   vertex -32.600000 2.283074 6.065981
   vertex 32.600000 1.901149 5.600605
   vertex 32.600000 2.283074 6.065981
  endloop
 endfacet
 facet normal -1 0 0
  outer loop
   vertex -32.600000 9.200000 0.000000
   vertex -32.600000 1.901149 5.600605
   vertex -32.600000 2.283074 6.065981
  endloop
 endfacet
 facet normal 1 0 0
  outer loop
   vertex 32.600000 9.200000 0.000000
   vertex 32.600000 2.283074 6.065981
   vertex 32.600000 1.901149 5.600605
  endloop
 endfacet
 facet normal 0 -0.812847 0.582477
  outer loop
   vertex -32.600000 1.901149 5.600605
   vertex -32.600000 1.550480 5.111246
   vertex 32.600000 1.550480 5.111246
  endloop
 endfacet
 facet normal 0 -0.812847 0.582477
  outer loop
   vertex -32.600000 1.901149 5.600605
   vertex 32.600000 1.550480 5.111246
   vertex 32.600000 1.901149 5.600605
  endloop
 endfacet
 facet normal -1 0 0
  outer loop
   vertex -32.600000 9.200000 0.000000
   vertex -32.600000 1.550480 5.111246
   vertex -32.600000 1.901149 5.600605
  endloop
 endfacet
 facet normal 1 0 0
  outer loop
   vertex 32.600000 9.200000 0.000000
   vertex 32.600000 1.901149 5.600605
   vertex 32.600000 1.550480 5.111246
  endloop
 endfacet
 facet normal 0 -0.849202 0.528069
  outer loop
   vertex -32.600000 1.550480 5.111246
   vertex -32.600000 1.232566 4.600000
   vertex 32.600000 1.232566 4.600000
  endloop
 endfacet
 facet normal 0 -0.849202 0.528069
  outer loop
   vertex -32.600000 1.550480 5.111246
   vertex 32.600000 1.232566 4.600000
   vertex 32.600000 1.550480 5.111246
  endloop
 endfacet
 facet normal -1 0 0
  outer loop
   vertex -32.600000 9.200000 0.000000
   vertex -32.600000 1.232566 4.600000
   vertex -32.600000 1.550480 5.111246
  endloop
 endfacet
 facet normal 1 0 0
  outer loop
   vertex 32.600000 9.200000 0.000000
   vertex 32.600000 1.550480 5.111246
   vertex 32.600000 1.232566 4.600000
  endloop
 endfacet
 facet normal 0 -0.881922 0.471396
  outer loop
   vertex -32.600000 1.232566 4.600000
   vertex -32.600000 0.948771 4.069056
   vertex 32.600000 0.948771 4.069056
  endloop
 endfacet
 facet normal 0 -0.881922 0.471396
  outer loop
   vertex -32.600000 1.232566 4.600000
   vertex 32.600000 0.948771 4.069056
   vertex 32.600000 1.232566 4.600000
  endloop
 endfacet
 facet normal -1 0 0
  outer loop
   vertex -32.600000 9.200000 0.000000
   vertex -32.600000 0.948771 4.069056
   vertex -32.600000 1.232566 4.600000
  endloop
 endfacet
 facet normal 1 0 0
  outer loop
   vertex 32.600000 9.200000 0.000000
   vertex 32.600000 1.232566 4.600000
   vertex 32.600000 0.948771 4.069056
  endloop
 endfacet
 facet normal 0 -0.910863 0.412708
  outer loop
   vertex -32.600000 0.948771 4.069056
   vertex -32.600000 0.700308 3.520688
   vertex 32.600000 0.700308 3.520688
  endloop
 endfacet
 facet normal 0 -0.910863 0.412708
  outer loop
   vertex -32.600000 0.948771 4.069056
   vertex 32.600000 0.700308 3.520688
   vertex 32.600000 0.948771 4.069056
  endloop
 endfacet
 facet normal -1 0 0
  outer loop
   vertex -32.600000 9.200000 0.000000
   vertex -32.600000 0.700308 3.520688
   vertex -32.600000 0.948771 4.069056
  endloop
 endfacet
 facet normal 1 0 0
  outer loop
   vertex 32.600000 9.200000 0.000000
   vertex 32.600000 0.948771 4.069056
   vertex 32.600000 0.700308 3.520688
  endloop
 endfacet
 facet normal 0 -0.935906 0.352249
  outer loop
   vertex -32.600000 0.700308 3.520688
   vertex -32.600000 0.488243 2.957243
   vertex 32.600000 0.488243 2.957243
  endloop
 endfacet
 facet normal 0 -0.935906 0.352249
  outer loop
   vertex -32.600000 0.700308 3.520688
   vertex 32.600000 0.488243 2.957243
   vertex 32.600000 0.700308 3.520688
  endloop
 endfacet
 facet normal -1 0 0
  outer loop
   vertex -32.600000 9.200000 0.000000
   vertex -32.600000 0.488243 2.957243
   vertex -32.600000 0.700308 3.520688
  endloop
 endfacet
 facet normal 1 0 0
  outer loop
   vertex 32.600000 9.200000 0.000000
   vertex 32.600000 0.700308 3.520688
   vertex 32.600000 0.488243 2.957243
  endloop
 endfacet
 facet normal 0 -0.95694 0.290286
  outer loop
   vertex -32.600000 0.488243 2.957243
   vertex -32.600000 0.313482 2.381135
   vertex 32.600000 0.313482 2.381135
  endloop
 endfacet
 facet normal 0 -0.95694 0.290286
  outer loop
   vertex -32.600000 0.488243 2.957243
   vertex 32.600000 0.313482 2.381135
   vertex 32.600000 0.488243 2.957243
  endloop
 endfacet
 facet normal -1 0 0
  outer loop
   vertex -32.600000 9.200000 0.000000
   vertex -32.600000 0.313482 2.381135
   vertex -32.600000 0.488243 2.957243
  endloop
 endfacet
 facet normal 1 0 0
  outer loop
   vertex 32.600000 9.200000 0.000000
   vertex 32.600000 0.488243 2.957243
   vertex 32.600000 0.313482 2.381135
  endloop
 endfacet
 facet normal 0 -0.973877 0.227076
  outer loop
   vertex -32.600000 0.313482 2.381135
   vertex -32.600000 0.176775 1.794831
   vertex 32.600000 0.176775 1.794831
  endloop
 endfacet
 facet normal 0 -0.973877 0.227076
  outer loop
   vertex -32.600000 0.313482 2.381135
   vertex 32.600000 0.176775 1.794831
   vertex 32.600000 0.313482 2.381135
  endloop
 endfacet
 facet normal -1 0 0
  outer loop
   vertex -32.600000 9.200000 0.000000
   vertex -32.600000 0.176775 1.794831
   vertex -32.600000 0.313482 2.381135
  endloop
 endfacet
 facet normal 1 0 0
  outer loop
   vertex 32.600000 9.200000 0.000000
   vertex 32.600000 0.313482 2.381135
   vertex 32.600000 0.176775 1.794831
  endloop
 endfacet
 facet normal 0 -0.986643 0.162895
  outer loop
   vertex -32.600000 0.176775 1.794831
   vertex -32.600000 0.078707 1.200841
   vertex 32.600000 0.078707 1.200841
  endloop
 endfacet
 facet normal 0 -0.986643 0.162895
  outer loop
   vertex -32.600000 0.176775 1.794831
   vertex 32.600000 0.078707 1.200841
   vertex 32.600000 0.176775 1.794831
  endloop
 endfacet
 facet normal -1 0 0
  outer loop
   vertex -32.600000 9.200000 0.000000
   vertex -32.600000 0.078707 1.200841
   vertex -32.600000 0.176775 1.794831
  endloop
 endfacet
 facet normal 1 0 0
  outer loop
   vertex 32.600000 9.200000 0.000000
   vertex 32.600000 0.176775 1.794831
   vertex 32.600000 0.078707 1.200841
  endloop
 endfacet
 facet normal 0 -0.995185 0.0980166
  outer loop
   vertex -32.600000 0.078707 1.200841
   vertex -32.600000 0.019698 0.601709
   vertex 32.600000 0.019698 0.601709
  endloop
 endfacet
 facet normal 0 -0.995185 0.0980166
  outer loop
   vertex -32.600000 0.078707 1.200841
   vertex 32.600000 0.019698 0.601709
   vertex 32.600000 0.078707 1.200841
  endloop
 endfacet
 facet normal -1 0 0
  outer loop
   vertex -32.600000 9.200000 0.000000
   vertex -32.600000 0.019698 0.601709
   vertex -32.600000 0.078707 1.200841
  endloop
 endfacet
 facet normal 1 0 0
  outer loop
   vertex 32.600000 9.200000 0.000000
   vertex 32.600000 0.078707 1.200841
   vertex 32.600000 0.019698 0.601709
  endloop
 endfacet
 facet normal 0 -0.999465 0.0327192
  outer loop
   vertex -32.600000 0.019698 0.601709
   vertex -32.600000 0.000000 0.000000
   vertex 32.600000 0.000000 0.000000
  endloop
 endfacet
 facet normal 0 -0.999465 0.0327192
  outer loop
   vertex -32.600000 0.019698 0.601709
   vertex 32.600000 0.000000 0.000000
   vertex 32.600000 0.019698 0.601709
  endloop
 endfacet
 facet normal -1 0 0
  outer loop
   vertex -32.600000 9.200000 0.000000
   vertex -32.600000 0.000000 0.000000
   vertex -32.600000 0.019698 0.601709
  endloop
 endfacet
 facet normal 1 0 0
  outer loop
   vertex 32.600000 9.200000 0.000000
   vertex 32.600000 0.019698 0.601709
   vertex 32.600000 0.000000 0.000000
  endloop
 endfacet
 facet normal 0 -0.999465 -0.0327192
  outer loop
   vertex -32.600000 0.000000 0.000000
   vertex -32.600000 0.019698 -0.601709
   vertex 32.600000 0.019698 -0.601709
  endloop
 endfacet
 facet normal 0 -0.999465 -0.0327192
  outer loop
   vertex -32.600000 0.000000 0.000000
   vertex 32.600000 0.019698 -0.601709
   vertex 32.600000 0.000000 0.000000
  endloop
 endfacet
 facet normal -1 -0 0
  outer loop
   vertex -32.600000 9.200000 0.000000
   vertex -32.600000 0.019698 -0.601709
   vertex -32.600000 0.000000 0.000000
  endloop
 endfacet
 facet normal 1 0 0
  outer loop
   vertex 32.600000 9.200000 0.000000
   vertex 32.600000 0.000000 0.000000
   vertex 32.600000 0.019698 -0.601709
  endloop
 endfacet
 facet normal 0 -0.995185 -0.0980166
  outer loop
   vertex -32.600000 0.019698 -0.601709
   vertex -32.600000 0.078707 -1.200841
   vertex 32.600000 0.078707 -1.200841
  endloop
 endfacet
 facet normal 0 -0.995185 -0.0980166
  outer loop
   vertex -32.600000 0.019698 -0.601709
   vertex 32.600000 0.078707 -1.200841
   vertex 32.600000 0.019698 -0.601709
  endloop
 endfacet
 facet normal -1 0 0
  outer loop
   vertex -32.600000 9.200000 0.000000
   vertex -32.600000 0.078707 -1.200841
   vertex -32.600000 0.019698 -0.601709
  endloop
 endfacet
 facet normal 1 0 0
  outer loop
   vertex 32.600000 9.200000 0.000000
   vertex 32.600000 0.019698 -0.601709
   vertex 32.600000 0.078707 -1.200841
  endloop
 endfacet
 facet normal 0 -0.986643 -0.162895
  outer loop
   vertex -32.600000 0.078707 -1.200841
   vertex -32.600000 0.176775 -1.794831
   vertex 32.600000 0.176775 -1.794831
  endloop
 endfacet
 facet normal 0 -0.986643 -0.162895
  outer loop
   vertex -32.600000 0.078707 -1.200841
   vertex 32.600000 0.176775 -1.794831
   vertex 32.600000 0.078707 -1.200841
  endloop
 endfacet
 facet normal -1 0 0
  outer loop
   vertex -32.600000 9.200000 0.000000
   vertex -32.600000 0.176775 -1.794831
   vertex -32.600000 0.078707 -1.200841
  endloop
 endfacet
 facet normal 1 0 0
  outer loop
   vertex 32.600000 9.200000 0.000000
   vertex 32.600000 0.078707 -1.200841
   vertex 32.600000 0.176775 -1.794831
  endloop
 endfacet
 facet normal 0 -0.973877 -0.227076
  outer loop
   vertex -32.600000 0.176775 -1.794831
   vertex -32.600000 0.313482 -2.381135
   vertex 32.600000 0.313482 -2.381135
  endloop
 endfacet
 facet normal 0 -0.973877 -0.227076
  outer loop
   vertex -32.600000 0.176775 -1.794831
   vertex 32.600000 0.313482 -2.381135
   vertex 32.600000 0.176775 -1.794831
  endloop
 endfacet
 facet normal -1 0 0
  outer loop
   vertex -32.600000 9.200000 0.000000
   vertex -32.600000 0.313482 -2.381135
   vertex -32.600000 0.176775 -1.794831
  endloop
 endfacet
 facet normal 1 0 0
  outer loop
   vertex 32.600000 9.200000 0.000000
   vertex 32.600000 0.176775 -1.794831
   vertex 32.600000 0.313482 -2.381135
  endloop
 endfacet
 facet normal 0 -0.95694 -0.290286
  outer loop
   vertex -32.600000 0.313482 -2.381135
   vertex -32.600000 0.488243 -2.957243
   vertex 32.600000 0.488243 -2.957243
  endloop
 endfacet
 facet normal 0 -0.95694 -0.290286
  outer loop
   vertex -32.600000 0.313482 -2.381135
   vertex 32.600000 0.488243 -2.957243
   vertex 32.600000 0.313482 -2.381135
  endloop
 endfacet
 facet normal -1 0 0
  outer loop
   vertex -32.600000 9.200000 0.000000
   vertex -32.600000 0.488243 -2.957243
   vertex -32.600000 0.313482 -2.381135
  endloop
 endfacet
 facet normal 1 0 0
  outer loop
   vertex 32.600000 9.200000 0.000000
   vertex 32.600000 0.313482 -2.381135
   vertex 32.600000 0.488243 -2.957243
  endloop
 endfacet
 facet normal 0 -0.935906 -0.352249
  outer loop
   vertex -32.600000 0.488243 -2.957243
   vertex -32.600000 0.700308 -3.520688
   vertex 32.600000 0.700308 -3.520688
  endloop
 endfacet
 facet normal 0 -0.935906 -0.352249
  outer loop
   vertex -32.600000 0.488243 -2.957243
   vertex 32.600000 0.700308 -3.520688
   vertex 32.600000 0.488243 -2.957243
  endloop
 endfacet
 facet normal -1 0 0
  outer loop
   vertex -32.600000 9.200000 0.000000
   vertex -32.600000 0.700308 -3.520688
   vertex -32.600000 0.488243 -2.957243
  endloop
 endfacet
 facet normal 1 0 0
  outer loop
   vertex 32.600000 9.200000 0.000000
   vertex 32.600000 0.488243 -2.957243
   vertex 32.600000 0.700308 -3.520688
  endloop
 endfacet
 facet normal 0 -0.910863 -0.412708
  outer loop
   vertex -32.600000 0.700308 -3.520688
   vertex -32.600000 0.948771 -4.069056
   vertex 32.600000 0.948771 -4.069056
  endloop
 endfacet
 facet normal 0 -0.910863 -0.412708
  outer loop
   vertex -32.600000 0.700308 -3.520688
   vertex 32.600000 0.948771 -4.069056
   vertex 32.600000 0.700308 -3.520688
  endloop
 endfacet
 facet normal -1 0 0
  outer loop
   vertex -32.600000 9.200000 0.000000
   vertex -32.600000 0.948771 -4.069056
   vertex -32.600000 0.700308 -3.520688
  endloop
 endfacet
 facet normal 1 0 0
  outer loop
   vertex 32.600000 9.200000 0.000000
   vertex 32.600000 0.700308 -3.520688
   vertex 32.600000 0.948771 -4.069056
  endloop
 endfacet
 facet normal 0 -0.881922 -0.471396
  outer loop
   vertex -32.600000 0.948771 -4.069056
   vertex -32.600000 1.232566 -4.600000
   vertex 32.600000 1.232566 -4.600000
  endloop
 endfacet
 facet normal 0 -0.881922 -0.471396
  outer loop
   vertex -32.600000 0.948771 -4.069056
   vertex 32.600000 1.232566 -4.600000
   vertex 32.600000 0.948771 -4.069056
  endloop
 endfacet
 facet normal -1 0 0
  outer loop
   vertex -32.600000 9.200000 0.000000
   vertex -32.600000 1.232566 -4.600000
   vertex -32.600000 0.948771 -4.069056
  endloop
 endfacet
 facet normal 1 0 0
  outer loop
   vertex 32.600000 9.200000 0.000000
   vertex 32.600000 0.948771 -4.069056
   vertex 32.600000 1.232566 -4.600000
  endloop
 endfacet
 facet normal 0 -0.849202 -0.528069
  outer loop
   vertex -32.600000 1.232566 -4.600000
   vertex -32.600000 1.550480 -5.111246
   vertex 32.600000 1.550480 -5.111246
  endloop
 endfacet
 facet normal 0 -0.849202 -0.528069
  outer loop
   vertex -32.600000 1.232566 -4.600000
   vertex 32.600000 1.550480 -5.111246
   vertex 32.600000 1.232566 -4.600000
  endloop
 endfacet
 facet normal -1 0 0
  outer loop
   vertex -32.600000 9.200000 0.000000
   vertex -32.600000 1.550480 -5.111246
   vertex -32.600000 1.232566 -4.600000
  endloop
 endfacet
 facet normal 1 0 0
  outer loop
   vertex 32.600000 9.200000 0.000000
   vertex 32.600000 1.232566 -4.600000
   vertex 32.600000 1.550480 -5.111246
  endloop
 endfacet
 facet normal 0 -0.812847 -0.582477
  outer loop
   vertex -32.600000 1.550480 -5.111246
   vertex -32.600000 1.901149 -5.600605
   vertex 32.600000 1.901149 -5.600605
  endloop
 endfacet
 facet normal 0 -0.812847 -0.582477
  outer loop
   vertex -32.600000 1.550480 -5.111246
   vertex 32.600000 1.901149 -5.600605
   vertex 32.600000 1.550480 -5.111246
  endloop
 endfacet
 facet normal -1 0 0
  outer loop
   vertex -32.600000 9.200000 0.000000
   vertex -32.600000 1.901149 -5.600605
   vertex -32.600000 1.550480 -5.111246
  endloop
 endfacet
 facet normal 1 0 0
  outer loop
   vertex 32.600000 9.200000 0.000000
   vertex 32.600000 1.550480 -5.111246
   vertex 32.600000 1.901149 -5.600605
  endloop
 endfacet
 facet normal 0 -0.77301 -0.634394
  outer loop
   vertex -32.600000 1.901149 -5.600605
   vertex -32.600000 2.283074 -6.065981
   vertex 32.600000 2.283074 -6.065981
  endloop
 endfacet
 facet normal 0 -0.77301 -0.634394
  outer loop
   vertex -32.600000 1.901149 -5.600605
   vertex 32.600000 2.283074 -6.065981
   vertex 32.600000 1.901149 -5.600605
  endloop
 endfacet
 facet normal -1 0 0
  outer loop
   vertex -32.600000 9.200000 0.000000
   vertex -32.600000 2.283074 -6.065981
   vertex -32.600000 1.901149 -5.600605
  endloop
 endfacet
 facet normal 1 0 0
  outer loop
   vertex 32.600000 9.200000 0.000000
   vertex 32.600000 1.901149 -5.600605
   vertex 32.600000 2.283074 -6.065981
  endloop
 endfacet
 facet normal 0 -0.729864 -0.683592
  outer loop
   vertex -32.600000 2.283074 -6.065981
   vertex -32.600000 2.694618 -6.505382
   vertex 32.600000 2.694618 -6.505382
  endloop
 endfacet
 facet normal 0 -0.729864 -0.683592
  outer loop
   vertex -32.600000 2.283074 -6.065981
   vertex 32.600000 2.694618 -6.505382
   vertex 32.600000 2.283074 -6.065981
  endloop
 endfacet
 facet normal -1 0 0
  outer loop
   vertex -32.600000 9.200000 0.000000
   vertex -32.600000 2.694618 -6.505382
   vertex -32.600000 2.283074 -6.065981
  endloop
 endfacet
 facet normal 1 0 0
  outer loop
   vertex 32.600000 9.200000 0.000000
   vertex 32.600000 2.283074 -6.065981
   vertex 32.600000 2.694618 -6.505382
  endloop
 endfacet
 facet normal 0 -0.683592 -0.729864
  outer loop
   vertex -32.600000 2.694618 -6.505382
   vertex -32.600000 3.134019 -6.916926
   vertex 32.600000 3.134019 -6.916926
  endloop
 endfacet
 facet normal 0 -0.683592 -0.729864
  outer loop
   vertex -32.600000 2.694618 -6.505382
   vertex 32.600000 3.134019 -6.916926
   vertex 32.600000 2.694618 -6.505382
  endloop
 endfacet
 facet normal -1 0 0
  outer loop
   vertex -32.600000 9.200000 0.000000
   vertex -32.600000 3.134019 -6.916926
   vertex -32.600000 2.694618 -6.505382
  endloop
 endfacet
 facet normal 1 0 0
  outer loop
   vertex 32.600000 9.200000 0.000000
   vertex 32.600000 2.694618 -6.505382
   vertex 32.600000 3.134019 -6.916926
  endloop
 endfacet
 facet normal 0 -0.634394 -0.77301
  outer loop
   vertex -32.600000 3.134019 -6.916926
   vertex -32.600000 3.599395 -7.298851
   vertex 32.600000 3.599395 -7.298851
  endloop
 endfacet
 facet normal 0 -0.634394 -0.77301
  outer loop
   vertex -32.600000 3.134019 -6.916926
   vertex 32.600000 3.599395 -7.298851
   vertex 32.600000 3.134019 -6.916926
  endloop
 endfacet
 facet normal -1 0 0
  outer loop
   vertex -32.600000 9.200000 0.000000
   vertex -32.600000 3.599395 -7.298851
   vertex -32.600000 3.134019 -6.916926
  endloop
 endfacet
 facet normal 1 0 0
  outer loop
   vertex 32.600000 9.200000 0.000000
   vertex 32.600000 3.134019 -6.916926
   vertex 32.600000 3.599395 -7.298851
  endloop
 endfacet
 facet normal 0 -0.582477 -0.812847
  outer loop
   vertex -32.600000 3.599395 -7.298851
   vertex -32.600000 4.088754 -7.649520
   vertex 32.600000 4.088754 -7.649520
  endloop
 endfacet
 facet normal 0 -0.582477 -0.812847
  outer loop
   vertex -32.600000 3.599395 -7.298851
   vertex 32.600000 4.088754 -7.649520
   vertex 32.600000 3.599395 -7.298851
  endloop
 endfacet
 facet normal -1 0 0
  outer loop
   vertex -32.600000 9.200000 0.000000
   vertex -32.600000 4.088754 -7.649520
   vertex -32.600000 3.599395 -7.298851
  endloop
 endfacet
 facet normal 1 0 0
  outer loop
   vertex 32.600000 9.200000 0.000000
   vertex 32.600000 3.599395 -7.298851
   vertex 32.600000 4.088754 -7.649520
  endloop
 endfacet
 facet normal 0 -0.528069 -0.849202
  outer loop
   vertex -32.600000 4.088754 -7.649520
   vertex -32.600000 4.600000 -7.967434
   vertex 32.600000 4.600000 -7.967434
  endloop
 endfacet
 facet normal 0 -0.528069 -0.849202
  outer loop
   vertex -32.600000 4.088754 -7.649520
   vertex 32.600000 4.600000 -7.967434
   vertex 32.600000 4.088754 -7.649520
  endloop
 endfacet
 facet normal -1 0 0
  outer loop
   vertex -32.600000 9.200000 0.000000
   vertex -32.600000 4.600000 -7.967434
   vertex -32.600000 4.088754 -7.649520
  endloop
 endfacet
 facet normal 1 0 0
  outer loop
   vertex 32.600000 9.200000 0.000000
   vertex 32.600000 4.088754 -7.649520
   vertex 32.600000 4.600000 -7.967434
  endloop
 endfacet
 facet normal 0 -0.471396 -0.881922
  outer loop
   vertex -32.600000 4.600000 -7.967434
   vertex -32.600000 5.130944 -8.251229
   vertex 32.600000 5.130944 -8.251229
  endloop
 endfacet
 facet normal 0 -0.471396 -0.881922
  outer loop
   vertex -32.600000 4.600000 -7.967434
   vertex 32.600000 5.130944 -8.251229
   vertex 32.600000 4.600000 -7.967434
  endloop
 endfacet
 facet normal -1 0 0
  outer loop
   vertex -32.600000 9.200000 0.000000
   vertex -32.600000 5.130944 -8.251229
   vertex -32.600000 4.600000 -7.967434
  endloop
 endfacet
 facet normal 1 0 0
  outer loop
   vertex 32.600000 9.200000 0.000000
   vertex 32.600000 4.600000 -7.967434
   vertex 32.600000 5.130944 -8.251229
  endloop
 endfacet
 facet normal 0 -0.412708 -0.910863
  outer loop
   vertex -32.600000 5.130944 -8.251229
   vertex -32.600000 5.679312 -8.499692
   vertex 32.600000 5.679312 -8.499692
  endloop
 endfacet
 facet normal 0 -0.412708 -0.910863
  outer loop
   vertex -32.600000 5.130944 -8.251229
   vertex 32.600000 5.679312 -8.499692
   vertex 32.600000 5.130944 -8.251229
  endloop
 endfacet
 facet normal -1 0 0
  outer loop
   vertex -32.600000 9.200000 0.000000
   vertex -32.600000 5.679312 -8.499692
   vertex -32.600000 5.130944 -8.251229
  endloop
 endfacet
 facet normal 1 0 0
  outer loop
   vertex 32.600000 9.200000 0.000000
   vertex 32.600000 5.130944 -8.251229
   vertex 32.600000 5.679312 -8.499692
  endloop
 endfacet
 facet normal 0 -0.352249 -0.935906
  outer loop
   vertex -32.600000 5.679312 -8.499692
   vertex -32.600000 6.242757 -8.711757
   vertex 32.600000 6.242757 -8.711757
  endloop
 endfacet
 facet normal 0 -0.352249 -0.935906
  outer loop
   vertex -32.600000 5.679312 -8.499692
   vertex 32.600000 6.242757 -8.711757
   vertex 32.600000 5.679312 -8.499692
  endloop
 endfacet
 facet normal -1 0 0
  outer loop
   vertex -32.600000 9.200000 0.000000
   vertex -32.600000 6.242757 -8.711757
   vertex -32.600000 5.679312 -8.499692
  endloop
 endfacet
 facet normal 1 0 0
  outer loop
   vertex 32.600000 9.200000 0.000000
   vertex 32.600000 5.679312 -8.499692
   vertex 32.600000 6.242757 -8.711757
  endloop
 endfacet
 facet normal 0 -0.290286 -0.95694
  outer loop
   vertex -32.600000 6.242757 -8.711757
   vertex -32.600000 6.818865 -8.886518
   vertex 32.600000 6.818865 -8.886518
  endloop
 endfacet
 facet normal 0 -0.290286 -0.95694
  outer loop
   vertex -32.600000 6.242757 -8.711757
   vertex 32.600000 6.818865 -8.886518
   vertex 32.600000 6.242757 -8.711757
  endloop
 endfacet
 facet normal -1 0 0
  outer loop
   vertex -32.600000 9.200000 0.000000
   vertex -32.600000 6.818865 -8.886518
   vertex -32.600000 6.242757 -8.711757
  endloop
 endfacet
 facet normal 1 0 0
  outer loop
   vertex 32.600000 9.200000 0.000000
   vertex 32.600000 6.242757 -8.711757
   vertex 32.600000 6.818865 -8.886518
  endloop
 endfacet
 facet normal 0 -0.227076 -0.973877
  outer loop
   vertex -32.600000 6.818865 -8.886518
   vertex -32.600000 7.405169 -9.023225
   vertex 32.600000 7.405169 -9.023225
  endloop
 endfacet
 facet normal 0 -0.227076 -0.973877
  outer loop
   vertex -32.600000 6.818865 -8.886518
   vertex 32.600000 7.405169 -9.023225
   vertex 32.600000 6.818865 -8.886518
  endloop
 endfacet
 facet normal -1 0 0
  outer loop
   vertex -32.600000 9.200000 0.000000
   vertex -32.600000 7.405169 -9.023225
   vertex -32.600000 6.818865 -8.886518
  endloop
 endfacet
 facet normal 1 0 0
  outer loop
   vertex 32.600000 9.200000 0.000000
   vertex 32.600000 6.818865 -8.886518
   vertex 32.600000 7.405169 -9.023225
  endloop
 endfacet
 facet normal 0 -0.162895 -0.986643
  outer loop
   vertex -32.600000 7.405169 -9.023225
   vertex -32.600000 7.999159 -9.121293
   vertex 32.600000 7.999159 -9.121293
  endloop
 endfacet
 facet normal 0 -0.162895 -0.986643
  outer loop
   vertex -32.600000 7.405169 -9.023225
   vertex 32.600000 7.999159 -9.121293
   vertex 32.600000 7.405169 -9.023225
  endloop
 endfacet
 facet normal -1 0 0
  outer loop
   vertex -32.600000 9.200000 0.000000
   vertex -32.600000 7.999159 -9.121293
   vertex -32.600000 7.405169 -9.023225
  endloop
 endfacet
 facet normal 1 0 0
  outer loop
   vertex 32.600000 9.200000 0.000000
   vertex 32.600000 7.405169 -9.023225
   vertex 32.600000 7.999159 -9.121293
  endloop
 endfacet
 facet normal 0 -0.0980166 -0.995185
  outer loop
   vertex -32.600000 7.999159 -9.121293
   vertex -32.600000 8.598291 -9.180302
   vertex 32.600000 8.598291 -9.180302
  endloop
 endfacet
 facet normal 0 -0.0980166 -0.995185
  outer loop
   vertex -32.600000 7.999159 -9.121293
   vertex 32.600000 8.598291 -9.180302
   vertex 32.600000 7.999159 -9.121293
  endloop
 endfacet
 facet normal -1 0 0
  outer loop
   vertex -32.600000 9.200000 0.000000
   vertex -32.600000 8.598291 -9.180302
   vertex -32.600000 7.999159 -9.121293
  endloop
 endfacet
 facet normal 1 0 0
  outer loop
   vertex 32.600000 9.200000 0.000000
   vertex 32.600000 7.999159 -9.121293
   vertex 32.600000 8.598291 -9.180302
  endloop
 endfacet
 facet normal 0 -0.0327192 -0.999465
  outer loop
   vertex -32.600000 8.598291 -9.180302
   vertex -32.600000 9.200000 -9.200000
   vertex 32.600000 9.200000 -9.200000
  endloop
 endfacet
 facet normal 0 -0.0327192 -0.999465
  outer loop
   vertex -32.600000 8.598291 -9.180302
   vertex 32.600000 9.200000 -9.200000
   vertex 32.600000 8.598291 -9.180302
  endloop
 endfacet
 facet normal -1 0 -0
  outer loop
   vertex -32.600000 9.200000 0.000000
   vertex -32.600000 9.200000 -9.200000
   vertex -32.600000 8.598291 -9.180302
  endloop
 endfacet
 facet normal 1 0 0
  outer loop
   vertex 32.600000 9.200000 0.000000
   vertex 32.600000 8.598291 -9.180302
   vertex 32.600000 9.200000 -9.200000
  endloop
 endfacet
 facet normal 0 0.0327192 -0.999465
  outer loop
   vertex -32.600000 9.200000 -9.200000
   vertex -32.600000 9.801709 -9.180302
   vertex 32.600000 9.801709 -9.180302
  endloop
 endfacet
 facet normal 0 0.0327192 -0.999465
  outer loop
   vertex -32.600000 9.200000 -9.200000
   vertex 32.600000 9.801709 -9.180302
   vertex 32.600000 9.200000 -9.200000
  endloop
 endfacet
 facet normal -1 0 0
  outer loop
   vertex -32.600000 9.200000 0.000000
   vertex -32.600000 9.801709 -9.180302
   vertex -32.600000 9.200000 -9.200000
  endloop
 endfacet
 facet normal 1 0 0
  outer loop
   vertex 32.600000 9.200000 0.000000
   vertex 32.600000 9.200000 -9.200000
   vertex 32.600000 9.801709 -9.180302
  endloop
 endfacet
 facet normal 0 0.0980166 -0.995185
  outer loop
   vertex -32.600000 9.801709 -9.180302
   vertex -32.600000 10.400841 -9.121293
   vertex 32.600000 10.400841 -9.121293
  endloop
 endfacet
 facet normal 0 0.0980166 -0.995185
  outer loop
   vertex -32.600000 9.801709 -9.180302
   vertex 32.600000 10.400841 -9.121293
   vertex 32.600000 9.801709 -9.180302
  endloop
 endfacet
 facet normal -1 0 0
  outer loop
   vertex -32.600000 9.200000 0.000000
   vertex -32.600000 10.400841 -9.121293
   vertex -32.600000 9.801709 -9.180302
  endloop
 endfacet
 facet normal 1 0 0
  outer loop
   vertex 32.600000 9.200000 0.000000
   vertex 32.600000 9.801709 -9.180302
   vertex 32.600000 10.400841 -9.121293
  endloop
 endfacet
 facet normal 0 0.162895 -0.986643
  outer loop
   vertex -32.600000 10.400841 -9.121293
   vertex -32.600000 10.994831 -9.023225
   vertex 32.600000 10.994831 -9.023225
  endloop
 endfacet
 facet normal 0 0.162895 -0.986643
  outer loop
   vertex -32.600000 10.400841 -9.121293
   vertex 32.600000 10.994831 -9.023225
   vertex 32.600000 10.400841 -9.121293
  endloop
 endfacet
 facet normal -1 0 0
  outer loop
   vertex -32.600000 9.200000 0.000000
   vertex -32.600000 10.994831 -9.023225
   vertex -32.600000 10.400841 -9.121293
  endloop
 endfacet
 facet normal 1 0 0
  outer loop
   vertex 32.600000 9.200000 0.000000
   vertex 32.600000 10.400841 -9.121293
   vertex 32.600000 10.994831 -9.023225
  endloop
 endfacet
 facet normal 0 0.227076 -0.973877
  outer loop
   vertex -32.600000 10.994831 -9.023225
   vertex -32.600000 11.581135 -8.886518
   vertex 32.600000 11.581135 -8.886518
  endloop
 endfacet
 facet normal 0 0.227076 -0.973877
  outer loop
   vertex -32.600000 10.994831 -9.023225
   vertex 32.600000 11.581135 -8.886518
   vertex 32.600000 10.994831 -9.023225
  endloop
 endfacet
 facet normal -1 0 0
  outer loop
   vertex -32.600000 9.200000 0.000000
   vertex -32.600000 11.581135 -8.886518
   vertex -32.600000 10.994831 -9.023225
  endloop
 endfacet
 facet normal 1 0 0
  outer loop
   vertex 32.600000 9.200000 0.000000
   vertex 32.600000 10.994831 -9.023225
   vertex 32.600000 11.581135 -8.886518
  endloop
 endfacet
 facet normal 0 0.290286 -0.95694
  outer loop
   vertex -32.600000 11.581135 -8.886518
   vertex -32.600000 12.157243 -8.711757
   vertex 32.600000 12.157243 -8.711757
  endloop
 endfacet
 facet normal 0 0.290286 -0.95694
  outer loop
   vertex -32.600000 11.581135 -8.886518
   vertex 32.600000 12.157243 -8.711757
   vertex 32.600000 11.581135 -8.886518
  endloop
 endfacet
 facet normal -1 0 0
  outer loop
   vertex -32.600000 9.200000 0.000000
   vertex -32.600000 12.157243 -8.711757
   vertex -32.600000 11.581135 -8.886518
  endloop
 endfacet
 facet normal 1 0 0
  outer loop
   vertex 32.600000 9.200000 0.000000
   vertex 32.600000 11.581135 -8.886518
   vertex 32.600000 12.157243 -8.711757
  endloop
 endfacet
 facet normal 0 0.352249 -0.935906
  outer loop
   vertex -32.600000 12.157243 -8.711757
   vertex -32.600000 12.720688 -8.499692
   vertex 32.600000 12.720688 -8.499692
  endloop
 endfacet
 facet normal 0 0.352249 -0.935906
  outer loop
   vertex -32.600000 12.157243 -8.711757
   vertex 32.600000 12.720688 -8.499692
   vertex 32.600000 12.157243 -8.711757
  endloop
 endfacet
 facet normal -1 0 0
  outer loop
   vertex -32.600000 9.200000 0.000000
   vertex -32.600000 12.720688 -8.499692
   vertex -32.600000 12.157243 -8.711757
  endloop
 endfacet
 facet normal 1 0 0
  outer loop
   vertex 32.600000 9.200000 0.000000
   vertex 32.600000 12.157243 -8.711757
   vertex 32.600000 12.720688 -8.499692
  endloop
 endfacet
 facet normal 0 0.412708 -0.910863
  outer loop
   vertex -32.600000 12.720688 -8.499692
   vertex -32.600000 13.269056 -8.251229
   vertex 32.600000 13.269056 -8.251229
  endloop
 endfacet
 facet normal 0 0.412708 -0.910863
  outer loop
   vertex -32.600000 12.720688 -8.499692
   vertex 32.600000 13.269056 -8.251229
   vertex 32.600000 12.720688 -8.499692
  endloop
 endfacet
 facet normal -1 0 0
  outer loop
   vertex -32.600000 9.200000 0.000000
   vertex -32.600000 13.269056 -8.251229
   vertex -32.600000 12.720688 -8.499692
  endloop
 endfacet
 facet normal 1 0 0
  outer loop
   vertex 32.600000 9.200000 0.000000
   vertex 32.600000 12.720688 -8.499692
   vertex 32.600000 13.269056 -8.251229
  endloop
 endfacet
 facet normal 0 0.471396 -0.881922
  outer loop
   vertex -32.600000 13.269056 -8.251229
   vertex -32.600000 13.800000 -7.967434
   vertex 32.600000 13.800000 -7.967434
  endloop
 endfacet
 facet normal 0 0.471396 -0.881922
  outer loop
   vertex -32.600000 13.269056 -8.251229
   vertex 32.600000 13.800000 -7.967434
   vertex 32.600000 13.269056 -8.251229
  endloop
 endfacet
 facet normal -1 0 0
  outer loop
   vertex -32.600000 9.200000 0.000000
   vertex -32.600000 13.800000 -7.967434
   vertex -32.600000 13.269056 -8.251229
  endloop
 endfacet
 facet normal 1 0 0
  outer loop
   vertex 32.600000 9.200000 0.000000
   vertex 32.600000 13.269056 -8.251229
   vertex 32.600000 13.800000 -7.967434
  endloop
 endfacet
 facet normal 0 0.528069 -0.849202
  outer loop
   vertex -32.600000 13.800000 -7.967434
   vertex -32.600000 14.311246 -7.649520
   vertex 32.600000 14.311246 -7.649520
  endloop
 endfacet
 facet normal 0 0.528069 -0.849202
  outer loop
   vertex -32.600000 13.800000 -7.967434
   vertex 32.600000 14.311246 -7.649520
   vertex 32.600000 13.800000 -7.967434
  endloop
 endfacet
 facet normal -1 0 0
  outer loop
   vertex -32.600000 9.200000 0.000000
   vertex -32.600000 14.311246 -7.649520
   vertex -32.600000 13.800000 -7.967434
  endloop
 endfacet
 facet normal 1 0 0
  outer loop
   vertex 32.600000 9.200000 0.000000
   vertex 32.600000 13.800000 -7.967434
   vertex 32.600000 14.311246 -7.649520
  endloop
 endfacet
 facet normal 0 0.582477 -0.812847
  outer loop
   vertex -32.600000 14.311246 -7.649520
   vertex -32.600000 14.800605 -7.298851
   vertex 32.600000 14.800605 -7.298851
  endloop
 endfacet
 facet normal 0 0.582477 -0.812847
  outer loop
   vertex -32.600000 14.311246 -7.649520
   vertex 32.600000 14.800605 -7.298851
   vertex 32.600000 14.311246 -7.649520
  endloop
 endfacet
 facet normal -1 0 0
  outer loop
   vertex -32.600000 9.200000 0.000000
   vertex -32.600000 14.800605 -7.298851
   vertex -32.600000 14.311246 -7.649520
  endloop
 endfacet
 facet normal 1 0 0
  outer loop
   vertex 32.600000 9.200000 0.000000
   vertex 32.600000 14.311246 -7.649520
   vertex 32.600000 14.800605 -7.298851
  endloop
 endfacet
 facet normal 0 0.634394 -0.77301
  outer loop
   vertex -32.600000 14.800605 -7.298851
   vertex -32.600000 15.265981 -6.916926
   vertex 32.600000 15.265981 -6.916926
  endloop
 endfacet
 facet normal 0 0.634394 -0.77301
  outer loop
   vertex -32.600000 14.800605 -7.298851
   vertex 32.600000 15.265981 -6.916926
   vertex 32.600000 14.800605 -7.298851
  endloop
 endfacet
 facet normal -1 0 0
  outer loop
   vertex -32.600000 9.200000 0.000000
   vertex -32.600000 15.265981 -6.916926
   vertex -32.600000 14.800605 -7.298851
  endloop
 endfacet
 facet normal 1 0 0
  outer loop
   vertex 32.600000 9.200000 0.000000
   vertex 32.600000 14.800605 -7.298851
   vertex 32.600000 15.265981 -6.916926
  endloop
 endfacet
 facet normal 0 0.683592 -0.729864
  outer loop
   vertex -32.600000 15.265981 -6.916926
   vertex -32.600000 15.705382 -6.505382
   vertex 32.600000 15.705382 -6.505382
  endloop
 endfacet
 facet normal 0 0.683592 -0.729864
  outer loop
   vertex -32.600000 15.265981 -6.916926
   vertex 32.600000 15.705382 -6.505382
   vertex 32.600000 15.265981 -6.916926
  endloop
 endfacet
 facet normal -1 0 0
  outer loop
   vertex -32.600000 9.200000 0.000000
   vertex -32.600000 15.705382 -6.505382
   vertex -32.600000 15.265981 -6.916926
  endloop
 endfacet
 facet normal 1 0 0
  outer loop
   vertex 32.600000 9.200000 0.000000
   vertex 32.600000 15.265981 -6.916926
   vertex 32.600000 15.705382 -6.505382
  endloop
 endfacet
 facet normal 0 0.729864 -0.683592
  outer loop
   vertex -32.600000 15.705382 -6.505382
   vertex -32.600000 16.116926 -6.065981
   vertex 32.600000 16.116926 -6.065981
  endloop
 endfacet
 facet normal 0 0.729864 -0.683592
  outer loop
   vertex -32.600000 15.705382 -6.505382
   vertex 32.600000 16.116926 -6.065981
   vertex 32.600000 15.705382 -6.505382
  endloop
 endfacet
 facet normal -1 0 0
  outer loop
   vertex -32.600000 9.200000 0.000000
   vertex -32.600000 16.116926 -6.065981
   vertex -32.600000 15.705382 -6.505382
  endloop
 endfacet
 facet normal 1 0 0
  outer loop
   vertex 32.600000 9.200000 0.000000
   vertex 32.600000 15.705382 -6.505382
   vertex 32.600000 16.116926 -6.065981
  endloop
 endfacet
 facet normal 0 0.77301 -0.634394
  outer loop
   vertex -32.600000 16.116926 -6.065981
   vertex -32.600000 16.498851 -5.600605
   vertex 32.600000 16.498851 -5.600605
  endloop
 endfacet
 facet normal 0 0.77301 -0.634394
  outer loop
   vertex -32.600000 16.116926 -6.065981
   vertex 32.600000 16.498851 -5.600605
   vertex 32.600000 16.116926 -6.065981
  endloop
 endfacet
 facet normal -1 0 0
  outer loop
   vertex -32.600000 9.200000 0.000000
   vertex -32.600000 16.498851 -5.600605
   vertex -32.600000 16.116926 -6.065981
  endloop
 endfacet
 facet normal 1 0 0
  outer loop
   vertex 32.600000 9.200000 0.000000
   vertex 32.600000 16.116926 -6.065981
   vertex 32.600000 16.498851 -5.600605
  endloop
 endfacet
 facet normal 0 0.812847 -0.582477
  outer loop
   vertex -32.600000 16.498851 -5.600605
   vertex -32.600000 16.849520 -5.111246
   vertex 32.600000 16.849520 -5.111246
  endloop
 endfacet
 facet normal 0 0.812847 -0.582477
  outer loop
   vertex -32.600000 16.498851 -5.600605
   vertex 32.600000 16.849520 -5.111246
   vertex 32.600000 16.498851 -5.600605
  endloop
 endfacet
 facet normal -1 0 0
  outer loop
   vertex -32.600000 9.200000 0.000000
   vertex -32.600000 16.849520 -5.111246
   vertex -32.600000 16.498851 -5.600605
  endloop
 endfacet
 facet normal 1 0 0
  outer loop
   vertex 32.600000 9.200000 0.000000
   vertex 32.600000 16.498851 -5.600605
   vertex 32.600000 16.849520 -5.111246
  endloop
 endfacet
 facet normal 0 0.849202 -0.528069
  outer loop
   vertex -32.600000 16.849520 -5.111246
   vertex -32.600000 17.167434 -4.600000
   vertex 32.600000 17.167434 -4.600000
  endloop
 endfacet
 facet normal 0 0.849202 -0.528069
  outer loop
   vertex -32.600000 16.849520 -5.111246
   vertex 32.600000 17.167434 -4.600000
   vertex 32.600000 16.849520 -5.111246
  endloop
 endfacet
 facet normal -1 0 0
  outer loop
   vertex -32.600000 9.200000 0.000000
   vertex -32.600000 17.167434 -4.600000
   vertex -32.600000 16.849520 -5.111246
  endloop
 endfacet
 facet normal 1 0 0
  outer loop
   vertex 32.600000 9.200000 0.000000
   vertex 32.600000 16.849520 -5.111246
   vertex 32.600000 17.167434 -4.600000
  endloop
 endfacet
 facet normal 0 0.881922 -0.471396
  outer loop
   vertex -32.600000 17.167434 -4.600000
   vertex -32.600000 17.451229 -4.069056
   vertex 32.600000 17.451229 -4.069056
  endloop
 endfacet
 facet normal 0 0.881922 -0.471396
  outer loop
   vertex -32.600000 17.167434 -4.600000
   vertex 32.600000 17.451229 -4.069056
   vertex 32.600000 17.167434 -4.600000
  endloop
 endfacet
 facet normal -1 0 0
  outer loop
   vertex -32.600000 9.200000 0.000000
   vertex -32.600000 17.451229 -4.069056
   vertex -32.600000 17.167434 -4.600000
  endloop
 endfacet
 facet normal 1 0 0
  outer loop
   vertex 32.600000 9.200000 0.000000
   vertex 32.600000 17.167434 -4.600000
   vertex 32.600000 17.451229 -4.069056
  endloop
 endfacet
 facet normal 0 0.910863 -0.412708
  outer loop
   vertex -32.600000 17.451229 -4.069056
   vertex -32.600000 17.699692 -3.520688
   vertex 32.600000 17.699692 -3.520688
  endloop
 endfacet
 facet normal 0 0.910863 -0.412708
  outer loop
   vertex -32.600000 17.451229 -4.069056
   vertex 32.600000 17.699692 -3.520688
   vertex 32.600000 17.451229 -4.069056
  endloop
 endfacet
 facet normal -1 0 0
  outer loop
   vertex -32.600000 9.200000 0.000000
   vertex -32.600000 17.699692 -3.520688
   vertex -32.600000 17.451229 -4.069056
  endloop
 endfacet
 facet normal 1 0 0
  outer loop
   vertex 32.600000 9.200000 0.000000
   vertex 32.600000 17.451229 -4.069056
   vertex 32.600000 17.699692 -3.520688
  endloop
 endfacet
 facet normal 0 0.935906 -0.352249
  outer loop
   vertex -32.600000 17.699692 -3.520688
   vertex -32.600000 17.911757 -2.957243
   vertex 32.600000 17.911757 -2.957243
  endloop
 endfacet
 facet normal 0 0.935906 -0.352249
  outer loop
   vertex -32.600000 17.699692 -3.520688
   vertex 32.600000 17.911757 -2.957243
   vertex 32.600000 17.699692 -3.520688
  endloop
 endfacet
 facet normal -1 0 0
  outer loop
   vertex -32.600000 9.200000 0.000000
   vertex -32.600000 17.911757 -2.957243
   vertex -32.600000 17.699692 -3.520688
  endloop
 endfacet
 facet normal 1 0 0
  outer loop
   vertex 32.600000 9.200000 0.000000
   vertex 32.600000 17.699692 -3.520688
   vertex 32.600000 17.911757 -2.957243
  endloop
 endfacet
 facet normal 0 0.95694 -0.290286
  outer loop
   vertex -32.600000 17.911757 -2.957243
   vertex -32.600000 18.086518 -2.381135
   vertex 32.600000 18.086518 -2.381135
  endloop
 endfacet
 facet normal 0 0.95694 -0.290286
  outer loop
   vertex -32.600000 17.911757 -2.957243
   vertex 32.600000 18.086518 -2.381135
   vertex 32.600000 17.911757 -2.957243
  endloop
 endfacet
 facet normal -1 0 0
  outer loop
   vertex -32.600000 9.200000 0.000000
   vertex -32.600000 18.086518 -2.381135
   vertex -32.600000 17.911757 -2.957243
  endloop
 endfacet
 facet normal 1 0 0
  outer loop
   vertex 32.600000 9.200000 0.000000
   vertex 32.600000 17.911757 -2.957243
   vertex 32.600000 18.086518 -2.381135
  endloop
 endfacet
 facet normal 0 0.973877 -0.227076
  outer loop
   vertex -32.600000 18.086518 -2.381135
   vertex -32.600000 18.223225 -1.794831
   vertex 32.600000 18.223225 -1.794831
  endloop
 endfacet
 facet normal 0 0.973877 -0.227076
  outer loop
   vertex -32.600000 18.086518 -2.381135
   vertex 32.600000 18.223225 -1.794831
   vertex 32.600000 18.086518 -2.381135
  endloop
 endfacet
 facet normal -1 0 0
  outer loop
   vertex -32.600000 9.200000 0.000000
   vertex -32.600000 18.223225 -1.794831
   vertex -32.600000 18.086518 -2.381135
  endloop
 endfacet
 facet normal 1 0 0
  outer loop
   vertex 32.600000 9.200000 0.000000
   vertex 32.600000 18.086518 -2.381135
   vertex 32.600000 18.223225 -1.794831
  endloop
 endfacet
 facet normal 0 0.986643 -0.162895
  outer loop
   vertex -32.600000 18.223225 -1.794831
   vertex -32.600000 18.321293 -1.200841
   vertex 32.600000 18.321293 -1.200841
  endloop
 endfacet
 facet normal 0 0.986643 -0.162895
  outer loop
   vertex -32.600000 18.223225 -1.794831
   vertex 32.600000 18.321293 -1.200841
   vertex 32.600000 18.223225 -1.794831
  endloop
 endfacet
 facet normal -1 0 0
  outer loop
   vertex -32.600000 9.200000 0.000000
   vertex -32.600000 18.321293 -1.200841
   vertex -32.600000 18.223225 -1.794831
  endloop
 endfacet
 facet normal 1 0 0
  outer loop
   vertex 32.600000 9.200000 0.000000
   vertex 32.600000 18.223225 -1.794831
   vertex 32.600000 18.321293 -1.200841
  endloop
 endfacet
 facet normal 0 0.995185 -0.0980166
  outer loop
   vertex -32.600000 18.321293 -1.200841
   vertex -32.600000 18.380302 -0.601709
   vertex 32.600000 18.380302 -0.601709
  endloop
 endfacet
 facet normal 0 0.995185 -0.0980166
  outer loop
   vertex -32.600000 18.321293 -1.200841
   vertex 32.600000 18.380302 -0.601709
   vertex 32.600000 18.321293 -1.200841
  endloop
 endfacet
 facet normal -1 0 0
  outer loop
   vertex -32.600000 9.200000 0.000000
   vertex -32.600000 18.380302 -0.601709
   vertex -32.600000 18.321293 -1.200841
  endloop
 endfacet
 facet normal 1 0 0
  outer loop
   vertex 32.600000 9.200000 0.000000
   vertex 32.600000 18.321293 -1.200841
   vertex 32.600000 18.380302 -0.601709
  endloop
 endfacet
 facet normal 0 0.999465 -0.0327192
  outer loop
   vertex -32.600000 18.380302 -0.601709
   vertex -32.600000 18.400000 0.000000
   vertex 32.600000 18.400000 0.000000
  endloop
 endfacet
 facet normal 0 0.999465 -0.0327192
  outer loop
   vertex -32.600000 18.380302 -0.601709
   vertex 32.600000 18.400000 0.000000
   vertex 32.600000 18.380302 -0.601709
  endloop
 endfacet
 facet normal -1 0 0
  outer loop
   vertex -32.600000 9.200000 0.000000
   vertex -32.600000 18.400000 0.000000
   vertex -32.600000 18.380302 -0.601709
  endloop
 endfacet
 facet normal 1 -0 0
  outer loop
   vertex 32.600000 9.200000 0.000000
   vertex 32.600000 18.380302 -0.601709
   vertex 32.600000 18.400000 0.000000
  endloop
 endfacet
 facet normal 0 0.999465 0.0327192
  outer loop
   vertex -32.600000 18.400000 18.400000
   vertex -32.600000 18.380302 19.001709
   vertex 32.600000 18.380302 19.001709
  endloop
 endfacet
 facet normal -0 0.999465 0.0327192
  outer loop
   vertex -32.600000 18.400000 18.400000
   vertex 32.600000 18.380302 19.001709
   vertex 32.600000 18.400000 18.400000
  endloop
 endfacet
 facet normal -1 0 0
  outer loop
   vertex -32.600000 9.200000 18.400000
   vertex -32.600000 18.380302 19.001709
   vertex -32.600000 18.400000 18.400000
  endloop
 endfacet
 facet normal 1 0 0
  outer loop
   vertex 32.600000 9.200000 18.400000
   vertex 32.600000 18.400000 18.400000
   vertex 32.600000 18.380302 19.001709
  endloop
 endfacet
 facet normal 0 0.995185 0.0980166
  outer loop
   vertex -32.600000 18.380302 19.001709
   vertex -32.600000 18.321293 19.600841
   vertex 32.600000 18.321293 19.600841
  endloop
 endfacet
 facet normal -0 0.995185 0.0980166
  outer loop
   vertex -32.600000 18.380302 19.001709
   vertex 32.600000 18.321293 19.600841
   vertex 32.600000 18.380302 19.001709
  endloop
 endfacet
 facet normal -1 0 0
  outer loop
   vertex -32.600000 9.200000 18.400000
   vertex -32.600000 18.321293 19.600841
   vertex -32.600000 18.380302 19.001709
  endloop
 endfacet
 facet normal 1 0 0
  outer loop
   vertex 32.600000 9.200000 18.400000
   vertex 32.600000 18.380302 19.001709
   vertex 32.600000 18.321293 19.600841
  endloop
 endfacet
 facet normal 0 0.986643 0.162895
  outer loop
   vertex -32.600000 18.321293 19.600841
   vertex -32.600000 18.223225 20.194831
   vertex 32.600000 18.223225 20.194831
  endloop
 endfacet
 facet normal -0 0.986643 0.162895
  outer loop
   vertex -32.600000 18.321293 19.600841
   vertex 32.600000 18.223225 20.194831
   vertex 32.600000 18.321293 19.600841
  endloop
 endfacet
 facet normal -1 0 0
  outer loop
   vertex -32.600000 9.200000 18.400000
   vertex -32.600000 18.223225 20.194831
   vertex -32.600000 18.321293 19.600841
  endloop
 endfacet
 facet normal 1 0 0
  outer loop
   vertex 32.600000 9.200000 18.400000
   vertex 32.600000 18.321293 19.600841
   vertex 32.600000 18.223225 20.194831
  endloop
 endfacet
 facet normal 0 0.973877 0.227076
  outer loop
   vertex -32.600000 18.223225 20.194831
   vertex -32.600000 18.086518 20.781135
   vertex 32.600000 18.086518 20.781135
  endloop
 endfacet
 facet normal -0 0.973877 0.227076
  outer loop
   vertex -32.600000 18.223225 20.194831
   vertex 32.600000 18.086518 20.781135
   vertex 32.600000 18.223225 20.194831
  endloop
 endfacet
 facet normal -1 0 0
  outer loop
   vertex -32.600000 9.200000 18.400000
   vertex -32.600000 18.086518 20.781135
   vertex -32.600000 18.223225 20.194831
  endloop
 endfacet
 facet normal 1 0 0
  outer loop
   vertex 32.600000 9.200000 18.400000
   vertex 32.600000 18.223225 20.194831
   vertex 32.600000 18.086518 20.781135
  endloop
 endfacet
 facet normal 0 0.95694 0.290286
  outer loop
   vertex -32.600000 18.086518 20.781135
   vertex -32.600000 17.911757 21.357243
   vertex 32.600000 17.911757 21.357243
  endloop
 endfacet
 facet normal -0 0.95694 0.290286
  outer loop
   vertex -32.600000 18.086518 20.781135
   vertex 32.600000 17.911757 21.357243
   vertex 32.600000 18.086518 20.781135
  endloop
 endfacet
 facet normal -1 0 0
  outer loop
   vertex -32.600000 9.200000 18.400000
   vertex -32.600000 17.911757 21.357243
   vertex -32.600000 18.086518 20.781135
  endloop
 endfacet
 facet normal 1 0 0
  outer loop
   vertex 32.600000 9.200000 18.400000
   vertex 32.600000 18.086518 20.781135
   vertex 32.600000 17.911757 21.357243
  endloop
 endfacet
 facet normal 0 0.935906 0.352249
  outer loop
   vertex -32.600000 17.911757 21.357243
   vertex -32.600000 17.699692 21.920688
   vertex 32.600000 17.699692 21.920688
  endloop
 endfacet
 facet normal -0 0.935906 0.352249
  outer loop
   vertex -32.600000 17.911757 21.357243
   vertex 32.600000 17.699692 21.920688
   vertex 32.600000 17.911757 21.357243
  endloop
 endfacet
 facet normal -1 0 0
  outer loop
   vertex -32.600000 9.200000 18.400000
   vertex -32.600000 17.699692 21.920688
   vertex -32.600000 17.911757 21.357243
  endloop
 endfacet
 facet normal 1 0 0
  outer loop
   vertex 32.600000 9.200000 18.400000
   vertex 32.600000 17.911757 21.357243
   vertex 32.600000 17.699692 21.920688
  endloop
 endfacet
 facet normal 0 0.910863 0.412708
  outer loop
   vertex -32.600000 17.699692 21.920688
   vertex -32.600000 17.451229 22.469056
   vertex 32.600000 17.451229 22.469056
  endloop
 endfacet
 facet normal -0 0.910863 0.412708
  outer loop
   vertex -32.600000 17.699692 21.920688
   vertex 32.600000 17.451229 22.469056
   vertex 32.600000 17.699692 21.920688
  endloop
 endfacet
 facet normal -1 0 0
  outer loop
   vertex -32.600000 9.200000 18.400000
   vertex -32.600000 17.451229 22.469056
   vertex -32.600000 17.699692 21.920688
  endloop
 endfacet
 facet normal 1 0 0
  outer loop
   vertex 32.600000 9.200000 18.400000
   vertex 32.600000 17.699692 21.920688
   vertex 32.600000 17.451229 22.469056
  endloop
 endfacet
 facet normal 0 0.881922 0.471396
  outer loop
   vertex -32.600000 17.451229 22.469056
   vertex -32.600000 17.167434 23.000000
   vertex 32.600000 17.167434 23.000000
  endloop
 endfacet
 facet normal -0 0.881922 0.471396
  outer loop
   vertex -32.600000 17.451229 22.469056
   vertex 32.600000 17.167434 23.000000
   vertex 32.600000 17.451229 22.469056
  endloop
 endfacet
 facet normal -1 0 0
  outer loop
   vertex -32.600000 9.200000 18.400000
   vertex -32.600000 17.167434 23.000000
   vertex -32.600000 17.451229 22.469056
  endloop
 endfacet
 facet normal 1 0 0
  outer loop
   vertex 32.600000 9.200000 18.400000
   vertex 32.600000 17.451229 22.469056
   vertex 32.600000 17.167434 23.000000
  endloop
 endfacet
 facet normal 0 0.849202 0.528069
  outer loop
   vertex -32.600000 17.167434 23.000000
   vertex -32.600000 16.849520 23.511246
   vertex 32.600000 16.849520 23.511246
  endloop
 endfacet
 facet normal -0 0.849202 0.528069
  outer loop
   vertex -32.600000 17.167434 23.000000
   vertex 32.600000 16.849520 23.511246
   vertex 32.600000 17.167434 23.000000
  endloop
 endfacet
 facet normal -1 0 0
  outer loop
   vertex -32.600000 9.200000 18.400000
   vertex -32.600000 16.849520 23.511246
   vertex -32.600000 17.167434 23.000000
  endloop
 endfacet
 facet normal 1 0 0
  outer loop
   vertex 32.600000 9.200000 18.400000
   vertex 32.600000 17.167434 23.000000
   vertex 32.600000 16.849520 23.511246
  endloop
 endfacet
 facet normal 0 0.812847 0.582477
  outer loop
   vertex -32.600000 16.849520 23.511246
   vertex -32.600000 16.498851 24.000605
   vertex 32.600000 16.498851 24.000605
  endloop
 endfacet
 facet normal -0 0.812847 0.582477
  outer loop
   vertex -32.600000 16.849520 23.511246
   vertex 32.600000 16.498851 24.000605
   vertex 32.600000 16.849520 23.511246
  endloop
 endfacet
 facet normal -1 0 0
  outer loop
   vertex -32.600000 9.200000 18.400000
   vertex -32.600000 16.498851 24.000605
   vertex -32.600000 16.849520 23.511246
  endloop
 endfacet
 facet normal 1 0 0
  outer loop
   vertex 32.600000 9.200000 18.400000
   vertex 32.600000 16.849520 23.511246
   vertex 32.600000 16.498851 24.000605
  endloop
 endfacet
 facet normal 0 0.77301 0.634394
  outer loop
   vertex -32.600000 16.498851 24.000605
   vertex -32.600000 16.116926 24.465981
   vertex 32.600000 16.116926 24.465981
  endloop
 endfacet
 facet normal -0 0.77301 0.634394
  outer loop
   vertex -32.600000 16.498851 24.000605
   vertex 32.600000 16.116926 24.465981
   vertex 32.600000 16.498851 24.000605
  endloop
 endfacet
 facet normal -1 0 0
  outer loop
   vertex -32.600000 9.200000 18.400000
   vertex -32.600000 16.116926 24.465981
   vertex -32.600000 16.498851 24.000605
  endloop
 endfacet
 facet normal 1 0 0
  outer loop
   vertex 32.600000 9.200000 18.400000
   vertex 32.600000 16.498851 24.000605
   vertex 32.600000 16.116926 24.465981
  endloop
 endfacet
 facet normal 0 0.729864 0.683592
  outer loop
   vertex -32.600000 16.116926 24.465981
   vertex -32.600000 15.705382 24.905382
   vertex 32.600000 15.705382 24.905382
  endloop
 endfacet
 facet normal -0 0.729864 0.683592
  outer loop
   vertex -32.600000 16.116926 24.465981
   vertex 32.600000 15.705382 24.905382
   vertex 32.600000 16.116926 24.465981
  endloop
 endfacet
 facet normal -1 0 0
  outer loop
   vertex -32.600000 9.200000 18.400000
   vertex -32.600000 15.705382 24.905382
   vertex -32.600000 16.116926 24.465981
  endloop
 endfacet
 facet normal 1 0 0
  outer loop
   vertex 32.600000 9.200000 18.400000
   vertex 32.600000 16.116926 24.465981
   vertex 32.600000 15.705382 24.905382
  endloop
 endfacet
 facet normal 0 0.683592 0.729864
  outer loop
   vertex -32.600000 15.705382 24.905382
   vertex -32.600000 15.265981 25.316926
   vertex 32.600000 15.265981 25.316926
  endloop
 endfacet
 facet normal -0 0.683592 0.729864
  outer loop
   vertex -32.600000 15.705382 24.905382
   vertex 32.600000 15.265981 25.316926
   vertex 32.600000 15.705382 24.905382
  endloop
 endfacet
 facet normal -1 0 0
  outer loop
   vertex -32.600000 9.200000 18.400000
   vertex -32.600000 15.265981 25.316926
   vertex -32.600000 15.705382 24.905382
  endloop
 endfacet
 facet normal 1 0 0
  outer loop
   vertex 32.600000 9.200000 18.400000
   vertex 32.600000 15.705382 24.905382
   vertex 32.600000 15.265981 25.316926
  endloop
 endfacet
 facet normal 0 0.634394 0.77301
  outer loop
   vertex -32.600000 15.265981 25.316926
   vertex -32.600000 14.800605 25.698851
   vertex 32.600000 14.800605 25.698851
  endloop
 endfacet
 facet normal -0 0.634394 0.77301
  outer loop
   vertex -32.600000 15.265981 25.316926
   vertex 32.600000 14.800605 25.698851
   vertex 32.600000 15.265981 25.316926
  endloop
 endfacet
 facet normal -1 0 0
  outer loop
   vertex -32.600000 9.200000 18.400000
   vertex -32.600000 14.800605 25.698851
   vertex -32.600000 15.265981 25.316926
  endloop
 endfacet
 facet normal 1 0 0
  outer loop
   vertex 32.600000 9.200000 18.400000
   vertex 32.600000 15.265981 25.316926
   vertex 32.600000 14.800605 25.698851
  endloop
 endfacet
 facet normal 0 0.582477 0.812847
  outer loop
   vertex -32.600000 14.800605 25.698851
   vertex -32.600000 14.311246 26.049520
   vertex 32.600000 14.311246 26.049520
  endloop
 endfacet
 facet normal -0 0.582477 0.812847
  outer loop
   vertex -32.600000 14.800605 25.698851
   vertex 32.600000 14.311246 26.049520
   vertex 32.600000 14.800605 25.698851
  endloop
 endfacet
 facet normal -1 0 0
  outer loop
   vertex -32.600000 9.200000 18.400000
   vertex -32.600000 14.311246 26.049520
   vertex -32.600000 14.800605 25.698851
  endloop
 endfacet
 facet normal 1 0 0
  outer loop
   vertex 32.600000 9.200000 18.400000
   vertex 32.600000 14.800605 25.698851
   vertex 32.600000 14.311246 26.049520
  endloop
 endfacet
 facet normal 0 0.528069 0.849202
  outer loop
   vertex -32.600000 14.311246 26.049520
   vertex -32.600000 13.800000 26.367434
   vertex 32.600000 13.800000 26.367434
  endloop
 endfacet
 facet normal -0 0.528069 0.849202
  outer loop
   vertex -32.600000 14.311246 26.049520
   vertex 32.600000 13.800000 26.367434
   vertex 32.600000 14.311246 26.049520
  endloop
 endfacet
 facet normal -1 0 0
  outer loop
   vertex -32.600000 9.200000 18.400000
   vertex -32.600000 13.800000 26.367434
   vertex -32.600000 14.311246 26.049520
  endloop
 endfacet
 facet normal 1 0 0
  outer loop
   vertex 32.600000 9.200000 18.400000
   vertex 32.600000 14.311246 26.049520
   vertex 32.600000 13.800000 26.367434
  endloop
 endfacet
 facet normal 0 0.471396 0.881922
  outer loop
   vertex -32.600000 13.800000 26.367434
   vertex -32.600000 13.269056 26.651229
   vertex 32.600000 13.269056 26.651229
  endloop
 endfacet
 facet normal -0 0.471396 0.881922
  outer loop
   vertex -32.600000 13.800000 26.367434
   vertex 32.600000 13.269056 26.651229
   vertex 32.600000 13.800000 26.367434
  endloop
 endfacet
 facet normal -1 0 0
  outer loop
   vertex -32.600000 9.200000 18.400000
   vertex -32.600000 13.269056 26.651229
   vertex -32.600000 13.800000 26.367434
  endloop
 endfacet
 facet normal 1 0 0
  outer loop
   vertex 32.600000 9.200000 18.400000
   vertex 32.600000 13.800000 26.367434
   vertex 32.600000 13.269056 26.651229
  endloop
 endfacet
 facet normal 0 0.412708 0.910863
  outer loop
   vertex -32.600000 13.269056 26.651229
   vertex -32.600000 12.720688 26.899692
   vertex 32.600000 12.720688 26.899692
  endloop
 endfacet
 facet normal -0 0.412708 0.910863
  outer loop
   vertex -32.600000 13.269056 26.651229
   vertex 32.600000 12.720688 26.899692
   vertex 32.600000 13.269056 26.651229
  endloop
 endfacet
 facet normal -1 0 0
  outer loop
   vertex -32.600000 9.200000 18.400000
   vertex -32.600000 12.720688 26.899692
   vertex -32.600000 13.269056 26.651229
  endloop
 endfacet
 facet normal 1 0 0
  outer loop
   vertex 32.600000 9.200000 18.400000
   vertex 32.600000 13.269056 26.651229
   vertex 32.600000 12.720688 26.899692
  endloop
 endfacet
 facet normal 0 0.352249 0.935906
  outer loop
   vertex -32.600000 12.720688 26.899692
   vertex -32.600000 12.157243 27.111757
   vertex 32.600000 12.157243 27.111757
  endloop
 endfacet
 facet normal -0 0.352249 0.935906
  outer loop
   vertex -32.600000 12.720688 26.899692
   vertex 32.600000 12.157243 27.111757
   vertex 32.600000 12.720688 26.899692
  endloop
 endfacet
 facet normal -1 0 0
  outer loop
   vertex -32.600000 9.200000 18.400000
   vertex -32.600000 12.157243 27.111757
   vertex -32.600000 12.720688 26.899692
  endloop
 endfacet
 facet normal 1 0 0
  outer loop
   vertex 32.600000 9.200000 18.400000
   vertex 32.600000 12.720688 26.899692
   vertex 32.600000 12.157243 27.111757
  endloop
 endfacet
 facet normal 0 0.290286 0.95694
  outer loop
   vertex -32.600000 12.157243 27.111757
   vertex -32.600000 11.581135 27.286518
   vertex 32.600000 11.581135 27.286518
  endloop
 endfacet
 facet normal -0 0.290286 0.95694
  outer loop
   vertex -32.600000 12.157243 27.111757
   vertex 32.600000 11.581135 27.286518
   vertex 32.600000 12.157243 27.111757
  endloop
 endfacet
 facet normal -1 0 0
  outer loop
   vertex -32.600000 9.200000 18.400000
   vertex -32.600000 11.581135 27.286518
   vertex -32.600000 12.157243 27.111757
  endloop
 endfacet
 facet normal 1 0 0
  outer loop
   vertex 32.600000 9.200000 18.400000
   vertex 32.600000 12.157243 27.111757
   vertex 32.600000 11.581135 27.286518
  endloop
 endfacet
 facet normal 0 0.227076 0.973877
  outer loop
   vertex -32.600000 11.581135 27.286518
   vertex -32.600000 10.994831 27.423225
   vertex 32.600000 10.994831 27.423225
  endloop
 endfacet
 facet normal -0 0.227076 0.973877
  outer loop
   vertex -32.600000 11.581135 27.286518
   vertex 32.600000 10.994831 27.423225
   vertex 32.600000 11.581135 27.286518
  endloop
 endfacet
 facet normal -1 0 0
  outer loop
   vertex -32.600000 9.200000 18.400000
   vertex -32.600000 10.994831 27.423225
   vertex -32.600000 11.581135 27.286518
  endloop
 endfacet
 facet normal 1 0 0
  outer loop
   vertex 32.600000 9.200000 18.400000
   vertex 32.600000 11.581135 27.286518
   vertex 32.600000 10.994831 27.423225
  endloop
 endfacet
 facet normal 0 0.162895 0.986643
  outer loop
   vertex -32.600000 10.994831 27.423225
   vertex -32.600000 10.400841 27.521293
   vertex 32.600000 10.400841 27.521293
  endloop
 endfacet
 facet normal -0 0.162895 0.986643
  outer loop
   vertex -32.600000 10.994831 27.423225
   vertex 32.600000 10.400841 27.521293
   vertex 32.600000 10.994831 27.423225
  endloop
 endfacet
 facet normal -1 0 0
  outer loop
   vertex -32.600000 9.200000 18.400000
   vertex -32.600000 10.400841 27.521293
   vertex -32.600000 10.994831 27.423225
  endloop
 endfacet
 facet normal 1 0 0
  outer loop
   vertex 32.600000 9.200000 18.400000
   vertex 32.600000 10.994831 27.423225
   vertex 32.600000 10.400841 27.521293
  endloop
 endfacet
 facet normal 0 0.0980166 0.995185
  outer loop
   vertex -32.600000 10.400841 27.521293
   vertex -32.600000 9.801709 27.580302
   vertex 32.600000 9.801709 27.580302
  endloop
 endfacet
 facet normal -0 0.0980166 0.995185
  outer loop
   vertex -32.600000 10.400841 27.521293
   vertex 32.600000 9.801709 27.580302
   vertex 32.600000 10.400841 27.521293
  endloop
 endfacet
 facet normal -1 0 0
  outer loop
   vertex -32.600000 9.200000 18.400000
   vertex -32.600000 9.801709 27.580302
   vertex -32.600000 10.400841 27.521293
  endloop
 endfacet
 facet normal 1 0 0
  outer loop
   vertex 32.600000 9.200000 18.400000
   vertex 32.600000 10.400841 27.521293
   vertex 32.600000 9.801709 27.580302
  endloop
 endfacet
 facet normal 0 0.0327192 0.999465
  outer loop
   vertex -32.600000 9.801709 27.580302
   vertex -32.600000 9.200000 27.600000
   vertex 32.600000 9.200000 27.600000
  endloop
 endfacet
 facet normal -0 0.0327192 0.999465
  outer loop
   vertex -32.600000 9.801709 27.580302
   vertex 32.600000 9.200000 27.600000
   vertex 32.600000 9.801709 27.580302
  endloop
 endfacet
 facet normal -1 0 0
  outer loop
   vertex -32.600000 9.200000 18.400000
   vertex -32.600000 9.200000 27.600000
   vertex -32.600000 9.801709 27.580302
  endloop
 endfacet
 facet normal 1 0 0
  outer loop
   vertex 32.600000 9.200000 18.400000
   vertex 32.600000 9.801709 27.580302
   vertex 32.600000 9.200000 27.600000
  endloop
 endfacet
 facet normal 0 -0.0327192 0.999465
  outer loop
   vertex -32.600000 9.200000 27.600000
   vertex -32.600000 8.598291 27.580302
   vertex 32.600000 8.598291 27.580302
  endloop
 endfacet
 facet normal 0 -0.0327192 0.999465
  outer loop
   vertex -32.600000 9.200000 27.600000
   vertex 32.600000 8.598291 27.580302
   vertex 32.600000 9.200000 27.600000
  endloop
 endfacet
 facet normal -1 0 0
  outer loop
   vertex -32.600000 9.200000 18.400000
   vertex -32.600000 8.598291 27.580302
   vertex -32.600000 9.200000 27.600000
  endloop
 endfacet
 facet normal 1 0 -0
  outer loop
   vertex 32.600000 9.200000 18.400000
   vertex 32.600000 9.200000 27.600000
   vertex 32.600000 8.598291 27.580302
  endloop
 endfacet
 facet normal 0 -0.0980166 0.995185
  outer loop
   vertex -32.600000 8.598291 27.580302
   vertex -32.600000 7.999159 27.521293
   vertex 32.600000 7.999159 27.521293
  endloop
 endfacet
 facet normal 0 -0.0980166 0.995185
  outer loop
   vertex -32.600000 8.598291 27.580302
   vertex 32.600000 7.999159 27.521293
   vertex 32.600000 8.598291 27.580302
  endloop
 endfacet
 facet normal -1 0 0
  outer loop
   vertex -32.600000 9.200000 18.400000
   vertex -32.600000 7.999159 27.521293
   vertex -32.600000 8.598291 27.580302
  endloop
 endfacet
 facet normal 1 0 0
  outer loop
   vertex 32.600000 9.200000 18.400000
   vertex 32.600000 8.598291 27.580302
   vertex 32.600000 7.999159 27.521293
  endloop
 endfacet
 facet normal 0 -0.162895 0.986643
  outer loop
   vertex -32.600000 7.999159 27.521293
   vertex -32.600000 7.405169 27.423225
   vertex 32.600000 7.405169 27.423225
  endloop
 endfacet
 facet normal 0 -0.162895 0.986643
  outer loop
   vertex -32.600000 7.999159 27.521293
   vertex 32.600000 7.405169 27.423225
   vertex 32.600000 7.999159 27.521293
  endloop
 endfacet
 facet normal -1 0 0
  outer loop
   vertex -32.600000 9.200000 18.400000
   vertex -32.600000 7.405169 27.423225
   vertex -32.600000 7.999159 27.521293
  endloop
 endfacet
 facet normal 1 0 0
  outer loop
   vertex 32.600000 9.200000 18.400000
   vertex 32.600000 7.999159 27.521293
   vertex 32.600000 7.405169 27.423225
  endloop
 endfacet
 facet normal 0 -0.227076 0.973877
  outer loop
   vertex -32.600000 7.405169 27.423225
   vertex -32.600000 6.818865 27.286518
   vertex 32.600000 6.818865 27.286518
  endloop
 endfacet
 facet normal 0 -0.227076 0.973877
  outer loop
   vertex -32.600000 7.405169 27.423225
   vertex 32.600000 6.818865 27.286518
   vertex 32.600000 7.405169 27.423225
  endloop
 endfacet
 facet normal -1 0 0
  outer loop
   vertex -32.600000 9.200000 18.400000
   vertex -32.600000 6.818865 27.286518
   vertex -32.600000 7.405169 27.423225
  endloop
 endfacet
 facet normal 1 0 0
  outer loop
   vertex 32.600000 9.200000 18.400000
   vertex 32.600000 7.405169 27.423225
   vertex 32.600000 6.818865 27.286518
  endloop
 endfacet
 facet normal 0 -0.290286 0.95694
  outer loop
   vertex -32.600000 6.818865 27.286518
   vertex -32.600000 6.242757 27.111757
   vertex 32.600000 6.242757 27.111757
  endloop
 endfacet
 facet normal 0 -0.290286 0.95694
  outer loop
   vertex -32.600000 6.818865 27.286518
   vertex 32.600000 6.242757 27.111757
   vertex 32.600000 6.818865 27.286518
  endloop
 endfacet
 facet normal -1 0 0
  outer loop
   vertex -32.600000 9.200000 18.400000
   vertex -32.600000 6.242757 27.111757
   vertex -32.600000 6.818865 27.286518
  endloop
 endfacet
 facet normal 1 0 0
  outer loop
   vertex 32.600000 9.200000 18.400000
   vertex 32.600000 6.818865 27.286518
   vertex 32.600000 6.242757 27.111757
  endloop
 endfacet
 facet normal 0 -0.352249 0.935906
  outer loop
   vertex -32.600000 6.242757 27.111757
   vertex -32.600000 5.679312 26.899692
   vertex 32.600000 5.679312 26.899692
  endloop
 endfacet
 facet normal 0 -0.352249 0.935906
  outer loop
   vertex -32.600000 6.242757 27.111757
   vertex 32.600000 5.679312 26.899692
   vertex 32.600000 6.242757 27.111757
  endloop
 endfacet
 facet normal -1 0 0
  outer loop
   vertex -32.600000 9.200000 18.400000
   vertex -32.600000 5.679312 26.899692
   vertex -32.600000 6.242757 27.111757
  endloop
 endfacet
 facet normal 1 0 0
  outer loop
   vertex 32.600000 9.200000 18.400000
   vertex 32.600000 6.242757 27.111757
   vertex 32.600000 5.679312 26.899692
  endloop
 endfacet
 facet normal 0 -0.412708 0.910863
  outer loop
   vertex -32.600000 5.679312 26.899692
   vertex -32.600000 5.130944 26.651229
   vertex 32.600000 5.130944 26.651229
  endloop
 endfacet
 facet normal 0 -0.412708 0.910863
  outer loop
   vertex -32.600000 5.679312 26.899692
   vertex 32.600000 5.130944 26.651229
   vertex 32.600000 5.679312 26.899692
  endloop
 endfacet
 facet normal -1 0 0
  outer loop
   vertex -32.600000 9.200000 18.400000
   vertex -32.600000 5.130944 26.651229
   vertex -32.600000 5.679312 26.899692
  endloop
 endfacet
 facet normal 1 0 0
  outer loop
   vertex 32.600000 9.200000 18.400000
   vertex 32.600000 5.679312 26.899692
   vertex 32.600000 5.130944 26.651229
  endloop
 endfacet
 facet normal 0 -0.471396 0.881922
  outer loop
   vertex -32.600000 5.130944 26.651229
   vertex -32.600000 4.600000 26.367434
   vertex 32.600000 4.600000 26.367434
  endloop
 endfacet
 facet normal 0 -0.471396 0.881922
  outer loop
   vertex -32.600000 5.130944 26.651229
   vertex 32.600000 4.600000 26.367434
   vertex 32.600000 5.130944 26.651229
  endloop
 endfacet
 facet normal -1 0 0
  outer loop
   vertex -32.600000 9.200000 18.400000
   vertex -32.600000 4.600000 26.367434
   vertex -32.600000 5.130944 26.651229
  endloop
 endfacet
 facet normal 1 0 0
  outer loop
   vertex 32.600000 9.200000 18.400000
   vertex 32.600000 5.130944 26.651229
   vertex 32.600000 4.600000 26.367434
  endloop
 endfacet
 facet normal 0 -0.528069 0.849202
  outer loop
   vertex -32.600000 4.600000 26.367434
   vertex -32.600000 4.088754 26.049520
   vertex 32.600000 4.088754 26.049520
  endloop
 endfacet
 facet normal 0 -0.528069 0.849202
  outer loop
   vertex -32.600000 4.600000 26.367434
   vertex 32.600000 4.088754 26.049520
   vertex 32.600000 4.600000 26.367434
  endloop
 endfacet
 facet normal -1 0 0
  outer loop
   vertex -32.600000 9.200000 18.400000
   vertex -32.600000 4.088754 26.049520
   vertex -32.600000 4.600000 26.367434
  endloop
 endfacet
 facet normal 1 0 0
  outer loop
   vertex 32.600000 9.200000 18.400000
   vertex 32.600000 4.600000 26.367434
   vertex 32.600000 4.088754 26.049520
  endloop
 endfacet
 facet normal 0 -0.582477 0.812847
  outer loop
   vertex -32.600000 4.088754 26.049520
   vertex -32.600000 3.599395 25.698851
   vertex 32.600000 3.599395 25.698851
  endloop
 endfacet
 facet normal 0 -0.582477 0.812847
  outer loop
   vertex -32.600000 4.088754 26.049520
   vertex 32.600000 3.599395 25.698851
   vertex 32.600000 4.088754 26.049520
  endloop
 endfacet
 facet normal -1 0 0
  outer loop
   vertex -32.600000 9.200000 18.400000
   vertex -32.600000 3.599395 25.698851
   vertex -32.600000 4.088754 26.049520
  endloop
 endfacet
 facet normal 1 0 0
  outer loop
   vertex 32.600000 9.200000 18.400000
   vertex 32.600000 4.088754 26.049520
   vertex 32.600000 3.599395 25.698851
  endloop
 endfacet
 facet normal 0 -0.634394 0.77301
  outer loop
   vertex -32.600000 3.599395 25.698851
   vertex -32.600000 3.134019 25.316926
   vertex 32.600000 3.134019 25.316926
  endloop
 endfacet
 facet normal 0 -0.634394 0.77301
  outer loop
   vertex -32.600000 3.599395 25.698851
   vertex 32.600000 3.134019 25.316926
   vertex 32.600000 3.599395 25.698851
  endloop
 endfacet
 facet normal -1 0 0
  outer loop
   vertex -32.600000 9.200000 18.400000
   vertex -32.600000 3.134019 25.316926
   vertex -32.600000 3.599395 25.698851
  endloop
 endfacet
 facet normal 1 0 0
  outer loop
   vertex 32.600000 9.200000 18.400000
   vertex 32.600000 3.599395 25.698851
   vertex 32.600000 3.134019 25.316926
  endloop
 endfacet
 facet normal 0 -0.683592 0.729864
  outer loop
   vertex -32.600000 3.134019 25.316926
   vertex -32.600000 2.694618 24.905382
   vertex 32.600000 2.694618 24.905382
  endloop
 endfacet
 facet normal 0 -0.683592 0.729864
  outer loop
   vertex -32.600000 3.134019 25.316926
   vertex 32.600000 2.694618 24.905382
   vertex 32.600000 3.134019 25.316926
  endloop
 endfacet
 facet normal -1 0 0
  outer loop
   vertex -32.600000 9.200000 18.400000
   vertex -32.600000 2.694618 24.905382
   vertex -32.600000 3.134019 25.316926
  endloop
 endfacet
 facet normal 1 0 0
  outer loop
   vertex 32.600000 9.200000 18.400000
   vertex 32.600000 3.134019 25.316926
   vertex 32.600000 2.694618 24.905382
  endloop
 endfacet
 facet normal 0 -0.729864 0.683592
  outer loop
   vertex -32.600000 2.694618 24.905382
   vertex -32.600000 2.283074 24.465981
   vertex 32.600000 2.283074 24.465981
  endloop
 endfacet
 facet normal 0 -0.729864 0.683592
  outer loop
   vertex -32.600000 2.694618 24.905382
   vertex 32.600000 2.283074 24.465981
   vertex 32.600000 2.694618 24.905382
  endloop
 endfacet
 facet normal -1 0 0
  outer loop
   vertex -32.600000 9.200000 18.400000
   vertex -32.600000 2.283074 24.465981
   vertex -32.600000 2.694618 24.905382
  endloop
 endfacet
 facet normal 1 0 0
  outer loop
   vertex 32.600000 9.200000 18.400000
   vertex 32.600000 2.694618 24.905382
   vertex 32.600000 2.283074 24.465981
  endloop
 endfacet
 facet normal 0 -0.77301 0.634394
  outer loop
   vertex -32.600000 2.283074 24.465981
   vertex -32.600000 1.901149 24.000605
   vertex 32.600000 1.901149 24.000605
  endloop
 endfacet
 facet normal 0 -0.77301 0.634394
  outer loop
   vertex -32.600000 2.283074 24.465981
   vertex 32.600000 1.901149 24.000605
   vertex 32.600000 2.283074 24.465981
  endloop
 endfacet
 facet normal -1 0 0
  outer loop
   vertex -32.600000 9.200000 18.400000
   vertex -32.600000 1.901149 24.000605
   vertex -32.600000 2.283074 24.465981
  endloop
 endfacet
 facet normal 1 0 0
  outer loop
   vertex 32.600000 9.200000 18.400000
   vertex 32.600000 2.283074 24.465981
   vertex 32.600000 1.901149 24.000605
  endloop
 endfacet
 facet normal 0 -0.812847 0.582477
  outer loop
   vertex -32.600000 1.901149 24.000605
   vertex -32.600000 1.550480 23.511246
   vertex 32.600000 1.550480 23.511246
  endloop
 endfacet
 facet normal 0 -0.812847 0.582477
  outer loop
   vertex -32.600000 1.901149 24.000605
   vertex 32.600000 1.550480 23.511246
   vertex 32.600000 1.901149 24.000605
  endloop
 endfacet
 facet normal -1 0 0
  outer loop
   vertex -32.600000 9.200000 18.400000
   vertex -32.600000 1.550480 23.511246
   vertex -32.600000 1.901149 24.000605
  endloop
 endfacet
 facet normal 1 0 0
  outer loop
   vertex 32.600000 9.200000 18.400000
   vertex 32.600000 1.901149 24.000605
   vertex 32.600000 1.550480 23.511246
  endloop
 endfacet
 facet normal 0 -0.849202 0.528069
  outer loop
   vertex -32.600000 1.550480 23.511246
   vertex -32.600000 1.232566 23.000000
   vertex 32.600000 1.232566 23.000000
  endloop
 endfacet
 facet normal 0 -0.849202 0.528069
  outer loop
   vertex -32.600000 1.550480 23.511246
   vertex 32.600000 1.232566 23.000000
   vertex 32.600000 1.550480 23.511246
  endloop
 endfacet
 facet normal -1 0 0
  outer loop
   vertex -32.600000 9.200000 18.400000
   vertex -32.600000 1.232566 23.000000
   vertex -32.600000 1.550480 23.511246
  endloop
 endfacet
 facet normal 1 0 0
  outer loop
   vertex 32.600000 9.200000 18.400000
   vertex 32.600000 1.550480 23.511246
   vertex 32.600000 1.232566 23.000000
  endloop
 endfacet
 facet normal 0 -0.881922 0.471396
  outer loop
   vertex -32.600000 1.232566 23.000000
   vertex -32.600000 0.948771 22.469056
   vertex 32.600000 0.948771 22.469056
  endloop
 endfacet
 facet normal 0 -0.881922 0.471396
  outer loop
   vertex -32.600000 1.232566 23.000000
   vertex 32.600000 0.948771 22.469056
   vertex 32.600000 1.232566 23.000000
  endloop
 endfacet
 facet normal -1 0 0
  outer loop
   vertex -32.600000 9.200000 18.400000
   vertex -32.600000 0.948771 22.469056
   vertex -32.600000 1.232566 23.000000
  endloop
 endfacet
 facet normal 1 0 0
  outer loop
   vertex 32.600000 9.200000 18.400000
   vertex 32.600000 1.232566 23.000000
   vertex 32.600000 0.948771 22.469056
  endloop
 endfacet
 facet normal 0 -0.910863 0.412708
  outer loop
   vertex -32.600000 0.948771 22.469056
   vertex -32.600000 0.700308 21.920688
   vertex 32.600000 0.700308 21.920688
  endloop
 endfacet
 facet normal 0 -0.910863 0.412708
  outer loop
   vertex -32.600000 0.948771 22.469056
   vertex 32.600000 0.700308 21.920688
   vertex 32.600000 0.948771 22.469056
  endloop
 endfacet
 facet normal -1 0 0
  outer loop
   vertex -32.600000 9.200000 18.400000
   vertex -32.600000 0.700308 21.920688
   vertex -32.600000 0.948771 22.469056
  endloop
 endfacet
 facet normal 1 0 0
  outer loop
   vertex 32.600000 9.200000 18.400000
   vertex 32.600000 0.948771 22.469056
   vertex 32.600000 0.700308 21.920688
  endloop
 endfacet
 facet normal 0 -0.935906 0.352249
  outer loop
   vertex -32.600000 0.700308 21.920688
   vertex -32.600000 0.488243 21.357243
   vertex 32.600000 0.488243 21.357243
  endloop
 endfacet
 facet normal 0 -0.935906 0.352249
  outer loop
   vertex -32.600000 0.700308 21.920688
   vertex 32.600000 0.488243 21.357243
   vertex 32.600000 0.700308 21.920688
  endloop
 endfacet
 facet normal -1 0 0
  outer loop
   vertex -32.600000 9.200000 18.400000
   vertex -32.600000 0.488243 21.357243
   vertex -32.600000 0.700308 21.920688
  endloop
 endfacet
 facet normal 1 0 0
  outer loop
   vertex 32.600000 9.200000 18.400000
   vertex 32.600000 0.700308 21.920688
   vertex 32.600000 0.488243 21.357243
  endloop
 endfacet
 facet normal 0 -0.95694 0.290286
  outer loop
   vertex -32.600000 0.488243 21.357243
   vertex -32.600000 0.313482 20.781135
   vertex 32.600000 0.313482 20.781135
  endloop
 endfacet
 facet normal 0 -0.95694 0.290286
  outer loop
   vertex -32.600000 0.488243 21.357243
   vertex 32.600000 0.313482 20.781135
   vertex 32.600000 0.488243 21.357243
  endloop
 endfacet
 facet normal -1 0 0
  outer loop
   vertex -32.600000 9.200000 18.400000
   vertex -32.600000 0.313482 20.781135
   vertex -32.600000 0.488243 21.357243
  endloop
 endfacet
 facet normal 1 0 0
  outer loop
   vertex 32.600000 9.200000 18.400000
   vertex 32.600000 0.488243 21.357243
   vertex 32.600000 0.313482 20.781135
  endloop
 endfacet
 facet normal 0 -0.973877 0.227076
  outer loop
   vertex -32.600000 0.313482 20.781135
   vertex -32.600000 0.176775 20.194831
   vertex 32.600000 0.176775 20.194831
  endloop
 endfacet
 facet normal 0 -0.973877 0.227076
  outer loop
   vertex -32.600000 0.313482 20.781135
   vertex 32.600000 0.176775 20.194831
   vertex 32.600000 0.313482 20.781135
  endloop
 endfacet
 facet normal -1 0 0
  outer loop
   vertex -32.600000 9.200000 18.400000
   vertex -32.600000 0.176775 20.194831
   vertex -32.600000 0.313482 20.781135
  endloop
 endfacet
 facet normal 1 0 0
  outer loop
   vertex 32.600000 9.200000 18.400000
   vertex 32.600000 0.313482 20.781135
   vertex 32.600000 0.176775 20.194831
  endloop
 endfacet
 facet normal 0 -0.986643 0.162895
  outer loop
   vertex -32.600000 0.176775 20.194831
   vertex -32.600000 0.078707 19.600841
   vertex 32.600000 0.078707 19.600841
  endloop
 endfacet
 facet normal 0 -0.986643 0.162895
  outer loop
   vertex -32.600000 0.176775 20.194831
   vertex 32.600000 0.078707 19.600841
   vertex 32.600000 0.176775 20.194831
  endloop
 endfacet
 facet normal -1 0 0
  outer loop
   vertex -32.600000 9.200000 18.400000
   vertex -32.600000 0.078707 19.600841
   vertex -32.600000 0.176775 20.194831
  endloop
 endfacet
 facet normal 1 0 0
  outer loop
   vertex 32.600000 9.200000 18.400000
   vertex 32.600000 0.176775 20.194831
   vertex 32.600000 0.078707 19.600841
  endloop
 endfacet
 facet normal 0 -0.995185 0.0980166
  outer loop
   vertex -32.600000 0.078707 19.600841
   vertex -32.600000 0.019698 19.001709
   vertex 32.600000 0.019698 19.001709
  endloop
 endfacet
 facet normal 0 -0.995185 0.0980166
  outer loop
   vertex -32.600000 0.078707 19.600841
   vertex 32.600000 0.019698 19.001709
   vertex 32.600000 0.078707 19.600841
  endloop
 endfacet
 facet normal -1 0 0
  outer loop
   vertex -32.600000 9.200000 18.400000
   vertex -32.600000 0.019698 19.001709
   vertex -32.600000 0.078707 19.600841
  endloop
 endfacet
 facet normal 1 0 0
  outer loop
   vertex 32.600000 9.200000 18.400000
   vertex 32.600000 0.078707 19.600841
   vertex 32.600000 0.019698 19.001709
  endloop
 endfacet
 facet normal 0 -0.999465 0.0327192
  outer loop
   vertex -32.600000 0.019698 19.001709
   vertex -32.600000 0.000000 18.400000
   vertex 32.600000 0.000000 18.400000
  endloop
 endfacet
 facet normal 0 -0.999465 0.0327192
  outer loop
   vertex -32.600000 0.019698 19.001709
   vertex 32.600000 0.000000 18.400000
   vertex 32.600000 0.019698 19.001709
  endloop
 endfacet
 facet normal -1 0 0
  outer loop
   vertex -32.600000 9.200000 18.400000
   vertex -32.600000 0.000000 18.400000
   vertex -32.600000 0.019698 19.001709
  endloop
 endfacet
 facet normal 1 0 0
  outer loop
   vertex 32.600000 9.200000 18.400000
   vertex 32.600000 0.019698 19.001709
   vertex 32.600000 0.000000 18.400000
  endloop
 endfacet
 facet normal 0 -0.999465 -0.0327192
  outer loop
   vertex -32.600000 0.000000 18.400000
   vertex -32.600000 0.019698 17.798291
   vertex 32.600000 0.019698 17.798291
  endloop
 endfacet
 facet normal 0 -0.999465 -0.0327192
  outer loop
   vertex -32.600000 0.000000 18.400000
   vertex 32.600000 0.019698 17.798291
   vertex 32.600000 0.000000 18.400000
  endloop
 endfacet
 facet normal -1 -0 0
  outer loop
   vertex -32.600000 9.200000 18.400000
   vertex -32.600000 0.019698 17.798291
   vertex -32.600000 0.000000 18.400000
  endloop
 endfacet
 facet normal 1 0 0
  outer loop
   vertex 32.600000 9.200000 18.400000
   vertex 32.600000 0.000000 18.400000
   vertex 32.600000 0.019698 17.798291
  endloop
 endfacet
 facet normal 0 -0.995185 -0.0980166
  outer loop
   vertex -32.600000 0.019698 17.798291
   vertex -32.600000 0.078707 17.199159
   vertex 32.600000 0.078707 17.199159
  endloop
 endfacet
 facet normal 0 -0.995185 -0.0980166
  outer loop
   vertex -32.600000 0.019698 17.798291
   vertex 32.600000 0.078707 17.199159
   vertex 32.600000 0.019698 17.798291
  endloop
 endfacet
 facet normal -1 0 0
  outer loop
   vertex -32.600000 9.200000 18.400000
   vertex -32.600000 0.078707 17.199159
   vertex -32.600000 0.019698 17.798291
  endloop
 endfacet
 facet normal 1 0 0
  outer loop
   vertex 32.600000 9.200000 18.400000
   vertex 32.600000 0.019698 17.798291
   vertex 32.600000 0.078707 17.199159
  endloop
 endfacet
 facet normal 0 -0.986643 -0.162895
  outer loop
   vertex -32.600000 0.078707 17.199159
   vertex -32.600000 0.176775 16.605169
   vertex 32.600000 0.176775 16.605169
  endloop
 endfacet
 facet normal 0 -0.986643 -0.162895
  outer loop
   vertex -32.600000 0.078707 17.199159
   vertex 32.600000 0.176775 16.605169
   vertex 32.600000 0.078707 17.199159
  endloop
 endfacet
 facet normal -1 0 0
  outer loop
   vertex -32.600000 9.200000 18.400000
   vertex -32.600000 0.176775 16.605169
   vertex -32.600000 0.078707 17.199159
  endloop
 endfacet
 facet normal 1 0 0
  outer loop
   vertex 32.600000 9.200000 18.400000
   vertex 32.600000 0.078707 17.199159
   vertex 32.600000 0.176775 16.605169
  endloop
 endfacet
 facet normal 0 -0.973877 -0.227076
  outer loop
   vertex -32.600000 0.176775 16.605169
   vertex -32.600000 0.313482 16.018865
   vertex 32.600000 0.313482 16.018865
  endloop
 endfacet
 facet normal 0 -0.973877 -0.227076
  outer loop
   vertex -32.600000 0.176775 16.605169
   vertex 32.600000 0.313482 16.018865
   vertex 32.600000 0.176775 16.605169
  endloop
 endfacet
 facet normal -1 0 0
  outer loop
   vertex -32.600000 9.200000 18.400000
   vertex -32.600000 0.313482 16.018865
   vertex -32.600000 0.176775 16.605169
  endloop
 endfacet
 facet normal 1 0 0
  outer loop
   vertex 32.600000 9.200000 18.400000
   vertex 32.600000 0.176775 16.605169
   vertex 32.600000 0.313482 16.018865
  endloop
 endfacet
 facet normal 0 -0.95694 -0.290286
  outer loop
   vertex -32.600000 0.313482 16.018865
   vertex -32.600000 0.488243 15.442757
   vertex 32.600000 0.488243 15.442757
  endloop
 endfacet
 facet normal 0 -0.95694 -0.290286
  outer loop
   vertex -32.600000 0.313482 16.018865
   vertex 32.600000 0.488243 15.442757
   vertex 32.600000 0.313482 16.018865
  endloop
 endfacet
 facet normal -1 0 0
  outer loop
   vertex -32.600000 9.200000 18.400000
   vertex -32.600000 0.488243 15.442757
   vertex -32.600000 0.313482 16.018865
  endloop
 endfacet
 facet normal 1 0 0
  outer loop
   vertex 32.600000 9.200000 18.400000
   vertex 32.600000 0.313482 16.018865
   vertex 32.600000 0.488243 15.442757
  endloop
 endfacet
 facet normal 0 -0.935906 -0.352249
  outer loop
   vertex -32.600000 0.488243 15.442757
   vertex -32.600000 0.700308 14.879312
   vertex 32.600000 0.700308 14.879312
  endloop
 endfacet
 facet normal 0 -0.935906 -0.352249
  outer loop
   vertex -32.600000 0.488243 15.442757
   vertex 32.600000 0.700308 14.879312
   vertex 32.600000 0.488243 15.442757
  endloop
 endfacet
 facet normal -1 0 0
  outer loop
   vertex -32.600000 9.200000 18.400000
   vertex -32.600000 0.700308 14.879312
   vertex -32.600000 0.488243 15.442757
  endloop
 endfacet
 facet normal 1 0 0
  outer loop
   vertex 32.600000 9.200000 18.400000
   vertex 32.600000 0.488243 15.442757
   vertex 32.600000 0.700308 14.879312
  endloop
 endfacet
 facet normal 0 -0.910863 -0.412708
  outer loop
   vertex -32.600000 0.700308 14.879312
   vertex -32.600000 0.948771 14.330944
   vertex 32.600000 0.948771 14.330944
  endloop
 endfacet
 facet normal 0 -0.910863 -0.412708
  outer loop
   vertex -32.600000 0.700308 14.879312
   vertex 32.600000 0.948771 14.330944
   vertex 32.600000 0.700308 14.879312
  endloop
 endfacet
 facet normal -1 0 0
  outer loop
   vertex -32.600000 9.200000 18.400000
   vertex -32.600000 0.948771 14.330944
   vertex -32.600000 0.700308 14.879312
  endloop
 endfacet
 facet normal 1 0 0
  outer loop
   vertex 32.600000 9.200000 18.400000
   vertex 32.600000 0.700308 14.879312
   vertex 32.600000 0.948771 14.330944
  endloop
 endfacet
 facet normal 0 -0.881922 -0.471396
  outer loop
   vertex -32.600000 0.948771 14.330944
   vertex -32.600000 1.232566 13.800000
   vertex 32.600000 1.232566 13.800000
  endloop
 endfacet
 facet normal 0 -0.881922 -0.471396
  outer loop
   vertex -32.600000 0.948771 14.330944
   vertex 32.600000 1.232566 13.800000
   vertex 32.600000 0.948771 14.330944
  endloop
 endfacet
 facet normal -1 0 0
  outer loop
   vertex -32.600000 9.200000 18.400000
   vertex -32.600000 1.232566 13.800000
   vertex -32.600000 0.948771 14.330944
  endloop
 endfacet
 facet normal 1 0 0
  outer loop
   vertex 32.600000 9.200000 18.400000
   vertex 32.600000 0.948771 14.330944
   vertex 32.600000 1.232566 13.800000
  endloop
 endfacet
 facet normal 0 -0.849202 -0.528069
  outer loop
   vertex -32.600000 1.232566 13.800000
   vertex -32.600000 1.550480 13.288754
   vertex 32.600000 1.550480 13.288754
  endloop
 endfacet
 facet normal 0 -0.849202 -0.528069
  outer loop
   vertex -32.600000 1.232566 13.800000
   vertex 32.600000 1.550480 13.288754
   vertex 32.600000 1.232566 13.800000
  endloop
 endfacet
 facet normal -1 0 0
  outer loop
   vertex -32.600000 9.200000 18.400000
   vertex -32.600000 1.550480 13.288754
   vertex -32.600000 1.232566 13.800000
  endloop
 endfacet
 facet normal 1 0 0
  outer loop
   vertex 32.600000 9.200000 18.400000
   vertex 32.600000 1.232566 13.800000
   vertex 32.600000 1.550480 13.288754
  endloop
 endfacet
 facet normal 0 -0.812847 -0.582477
  outer loop
   vertex -32.600000 1.550480 13.288754
   vertex -32.600000 1.901149 12.799395
   vertex 32.600000 1.901149 12.799395
  endloop
 endfacet
 facet normal 0 -0.812847 -0.582477
  outer loop
   vertex -32.600000 1.550480 13.288754
   vertex 32.600000 1.901149 12.799395
   vertex 32.600000 1.550480 13.288754
  endloop
 endfacet
 facet normal -1 0 0
  outer loop
   vertex -32.600000 9.200000 18.400000
   vertex -32.600000 1.901149 12.799395
   vertex -32.600000 1.550480 13.288754
  endloop
 endfacet
 facet normal 1 0 0
  outer loop
   vertex 32.600000 9.200000 18.400000
   vertex 32.600000 1.550480 13.288754
   vertex 32.600000 1.901149 12.799395
  endloop
 endfacet
 facet normal 0 -0.77301 -0.634394
  outer loop
   vertex -32.600000 1.901149 12.799395
   vertex -32.600000 2.283074 12.334019
   vertex 32.600000 2.283074 12.334019
  endloop
 endfacet
 facet normal 0 -0.77301 -0.634394
  outer loop
   vertex -32.600000 1.901149 12.799395
   vertex 32.600000 2.283074 12.334019
   vertex 32.600000 1.901149 12.799395
  endloop
 endfacet
 facet normal -1 0 0
  outer loop
   vertex -32.600000 9.200000 18.400000
   vertex -32.600000 2.283074 12.334019
   vertex -32.600000 1.901149 12.799395
  endloop
 endfacet
 facet normal 1 0 0
  outer loop
   vertex 32.600000 9.200000 18.400000
   vertex 32.600000 1.901149 12.799395
   vertex 32.600000 2.283074 12.334019
  endloop
 endfacet
 facet normal 0 -0.729864 -0.683592
  outer loop
   vertex -32.600000 2.283074 12.334019
   vertex -32.600000 2.694618 11.894618
   vertex 32.600000 2.694618 11.894618
  endloop
 endfacet
 facet normal 0 -0.729864 -0.683592
  outer loop
   vertex -32.600000 2.283074 12.334019
   vertex 32.600000 2.694618 11.894618
   vertex 32.600000 2.283074 12.334019
  endloop
 endfacet
 facet normal -1 0 0
  outer loop
   vertex -32.600000 9.200000 18.400000
   vertex -32.600000 2.694618 11.894618
   vertex -32.600000 2.283074 12.334019
  endloop
 endfacet
 facet normal 1 0 0
  outer loop
   vertex 32.600000 9.200000 18.400000
   vertex 32.600000 2.283074 12.334019
   vertex 32.600000 2.694618 11.894618
  endloop
 endfacet
 facet normal 0 -0.683592 -0.729864
  outer loop
   vertex -32.600000 2.694618 11.894618
   vertex -32.600000 3.134019 11.483074
   vertex 32.600000 3.134019 11.483074
  endloop
 endfacet
 facet normal 0 -0.683592 -0.729864
  outer loop
   vertex -32.600000 2.694618 11.894618
   vertex 32.600000 3.134019 11.483074
   vertex 32.600000 2.694618 11.894618
  endloop
 endfacet
 facet normal -1 0 0
  outer loop
   vertex -32.600000 9.200000 18.400000
   vertex -32.600000 3.134019 11.483074
   vertex -32.600000 2.694618 11.894618
  endloop
 endfacet
 facet normal 1 0 0
  outer loop
   vertex 32.600000 9.200000 18.400000
   vertex 32.600000 2.694618 11.894618
   vertex 32.600000 3.134019 11.483074
  endloop
 endfacet
 facet normal 0 -0.634394 -0.77301
  outer loop
   vertex -32.600000 3.134019 11.483074
   vertex -32.600000 3.599395 11.101149
   vertex 32.600000 3.599395 11.101149
  endloop
 endfacet
 facet normal 0 -0.634394 -0.77301
  outer loop
   vertex -32.600000 3.134019 11.483074
   vertex 32.600000 3.599395 11.101149
   vertex 32.600000 3.134019 11.483074
  endloop
 endfacet
 facet normal -1 0 0
  outer loop
   vertex -32.600000 9.200000 18.400000
   vertex -32.600000 3.599395 11.101149
   vertex -32.600000 3.134019 11.483074
  endloop
 endfacet
 facet normal 1 0 0
  outer loop
   vertex 32.600000 9.200000 18.400000
   vertex 32.600000 3.134019 11.483074
   vertex 32.600000 3.599395 11.101149
  endloop
 endfacet
 facet normal 0 -0.582477 -0.812847
  outer loop
   vertex -32.600000 3.599395 11.101149
   vertex -32.600000 4.088754 10.750480
   vertex 32.600000 4.088754 10.750480
  endloop
 endfacet
 facet normal 0 -0.582477 -0.812847
  outer loop
   vertex -32.600000 3.599395 11.101149
   vertex 32.600000 4.088754 10.750480
   vertex 32.600000 3.599395 11.101149
  endloop
 endfacet
 facet normal -1 0 0
  outer loop
   vertex -32.600000 9.200000 18.400000
   vertex -32.600000 4.088754 10.750480
   vertex -32.600000 3.599395 11.101149
  endloop
 endfacet
 facet normal 1 0 0
  outer loop
   vertex 32.600000 9.200000 18.400000
   vertex 32.600000 3.599395 11.101149
   vertex 32.600000 4.088754 10.750480
  endloop
 endfacet
 facet normal 0 -0.528069 -0.849202
  outer loop
   vertex -32.600000 4.088754 10.750480
   vertex -32.600000 4.600000 10.432566
   vertex 32.600000 4.600000 10.432566
  endloop
 endfacet
 facet normal 0 -0.528069 -0.849202
  outer loop
   vertex -32.600000 4.088754 10.750480
   vertex 32.600000 4.600000 10.432566
   vertex 32.600000 4.088754 10.750480
  endloop
 endfacet
 facet normal -1 0 0
  outer loop
   vertex -32.600000 9.200000 18.400000
   vertex -32.600000 4.600000 10.432566
   vertex -32.600000 4.088754 10.750480
  endloop
 endfacet
 facet normal 1 0 0
  outer loop
   vertex 32.600000 9.200000 18.400000
   vertex 32.600000 4.088754 10.750480
   vertex 32.600000 4.600000 10.432566
  endloop
 endfacet
 facet normal 0 -0.471396 -0.881922
  outer loop
   vertex -32.600000 4.600000 10.432566
   vertex -32.600000 5.130944 10.148771
   vertex 32.600000 5.130944 10.148771
  endloop
 endfacet
 facet normal 0 -0.471396 -0.881922
  outer loop
   vertex -32.600000 4.600000 10.432566
   vertex 32.600000 5.130944 10.148771
   vertex 32.600000 4.600000 10.432566
  endloop
 endfacet
 facet normal -1 0 0
  outer loop
   vertex -32.600000 9.200000 18.400000
   vertex -32.600000 5.130944 10.148771
   vertex -32.600000 4.600000 10.432566
  endloop
 endfacet
 facet normal 1 0 0
  outer loop
   vertex 32.600000 9.200000 18.400000
   vertex 32.600000 4.600000 10.432566
   vertex 32.600000 5.130944 10.148771
  endloop
 endfacet
 facet normal 0 -0.412708 -0.910863
  outer loop
   vertex -32.600000 5.130944 10.148771
   vertex -32.600000 5.679312 9.900308
   vertex 32.600000 5.679312 9.900308
  endloop
 endfacet
 facet normal 0 -0.412708 -0.910863
  outer loop
   vertex -32.600000 5.130944 10.148771
   vertex 32.600000 5.679312 9.900308
   vertex 32.600000 5.130944 10.148771
  endloop
 endfacet
 facet normal -1 0 0
  outer loop
   vertex -32.600000 9.200000 18.400000
   vertex -32.600000 5.679312 9.900308
   vertex -32.600000 5.130944 10.148771
  endloop
 endfacet
 facet normal 1 0 0
  outer loop
   vertex 32.600000 9.200000 18.400000
   vertex 32.600000 5.130944 10.148771
   vertex 32.600000 5.679312 9.900308
  endloop
 endfacet
 facet normal 0 -0.352249 -0.935906
  outer loop
   vertex -32.600000 5.679312 9.900308
   vertex -32.600000 6.242757 9.688243
   vertex 32.600000 6.242757 9.688243
  endloop
 endfacet
 facet normal 0 -0.352249 -0.935906
  outer loop
   vertex -32.600000 5.679312 9.900308
   vertex 32.600000 6.242757 9.688243
   vertex 32.600000 5.679312 9.900308
  endloop
 endfacet
 facet normal -1 0 0
  outer loop
   vertex -32.600000 9.200000 18.400000
   vertex -32.600000 6.242757 9.688243
   vertex -32.600000 5.679312 9.900308
  endloop
 endfacet
 facet normal 1 0 0
  outer loop
   vertex 32.600000 9.200000 18.400000
   vertex 32.600000 5.679312 9.900308
   vertex 32.600000 6.242757 9.688243
  endloop
 endfacet
 facet normal 0 -0.290286 -0.95694
  outer loop
   vertex -32.600000 6.242757 9.688243
   vertex -32.600000 6.818865 9.513482
   vertex 32.600000 6.818865 9.513482
  endloop
 endfacet
 facet normal 0 -0.290286 -0.95694
  outer loop
   vertex -32.600000 6.242757 9.688243
   vertex 32.600000 6.818865 9.513482
   vertex 32.600000 6.242757 9.688243
  endloop
 endfacet
 facet normal -1 0 0
  outer loop
   vertex -32.600000 9.200000 18.400000
   vertex -32.600000 6.818865 9.513482
   vertex -32.600000 6.242757 9.688243
  endloop
 endfacet
 facet normal 1 0 0
  outer loop
   vertex 32.600000 9.200000 18.400000
   vertex 32.600000 6.242757 9.688243
   vertex 32.600000 6.818865 9.513482
  endloop
 endfacet
 facet normal 0 -0.227076 -0.973877
  outer loop
   vertex -32.600000 6.818865 9.513482
   vertex -32.600000 7.405169 9.376775
   vertex 32.600000 7.405169 9.376775
  endloop
 endfacet
 facet normal 0 -0.227076 -0.973877
  outer loop
   vertex -32.600000 6.818865 9.513482
   vertex 32.600000 7.405169 9.376775
   vertex 32.600000 6.818865 9.513482
  endloop
 endfacet
 facet normal -1 0 0
  outer loop
   vertex -32.600000 9.200000 18.400000
   vertex -32.600000 7.405169 9.376775
   vertex -32.600000 6.818865 9.513482
  endloop
 endfacet
 facet normal 1 0 0
  outer loop
   vertex 32.600000 9.200000 18.400000
   vertex 32.600000 6.818865 9.513482
   vertex 32.600000 7.405169 9.376775
  endloop
 endfacet
 facet normal 0 -0.162895 -0.986643
  outer loop
   vertex -32.600000 7.405169 9.376775
   vertex -32.600000 7.999159 9.278707
   vertex 32.600000 7.999159 9.278707
  endloop
 endfacet
 facet normal 0 -0.162895 -0.986643
  outer loop
   vertex -32.600000 7.405169 9.376775
   vertex 32.600000 7.999159 9.278707
   vertex 32.600000 7.405169 9.376775
  endloop
 endfacet
 facet normal -1 0 0
  outer loop
   vertex -32.600000 9.200000 18.400000
   vertex -32.600000 7.999159 9.278707
   vertex -32.600000 7.405169 9.376775
  endloop
 endfacet
 facet normal 1 0 0
  outer loop
   vertex 32.600000 9.200000 18.400000
   vertex 32.600000 7.405169 9.376775
   vertex 32.600000 7.999159 9.278707
  endloop
 endfacet
 facet normal 0 -0.0980166 -0.995185
  outer loop
   vertex -32.600000 7.999159 9.278707
   vertex -32.600000 8.598291 9.219698
   vertex 32.600000 8.598291 9.219698
  endloop
 endfacet
 facet normal 0 -0.0980166 -0.995185
  outer loop
   vertex -32.600000 7.999159 9.278707
   vertex 32.600000 8.598291 9.219698
   vertex 32.600000 7.999159 9.278707
  endloop
 endfacet
 facet normal -1 0 0
  outer loop
   vertex -32.600000 9.200000 18.400000
   vertex -32.600000 8.598291 9.219698
   vertex -32.600000 7.999159 9.278707
  endloop
 endfacet
 facet normal 1 0 0
  outer loop
   vertex 32.600000 9.200000 18.400000
   vertex 32.600000 7.999159 9.278707
   vertex 32.600000 8.598291 9.219698
  endloop
 endfacet
 facet normal 0 -0.0327192 -0.999465
  outer loop
   vertex -32.600000 8.598291 9.219698
   vertex -32.600000 9.200000 9.200000
   vertex 32.600000 9.200000 9.200000
  endloop
 endfacet
 facet normal 0 -0.0327192 -0.999465
  outer loop
   vertex -32.600000 8.598291 9.219698
   vertex 32.600000 9.200000 9.200000
   vertex 32.600000 8.598291 9.219698
  endloop
 endfacet
 facet normal -1 0 -0
  outer loop
   vertex -32.600000 9.200000 18.400000
   vertex -32.600000 9.200000 9.200000
   vertex -32.600000 8.598291 9.219698
  endloop
 endfacet
 facet normal 1 0 0
  outer loop
   vertex 32.600000 9.200000 18.400000
   vertex 32.600000 8.598291 9.219698
   vertex 32.600000 9.200000 9.200000
  endloop
 endfacet
 facet normal 0 0.0327192 -0.999465
  outer loop
   vertex -32.600000 9.200000 9.200000
   vertex -32.600000 9.801709 9.219698
   vertex 32.600000 9.801709 9.219698
  endloop
 endfacet
 facet normal 0 0.0327192 -0.999465
  outer loop
   vertex -32.600000 9.200000 9.200000
   vertex 32.600000 9.801709 9.219698
   vertex 32.600000 9.200000 9.200000
  endloop
 endfacet
 facet normal -1 0 0
  outer loop
   vertex -32.600000 9.200000 18.400000
   vertex -32.600000 9.801709 9.219698
   vertex -32.600000 9.200000 9.200000
  endloop
 endfacet
 facet normal 1 0 0
  outer loop
   vertex 32.600000 9.200000 18.400000
   vertex 32.600000 9.200000 9.200000
   vertex 32.600000 9.801709 9.219698
  endloop
 endfacet
 facet normal 0 0.0980166 -0.995185
  outer loop
   vertex -32.600000 9.801709 9.219698
   vertex -32.600000 10.400841 9.278707
   vertex 32.600000 10.400841 9.278707
  endloop
 endfacet
 facet normal 0 0.0980166 -0.995185
  outer loop
   vertex -32.600000 9.801709 9.219698
   vertex 32.600000 10.400841 9.278707
   vertex 32.600000 9.801709 9.219698
  endloop
 endfacet
 facet normal -1 0 0
  outer loop
   vertex -32.600000 9.200000 18.400000
   vertex -32.600000 10.400841 9.278707
   vertex -32.600000 9.801709 9.219698
  endloop
 endfacet
 facet normal 1 0 0
  outer loop
   vertex 32.600000 9.200000 18.400000
   vertex 32.600000 9.801709 9.219698
   vertex 32.600000 10.400841 9.278707
  endloop
 endfacet
 facet normal 0 0.162895 -0.986643
  outer loop
   vertex -32.600000 10.400841 9.278707
   vertex -32.600000 10.994831 9.376775
   vertex 32.600000 10.994831 9.376775
  endloop
 endfacet
 facet normal 0 0.162895 -0.986643
  outer loop
   vertex -32.600000 10.400841 9.278707
   vertex 32.600000 10.994831 9.376775
   vertex 32.600000 10.400841 9.278707
  endloop
 endfacet
 facet normal -1 0 0
  outer loop
   vertex -32.600000 9.200000 18.400000
   vertex -32.600000 10.994831 9.376775
   vertex -32.600000 10.400841 9.278707
  endloop
 endfacet
 facet normal 1 0 0
  outer loop
   vertex 32.600000 9.200000 18.400000
   vertex 32.600000 10.400841 9.278707
   vertex 32.600000 10.994831 9.376775
  endloop
 endfacet
 facet normal 0 0.227076 -0.973877
  outer loop
   vertex -32.600000 10.994831 9.376775
   vertex -32.600000 11.581135 9.513482
   vertex 32.600000 11.581135 9.513482
  endloop
 endfacet
 facet normal 0 0.227076 -0.973877
  outer loop
   vertex -32.600000 10.994831 9.376775
   vertex 32.600000 11.581135 9.513482
   vertex 32.600000 10.994831 9.376775
  endloop
 endfacet
 facet normal -1 0 0
  outer loop
   vertex -32.600000 9.200000 18.400000
   vertex -32.600000 11.581135 9.513482
   vertex -32.600000 10.994831 9.376775
  endloop
 endfacet
 facet normal 1 0 0
  outer loop
   vertex 32.600000 9.200000 18.400000
   vertex 32.600000 10.994831 9.376775
   vertex 32.600000 11.581135 9.513482
  endloop
 endfacet
 facet normal 0 0.290286 -0.95694
  outer loop
   vertex -32.600000 11.581135 9.513482
   vertex -32.600000 12.157243 9.688243
   vertex 32.600000 12.157243 9.688243
  endloop
 endfacet
 facet normal 0 0.290286 -0.95694
  outer loop
   vertex -32.600000 11.581135 9.513482
   vertex 32.600000 12.157243 9.688243
   vertex 32.600000 11.581135 9.513482
  endloop
 endfacet
 facet normal -1 0 0
  outer loop
   vertex -32.600000 9.200000 18.400000
   vertex -32.600000 12.157243 9.688243
   vertex -32.600000 11.581135 9.513482
  endloop
 endfacet
 facet normal 1 0 0
  outer loop
   vertex 32.600000 9.200000 18.400000
   vertex 32.600000 11.581135 9.513482
   vertex 32.600000 12.157243 9.688243
  endloop
 endfacet
 facet normal 0 0.352249 -0.935906
  outer loop
   vertex -32.600000 12.157243 9.688243
   vertex -32.600000 12.720688 9.900308
   vertex 32.600000 12.720688 9.900308
  endloop
 endfacet
 facet normal 0 0.352249 -0.935906
  outer loop
   vertex -32.600000 12.157243 9.688243
   vertex 32.600000 12.720688 9.900308
   vertex 32.600000 12.157243 9.688243
  endloop
 endfacet
 facet normal -1 0 0
  outer loop
   vertex -32.600000 9.200000 18.400000
   vertex -32.600000 12.720688 9.900308
   vertex -32.600000 12.157243 9.688243
  endloop
 endfacet
 facet normal 1 0 0
  outer loop
   vertex 32.600000 9.200000 18.400000
   vertex 32.600000 12.157243 9.688243
   vertex 32.600000 12.720688 9.900308
  endloop
 endfacet
 facet normal 0 0.412708 -0.910863
  outer loop
   vertex -32.600000 12.720688 9.900308
   vertex -32.600000 13.269056 10.148771
   vertex 32.600000 13.269056 10.148771
  endloop
 endfacet
 facet normal 0 0.412708 -0.910863
  outer loop
   vertex -32.600000 12.720688 9.900308
   vertex 32.600000 13.269056 10.148771
   vertex 32.600000 12.720688 9.900308
  endloop
 endfacet
 facet normal -1 0 0
  outer loop
   vertex -32.600000 9.200000 18.400000
   vertex -32.600000 13.269056 10.148771
   vertex -32.600000 12.720688 9.900308
  endloop
 endfacet
 facet normal 1 0 0
  outer loop
   vertex 32.600000 9.200000 18.400000
   vertex 32.600000 12.720688 9.900308
   vertex 32.600000 13.269056 10.148771
  endloop
 endfacet
 facet normal 0 0.471396 -0.881922
  outer loop
   vertex -32.600000 13.269056 10.148771
   vertex -32.600000 13.800000 10.432566
   vertex 32.600000 13.800000 10.432566
  endloop
 endfacet
 facet normal 0 0.471396 -0.881922
  outer loop
   vertex -32.600000 13.269056 10.148771
   vertex 32.600000 13.800000 10.432566
   vertex 32.600000 13.269056 10.148771
  endloop
 endfacet
 facet normal -1 0 0
  outer loop
   vertex -32.600000 9.200000 18.400000
   vertex -32.600000 13.800000 10.432566
   vertex -32.600000 13.269056 10.148771
  endloop
 endfacet
 facet normal 1 0 0
  outer loop
   vertex 32.600000 9.200000 18.400000
   vertex 32.600000 13.269056 10.148771
   vertex 32.600000 13.800000 10.432566
  endloop
 endfacet
 facet normal 0 0.528069 -0.849202
  outer loop
   vertex -32.600000 13.800000 10.432566
   vertex -32.600000 14.311246 10.750480
   vertex 32.600000 14.311246 10.750480
  endloop
 endfacet
 facet normal 0 0.528069 -0.849202
  outer loop
   vertex -32.600000 13.800000 10.432566
   vertex 32.600000 14.311246 10.750480
   vertex 32.600000 13.800000 10.432566
  endloop
 endfacet
 facet normal -1 0 0
  outer loop
   vertex -32.600000 9.200000 18.400000
   vertex -32.600000 14.311246 10.750480
   vertex -32.600000 13.800000 10.432566
  endloop
 endfacet
 facet normal 1 0 0
  outer loop
   vertex 32.600000 9.200000 18.400000
   vertex 32.600000 13.800000 10.432566
   vertex 32.600000 14.311246 10.750480
  endloop
 endfacet
 facet normal 0 0.582477 -0.812847
  outer loop
   vertex -32.600000 14.311246 10.750480
   vertex -32.600000 14.800605 11.101149
   vertex 32.600000 14.800605 11.101149
  endloop
 endfacet
 facet normal 0 0.582477 -0.812847
  outer loop
   vertex -32.600000 14.311246 10.750480
   vertex 32.600000 14.800605 11.101149
   vertex 32.600000 14.311246 10.750480
  endloop
 endfacet
 facet normal -1 0 0
  outer loop
   vertex -32.600000 9.200000 18.400000
   vertex -32.600000 14.800605 11.101149
   vertex -32.600000 14.311246 10.750480
  endloop
 endfacet
 facet normal 1 0 0
  outer loop
   vertex 32.600000 9.200000 18.400000
   vertex 32.600000 14.311246 10.750480
   vertex 32.600000 14.800605 11.101149
  endloop
 endfacet
 facet normal 0 0.634394 -0.77301
  outer loop
   vertex -32.600000 14.800605 11.101149
   vertex -32.600000 15.265981 11.483074
   vertex 32.600000 15.265981 11.483074
  endloop
 endfacet
 facet normal 0 0.634394 -0.77301
  outer loop
   vertex -32.600000 14.800605 11.101149
   vertex 32.600000 15.265981 11.483074
   vertex 32.600000 14.800605 11.101149
  endloop
 endfacet
 facet normal -1 0 0
  outer loop
   vertex -32.600000 9.200000 18.400000
   vertex -32.600000 15.265981 11.483074
   vertex -32.600000 14.800605 11.101149
  endloop
 endfacet
 facet normal 1 0 0
  outer loop
   vertex 32.600000 9.200000 18.400000
   vertex 32.600000 14.800605 11.101149
   vertex 32.600000 15.265981 11.483074
  endloop
 endfacet
 facet normal 0 0.683592 -0.729864
  outer loop
   vertex -32.600000 15.265981 11.483074
   vertex -32.600000 15.705382 11.894618
   vertex 32.600000 15.705382 11.894618
  endloop
 endfacet
 facet normal 0 0.683592 -0.729864
  outer loop
   vertex -32.600000 15.265981 11.483074
   vertex 32.600000 15.705382 11.894618
   vertex 32.600000 15.265981 11.483074
  endloop
 endfacet
 facet normal -1 0 0
  outer loop
   vertex -32.600000 9.200000 18.400000
   vertex -32.600000 15.705382 11.894618
   vertex -32.600000 15.265981 11.483074
  endloop
 endfacet
 facet normal 1 0 0
  outer loop
   vertex 32.600000 9.200000 18.400000
   vertex 32.600000 15.265981 11.483074
   vertex 32.600000 15.705382 11.894618
  endloop
 endfacet
 facet normal 0 0.729864 -0.683592
  outer loop
   vertex -32.600000 15.705382 11.894618
   vertex -32.600000 16.116926 12.334019
   vertex 32.600000 16.116926 12.334019
  endloop
 endfacet
 facet normal 0 0.729864 -0.683592
  outer loop
   vertex -32.600000 15.705382 11.894618
   vertex 32.600000 16.116926 12.334019
   vertex 32.600000 15.705382 11.894618
  endloop
 endfacet
 facet normal -1 0 0
  outer loop
   vertex -32.600000 9.200000 18.400000
   vertex -32.600000 16.116926 12.334019
   vertex -32.600000 15.705382 11.894618
  endloop
 endfacet
 facet normal 1 0 0
  outer loop
   vertex 32.600000 9.200000 18.400000
   vertex 32.600000 15.705382 11.894618
   vertex 32.600000 16.116926 12.334019
  endloop
 endfacet
 facet normal 0 0.77301 -0.634394
  outer loop
   vertex -32.600000 16.116926 12.334019
   vertex -32.600000 16.498851 12.799395
   vertex 32.600000 16.498851 12.799395
  endloop
 endfacet
 facet normal 0 0.77301 -0.634394
  outer loop
   vertex -32.600000 16.116926 12.334019
   vertex 32.600000 16.498851 12.799395
   vertex 32.600000 16.116926 12.334019
  endloop
 endfacet
 facet normal -1 0 0
  outer loop
   vertex -32.600000 9.200000 18.400000
   vertex -32.600000 16.498851 12.799395
   vertex -32.600000 16.116926 12.334019
  endloop
 endfacet
 facet normal 1 0 0
  outer loop
   vertex 32.600000 9.200000 18.400000
   vertex 32.600000 16.116926 12.334019
   vertex 32.600000 16.498851 12.799395
  endloop
 endfacet
 facet normal 0 0.812847 -0.582477
  outer loop
   vertex -32.600000 16.498851 12.799395
   vertex -32.600000 16.849520 13.288754
   vertex 32.600000 16.849520 13.288754
  endloop
 endfacet
 facet normal 0 0.812847 -0.582477
  outer loop
   vertex -32.600000 16.498851 12.799395
   vertex 32.600000 16.849520 13.288754
   vertex 32.600000 16.498851 12.799395
  endloop
 endfacet
 facet normal -1 0 0
  outer loop
   vertex -32.600000 9.200000 18.400000
   vertex -32.600000 16.849520 13.288754
   vertex -32.600000 16.498851 12.799395
  endloop
 endfacet
 facet normal 1 0 0
  outer loop
   vertex 32.600000 9.200000 18.400000
   vertex 32.600000 16.498851 12.799395
   vertex 32.600000 16.849520 13.288754
  endloop
 endfacet
 facet normal 0 0.849202 -0.528069
  outer loop
   vertex -32.600000 16.849520 13.288754
   vertex -32.600000 17.167434 13.800000
   vertex 32.600000 17.167434 13.800000
  endloop
 endfacet
 facet normal 0 0.849202 -0.528069
  outer loop
   vertex -32.600000 16.849520 13.288754
   vertex 32.600000 17.167434 13.800000
   vertex 32.600000 16.849520 13.288754
  endloop
 endfacet
 facet normal -1 0 0
  outer loop
   vertex -32.600000 9.200000 18.400000
   vertex -32.600000 17.167434 13.800000
   vertex -32.600000 16.849520 13.288754
  endloop
 endfacet
 facet normal 1 0 0
  outer loop
   vertex 32.600000 9.200000 18.400000
   vertex 32.600000 16.849520 13.288754
   vertex 32.600000 17.167434 13.800000
  endloop
 endfacet
 facet normal 0 0.881922 -0.471396
  outer loop
   vertex -32.600000 17.167434 13.800000
   vertex -32.600000 17.451229 14.330944
   vertex 32.600000 17.451229 14.330944
  endloop
 endfacet
 facet normal 0 0.881922 -0.471396
  outer loop
   vertex -32.600000 17.167434 13.800000
   vertex 32.600000 17.451229 14.330944
   vertex 32.600000 17.167434 13.800000
  endloop
 endfacet
 facet normal -1 0 0
  outer loop
   vertex -32.600000 9.200000 18.400000
   vertex -32.600000 17.451229 14.330944
   vertex -32.600000 17.167434 13.800000
  endloop
 endfacet
 facet normal 1 0 0
  outer loop
   vertex 32.600000 9.200000 18.400000
   vertex 32.600000 17.167434 13.800000
   vertex 32.600000 17.451229 14.330944
  endloop
 endfacet
 facet normal 0 0.910863 -0.412708
  outer loop
   vertex -32.600000 17.451229 14.330944
   vertex -32.600000 17.699692 14.879312
   vertex 32.600000 17.699692 14.879312
  endloop
 endfacet
 facet normal 0 0.910863 -0.412708
  outer loop
   vertex -32.600000 17.451229 14.330944
   vertex 32.600000 17.699692 14.879312
   vertex 32.600000 17.451229 14.330944
  endloop
 endfacet
 facet normal -1 0 0
  outer loop
   vertex -32.600000 9.200000 18.400000
   vertex -32.600000 17.699692 14.879312
   vertex -32.600000 17.451229 14.330944
  endloop
 endfacet
 facet normal 1 0 0
  outer loop
   vertex 32.600000 9.200000 18.400000
   vertex 32.600000 17.451229 14.330944
   vertex 32.600000 17.699692 14.879312
  endloop
 endfacet
 facet normal 0 0.935906 -0.352249
  outer loop
   vertex -32.600000 17.699692 14.879312
   vertex -32.600000 17.911757 15.442757
   vertex 32.600000 17.911757 15.442757
  endloop
 endfacet
 facet normal 0 0.935906 -0.352249
  outer loop
   vertex -32.600000 17.699692 14.879312
   vertex 32.600000 17.911757 15.442757
   vertex 32.600000 17.699692 14.879312
  endloop
 endfacet
 facet normal -1 0 0
  outer loop
   vertex -32.600000 9.200000 18.400000
   vertex -32.600000 17.911757 15.442757
   vertex -32.600000 17.699692 14.879312
  endloop
 endfacet
 facet normal 1 0 0
  outer loop
   vertex 32.600000 9.200000 18.400000
   vertex 32.600000 17.699692 14.879312
   vertex 32.600000 17.911757 15.442757
  endloop
 endfacet
 facet normal 0 0.95694 -0.290286
  outer loop
   vertex -32.600000 17.911757 15.442757
   vertex -32.600000 18.086518 16.018865
   vertex 32.600000 18.086518 16.018865
  endloop
 endfacet
 facet normal 0 0.95694 -0.290286
  outer loop
   vertex -32.600000 17.911757 15.442757
   vertex 32.600000 18.086518 16.018865
   vertex 32.600000 17.911757 15.442757
  endloop
 endfacet
 facet normal -1 0 0
  outer loop
   vertex -32.600000 9.200000 18.400000
   vertex -32.600000 18.086518 16.018865
   vertex -32.600000 17.911757 15.442757
  endloop
 endfacet
 facet normal 1 0 0
  outer loop
   vertex 32.600000 9.200000 18.400000
   vertex 32.600000 17.911757 15.442757
   vertex 32.600000 18.086518 16.018865
  endloop
 endfacet
 facet normal 0 0.973877 -0.227076
  outer loop
   vertex -32.600000 18.086518 16.018865
   vertex -32.600000 18.223225 16.605169
   vertex 32.600000 18.223225 16.605169
  endloop
 endfacet
 facet normal 0 0.973877 -0.227076
  outer loop
   vertex -32.600000 18.086518 16.018865
   vertex 32.600000 18.223225 16.605169
   vertex 32.600000 18.086518 16.018865
  endloop
 endfacet
 facet normal -1 0 0
  outer loop
   vertex -32.600000 9.200000 18.400000
   vertex -32.600000 18.223225 16.605169
   vertex -32.600000 18.086518 16.018865
  endloop
 endfacet
 facet normal 1 0 0
  outer loop
   vertex 32.600000 9.200000 18.400000
   vertex 32.600000 18.086518 16.018865
   vertex 32.600000 18.223225 16.605169
  endloop
 endfacet
 facet normal 0 0.986643 -0.162895
  outer loop
   vertex -32.600000 18.223225 16.605169
   vertex -32.600000 18.321293 17.199159
   vertex 32.600000 18.321293 17.199159
  endloop
 endfacet
 facet normal 0 0.986643 -0.162895
  outer loop
   vertex -32.600000 18.223225 16.605169
   vertex 32.600000 18.321293 17.199159
   vertex 32.600000 18.223225 16.605169
  endloop
 endfacet
 facet normal -1 0 0
  outer loop
   vertex -32.600000 9.200000 18.400000
   vertex -32.600000 18.321293 17.199159
   vertex -32.600000 18.223225 16.605169
  endloop
 endfacet
 facet normal 1 0 0
  outer loop
   vertex 32.600000 9.200000 18.400000
   vertex 32.600000 18.223225 16.605169
   vertex 32.600000 18.321293 17.199159
  endloop
 endfacet
 facet normal 0 0.995185 -0.0980166
  outer loop
   vertex -32.600000 18.321293 17.199159
   vertex -32.600000 18.380302 17.798291
   vertex 32.600000 18.380302 17.798291
  endloop
 endfacet
 facet normal 0 0.995185 -0.0980166
  outer loop
   vertex -32.600000 18.321293 17.199159
   vertex 32.600000 18.380302 17.798291
   vertex 32.600000 18.321293 17.199159
  endloop
 endfacet
 facet normal -1 0 0
  outer loop
   vertex -32.600000 9.200000 18.400000
   vertex -32.600000 18.380302 17.798291
   vertex -32.600000 18.321293 17.199159
  endloop
 endfacet
 facet normal 1 0 0
  outer loop
   vertex 32.600000 9.200000 18.400000
   vertex 32.600000 18.321293 17.199159
   vertex 32.600000 18.380302 17.798291
  endloop
 endfacet
 facet normal 0 0.999465 -0.0327192
  outer loop
   vertex -32.600000 18.380302 17.798291
   vertex -32.600000 18.400000 18.400000
   vertex 32.600000 18.400000 18.400000
  endloop
 endfacet
 facet normal 0 0.999465 -0.0327192
  outer loop
   vertex -32.600000 18.380302 17.798291
   vertex 32.600000 18.400000 18.400000
   vertex 32.600000 18.380302 17.798291
  endloop
 endfacet
 facet normal -1 0 0
  outer loop
   vertex -32.600000 9.200000 18.400000
   vertex -32.600000 18.400000 18.400000
   vertex -32.600000 18.380302 17.798291
  endloop
 endfacet
 facet normal 1 -0 0
  outer loop
   vertex 32.600000 9.200000 18.400000
   vertex 32.600000 18.380302 17.798291
   vertex 32.600000 18.400000 18.400000
  endloop
 endfacet
 facet normal 0 0 -1
  outer loop
   vertex -48.350000 -21.950000 -20.300000
   vertex 48.350000 -20.810000 -20.300000
   vertex 48.350000 -21.950000 -20.300000
  endloop
 endfacet
 facet normal 0 0 -1
  outer loop
   vertex -48.350000 -21.950000 -20.300000
   vertex -48.350000 -20.810000 -20.300000
   vertex 48.350000 -20.810000 -20.300000
  endloop
 endfacet
 facet normal 0 0 1
  outer loop
   vertex -48.350000 -21.950000 20.300000
   vertex 48.350000 -21.950000 20.300000
   vertex 48.350000 -20.810000 20.300000
  endloop
 endfacet
 facet normal 0 0 1
  outer loop
   vertex -48.350000 -21.950000 20.300000
   vertex 48.350000 -20.810000 20.300000
   vertex -48.350000 -20.810000 20.300000
  endloop
 endfacet
 facet normal 0 -1 0
  outer loop
   vertex -48.350000 -21.950000 -20.300000
   vertex 48.350000 -21.950000 -20.300000
   vertex 48.350000 -21.950000 20.300000
  endloop
 endfacet
 facet normal 0 -1 0
  outer loop
   vertex -48.350000 -21.950000 -20.300000
   vertex 48.350000 -21.950000 20.300000
   vertex -48.350000 -21.950000 20.300000
  endloop
 endfacet
 facet normal 1 0 0
  outer loop
   vertex 48.350000 -21.950000 -20.300000
   vertex 48.350000 -20.810000 -20.300000
   vertex 48.350000 -20.810000 20.300000
  endloop
 endfacet
 facet normal 1 0 0
  outer loop
   vertex 48.350000 -21.950000 -20.300000
   vertex 48.350000 -20.810000 20.300000
   vertex 48.350000 -21.950000 20.300000
  endloop
 endfacet
 facet normal 0 1 0
  outer loop
   vertex 48.350000 -20.810000 -20.300000
   vertex -48.350000 -20.810000 -20.300000
   vertex -48.350000 -20.810000 20.300000
  endloop
 endfacet
 facet normal 0 1 -0
  outer loop
   vertex 48.350000 -20.810000 -20.300000
   vertex -48.350000 -20.810000 20.300000
   vertex 48.350000 -20.810000 20.300000
  endloop
 endfacet
 facet normal -1 0 0
  outer loop
   vertex -48.350000 -20.810000 -20.300000
   vertex -48.350000 -21.950000 -20.300000
   vertex -48.350000 -21.950000 20.300000
  endloop
 endfacet
 facet normal -1 0 0
  outer loop
   vertex -48.350000 -20.810000 -20.300000
   vertex -48.350000 -21.950000 20.300000
   vertex -48.350000 -20.810000 20.300000
  endloop
 endfacet
 facet normal 0 0 -1
  outer loop
   vertex -43.500000 -22.670000 -14.000000
   vertex -25.500000 -21.530000 -14.000000
   vertex -25.500000 -22.670000 -14.000000
  endloop
 endfacet
 facet normal 0 0 -1
  outer loop
   vertex -43.500000 -22.670000 -14.000000
   vertex -43.500000 -21.530000 -14.000000
   vertex -25.500000 -21.530000 -14.000000
  endloop
 endfacet
 facet normal 0 0 1
  outer loop
   vertex -43.500000 -22.670000 -2.000000
   vertex -25.500000 -22.670000 -2.000000
   vertex -25.500000 -21.530000 -2.000000
  endloop
 endfacet
 facet normal 0 0 1
  outer loop
   vertex -43.500000 -22.670000 -2.000000
   vertex -25.500000 -21.530000 -2.000000
   vertex -43.500000 -21.530000 -2.000000
  endloop
 endfacet
 facet normal 0 -1 0
  outer loop
   vertex -43.500000 -22.670000 -14.000000
   vertex -25.500000 -22.670000 -14.000000
   vertex -25.500000 -22.670000 -2.000000
  endloop
 endfacet
 facet normal 0 -1 0
  outer loop
   vertex -43.500000 -22.670000 -14.000000
   vertex -25.500000 -22.670000 -2.000000
   vertex -43.500000 -22.670000 -2.000000
  endloop
 endfacet
 facet normal 1 0 0
  outer loop
   vertex -25.500000 -22.670000 -14.000000
   vertex -25.500000 -21.530000 -14.000000
   vertex -25.500000 -21.530000 -2.000000
  endloop
 endfacet
 facet normal 1 0 0
  outer loop
   vertex -25.500000 -22.670000 -14.000000
   vertex -25.500000 -21.530000 -2.000000
   vertex -25.500000 -22.670000 -2.000000
  endloop
 endfacet
 facet normal 0 1 0
  outer loop
   vertex -25.500000 -21.530000 -14.000000
   vertex -43.500000 -21.530000 -14.000000
   vertex -43.500000 -21.530000 -2.000000
  endloop
 endfacet
 facet normal 0 1 -0
  outer loop
   vertex -25.500000 -21.530000 -14.000000
   vertex -43.500000 -21.530000 -2.000000
   vertex -25.500000 -21.530000 -2.000000
  endloop
 endfacet
 facet normal -1 0 0
  outer loop
   vertex -43.500000 -21.530000 -14.000000
   vertex -43.500000 -22.670000 -14.000000
   vertex -43.500000 -22.670000 -2.000000
  endloop
 endfacet
 facet normal -1 0 0
  outer loop
   vertex -43.500000 -21.530000 -14.000000
   vertex -43.500000 -22.670000 -2.000000
   vertex -43.500000 -21.530000 -2.000000
  endloop
 endfacet
 facet normal 0 0 -1
  outer loop
   vertex -46.675000 -30.580000 -9.630000
   vertex -39.325000 -22.080000 -9.630000
   vertex -39.325000 -30.580000 -9.630000
  endloop
 endfacet
 facet normal 0 0 -1
  outer loop
   vertex -46.675000 -30.580000 -9.630000
   vertex -46.675000 -22.080000 -9.630000
   vertex -39.325000 -22.080000 -9.630000
  endloop
 endfacet
 facet normal 0 0 1
  outer loop
   vertex -46.675000 -30.580000 -6.370000
   vertex -39.325000 -30.580000 -6.370000
   vertex -39.325000 -22.080000 -6.370000
  endloop
 endfacet
 facet normal 0 0 1
  outer loop
   vertex -46.675000 -30.580000 -6.370000
   vertex -39.325000 -22.080000 -6.370000
   vertex -46.675000 -22.080000 -6.370000
  endloop
 endfacet
 facet normal 0 -1 0
  outer loop
   vertex -46.675000 -30.580000 -9.630000
   vertex -39.325000 -30.580000 -9.630000
   vertex -39.325000 -30.580000 -6.370000
  endloop
 endfacet
 facet normal 0 -1 0
  outer loop
   vertex -46.675000 -30.580000 -9.630000
   vertex -39.325000 -30.580000 -6.370000
   vertex -46.675000 -30.580000 -6.370000
  endloop
 endfacet
 facet normal 1 0 0
  outer loop
   vertex -39.325000 -30.580000 -9.630000
   vertex -39.325000 -22.080000 -9.630000
   vertex -39.325000 -22.080000 -6.370000
  endloop
 endfacet
 facet normal 1 0 0
  outer loop
   vertex -39.325000 -30.580000 -9.630000
   vertex -39.325000 -22.080000 -6.370000
   vertex -39.325000 -30.580000 -6.370000
  endloop
 endfacet
 facet normal 0 1 0
  outer loop
   vertex -39.325000 -22.080000 -9.630000
   vertex -46.675000 -22.080000 -9.630000
   vertex -46.675000 -22.080000 -6.370000
  endloop
 endfacet
 facet normal 0 1 -0
  outer loop
   vertex -39.325000 -22.080000 -9.630000
   vertex -46.675000 -22.080000 -6.370000
   vertex -39.325000 -22.080000 -6.370000
  endloop
 endfacet
 facet normal -1 0 0
  outer loop
   vertex -46.675000 -22.080000 -9.630000
   vertex -46.675000 -30.580000 -9.630000
   vertex -46.675000 -30.580000 -6.370000
  endloop
 endfacet
 facet normal -1 0 0
  outer loop
   vertex -46.675000 -22.080000 -9.630000
   vertex -46.675000 -30.580000 -6.370000
   vertex -46.675000 -22.080000 -6.370000
  endloop
 endfacet
 facet normal -0.995185 0 -0.0980171
  outer loop
   vertex -38.000000 -31.480000 10.500000
   vertex -38.076859 -31.480000 11.280361
   vertex -38.076859 -21.480000 11.280361
  endloop
 endfacet
 facet normal -0.995185 0 -0.0980171
  outer loop
   vertex -38.000000 -31.480000 10.500000
   vertex -38.076859 -21.480000 11.280361
   vertex -38.000000 -21.480000 10.500000
  endloop
 endfacet
 facet normal 0 1 0
  outer loop
   vertex -42.000000 -31.480000 10.500000
   vertex -38.076859 -31.480000 11.280361
   vertex -38.000000 -31.480000 10.500000
  endloop
 endfacet
 facet normal 0 -1 0
  outer loop
   vertex -42.000000 -21.480000 10.500000
   vertex -38.000000 -21.480000 10.500000
   vertex -38.076859 -21.480000 11.280361
  endloop
 endfacet
 facet normal -0.95694 0 -0.290285
  outer loop
   vertex -38.076859 -31.480000 11.280361
   vertex -38.304482 -31.480000 12.030734
   vertex -38.304482 -21.480000 12.030734
  endloop
 endfacet
 facet normal -0.95694 0 -0.290285
  outer loop
   vertex -38.076859 -31.480000 11.280361
   vertex -38.304482 -21.480000 12.030734
   vertex -38.076859 -21.480000 11.280361
  endloop
 endfacet
 facet normal 0 1 0
  outer loop
   vertex -42.000000 -31.480000 10.500000
   vertex -38.304482 -31.480000 12.030734
   vertex -38.076859 -31.480000 11.280361
  endloop
 endfacet
 facet normal 0 -1 0
  outer loop
   vertex -42.000000 -21.480000 10.500000
   vertex -38.076859 -21.480000 11.280361
   vertex -38.304482 -21.480000 12.030734
  endloop
 endfacet
 facet normal -0.881921 0 -0.471397
  outer loop
   vertex -38.304482 -31.480000 12.030734
   vertex -38.674122 -31.480000 12.722281
   vertex -38.674122 -21.480000 12.722281
  endloop
 endfacet
 facet normal -0.881921 0 -0.471397
  outer loop
   vertex -38.304482 -31.480000 12.030734
   vertex -38.674122 -21.480000 12.722281
   vertex -38.304482 -21.480000 12.030734
  endloop
 endfacet
 facet normal 0 1 0
  outer loop
   vertex -42.000000 -31.480000 10.500000
   vertex -38.674122 -31.480000 12.722281
   vertex -38.304482 -31.480000 12.030734
  endloop
 endfacet
 facet normal 0 -1 0
  outer loop
   vertex -42.000000 -21.480000 10.500000
   vertex -38.304482 -21.480000 12.030734
   vertex -38.674122 -21.480000 12.722281
  endloop
 endfacet
 facet normal -0.77301 0 -0.634393
  outer loop
   vertex -38.674122 -31.480000 12.722281
   vertex -39.171573 -31.480000 13.328427
   vertex -39.171573 -21.480000 13.328427
  endloop
 endfacet
 facet normal -0.77301 0 -0.634393
  outer loop
   vertex -38.674122 -31.480000 12.722281
   vertex -39.171573 -21.480000 13.328427
   vertex -38.674122 -21.480000 12.722281
  endloop
 endfacet
 facet normal 0 1 0
  outer loop
   vertex -42.000000 -31.480000 10.500000
   vertex -39.171573 -31.480000 13.328427
   vertex -38.674122 -31.480000 12.722281
  endloop
 endfacet
 facet normal 0 -1 0
  outer loop
   vertex -42.000000 -21.480000 10.500000
   vertex -38.674122 -21.480000 12.722281
   vertex -39.171573 -21.480000 13.328427
  endloop
 endfacet
 facet normal -0.634393 0 -0.77301
  outer loop
   vertex -39.171573 -31.480000 13.328427
   vertex -39.777719 -31.480000 13.825878
   vertex -39.777719 -21.480000 13.825878
  endloop
 endfacet
 facet normal -0.634393 0 -0.77301
  outer loop
   vertex -39.171573 -31.480000 13.328427
   vertex -39.777719 -21.480000 13.825878
   vertex -39.171573 -21.480000 13.328427
  endloop
 endfacet
 facet normal 0 1 0
  outer loop
   vertex -42.000000 -31.480000 10.500000
   vertex -39.777719 -31.480000 13.825878
   vertex -39.171573 -31.480000 13.328427
  endloop
 endfacet
 facet normal 0 -1 0
  outer loop
   vertex -42.000000 -21.480000 10.500000
   vertex -39.171573 -21.480000 13.328427
   vertex -39.777719 -21.480000 13.825878
  endloop
 endfacet
 facet normal -0.471397 0 -0.881921
  outer loop
   vertex -39.777719 -31.480000 13.825878
   vertex -40.469266 -31.480000 14.195518
   vertex -40.469266 -21.480000 14.195518
  endloop
 endfacet
 facet normal -0.471397 0 -0.881921
  outer loop
   vertex -39.777719 -31.480000 13.825878
   vertex -40.469266 -21.480000 14.195518
   vertex -39.777719 -21.480000 13.825878
  endloop
 endfacet
 facet normal 0 1 0
  outer loop
   vertex -42.000000 -31.480000 10.500000
   vertex -40.469266 -31.480000 14.195518
   vertex -39.777719 -31.480000 13.825878
  endloop
 endfacet
 facet normal 0 -1 0
  outer loop
   vertex -42.000000 -21.480000 10.500000
   vertex -39.777719 -21.480000 13.825878
   vertex -40.469266 -21.480000 14.195518
  endloop
 endfacet
 facet normal -0.290285 0 -0.95694
  outer loop
   vertex -40.469266 -31.480000 14.195518
   vertex -41.219639 -31.480000 14.423141
   vertex -41.219639 -21.480000 14.423141
  endloop
 endfacet
 facet normal -0.290285 0 -0.95694
  outer loop
   vertex -40.469266 -31.480000 14.195518
   vertex -41.219639 -21.480000 14.423141
   vertex -40.469266 -21.480000 14.195518
  endloop
 endfacet
 facet normal 0 1 0
  outer loop
   vertex -42.000000 -31.480000 10.500000
   vertex -41.219639 -31.480000 14.423141
   vertex -40.469266 -31.480000 14.195518
  endloop
 endfacet
 facet normal 0 -1 0
  outer loop
   vertex -42.000000 -21.480000 10.500000
   vertex -40.469266 -21.480000 14.195518
   vertex -41.219639 -21.480000 14.423141
  endloop
 endfacet
 facet normal -0.0980171 0 -0.995185
  outer loop
   vertex -41.219639 -31.480000 14.423141
   vertex -42.000000 -31.480000 14.500000
   vertex -42.000000 -21.480000 14.500000
  endloop
 endfacet
 facet normal -0.0980171 0 -0.995185
  outer loop
   vertex -41.219639 -31.480000 14.423141
   vertex -42.000000 -21.480000 14.500000
   vertex -41.219639 -21.480000 14.423141
  endloop
 endfacet
 facet normal 0 1 0
  outer loop
   vertex -42.000000 -31.480000 10.500000
   vertex -42.000000 -31.480000 14.500000
   vertex -41.219639 -31.480000 14.423141
  endloop
 endfacet
 facet normal 0 -1 0
  outer loop
   vertex -42.000000 -21.480000 10.500000
   vertex -41.219639 -21.480000 14.423141
   vertex -42.000000 -21.480000 14.500000
  endloop
 endfacet
 facet normal 0.0980171 0 -0.995185
  outer loop
   vertex -42.000000 -31.480000 14.500000
   vertex -42.780361 -31.480000 14.423141
   vertex -42.780361 -21.480000 14.423141
  endloop
 endfacet
 facet normal 0.0980171 0 -0.995185
  outer loop
   vertex -42.000000 -31.480000 14.500000
   vertex -42.780361 -21.480000 14.423141
   vertex -42.000000 -21.480000 14.500000
  endloop
 endfacet
 facet normal 0 1 -0
  outer loop
   vertex -42.000000 -31.480000 10.500000
   vertex -42.780361 -31.480000 14.423141
   vertex -42.000000 -31.480000 14.500000
  endloop
 endfacet
 facet normal 0 -1 0
  outer loop
   vertex -42.000000 -21.480000 10.500000
   vertex -42.000000 -21.480000 14.500000
   vertex -42.780361 -21.480000 14.423141
  endloop
 endfacet
 facet normal 0.290285 0 -0.95694
  outer loop
   vertex -42.780361 -31.480000 14.423141
   vertex -43.530734 -31.480000 14.195518
   vertex -43.530734 -21.480000 14.195518
  endloop
 endfacet
 facet normal 0.290285 0 -0.95694
  outer loop
   vertex -42.780361 -31.480000 14.423141
   vertex -43.530734 -21.480000 14.195518
   vertex -42.780361 -21.480000 14.423141
  endloop
 endfacet
 facet normal 0 1 0
  outer loop
   vertex -42.000000 -31.480000 10.500000
   vertex -43.530734 -31.480000 14.195518
   vertex -42.780361 -31.480000 14.423141
  endloop
 endfacet
 facet normal 0 -1 0
  outer loop
   vertex -42.000000 -21.480000 10.500000
   vertex -42.780361 -21.480000 14.423141
   vertex -43.530734 -21.480000 14.195518
  endloop
 endfacet
 facet normal 0.471397 0 -0.881921
  outer loop
   vertex -43.530734 -31.480000 14.195518
   vertex -44.222281 -31.480000 13.825878
   vertex -44.222281 -21.480000 13.825878
  endloop
 endfacet
 facet normal 0.471397 0 -0.881921
  outer loop
   vertex -43.530734 -31.480000 14.195518
   vertex -44.222281 -21.480000 13.825878
   vertex -43.530734 -21.480000 14.195518
  endloop
 endfacet
 facet normal 0 1 0
  outer loop
   vertex -42.000000 -31.480000 10.500000
   vertex -44.222281 -31.480000 13.825878
   vertex -43.530734 -31.480000 14.195518
  endloop
 endfacet
 facet normal 0 -1 0
  outer loop
   vertex -42.000000 -21.480000 10.500000
   vertex -43.530734 -21.480000 14.195518
   vertex -44.222281 -21.480000 13.825878
  endloop
 endfacet
 facet normal 0.634393 0 -0.77301
  outer loop
   vertex -44.222281 -31.480000 13.825878
   vertex -44.828427 -31.480000 13.328427
   vertex -44.828427 -21.480000 13.328427
  endloop
 endfacet
 facet normal 0.634393 0 -0.77301
  outer loop
   vertex -44.222281 -31.480000 13.825878
   vertex -44.828427 -21.480000 13.328427
   vertex -44.222281 -21.480000 13.825878
  endloop
 endfacet
 facet normal 0 1 0
  outer loop
   vertex -42.000000 -31.480000 10.500000
   vertex -44.828427 -31.480000 13.328427
   vertex -44.222281 -31.480000 13.825878
  endloop
 endfacet
 facet normal 0 -1 0
  outer loop
   vertex -42.000000 -21.480000 10.500000
   vertex -44.222281 -21.480000 13.825878
   vertex -44.828427 -21.480000 13.328427
  endloop
 endfacet
 facet normal 0.77301 0 -0.634393
  outer loop
   vertex -44.828427 -31.480000 13.328427
   vertex -45.325878 -31.480000 12.722281
   vertex -45.325878 -21.480000 12.722281
  endloop
 endfacet
 facet normal 0.77301 0 -0.634393
  outer loop
   vertex -44.828427 -31.480000 13.328427
   vertex -45.325878 -21.480000 12.722281
   vertex -44.828427 -21.480000 13.328427
  endloop
 endfacet
 facet normal 0 1 0
  outer loop
   vertex -42.000000 -31.480000 10.500000
   vertex -45.325878 -31.480000 12.722281
   vertex -44.828427 -31.480000 13.328427
  endloop
 endfacet
 facet normal 0 -1 0
  outer loop
   vertex -42.000000 -21.480000 10.500000
   vertex -44.828427 -21.480000 13.328427
   vertex -45.325878 -21.480000 12.722281
  endloop
 endfacet
 facet normal 0.881921 0 -0.471397
  outer loop
   vertex -45.325878 -31.480000 12.722281
   vertex -45.695518 -31.480000 12.030734
   vertex -45.695518 -21.480000 12.030734
  endloop
 endfacet
 facet normal 0.881921 0 -0.471397
  outer loop
   vertex -45.325878 -31.480000 12.722281
   vertex -45.695518 -21.480000 12.030734
   vertex -45.325878 -21.480000 12.722281
  endloop
 endfacet
 facet normal 0 1 0
  outer loop
   vertex -42.000000 -31.480000 10.500000
   vertex -45.695518 -31.480000 12.030734
   vertex -45.325878 -31.480000 12.722281
  endloop
 endfacet
 facet normal 0 -1 0
  outer loop
   vertex -42.000000 -21.480000 10.500000
   vertex -45.325878 -21.480000 12.722281
   vertex -45.695518 -21.480000 12.030734
  endloop
 endfacet
 facet normal 0.95694 0 -0.290285
  outer loop
   vertex -45.695518 -31.480000 12.030734
   vertex -45.923141 -31.480000 11.280361
   vertex -45.923141 -21.480000 11.280361
  endloop
 endfacet
 facet normal 0.95694 0 -0.290285
  outer loop
   vertex -45.695518 -31.480000 12.030734
   vertex -45.923141 -21.480000 11.280361
   vertex -45.695518 -21.480000 12.030734
  endloop
 endfacet
 facet normal 0 1 0
  outer loop
   vertex -42.000000 -31.480000 10.500000
   vertex -45.923141 -31.480000 11.280361
   vertex -45.695518 -31.480000 12.030734
  endloop
 endfacet
 facet normal 0 -1 0
  outer loop
   vertex -42.000000 -21.480000 10.500000
   vertex -45.695518 -21.480000 12.030734
   vertex -45.923141 -21.480000 11.280361
  endloop
 endfacet
 facet normal 0.995185 0 -0.0980171
  outer loop
   vertex -45.923141 -31.480000 11.280361
   vertex -46.000000 -31.480000 10.500000
   vertex -46.000000 -21.480000 10.500000
  endloop
 endfacet
 facet normal 0.995185 0 -0.0980171
  outer loop
   vertex -45.923141 -31.480000 11.280361
   vertex -46.000000 -21.480000 10.500000
   vertex -45.923141 -21.480000 11.280361
  endloop
 endfacet
 facet normal 0 1 0
  outer loop
   vertex -42.000000 -31.480000 10.500000
   vertex -46.000000 -31.480000 10.500000
   vertex -45.923141 -31.480000 11.280361
  endloop
 endfacet
 facet normal 0 -1 0
  outer loop
   vertex -42.000000 -21.480000 10.500000
   vertex -45.923141 -21.480000 11.280361
   vertex -46.000000 -21.480000 10.500000
  endloop
 endfacet
 facet normal 0.995185 0 0.0980171
  outer loop
   vertex -46.000000 -31.480000 10.500000
   vertex -45.923141 -31.480000 9.719639
   vertex -45.923141 -21.480000 9.719639
  endloop
 endfacet
 facet normal 0.995185 -0 0.0980171
  outer loop
   vertex -46.000000 -31.480000 10.500000
   vertex -45.923141 -21.480000 9.719639
   vertex -46.000000 -21.480000 10.500000
  endloop
 endfacet
 facet normal 0 1 0
  outer loop
   vertex -42.000000 -31.480000 10.500000
   vertex -45.923141 -31.480000 9.719639
   vertex -46.000000 -31.480000 10.500000
  endloop
 endfacet
 facet normal -0 -1 0
  outer loop
   vertex -42.000000 -21.480000 10.500000
   vertex -46.000000 -21.480000 10.500000
   vertex -45.923141 -21.480000 9.719639
  endloop
 endfacet
 facet normal 0.95694 0 0.290285
  outer loop
   vertex -45.923141 -31.480000 9.719639
   vertex -45.695518 -31.480000 8.969266
   vertex -45.695518 -21.480000 8.969266
  endloop
 endfacet
 facet normal 0.95694 -0 0.290285
  outer loop
   vertex -45.923141 -31.480000 9.719639
   vertex -45.695518 -21.480000 8.969266
   vertex -45.923141 -21.480000 9.719639
  endloop
 endfacet
 facet normal 0 1 0
  outer loop
   vertex -42.000000 -31.480000 10.500000
   vertex -45.695518 -31.480000 8.969266
   vertex -45.923141 -31.480000 9.719639
  endloop
 endfacet
 facet normal 0 -1 0
  outer loop
   vertex -42.000000 -21.480000 10.500000
   vertex -45.923141 -21.480000 9.719639
   vertex -45.695518 -21.480000 8.969266
  endloop
 endfacet
 facet normal 0.881921 0 0.471397
  outer loop
   vertex -45.695518 -31.480000 8.969266
   vertex -45.325878 -31.480000 8.277719
   vertex -45.325878 -21.480000 8.277719
  endloop
 endfacet
 facet normal 0.881921 -0 0.471397
  outer loop
   vertex -45.695518 -31.480000 8.969266
   vertex -45.325878 -21.480000 8.277719
   vertex -45.695518 -21.480000 8.969266
  endloop
 endfacet
 facet normal 0 1 0
  outer loop
   vertex -42.000000 -31.480000 10.500000
   vertex -45.325878 -31.480000 8.277719
   vertex -45.695518 -31.480000 8.969266
  endloop
 endfacet
 facet normal 0 -1 0
  outer loop
   vertex -42.000000 -21.480000 10.500000
   vertex -45.695518 -21.480000 8.969266
   vertex -45.325878 -21.480000 8.277719
  endloop
 endfacet
 facet normal 0.77301 0 0.634393
  outer loop
   vertex -45.325878 -31.480000 8.277719
   vertex -44.828427 -31.480000 7.671573
   vertex -44.828427 -21.480000 7.671573
  endloop
 endfacet
 facet normal 0.77301 -0 0.634393
  outer loop
   vertex -45.325878 -31.480000 8.277719
   vertex -44.828427 -21.480000 7.671573
   vertex -45.325878 -21.480000 8.277719
  endloop
 endfacet
 facet normal 0 1 0
  outer loop
   vertex -42.000000 -31.480000 10.500000
   vertex -44.828427 -31.480000 7.671573
   vertex -45.325878 -31.480000 8.277719
  endloop
 endfacet
 facet normal 0 -1 0
  outer loop
   vertex -42.000000 -21.480000 10.500000
   vertex -45.325878 -21.480000 8.277719
   vertex -44.828427 -21.480000 7.671573
  endloop
 endfacet
 facet normal 0.634393 0 0.77301
  outer loop
   vertex -44.828427 -31.480000 7.671573
   vertex -44.222281 -31.480000 7.174122
   vertex -44.222281 -21.480000 7.174122
  endloop
 endfacet
 facet normal 0.634393 -0 0.77301
  outer loop
   vertex -44.828427 -31.480000 7.671573
   vertex -44.222281 -21.480000 7.174122
   vertex -44.828427 -21.480000 7.671573
  endloop
 endfacet
 facet normal 0 1 0
  outer loop
   vertex -42.000000 -31.480000 10.500000
   vertex -44.222281 -31.480000 7.174122
   vertex -44.828427 -31.480000 7.671573
  endloop
 endfacet
 facet normal 0 -1 0
  outer loop
   vertex -42.000000 -21.480000 10.500000
   vertex -44.828427 -21.480000 7.671573
   vertex -44.222281 -21.480000 7.174122
  endloop
 endfacet
 facet normal 0.471397 0 0.881921
  outer loop
   vertex -44.222281 -31.480000 7.174122
   vertex -43.530734 -31.480000 6.804482
   vertex -43.530734 -21.480000 6.804482
  endloop
 endfacet
 facet normal 0.471397 -0 0.881921
  outer loop
   vertex -44.222281 -31.480000 7.174122
   vertex -43.530734 -21.480000 6.804482
   vertex -44.222281 -21.480000 7.174122
  endloop
 endfacet
 facet normal 0 1 0
  outer loop
   vertex -42.000000 -31.480000 10.500000
   vertex -43.530734 -31.480000 6.804482
   vertex -44.222281 -31.480000 7.174122
  endloop
 endfacet
 facet normal 0 -1 0
  outer loop
   vertex -42.000000 -21.480000 10.500000
   vertex -44.222281 -21.480000 7.174122
   vertex -43.530734 -21.480000 6.804482
  endloop
 endfacet
 facet normal 0.290285 0 0.95694
  outer loop
   vertex -43.530734 -31.480000 6.804482
   vertex -42.780361 -31.480000 6.576859
   vertex -42.780361 -21.480000 6.576859
  endloop
 endfacet
 facet normal 0.290285 -0 0.95694
  outer loop
   vertex -43.530734 -31.480000 6.804482
   vertex -42.780361 -21.480000 6.576859
   vertex -43.530734 -21.480000 6.804482
  endloop
 endfacet
 facet normal 0 1 0
  outer loop
   vertex -42.000000 -31.480000 10.500000
   vertex -42.780361 -31.480000 6.576859
   vertex -43.530734 -31.480000 6.804482
  endloop
 endfacet
 facet normal 0 -1 0
  outer loop
   vertex -42.000000 -21.480000 10.500000
   vertex -43.530734 -21.480000 6.804482
   vertex -42.780361 -21.480000 6.576859
  endloop
 endfacet
 facet normal 0.0980171 0 0.995185
  outer loop
   vertex -42.780361 -31.480000 6.576859
   vertex -42.000000 -31.480000 6.500000
   vertex -42.000000 -21.480000 6.500000
  endloop
 endfacet
 facet normal 0.0980171 -0 0.995185
  outer loop
   vertex -42.780361 -31.480000 6.576859
   vertex -42.000000 -21.480000 6.500000
   vertex -42.780361 -21.480000 6.576859
  endloop
 endfacet
 facet normal 0 1 0
  outer loop
   vertex -42.000000 -31.480000 10.500000
   vertex -42.000000 -31.480000 6.500000
   vertex -42.780361 -31.480000 6.576859
  endloop
 endfacet
 facet normal 0 -1 -0
  outer loop
   vertex -42.000000 -21.480000 10.500000
   vertex -42.780361 -21.480000 6.576859
   vertex -42.000000 -21.480000 6.500000
  endloop
 endfacet
 facet normal -0.0980171 0 0.995185
  outer loop
   vertex -42.000000 -31.480000 6.500000
   vertex -41.219639 -31.480000 6.576859
   vertex -41.219639 -21.480000 6.576859
  endloop
 endfacet
 facet normal -0.0980171 0 0.995185
  outer loop
   vertex -42.000000 -31.480000 6.500000
   vertex -41.219639 -21.480000 6.576859
   vertex -42.000000 -21.480000 6.500000
  endloop
 endfacet
 facet normal 0 1 0
  outer loop
   vertex -42.000000 -31.480000 10.500000
   vertex -41.219639 -31.480000 6.576859
   vertex -42.000000 -31.480000 6.500000
  endloop
 endfacet
 facet normal 0 -1 0
  outer loop
   vertex -42.000000 -21.480000 10.500000
   vertex -42.000000 -21.480000 6.500000
   vertex -41.219639 -21.480000 6.576859
  endloop
 endfacet
 facet normal -0.290285 0 0.95694
  outer loop
   vertex -41.219639 -31.480000 6.576859
   vertex -40.469266 -31.480000 6.804482
   vertex -40.469266 -21.480000 6.804482
  endloop
 endfacet
 facet normal -0.290285 0 0.95694
  outer loop
   vertex -41.219639 -31.480000 6.576859
   vertex -40.469266 -21.480000 6.804482
   vertex -41.219639 -21.480000 6.576859
  endloop
 endfacet
 facet normal 0 1 0
  outer loop
   vertex -42.000000 -31.480000 10.500000
   vertex -40.469266 -31.480000 6.804482
   vertex -41.219639 -31.480000 6.576859
  endloop
 endfacet
 facet normal 0 -1 0
  outer loop
   vertex -42.000000 -21.480000 10.500000
   vertex -41.219639 -21.480000 6.576859
   vertex -40.469266 -21.480000 6.804482
  endloop
 endfacet
 facet normal -0.471397 0 0.881921
  outer loop
   vertex -40.469266 -31.480000 6.804482
   vertex -39.777719 -31.480000 7.174122
   vertex -39.777719 -21.480000 7.174122
  endloop
 endfacet
 facet normal -0.471397 0 0.881921
  outer loop
   vertex -40.469266 -31.480000 6.804482
   vertex -39.777719 -21.480000 7.174122
   vertex -40.469266 -21.480000 6.804482
  endloop
 endfacet
 facet normal 0 1 0
  outer loop
   vertex -42.000000 -31.480000 10.500000
   vertex -39.777719 -31.480000 7.174122
   vertex -40.469266 -31.480000 6.804482
  endloop
 endfacet
 facet normal 0 -1 0
  outer loop
   vertex -42.000000 -21.480000 10.500000
   vertex -40.469266 -21.480000 6.804482
   vertex -39.777719 -21.480000 7.174122
  endloop
 endfacet
 facet normal -0.634393 0 0.77301
  outer loop
   vertex -39.777719 -31.480000 7.174122
   vertex -39.171573 -31.480000 7.671573
   vertex -39.171573 -21.480000 7.671573
  endloop
 endfacet
 facet normal -0.634393 0 0.77301
  outer loop
   vertex -39.777719 -31.480000 7.174122
   vertex -39.171573 -21.480000 7.671573
   vertex -39.777719 -21.480000 7.174122
  endloop
 endfacet
 facet normal 0 1 0
  outer loop
   vertex -42.000000 -31.480000 10.500000
   vertex -39.171573 -31.480000 7.671573
   vertex -39.777719 -31.480000 7.174122
  endloop
 endfacet
 facet normal 0 -1 0
  outer loop
   vertex -42.000000 -21.480000 10.500000
   vertex -39.777719 -21.480000 7.174122
   vertex -39.171573 -21.480000 7.671573
  endloop
 endfacet
 facet normal -0.77301 0 0.634393
  outer loop
   vertex -39.171573 -31.480000 7.671573
   vertex -38.674122 -31.480000 8.277719
   vertex -38.674122 -21.480000 8.277719
  endloop
 endfacet
 facet normal -0.77301 0 0.634393
  outer loop
   vertex -39.171573 -31.480000 7.671573
   vertex -38.674122 -21.480000 8.277719
   vertex -39.171573 -21.480000 7.671573
  endloop
 endfacet
 facet normal 0 1 0
  outer loop
   vertex -42.000000 -31.480000 10.500000
   vertex -38.674122 -31.480000 8.277719
   vertex -39.171573 -31.480000 7.671573
  endloop
 endfacet
 facet normal 0 -1 0
  outer loop
   vertex -42.000000 -21.480000 10.500000
   vertex -39.171573 -21.480000 7.671573
   vertex -38.674122 -21.480000 8.277719
  endloop
 endfacet
 facet normal -0.881921 0 0.471397
  outer loop
   vertex -38.674122 -31.480000 8.277719
   vertex -38.304482 -31.480000 8.969266
   vertex -38.304482 -21.480000 8.969266
  endloop
 endfacet
 facet normal -0.881921 0 0.471397
  outer loop
   vertex -38.674122 -31.480000 8.277719
   vertex -38.304482 -21.480000 8.969266
   vertex -38.674122 -21.480000 8.277719
  endloop
 endfacet
 facet normal 0 1 0
  outer loop
   vertex -42.000000 -31.480000 10.500000
   vertex -38.304482 -31.480000 8.969266
   vertex -38.674122 -31.480000 8.277719
  endloop
 endfacet
 facet normal 0 -1 0
  outer loop
   vertex -42.000000 -21.480000 10.500000
   vertex -38.674122 -21.480000 8.277719
   vertex -38.304482 -21.480000 8.969266
  endloop
 endfacet
 facet normal -0.95694 0 0.290285
  outer loop
   vertex -38.304482 -31.480000 8.969266
   vertex -38.076859 -31.480000 9.719639
   vertex -38.076859 -21.480000 9.719639
  endloop
 endfacet
 facet normal -0.95694 0 0.290285
  outer loop
   vertex -38.304482 -31.480000 8.969266
   vertex -38.076859 -21.480000 9.719639
   vertex -38.304482 -21.480000 8.969266
  endloop
 endfacet
 facet normal 0 1 0
  outer loop
   vertex -42.000000 -31.480000 10.500000
   vertex -38.076859 -31.480000 9.719639
   vertex -38.304482 -31.480000 8.969266
  endloop
 endfacet
 facet normal 0 -1 0
  outer loop
   vertex -42.000000 -21.480000 10.500000
   vertex -38.304482 -21.480000 8.969266
   vertex -38.076859 -21.480000 9.719639
  endloop
 endfacet
 facet normal -0.995185 0 0.0980171
  outer loop
   vertex -38.076859 -31.480000 9.719639
   vertex -38.000000 -31.480000 10.500000
   vertex -38.000000 -21.480000 10.500000
  endloop
 endfacet
 facet normal -0.995185 0 0.0980171
  outer loop
   vertex -38.076859 -31.480000 9.719639
   vertex -38.000000 -21.480000 10.500000
   vertex -38.076859 -21.480000 9.719639
  endloop
 endfacet
 facet normal 0 1 0
  outer loop
   vertex -42.000000 -31.480000 10.500000
   vertex -38.000000 -31.480000 10.500000
   vertex -38.076859 -31.480000 9.719639
  endloop
 endfacet
 facet normal 0 -1 0
  outer loop
   vertex -42.000000 -21.480000 10.500000
   vertex -38.076859 -21.480000 9.719639
   vertex -38.000000 -21.480000 10.500000
  endloop
 endfacet
 facet normal 0 0 -1
  outer loop
   vertex -26.650000 20.810000 -10.400000
   vertex 26.650000 21.950000 -10.400000
   vertex 26.650000 20.810000 -10.400000
  endloop
 endfacet
 facet normal 0 0 -1
  outer loop
   vertex -26.650000 20.810000 -10.400000
   vertex -26.650000 21.950000 -10.400000
   vertex 26.650000 21.950000 -10.400000
  endloop
 endfacet
 facet normal 0 0 1
  outer loop
   vertex -26.650000 20.810000 10.400000
   vertex 26.650000 20.810000 10.400000
   vertex 26.650000 21.950000 10.400000
  endloop
 endfacet
 facet normal 0 0 1
  outer loop
   vertex -26.650000 20.810000 10.400000
   vertex 26.650000 21.950000 10.400000
   vertex -26.650000 21.950000 10.400000
  endloop
 endfacet
 facet normal 0 -1 0
  outer loop
   vertex -26.650000 20.810000 -10.400000
   vertex 26.650000 20.810000 -10.400000
   vertex 26.650000 20.810000 10.400000
  endloop
 endfacet
 facet normal 0 -1 0
  outer loop
   vertex -26.650000 20.810000 -10.400000
   vertex 26.650000 20.810000 10.400000
   vertex -26.650000 20.810000 10.400000
  endloop
 endfacet
 facet normal 1 0 0
  outer loop
   vertex 26.650000 20.810000 -10.400000
   vertex 26.650000 21.950000 -10.400000
   vertex 26.650000 21.950000 10.400000
  endloop
 endfacet
 facet normal 1 0 0
  outer loop
   vertex 26.650000 20.810000 -10.400000
   vertex 26.650000 21.950000 10.400000
   vertex 26.650000 20.810000 10.400000
  endloop
 endfacet
 facet normal 0 1 0
  outer loop
   vertex 26.650000 21.950000 -10.400000
   vertex -26.650000 21.950000 -10.400000
   vertex -26.650000 21.950000 10.400000
  endloop
 endfacet
 facet normal 0 1 -0
  outer loop
   vertex 26.650000 21.950000 -10.400000
   vertex -26.650000 21.950000 10.400000
   vertex 26.650000 21.950000 10.400000
  endloop
 endfacet
 facet normal -1 0 0
  outer loop
   vertex -26.650000 21.950000 -10.400000
   vertex -26.650000 20.810000 -10.400000
   vertex -26.650000 20.810000 10.400000
  endloop
 endfacet
 facet normal -1 0 0
  outer loop
   vertex -26.650000 21.950000 -10.400000
   vertex -26.650000 20.810000 10.400000
   vertex -26.650000 21.950000 10.400000
  endloop
 endfacet
 facet normal 0 0 -1
  outer loop
   vertex 5.000000 21.380000 4.250000
   vertex 11.000000 25.380000 4.250000
   vertex 11.000000 21.380000 4.250000
  endloop
 endfacet
 facet normal 0 0 -1
  outer loop
   vertex 5.000000 21.380000 4.250000
   vertex 5.000000 25.380000 4.250000
   vertex 11.000000 25.380000 4.250000
  endloop
 endfacet
 facet normal 0 0 1
  outer loop
   vertex 5.000000 21.380000 7.750000
   vertex 11.000000 21.380000 7.750000
   vertex 11.000000 25.380000 7.750000
  endloop
 endfacet
 facet normal 0 0 1
  outer loop
   vertex 5.000000 21.380000 7.750000
   vertex 11.000000 25.380000 7.750000
   vertex 5.000000 25.380000 7.750000
  endloop
 endfacet
 facet normal 0 -1 0
  outer loop
   vertex 5.000000 21.380000 4.250000
   vertex 11.000000 21.380000 4.250000
   vertex 11.000000 21.380000 7.750000
  endloop
 endfacet
 facet normal 0 -1 0
  outer loop
   vertex 5.000000 21.380000 4.250000
   vertex 11.000000 21.380000 7.750000
   vertex 5.000000 21.380000 7.750000
  endloop
 endfacet
 facet normal 1 0 0
  outer loop
   vertex 11.000000 21.380000 4.250000
   vertex 11.000000 25.380000 4.250000
   vertex 11.000000 25.380000 7.750000
  endloop
 endfacet
 facet normal 1 0 0
  outer loop
   vertex 11.000000 21.380000 4.250000
   vertex 11.000000 25.380000 7.750000
   vertex 11.000000 21.380000 7.750000
  endloop
 endfacet
 facet normal 0 1 0
  outer loop
   vertex 11.000000 25.380000 4.250000
   vertex 5.000000 25.380000 4.250000
   vertex 5.000000 25.380000 7.750000
  endloop
 endfacet
 facet normal 0 1 -0
  outer loop
   vertex 11.000000 25.380000 4.250000
   vertex 5.000000 25.380000 7.750000
   vertex 11.000000 25.380000 7.750000
  endloop
 endfacet
 facet normal -1 0 0
  outer loop
   vertex 5.000000 25.380000 4.250000
   vertex 5.000000 21.380000 4.250000
   vertex 5.000000 21.380000 7.750000
  endloop
 endfacet
 facet normal -1 0 0
  outer loop
   vertex 5.000000 25.380000 4.250000
   vertex 5.000000 21.380000 7.750000
   vertex 5.000000 25.380000 7.750000
  endloop
 endfacet
 facet normal -0.980785 0 -0.19509
  outer loop
   vertex -10.500000 21.380000 -6.000000
   vertex -10.614181 21.380000 -5.425975
   vertex -10.614181 23.780000 -5.425975
  endloop
 endfacet
 facet normal -0.980785 0 -0.19509
  outer loop
   vertex -10.500000 21.380000 -6.000000
   vertex -10.614181 23.780000 -5.425975
   vertex -10.500000 23.780000 -6.000000
  endloop
 endfacet
 facet normal 0 1 0
  outer loop
   vertex -12.000000 21.380000 -6.000000
   vertex -10.614181 21.380000 -5.425975
   vertex -10.500000 21.380000 -6.000000
  endloop
 endfacet
 facet normal 0 -1 0
  outer loop
   vertex -12.000000 23.780000 -6.000000
   vertex -10.500000 23.780000 -6.000000
   vertex -10.614181 23.780000 -5.425975
  endloop
 endfacet
 facet normal -0.83147 0 -0.55557
  outer loop
   vertex -10.614181 21.380000 -5.425975
   vertex -10.939340 21.380000 -4.939340
   vertex -10.939340 23.780000 -4.939340
  endloop
 endfacet
 facet normal -0.83147 0 -0.55557
  outer loop
   vertex -10.614181 21.380000 -5.425975
   vertex -10.939340 23.780000 -4.939340
   vertex -10.614181 23.780000 -5.425975
  endloop
 endfacet
 facet normal 0 1 0
  outer loop
   vertex -12.000000 21.380000 -6.000000
   vertex -10.939340 21.380000 -4.939340
   vertex -10.614181 21.380000 -5.425975
  endloop
 endfacet
 facet normal 0 -1 0
  outer loop
   vertex -12.000000 23.780000 -6.000000
   vertex -10.614181 23.780000 -5.425975
   vertex -10.939340 23.780000 -4.939340
  endloop
 endfacet
 facet normal -0.55557 0 -0.83147
  outer loop
   vertex -10.939340 21.380000 -4.939340
   vertex -11.425975 21.380000 -4.614181
   vertex -11.425975 23.780000 -4.614181
  endloop
 endfacet
 facet normal -0.55557 0 -0.83147
  outer loop
   vertex -10.939340 21.380000 -4.939340
   vertex -11.425975 23.780000 -4.614181
   vertex -10.939340 23.780000 -4.939340
  endloop
 endfacet
 facet normal 0 1 0
  outer loop
   vertex -12.000000 21.380000 -6.000000
   vertex -11.425975 21.380000 -4.614181
   vertex -10.939340 21.380000 -4.939340
  endloop
 endfacet
 facet normal 0 -1 0
  outer loop
   vertex -12.000000 23.780000 -6.000000
   vertex -10.939340 23.780000 -4.939340
   vertex -11.425975 23.780000 -4.614181
  endloop
 endfacet
 facet normal -0.19509 0 -0.980785
  outer loop
   vertex -11.425975 21.380000 -4.614181
   vertex -12.000000 21.380000 -4.500000
   vertex -12.000000 23.780000 -4.500000
  endloop
 endfacet
 facet normal -0.19509 0 -0.980785
  outer loop
   vertex -11.425975 21.380000 -4.614181
   vertex -12.000000 23.780000 -4.500000
   vertex -11.425975 23.780000 -4.614181
  endloop
 endfacet
 facet normal 0 1 0
  outer loop
   vertex -12.000000 21.380000 -6.000000
   vertex -12.000000 21.380000 -4.500000
   vertex -11.425975 21.380000 -4.614181
  endloop
 endfacet
 facet normal 0 -1 0
  outer loop
   vertex -12.000000 23.780000 -6.000000
   vertex -11.425975 23.780000 -4.614181
   vertex -12.000000 23.780000 -4.500000
  endloop
 endfacet
 facet normal 0.19509 0 -0.980785
  outer loop
   vertex -12.000000 21.380000 -4.500000
   vertex -12.574025 21.380000 -4.614181
   vertex -12.574025 23.780000 -4.614181
  endloop
 endfacet
 facet normal 0.19509 0 -0.980785
  outer loop
   vertex -12.000000 21.380000 -4.500000
   vertex -12.574025 23.780000 -4.614181
   vertex -12.000000 23.780000 -4.500000
  endloop
 endfacet
 facet normal 0 1 -0
  outer loop
   vertex -12.000000 21.380000 -6.000000
   vertex -12.574025 21.380000 -4.614181
   vertex -12.000000 21.380000 -4.500000
  endloop
 endfacet
 facet normal 0 -1 0
  outer loop
   vertex -12.000000 23.780000 -6.000000
   vertex -12.000000 23.780000 -4.500000
   vertex -12.574025 23.780000 -4.614181
  endloop
 endfacet
 facet normal 0.55557 0 -0.83147
  outer loop
   vertex -12.574025 21.380000 -4.614181
   vertex -13.060660 21.380000 -4.939340
   vertex -13.060660 23.780000 -4.939340
  endloop
 endfacet
 facet normal 0.55557 0 -0.83147
  outer loop
   vertex -12.574025 21.380000 -4.614181
   vertex -13.060660 23.780000 -4.939340
   vertex -12.574025 23.780000 -4.614181
  endloop
 endfacet
 facet normal 0 1 0
  outer loop
   vertex -12.000000 21.380000 -6.000000
   vertex -13.060660 21.380000 -4.939340
   vertex -12.574025 21.380000 -4.614181
  endloop
 endfacet
 facet normal 0 -1 0
  outer loop
   vertex -12.000000 23.780000 -6.000000
   vertex -12.574025 23.780000 -4.614181
   vertex -13.060660 23.780000 -4.939340
  endloop
 endfacet
 facet normal 0.83147 0 -0.55557
  outer loop
   vertex -13.060660 21.380000 -4.939340
   vertex -13.385819 21.380000 -5.425975
   vertex -13.385819 23.780000 -5.425975
  endloop
 endfacet
 facet normal 0.83147 0 -0.55557
  outer loop
   vertex -13.060660 21.380000 -4.939340
   vertex -13.385819 23.780000 -5.425975
   vertex -13.060660 23.780000 -4.939340
  endloop
 endfacet
 facet normal 0 1 0
  outer loop
   vertex -12.000000 21.380000 -6.000000
   vertex -13.385819 21.380000 -5.425975
   vertex -13.060660 21.380000 -4.939340
  endloop
 endfacet
 facet normal 0 -1 0
  outer loop
   vertex -12.000000 23.780000 -6.000000
   vertex -13.060660 23.780000 -4.939340
   vertex -13.385819 23.780000 -5.425975
  endloop
 endfacet
 facet normal 0.980785 0 -0.19509
  outer loop
   vertex -13.385819 21.380000 -5.425975
   vertex -13.500000 21.380000 -6.000000
   vertex -13.500000 23.780000 -6.000000
  endloop
 endfacet
 facet normal 0.980785 0 -0.19509
  outer loop
   vertex -13.385819 21.380000 -5.425975
   vertex -13.500000 23.780000 -6.000000
   vertex -13.385819 23.780000 -5.425975
  endloop
 endfacet
 facet normal 0 1 0
  outer loop
   vertex -12.000000 21.380000 -6.000000
   vertex -13.500000 21.380000 -6.000000
   vertex -13.385819 21.380000 -5.425975
  endloop
 endfacet
 facet normal 0 -1 0
  outer loop
   vertex -12.000000 23.780000 -6.000000
   vertex -13.385819 23.780000 -5.425975
   vertex -13.500000 23.780000 -6.000000
  endloop
 endfacet
 facet normal 0.980785 0 0.19509
  outer loop
   vertex -13.500000 21.380000 -6.000000
   vertex -13.385819 21.380000 -6.574025
   vertex -13.385819 23.780000 -6.574025
  endloop
 endfacet
 facet normal 0.980785 -0 0.19509
  outer loop
   vertex -13.500000 21.380000 -6.000000
   vertex -13.385819 23.780000 -6.574025
   vertex -13.500000 23.780000 -6.000000
  endloop
 endfacet
 facet normal 0 1 0
  outer loop
   vertex -12.000000 21.380000 -6.000000
   vertex -13.385819 21.380000 -6.574025
   vertex -13.500000 21.380000 -6.000000
  endloop
 endfacet
 facet normal -0 -1 0
  outer loop
   vertex -12.000000 23.780000 -6.000000
   vertex -13.500000 23.780000 -6.000000
   vertex -13.385819 23.780000 -6.574025
  endloop
 endfacet
 facet normal 0.83147 0 0.55557
  outer loop
   vertex -13.385819 21.380000 -6.574025
   vertex -13.060660 21.380000 -7.060660
   vertex -13.060660 23.780000 -7.060660
  endloop
 endfacet
 facet normal 0.83147 -0 0.55557
  outer loop
   vertex -13.385819 21.380000 -6.574025
   vertex -13.060660 23.780000 -7.060660
   vertex -13.385819 23.780000 -6.574025
  endloop
 endfacet
 facet normal 0 1 0
  outer loop
   vertex -12.000000 21.380000 -6.000000
   vertex -13.060660 21.380000 -7.060660
   vertex -13.385819 21.380000 -6.574025
  endloop
 endfacet
 facet normal 0 -1 0
  outer loop
   vertex -12.000000 23.780000 -6.000000
   vertex -13.385819 23.780000 -6.574025
   vertex -13.060660 23.780000 -7.060660
  endloop
 endfacet
 facet normal 0.55557 0 0.83147
  outer loop
   vertex -13.060660 21.380000 -7.060660
   vertex -12.574025 21.380000 -7.385819
   vertex -12.574025 23.780000 -7.385819
  endloop
 endfacet
 facet normal 0.55557 -0 0.83147
  outer loop
   vertex -13.060660 21.380000 -7.060660
   vertex -12.574025 23.780000 -7.385819
   vertex -13.060660 23.780000 -7.060660
  endloop
 endfacet
 facet normal 0 1 0
  outer loop
   vertex -12.000000 21.380000 -6.000000
   vertex -12.574025 21.380000 -7.385819
   vertex -13.060660 21.380000 -7.060660
  endloop
 endfacet
 facet normal 0 -1 0
  outer loop
   vertex -12.000000 23.780000 -6.000000
   vertex -13.060660 23.780000 -7.060660
   vertex -12.574025 23.780000 -7.385819
  endloop
 endfacet
 facet normal 0.19509 0 0.980785
  outer loop
   vertex -12.574025 21.380000 -7.385819
   vertex -12.000000 21.380000 -7.500000
   vertex -12.000000 23.780000 -7.500000
  endloop
 endfacet
 facet normal 0.19509 -0 0.980785
  outer loop
   vertex -12.574025 21.380000 -7.385819
   vertex -12.000000 23.780000 -7.500000
   vertex -12.574025 23.780000 -7.385819
  endloop
 endfacet
 facet normal 0 1 0
  outer loop
   vertex -12.000000 21.380000 -6.000000
   vertex -12.000000 21.380000 -7.500000
   vertex -12.574025 21.380000 -7.385819
  endloop
 endfacet
 facet normal 0 -1 -0
  outer loop
   vertex -12.000000 23.780000 -6.000000
   vertex -12.574025 23.780000 -7.385819
   vertex -12.000000 23.780000 -7.500000
  endloop
 endfacet
 facet normal -0.19509 0 0.980785
  outer loop
   vertex -12.000000 21.380000 -7.500000
   vertex -11.425975 21.380000 -7.385819
   vertex -11.425975 23.780000 -7.385819
  endloop
 endfacet
 facet normal -0.19509 0 0.980785
  outer loop
   vertex -12.000000 21.380000 -7.500000
   vertex -11.425975 23.780000 -7.385819
   vertex -12.000000 23.780000 -7.500000
  endloop
 endfacet
 facet normal 0 1 0
  outer loop
   vertex -12.000000 21.380000 -6.000000
   vertex -11.425975 21.380000 -7.385819
   vertex -12.000000 21.380000 -7.500000
  endloop
 endfacet
 facet normal 0 -1 0
  outer loop
   vertex -12.000000 23.780000 -6.000000
   vertex -12.000000 23.780000 -7.500000
   vertex -11.425975 23.780000 -7.385819
  endloop
 endfacet
 facet normal -0.55557 0 0.83147
  outer loop
   vertex -11.425975 21.380000 -7.385819
   vertex -10.939340 21.380000 -7.060660
   vertex -10.939340 23.780000 -7.060660
  endloop
 endfacet
 facet normal -0.55557 0 0.83147
  outer loop
   vertex -11.425975 21.380000 -7.385819
   vertex -10.939340 23.780000 -7.060660
   vertex -11.425975 23.780000 -7.385819
  endloop
 endfacet
 facet normal 0 1 0
  outer loop
   vertex -12.000000 21.380000 -6.000000
   vertex -10.939340 21.380000 -7.060660
   vertex -11.425975 21.380000 -7.385819
  endloop
 endfacet
 facet normal 0 -1 0
  outer loop
   vertex -12.000000 23.780000 -6.000000
   vertex -11.425975 23.780000 -7.385819
   vertex -10.939340 23.780000 -7.060660
  endloop
 endfacet
 facet normal -0.83147 0 0.55557
  outer loop
   vertex -10.939340 21.380000 -7.060660
   vertex -10.614181 21.380000 -6.574025
   vertex -10.614181 23.780000 -6.574025
  endloop
 endfacet
 facet normal -0.83147 0 0.55557
  outer loop
   vertex -10.939340 21.380000 -7.060660
   vertex -10.614181 23.780000 -6.574025
   vertex -10.939340 23.780000 -7.060660
  endloop
 endfacet
 facet normal 0 1 0
  outer loop
   vertex -12.000000 21.380000 -6.000000
   vertex -10.614181 21.380000 -6.574025
   vertex -10.939340 21.380000 -7.060660
  endloop
 endfacet
 facet normal 0 -1 0
  outer loop
   vertex -12.000000 23.780000 -6.000000
   vertex -10.939340 23.780000 -7.060660
   vertex -10.614181 23.780000 -6.574025
  endloop
 endfacet
 facet normal -0.980785 0 0.19509
  outer loop
   vertex -10.614181 21.380000 -6.574025
   vertex -10.500000 21.380000 -6.000000
   vertex -10.500000 23.780000 -6.000000
  endloop
 endfacet
 facet normal -0.980785 0 0.19509
  outer loop
   vertex -10.614181 21.380000 -6.574025
   vertex -10.500000 23.780000 -6.000000
   vertex -10.614181 23.780000 -6.574025
  endloop
 endfacet
 facet normal -0 1 0
  outer loop
   vertex -12.000000 21.380000 -6.000000
   vertex -10.500000 21.380000 -6.000000
   vertex -10.614181 21.380000 -6.574025
  endloop
 endfacet
 facet normal 0 -1 0
  outer loop
   vertex -12.000000 23.780000 -6.000000
   vertex -10.614181 23.780000 -6.574025
   vertex -10.500000 23.780000 -6.000000
  endloop
 endfacet
 facet normal -0.980785 0 -0.19509
  outer loop
   vertex -2.500000 21.380000 -6.000000
   vertex -2.614181 21.380000 -5.425975
   vertex -2.614181 23.780000 -5.425975
  endloop
 endfacet
 facet normal -0.980785 0 -0.19509
  outer loop
   vertex -2.500000 21.380000 -6.000000
   vertex -2.614181 23.780000 -5.425975
   vertex -2.500000 23.780000 -6.000000
  endloop
 endfacet
 facet normal 0 1 0
  outer loop
   vertex -4.000000 21.380000 -6.000000
   vertex -2.614181 21.380000 -5.425975
   vertex -2.500000 21.380000 -6.000000
  endloop
 endfacet
 facet normal 0 -1 0
  outer loop
   vertex -4.000000 23.780000 -6.000000
   vertex -2.500000 23.780000 -6.000000
   vertex -2.614181 23.780000 -5.425975
  endloop
 endfacet
 facet normal -0.83147 0 -0.55557
  outer loop
   vertex -2.614181 21.380000 -5.425975
   vertex -2.939340 21.380000 -4.939340
   vertex -2.939340 23.780000 -4.939340
  endloop
 endfacet
 facet normal -0.83147 0 -0.55557
  outer loop
   vertex -2.614181 21.380000 -5.425975
   vertex -2.939340 23.780000 -4.939340
   vertex -2.614181 23.780000 -5.425975
  endloop
 endfacet
 facet normal 0 1 0
  outer loop
   vertex -4.000000 21.380000 -6.000000
   vertex -2.939340 21.380000 -4.939340
   vertex -2.614181 21.380000 -5.425975
  endloop
 endfacet
 facet normal 0 -1 0
  outer loop
   vertex -4.000000 23.780000 -6.000000
   vertex -2.614181 23.780000 -5.425975
   vertex -2.939340 23.780000 -4.939340
  endloop
 endfacet
 facet normal -0.55557 0 -0.83147
  outer loop
   vertex -2.939340 21.380000 -4.939340
   vertex -3.425975 21.380000 -4.614181
   vertex -3.425975 23.780000 -4.614181
  endloop
 endfacet
 facet normal -0.55557 0 -0.83147
  outer loop
   vertex -2.939340 21.380000 -4.939340
   vertex -3.425975 23.780000 -4.614181
   vertex -2.939340 23.780000 -4.939340
  endloop
 endfacet
 facet normal 0 1 0
  outer loop
   vertex -4.000000 21.380000 -6.000000
   vertex -3.425975 21.380000 -4.614181
   vertex -2.939340 21.380000 -4.939340
  endloop
 endfacet
 facet normal 0 -1 0
  outer loop
   vertex -4.000000 23.780000 -6.000000
   vertex -2.939340 23.780000 -4.939340
   vertex -3.425975 23.780000 -4.614181
  endloop
 endfacet
 facet normal -0.19509 0 -0.980785
  outer loop
   vertex -3.425975 21.380000 -4.614181
   vertex -4.000000 21.380000 -4.500000
   vertex -4.000000 23.780000 -4.500000
  endloop
 endfacet
 facet normal -0.19509 0 -0.980785
  outer loop
   vertex -3.425975 21.380000 -4.614181
   vertex -4.000000 23.780000 -4.500000
   vertex -3.425975 23.780000 -4.614181
  endloop
 endfacet
 facet normal 0 1 0
  outer loop
   vertex -4.000000 21.380000 -6.000000
   vertex -4.000000 21.380000 -4.500000
   vertex -3.425975 21.380000 -4.614181
  endloop
 endfacet
 facet normal 0 -1 0
  outer loop
   vertex -4.000000 23.780000 -6.000000
   vertex -3.425975 23.780000 -4.614181
   vertex -4.000000 23.780000 -4.500000
  endloop
 endfacet
 facet normal 0.19509 0 -0.980785
  outer loop
   vertex -4.000000 21.380000 -4.500000
   vertex -4.574025 21.380000 -4.614181
   vertex -4.574025 23.780000 -4.614181
  endloop
 endfacet
 facet normal 0.19509 0 -0.980785
  outer loop
   vertex -4.000000 21.380000 -4.500000
   vertex -4.574025 23.780000 -4.614181
   vertex -4.000000 23.780000 -4.500000
  endloop
 endfacet
 facet normal 0 1 -0
  outer loop
   vertex -4.000000 21.380000 -6.000000
   vertex -4.574025 21.380000 -4.614181
   vertex -4.000000 21.380000 -4.500000
  endloop
 endfacet
 facet normal 0 -1 0
  outer loop
   vertex -4.000000 23.780000 -6.000000
   vertex -4.000000 23.780000 -4.500000
   vertex -4.574025 23.780000 -4.614181
  endloop
 endfacet
 facet normal 0.55557 0 -0.83147
  outer loop
   vertex -4.574025 21.380000 -4.614181
   vertex -5.060660 21.380000 -4.939340
   vertex -5.060660 23.780000 -4.939340
  endloop
 endfacet
 facet normal 0.55557 0 -0.83147
  outer loop
   vertex -4.574025 21.380000 -4.614181
   vertex -5.060660 23.780000 -4.939340
   vertex -4.574025 23.780000 -4.614181
  endloop
 endfacet
 facet normal 0 1 0
  outer loop
   vertex -4.000000 21.380000 -6.000000
   vertex -5.060660 21.380000 -4.939340
   vertex -4.574025 21.380000 -4.614181
  endloop
 endfacet
 facet normal 0 -1 0
  outer loop
   vertex -4.000000 23.780000 -6.000000
   vertex -4.574025 23.780000 -4.614181
   vertex -5.060660 23.780000 -4.939340
  endloop
 endfacet
 facet normal 0.83147 0 -0.55557
  outer loop
   vertex -5.060660 21.380000 -4.939340
   vertex -5.385819 21.380000 -5.425975
   vertex -5.385819 23.780000 -5.425975
  endloop
 endfacet
 facet normal 0.83147 0 -0.55557
  outer loop
   vertex -5.060660 21.380000 -4.939340
   vertex -5.385819 23.780000 -5.425975
   vertex -5.060660 23.780000 -4.939340
  endloop
 endfacet
 facet normal 0 1 0
  outer loop
   vertex -4.000000 21.380000 -6.000000
   vertex -5.385819 21.380000 -5.425975
   vertex -5.060660 21.380000 -4.939340
  endloop
 endfacet
 facet normal 0 -1 0
  outer loop
   vertex -4.000000 23.780000 -6.000000
   vertex -5.060660 23.780000 -4.939340
   vertex -5.385819 23.780000 -5.425975
  endloop
 endfacet
 facet normal 0.980785 0 -0.19509
  outer loop
   vertex -5.385819 21.380000 -5.425975
   vertex -5.500000 21.380000 -6.000000
   vertex -5.500000 23.780000 -6.000000
  endloop
 endfacet
 facet normal 0.980785 0 -0.19509
  outer loop
   vertex -5.385819 21.380000 -5.425975
   vertex -5.500000 23.780000 -6.000000
   vertex -5.385819 23.780000 -5.425975
  endloop
 endfacet
 facet normal 0 1 0
  outer loop
   vertex -4.000000 21.380000 -6.000000
   vertex -5.500000 21.380000 -6.000000
   vertex -5.385819 21.380000 -5.425975
  endloop
 endfacet
 facet normal 0 -1 0
  outer loop
   vertex -4.000000 23.780000 -6.000000
   vertex -5.385819 23.780000 -5.425975
   vertex -5.500000 23.780000 -6.000000
  endloop
 endfacet
 facet normal 0.980785 0 0.19509
  outer loop
   vertex -5.500000 21.380000 -6.000000
   vertex -5.385819 21.380000 -6.574025
   vertex -5.385819 23.780000 -6.574025
  endloop
 endfacet
 facet normal 0.980785 -0 0.19509
  outer loop
   vertex -5.500000 21.380000 -6.000000
   vertex -5.385819 23.780000 -6.574025
   vertex -5.500000 23.780000 -6.000000
  endloop
 endfacet
 facet normal 0 1 0
  outer loop
   vertex -4.000000 21.380000 -6.000000
   vertex -5.385819 21.380000 -6.574025
   vertex -5.500000 21.380000 -6.000000
  endloop
 endfacet
 facet normal -0 -1 0
  outer loop
   vertex -4.000000 23.780000 -6.000000
   vertex -5.500000 23.780000 -6.000000
   vertex -5.385819 23.780000 -6.574025
  endloop
 endfacet
 facet normal 0.83147 0 0.55557
  outer loop
   vertex -5.385819 21.380000 -6.574025
   vertex -5.060660 21.380000 -7.060660
   vertex -5.060660 23.780000 -7.060660
  endloop
 endfacet
 facet normal 0.83147 -0 0.55557
  outer loop
   vertex -5.385819 21.380000 -6.574025
   vertex -5.060660 23.780000 -7.060660
   vertex -5.385819 23.780000 -6.574025
  endloop
 endfacet
 facet normal 0 1 0
  outer loop
   vertex -4.000000 21.380000 -6.000000
   vertex -5.060660 21.380000 -7.060660
   vertex -5.385819 21.380000 -6.574025
  endloop
 endfacet
 facet normal 0 -1 0
  outer loop
   vertex -4.000000 23.780000 -6.000000
   vertex -5.385819 23.780000 -6.574025
   vertex -5.060660 23.780000 -7.060660
  endloop
 endfacet
 facet normal 0.55557 0 0.83147
  outer loop
   vertex -5.060660 21.380000 -7.060660
   vertex -4.574025 21.380000 -7.385819
   vertex -4.574025 23.780000 -7.385819
  endloop
 endfacet
 facet normal 0.55557 -0 0.83147
  outer loop
   vertex -5.060660 21.380000 -7.060660
   vertex -4.574025 23.780000 -7.385819
   vertex -5.060660 23.780000 -7.060660
  endloop
 endfacet
 facet normal 0 1 0
  outer loop
   vertex -4.000000 21.380000 -6.000000
   vertex -4.574025 21.380000 -7.385819
   vertex -5.060660 21.380000 -7.060660
  endloop
 endfacet
 facet normal 0 -1 0
  outer loop
   vertex -4.000000 23.780000 -6.000000
   vertex -5.060660 23.780000 -7.060660
   vertex -4.574025 23.780000 -7.385819
  endloop
 endfacet
 facet normal 0.19509 0 0.980785
  outer loop
   vertex -4.574025 21.380000 -7.385819
   vertex -4.000000 21.380000 -7.500000
   vertex -4.000000 23.780000 -7.500000
  endloop
 endfacet
 facet normal 0.19509 -0 0.980785
  outer loop
   vertex -4.574025 21.380000 -7.385819
   vertex -4.000000 23.780000 -7.500000
   vertex -4.574025 23.780000 -7.385819
  endloop
 endfacet
 facet normal 0 1 0
  outer loop
   vertex -4.000000 21.380000 -6.000000
   vertex -4.000000 21.380000 -7.500000
   vertex -4.574025 21.380000 -7.385819
  endloop
 endfacet
 facet normal 0 -1 -0
  outer loop
   vertex -4.000000 23.780000 -6.000000
   vertex -4.574025 23.780000 -7.385819
   vertex -4.000000 23.780000 -7.500000
  endloop
 endfacet
 facet normal -0.19509 0 0.980785
  outer loop
   vertex -4.000000 21.380000 -7.500000
   vertex -3.425975 21.380000 -7.385819
   vertex -3.425975 23.780000 -7.385819
  endloop
 endfacet
 facet normal -0.19509 0 0.980785
  outer loop
   vertex -4.000000 21.380000 -7.500000
   vertex -3.425975 23.780000 -7.385819
   vertex -4.000000 23.780000 -7.500000
  endloop
 endfacet
 facet normal 0 1 0
  outer loop
   vertex -4.000000 21.380000 -6.000000
   vertex -3.425975 21.380000 -7.385819
   vertex -4.000000 21.380000 -7.500000
  endloop
 endfacet
 facet normal 0 -1 0
  outer loop
   vertex -4.000000 23.780000 -6.000000
   vertex -4.000000 23.780000 -7.500000
   vertex -3.425975 23.780000 -7.385819
  endloop
 endfacet
 facet normal -0.55557 0 0.83147
  outer loop
   vertex -3.425975 21.380000 -7.385819
   vertex -2.939340 21.380000 -7.060660
   vertex -2.939340 23.780000 -7.060660
  endloop
 endfacet
 facet normal -0.55557 0 0.83147
  outer loop
   vertex -3.425975 21.380000 -7.385819
   vertex -2.939340 23.780000 -7.060660
   vertex -3.425975 23.780000 -7.385819
  endloop
 endfacet
 facet normal 0 1 0
  outer loop
   vertex -4.000000 21.380000 -6.000000
   vertex -2.939340 21.380000 -7.060660
   vertex -3.425975 21.380000 -7.385819
  endloop
 endfacet
 facet normal 0 -1 0
  outer loop
   vertex -4.000000 23.780000 -6.000000
   vertex -3.425975 23.780000 -7.385819
   vertex -2.939340 23.780000 -7.060660
  endloop
 endfacet
 facet normal -0.83147 0 0.55557
  outer loop
   vertex -2.939340 21.380000 -7.060660
   vertex -2.614181 21.380000 -6.574025
   vertex -2.614181 23.780000 -6.574025
  endloop
 endfacet
 facet normal -0.83147 0 0.55557
  outer loop
   vertex -2.939340 21.380000 -7.060660
   vertex -2.614181 23.780000 -6.574025
   vertex -2.939340 23.780000 -7.060660
  endloop
 endfacet
 facet normal 0 1 0
  outer loop
   vertex -4.000000 21.380000 -6.000000
   vertex -2.614181 21.380000 -6.574025
   vertex -2.939340 21.380000 -7.060660
  endloop
 endfacet
 facet normal 0 -1 0
  outer loop
   vertex -4.000000 23.780000 -6.000000
   vertex -2.939340 23.780000 -7.060660
   vertex -2.614181 23.780000 -6.574025
  endloop
 endfacet
 facet normal -0.980785 0 0.19509
  outer loop
   vertex -2.614181 21.380000 -6.574025
   vertex -2.500000 21.380000 -6.000000
   vertex -2.500000 23.780000 -6.000000
  endloop
 endfacet
 facet normal -0.980785 0 0.19509
  outer loop
   vertex -2.614181 21.380000 -6.574025
   vertex -2.500000 23.780000 -6.000000
   vertex -2.614181 23.780000 -6.574025
  endloop
 endfacet
 facet normal -0 1 0
  outer loop
   vertex -4.000000 21.380000 -6.000000
   vertex -2.500000 21.380000 -6.000000
   vertex -2.614181 21.380000 -6.574025
  endloop
 endfacet
 facet normal 0 -1 0
  outer loop
   vertex -4.000000 23.780000 -6.000000
   vertex -2.614181 23.780000 -6.574025
   vertex -2.500000 23.780000 -6.000000
  endloop
 endfacet
 facet normal -0.980785 0 -0.19509
  outer loop
   vertex 5.500000 21.380000 -6.000000
   vertex 5.385819 21.380000 -5.425975
   vertex 5.385819 23.780000 -5.425975
  endloop
 endfacet
 facet normal -0.980785 0 -0.19509
  outer loop
   vertex 5.500000 21.380000 -6.000000
   vertex 5.385819 23.780000 -5.425975
   vertex 5.500000 23.780000 -6.000000
  endloop
 endfacet
 facet normal 0 1 0
  outer loop
   vertex 4.000000 21.380000 -6.000000
   vertex 5.385819 21.380000 -5.425975
   vertex 5.500000 21.380000 -6.000000
  endloop
 endfacet
 facet normal 0 -1 0
  outer loop
   vertex 4.000000 23.780000 -6.000000
   vertex 5.500000 23.780000 -6.000000
   vertex 5.385819 23.780000 -5.425975
  endloop
 endfacet
 facet normal -0.83147 0 -0.55557
  outer loop
   vertex 5.385819 21.380000 -5.425975
   vertex 5.060660 21.380000 -4.939340
   vertex 5.060660 23.780000 -4.939340
  endloop
 endfacet
 facet normal -0.83147 0 -0.55557
  outer loop
   vertex 5.385819 21.380000 -5.425975
   vertex 5.060660 23.780000 -4.939340
   vertex 5.385819 23.780000 -5.425975
  endloop
 endfacet
 facet normal 0 1 0
  outer loop
   vertex 4.000000 21.380000 -6.000000
   vertex 5.060660 21.380000 -4.939340
   vertex 5.385819 21.380000 -5.425975
  endloop
 endfacet
 facet normal 0 -1 0
  outer loop
   vertex 4.000000 23.780000 -6.000000
   vertex 5.385819 23.780000 -5.425975
   vertex 5.060660 23.780000 -4.939340
  endloop
 endfacet
 facet normal -0.55557 0 -0.83147
  outer loop
   vertex 5.060660 21.380000 -4.939340
   vertex 4.574025 21.380000 -4.614181
   vertex 4.574025 23.780000 -4.614181
  endloop
 endfacet
 facet normal -0.55557 0 -0.83147
  outer loop
   vertex 5.060660 21.380000 -4.939340
   vertex 4.574025 23.780000 -4.614181
   vertex 5.060660 23.780000 -4.939340
  endloop
 endfacet
 facet normal 0 1 0
  outer loop
   vertex 4.000000 21.380000 -6.000000
   vertex 4.574025 21.380000 -4.614181
   vertex 5.060660 21.380000 -4.939340
  endloop
 endfacet
 facet normal 0 -1 0
  outer loop
   vertex 4.000000 23.780000 -6.000000
   vertex 5.060660 23.780000 -4.939340
   vertex 4.574025 23.780000 -4.614181
  endloop
 endfacet
 facet normal -0.19509 0 -0.980785
  outer loop
   vertex 4.574025 21.380000 -4.614181
   vertex 4.000000 21.380000 -4.500000
   vertex 4.000000 23.780000 -4.500000
  endloop
 endfacet
 facet normal -0.19509 0 -0.980785
  outer loop
   vertex 4.574025 21.380000 -4.614181
   vertex 4.000000 23.780000 -4.500000
   vertex 4.574025 23.780000 -4.614181
  endloop
 endfacet
 facet normal 0 1 0
  outer loop
   vertex 4.000000 21.380000 -6.000000
   vertex 4.000000 21.380000 -4.500000
   vertex 4.574025 21.380000 -4.614181
  endloop
 endfacet
 facet normal 0 -1 0
  outer loop
   vertex 4.000000 23.780000 -6.000000
   vertex 4.574025 23.780000 -4.614181
   vertex 4.000000 23.780000 -4.500000
  endloop
 endfacet
 facet normal 0.19509 0 -0.980785
  outer loop
   vertex 4.000000 21.380000 -4.500000
   vertex 3.425975 21.380000 -4.614181
   vertex 3.425975 23.780000 -4.614181
  endloop
 endfacet
 facet normal 0.19509 0 -0.980785
  outer loop
   vertex 4.000000 21.380000 -4.500000
   vertex 3.425975 23.780000 -4.614181
   vertex 4.000000 23.780000 -4.500000
  endloop
 endfacet
 facet normal 0 1 -0
  outer loop
   vertex 4.000000 21.380000 -6.000000
   vertex 3.425975 21.380000 -4.614181
   vertex 4.000000 21.380000 -4.500000
  endloop
 endfacet
 facet normal 0 -1 0
  outer loop
   vertex 4.000000 23.780000 -6.000000
   vertex 4.000000 23.780000 -4.500000
   vertex 3.425975 23.780000 -4.614181
  endloop
 endfacet
 facet normal 0.55557 0 -0.83147
  outer loop
   vertex 3.425975 21.380000 -4.614181
   vertex 2.939340 21.380000 -4.939340
   vertex 2.939340 23.780000 -4.939340
  endloop
 endfacet
 facet normal 0.55557 0 -0.83147
  outer loop
   vertex 3.425975 21.380000 -4.614181
   vertex 2.939340 23.780000 -4.939340
   vertex 3.425975 23.780000 -4.614181
  endloop
 endfacet
 facet normal 0 1 0
  outer loop
   vertex 4.000000 21.380000 -6.000000
   vertex 2.939340 21.380000 -4.939340
   vertex 3.425975 21.380000 -4.614181
  endloop
 endfacet
 facet normal 0 -1 0
  outer loop
   vertex 4.000000 23.780000 -6.000000
   vertex 3.425975 23.780000 -4.614181
   vertex 2.939340 23.780000 -4.939340
  endloop
 endfacet
 facet normal 0.83147 0 -0.55557
  outer loop
   vertex 2.939340 21.380000 -4.939340
   vertex 2.614181 21.380000 -5.425975
   vertex 2.614181 23.780000 -5.425975
  endloop
 endfacet
 facet normal 0.83147 0 -0.55557
  outer loop
   vertex 2.939340 21.380000 -4.939340
   vertex 2.614181 23.780000 -5.425975
   vertex 2.939340 23.780000 -4.939340
  endloop
 endfacet
 facet normal 0 1 0
  outer loop
   vertex 4.000000 21.380000 -6.000000
   vertex 2.614181 21.380000 -5.425975
   vertex 2.939340 21.380000 -4.939340
  endloop
 endfacet
 facet normal 0 -1 0
  outer loop
   vertex 4.000000 23.780000 -6.000000
   vertex 2.939340 23.780000 -4.939340
   vertex 2.614181 23.780000 -5.425975
  endloop
 endfacet
 facet normal 0.980785 0 -0.19509
  outer loop
   vertex 2.614181 21.380000 -5.425975
   vertex 2.500000 21.380000 -6.000000
   vertex 2.500000 23.780000 -6.000000
  endloop
 endfacet
 facet normal 0.980785 0 -0.19509
  outer loop
   vertex 2.614181 21.380000 -5.425975
   vertex 2.500000 23.780000 -6.000000
   vertex 2.614181 23.780000 -5.425975
  endloop
 endfacet
 facet normal 0 1 0
  outer loop
   vertex 4.000000 21.380000 -6.000000
   vertex 2.500000 21.380000 -6.000000
   vertex 2.614181 21.380000 -5.425975
  endloop
 endfacet
 facet normal 0 -1 0
  outer loop
   vertex 4.000000 23.780000 -6.000000
   vertex 2.614181 23.780000 -5.425975
   vertex 2.500000 23.780000 -6.000000
  endloop
 endfacet
 facet normal 0.980785 0 0.19509
  outer loop
   vertex 2.500000 21.380000 -6.000000
   vertex 2.614181 21.380000 -6.574025
   vertex 2.614181 23.780000 -6.574025
  endloop
 endfacet
 facet normal 0.980785 -0 0.19509
  outer loop
   vertex 2.500000 21.380000 -6.000000
   vertex 2.614181 23.780000 -6.574025
   vertex 2.500000 23.780000 -6.000000
  endloop
 endfacet
 facet normal 0 1 0
  outer loop
   vertex 4.000000 21.380000 -6.000000
   vertex 2.614181 21.380000 -6.574025
   vertex 2.500000 21.380000 -6.000000
  endloop
 endfacet
 facet normal -0 -1 0
  outer loop
   vertex 4.000000 23.780000 -6.000000
   vertex 2.500000 23.780000 -6.000000
   vertex 2.614181 23.780000 -6.574025
  endloop
 endfacet
 facet normal 0.83147 0 0.55557
  outer loop
   vertex 2.614181 21.380000 -6.574025
   vertex 2.939340 21.380000 -7.060660
   vertex 2.939340 23.780000 -7.060660
  endloop
 endfacet
 facet normal 0.83147 -0 0.55557
  outer loop
   vertex 2.614181 21.380000 -6.574025
   vertex 2.939340 23.780000 -7.060660
   vertex 2.614181 23.780000 -6.574025
  endloop
 endfacet
 facet normal 0 1 0
  outer loop
   vertex 4.000000 21.380000 -6.000000
   vertex 2.939340 21.380000 -7.060660
   vertex 2.614181 21.380000 -6.574025
  endloop
 endfacet
 facet normal 0 -1 0
  outer loop
   vertex 4.000000 23.780000 -6.000000
   vertex 2.614181 23.780000 -6.574025
   vertex 2.939340 23.780000 -7.060660
  endloop
 endfacet
 facet normal 0.55557 0 0.83147
  outer loop
   vertex 2.939340 21.380000 -7.060660
   vertex 3.425975 21.380000 -7.385819
   vertex 3.425975 23.780000 -7.385819
  endloop
 endfacet
 facet normal 0.55557 -0 0.83147
  outer loop
   vertex 2.939340 21.380000 -7.060660
   vertex 3.425975 23.780000 -7.385819
   vertex 2.939340 23.780000 -7.060660
  endloop
 endfacet
 facet normal 0 1 0
  outer loop
   vertex 4.000000 21.380000 -6.000000
   vertex 3.425975 21.380000 -7.385819
   vertex 2.939340 21.380000 -7.060660
  endloop
 endfacet
 facet normal 0 -1 0
  outer loop
   vertex 4.000000 23.780000 -6.000000
   vertex 2.939340 23.780000 -7.060660
   vertex 3.425975 23.780000 -7.385819
  endloop
 endfacet
 facet normal 0.19509 0 0.980785
  outer loop
   vertex 3.425975 21.380000 -7.385819
   vertex 4.000000 21.380000 -7.500000
   vertex 4.000000 23.780000 -7.500000
  endloop
 endfacet
 facet normal 0.19509 -0 0.980785
  outer loop
   vertex 3.425975 21.380000 -7.385819
   vertex 4.000000 23.780000 -7.500000
   vertex 3.425975 23.780000 -7.385819
  endloop
 endfacet
 facet normal 0 1 0
  outer loop
   vertex 4.000000 21.380000 -6.000000
   vertex 4.000000 21.380000 -7.500000
   vertex 3.425975 21.380000 -7.385819
  endloop
 endfacet
 facet normal 0 -1 0
  outer loop
   vertex 4.000000 23.780000 -6.000000
   vertex 3.425975 23.780000 -7.385819
   vertex 4.000000 23.780000 -7.500000
  endloop
 endfacet
 facet normal -0.19509 0 0.980785
  outer loop
   vertex 4.000000 21.380000 -7.500000
   vertex 4.574025 21.380000 -7.385819
   vertex 4.574025 23.780000 -7.385819
  endloop
 endfacet
 facet normal -0.19509 0 0.980785
  outer loop
   vertex 4.000000 21.380000 -7.500000
   vertex 4.574025 23.780000 -7.385819
   vertex 4.000000 23.780000 -7.500000
  endloop
 endfacet
 facet normal 0 1 0
  outer loop
   vertex 4.000000 21.380000 -6.000000
   vertex 4.574025 21.380000 -7.385819
   vertex 4.000000 21.380000 -7.500000
  endloop
 endfacet
 facet normal 0 -1 -0
  outer loop
   vertex 4.000000 23.780000 -6.000000
   vertex 4.000000 23.780000 -7.500000
   vertex 4.574025 23.780000 -7.385819
  endloop
 endfacet
 facet normal -0.55557 0 0.83147
  outer loop
   vertex 4.574025 21.380000 -7.385819
   vertex 5.060660 21.380000 -7.060660
   vertex 5.060660 23.780000 -7.060660
  endloop
 endfacet
 facet normal -0.55557 0 0.83147
  outer loop
   vertex 4.574025 21.380000 -7.385819
   vertex 5.060660 23.780000 -7.060660
   vertex 4.574025 23.780000 -7.385819
  endloop
 endfacet
 facet normal 0 1 0
  outer loop
   vertex 4.000000 21.380000 -6.000000
   vertex 5.060660 21.380000 -7.060660
   vertex 4.574025 21.380000 -7.385819
  endloop
 endfacet
 facet normal 0 -1 0
  outer loop
   vertex 4.000000 23.780000 -6.000000
   vertex 4.574025 23.780000 -7.385819
   vertex 5.060660 23.780000 -7.060660
  endloop
 endfacet
 facet normal -0.83147 0 0.55557
  outer loop
   vertex 5.060660 21.380000 -7.060660
   vertex 5.385819 21.380000 -6.574025
   vertex 5.385819 23.780000 -6.574025
  endloop
 endfacet
 facet normal -0.83147 0 0.55557
  outer loop
   vertex 5.060660 21.380000 -7.060660
   vertex 5.385819 23.780000 -6.574025
   vertex 5.060660 23.780000 -7.060660
  endloop
 endfacet
 facet normal 0 1 0
  outer loop
   vertex 4.000000 21.380000 -6.000000
   vertex 5.385819 21.380000 -6.574025
   vertex 5.060660 21.380000 -7.060660
  endloop
 endfacet
 facet normal 0 -1 0
  outer loop
   vertex 4.000000 23.780000 -6.000000
   vertex 5.060660 23.780000 -7.060660
   vertex 5.385819 23.780000 -6.574025
  endloop
 endfacet
 facet normal -0.980785 0 0.19509
  outer loop
   vertex 5.385819 21.380000 -6.574025
   vertex 5.500000 21.380000 -6.000000
   vertex 5.500000 23.780000 -6.000000
  endloop
 endfacet
 facet normal -0.980785 0 0.19509
  outer loop
   vertex 5.385819 21.380000 -6.574025
   vertex 5.500000 23.780000 -6.000000
   vertex 5.385819 23.780000 -6.574025
  endloop
 endfacet
 facet normal -0 1 0
  outer loop
   vertex 4.000000 21.380000 -6.000000
   vertex 5.500000 21.380000 -6.000000
   vertex 5.385819 21.380000 -6.574025
  endloop
 endfacet
 facet normal 0 -1 0
  outer loop
   vertex 4.000000 23.780000 -6.000000
   vertex 5.385819 23.780000 -6.574025
   vertex 5.500000 23.780000 -6.000000
  endloop
 endfacet
 facet normal -0.980785 0 -0.19509
  outer loop
   vertex 13.500000 21.380000 -6.000000
   vertex 13.385819 21.380000 -5.425975
   vertex 13.385819 23.780000 -5.425975
  endloop
 endfacet
 facet normal -0.980785 0 -0.19509
  outer loop
   vertex 13.500000 21.380000 -6.000000
   vertex 13.385819 23.780000 -5.425975
   vertex 13.500000 23.780000 -6.000000
  endloop
 endfacet
 facet normal 0 1 0
  outer loop
   vertex 12.000000 21.380000 -6.000000
   vertex 13.385819 21.380000 -5.425975
   vertex 13.500000 21.380000 -6.000000
  endloop
 endfacet
 facet normal 0 -1 0
  outer loop
   vertex 12.000000 23.780000 -6.000000
   vertex 13.500000 23.780000 -6.000000
   vertex 13.385819 23.780000 -5.425975
  endloop
 endfacet
 facet normal -0.83147 0 -0.55557
  outer loop
   vertex 13.385819 21.380000 -5.425975
   vertex 13.060660 21.380000 -4.939340
   vertex 13.060660 23.780000 -4.939340
  endloop
 endfacet
 facet normal -0.83147 0 -0.55557
  outer loop
   vertex 13.385819 21.380000 -5.425975
   vertex 13.060660 23.780000 -4.939340
   vertex 13.385819 23.780000 -5.425975
  endloop
 endfacet
 facet normal 0 1 0
  outer loop
   vertex 12.000000 21.380000 -6.000000
   vertex 13.060660 21.380000 -4.939340
   vertex 13.385819 21.380000 -5.425975
  endloop
 endfacet
 facet normal 0 -1 0
  outer loop
   vertex 12.000000 23.780000 -6.000000
   vertex 13.385819 23.780000 -5.425975
   vertex 13.060660 23.780000 -4.939340
  endloop
 endfacet
 facet normal -0.55557 0 -0.83147
  outer loop
   vertex 13.060660 21.380000 -4.939340
   vertex 12.574025 21.380000 -4.614181
   vertex 12.574025 23.780000 -4.614181
  endloop
 endfacet
 facet normal -0.55557 0 -0.83147
  outer loop
   vertex 13.060660 21.380000 -4.939340
   vertex 12.574025 23.780000 -4.614181
   vertex 13.060660 23.780000 -4.939340
  endloop
 endfacet
 facet normal 0 1 0
  outer loop
   vertex 12.000000 21.380000 -6.000000
   vertex 12.574025 21.380000 -4.614181
   vertex 13.060660 21.380000 -4.939340
  endloop
 endfacet
 facet normal 0 -1 0
  outer loop
   vertex 12.000000 23.780000 -6.000000
   vertex 13.060660 23.780000 -4.939340
   vertex 12.574025 23.780000 -4.614181
  endloop
 endfacet
 facet normal -0.19509 0 -0.980785
  outer loop
   vertex 12.574025 21.380000 -4.614181
   vertex 12.000000 21.380000 -4.500000
   vertex 12.000000 23.780000 -4.500000
  endloop
 endfacet
 facet normal -0.19509 0 -0.980785
  outer loop
   vertex 12.574025 21.380000 -4.614181
   vertex 12.000000 23.780000 -4.500000
   vertex 12.574025 23.780000 -4.614181
  endloop
 endfacet
 facet normal 0 1 0
  outer loop
   vertex 12.000000 21.380000 -6.000000
   vertex 12.000000 21.380000 -4.500000
   vertex 12.574025 21.380000 -4.614181
  endloop
 endfacet
 facet normal 0 -1 0
  outer loop
   vertex 12.000000 23.780000 -6.000000
   vertex 12.574025 23.780000 -4.614181
   vertex 12.000000 23.780000 -4.500000
  endloop
 endfacet
 facet normal 0.19509 0 -0.980785
  outer loop
   vertex 12.000000 21.380000 -4.500000
   vertex 11.425975 21.380000 -4.614181
   vertex 11.425975 23.780000 -4.614181
  endloop
 endfacet
 facet normal 0.19509 0 -0.980785
  outer loop
   vertex 12.000000 21.380000 -4.500000
   vertex 11.425975 23.780000 -4.614181
   vertex 12.000000 23.780000 -4.500000
  endloop
 endfacet
 facet normal 0 1 -0
  outer loop
   vertex 12.000000 21.380000 -6.000000
   vertex 11.425975 21.380000 -4.614181
   vertex 12.000000 21.380000 -4.500000
  endloop
 endfacet
 facet normal 0 -1 0
  outer loop
   vertex 12.000000 23.780000 -6.000000
   vertex 12.000000 23.780000 -4.500000
   vertex 11.425975 23.780000 -4.614181
  endloop
 endfacet
 facet normal 0.55557 0 -0.83147
  outer loop
   vertex 11.425975 21.380000 -4.614181
   vertex 10.939340 21.380000 -4.939340
   vertex 10.939340 23.780000 -4.939340
  endloop
 endfacet
 facet normal 0.55557 0 -0.83147
  outer loop
   vertex 11.425975 21.380000 -4.614181
   vertex 10.939340 23.780000 -4.939340
   vertex 11.425975 23.780000 -4.614181
  endloop
 endfacet
 facet normal 0 1 0
  outer loop
   vertex 12.000000 21.380000 -6.000000
   vertex 10.939340 21.380000 -4.939340
   vertex 11.425975 21.380000 -4.614181
  endloop
 endfacet
 facet normal 0 -1 0
  outer loop
   vertex 12.000000 23.780000 -6.000000
   vertex 11.425975 23.780000 -4.614181
   vertex 10.939340 23.780000 -4.939340
  endloop
 endfacet
 facet normal 0.83147 0 -0.55557
  outer loop
   vertex 10.939340 21.380000 -4.939340
   vertex 10.614181 21.380000 -5.425975
   vertex 10.614181 23.780000 -5.425975
  endloop
 endfacet
 facet normal 0.83147 0 -0.55557
  outer loop
   vertex 10.939340 21.380000 -4.939340
   vertex 10.614181 23.780000 -5.425975
   vertex 10.939340 23.780000 -4.939340
  endloop
 endfacet
 facet normal 0 1 0
  outer loop
   vertex 12.000000 21.380000 -6.000000
   vertex 10.614181 21.380000 -5.425975
   vertex 10.939340 21.380000 -4.939340
  endloop
 endfacet
 facet normal 0 -1 0
  outer loop
   vertex 12.000000 23.780000 -6.000000
   vertex 10.939340 23.780000 -4.939340
   vertex 10.614181 23.780000 -5.425975
  endloop
 endfacet
 facet normal 0.980785 0 -0.19509
  outer loop
   vertex 10.614181 21.380000 -5.425975
   vertex 10.500000 21.380000 -6.000000
   vertex 10.500000 23.780000 -6.000000
  endloop
 endfacet
 facet normal 0.980785 0 -0.19509
  outer loop
   vertex 10.614181 21.380000 -5.425975
   vertex 10.500000 23.780000 -6.000000
   vertex 10.614181 23.780000 -5.425975
  endloop
 endfacet
 facet normal 0 1 0
  outer loop
   vertex 12.000000 21.380000 -6.000000
   vertex 10.500000 21.380000 -6.000000
   vertex 10.614181 21.380000 -5.425975
  endloop
 endfacet
 facet normal 0 -1 0
  outer loop
   vertex 12.000000 23.780000 -6.000000
   vertex 10.614181 23.780000 -5.425975
   vertex 10.500000 23.780000 -6.000000
  endloop
 endfacet
 facet normal 0.980785 0 0.19509
  outer loop
   vertex 10.500000 21.380000 -6.000000
   vertex 10.614181 21.380000 -6.574025
   vertex 10.614181 23.780000 -6.574025
  endloop
 endfacet
 facet normal 0.980785 -0 0.19509
  outer loop
   vertex 10.500000 21.380000 -6.000000
   vertex 10.614181 23.780000 -6.574025
   vertex 10.500000 23.780000 -6.000000
  endloop
 endfacet
 facet normal 0 1 0
  outer loop
   vertex 12.000000 21.380000 -6.000000
   vertex 10.614181 21.380000 -6.574025
   vertex 10.500000 21.380000 -6.000000
  endloop
 endfacet
 facet normal -0 -1 0
  outer loop
   vertex 12.000000 23.780000 -6.000000
   vertex 10.500000 23.780000 -6.000000
   vertex 10.614181 23.780000 -6.574025
  endloop
 endfacet
 facet normal 0.83147 0 0.55557
  outer loop
   vertex 10.614181 21.380000 -6.574025
   vertex 10.939340 21.380000 -7.060660
   vertex 10.939340 23.780000 -7.060660
  endloop
 endfacet
 facet normal 0.83147 -0 0.55557
  outer loop
   vertex 10.614181 21.380000 -6.574025
   vertex 10.939340 23.780000 -7.060660
   vertex 10.614181 23.780000 -6.574025
  endloop
 endfacet
 facet normal 0 1 0
  outer loop
   vertex 12.000000 21.380000 -6.000000
   vertex 10.939340 21.380000 -7.060660
   vertex 10.614181 21.380000 -6.574025
  endloop
 endfacet
 facet normal 0 -1 0
  outer loop
   vertex 12.000000 23.780000 -6.000000
   vertex 10.614181 23.780000 -6.574025
   vertex 10.939340 23.780000 -7.060660
  endloop
 endfacet
 facet normal 0.55557 0 0.83147
  outer loop
   vertex 10.939340 21.380000 -7.060660
   vertex 11.425975 21.380000 -7.385819
   vertex 11.425975 23.780000 -7.385819
  endloop
 endfacet
 facet normal 0.55557 -0 0.83147
  outer loop
   vertex 10.939340 21.380000 -7.060660
   vertex 11.425975 23.780000 -7.385819
   vertex 10.939340 23.780000 -7.060660
  endloop
 endfacet
 facet normal 0 1 0
  outer loop
   vertex 12.000000 21.380000 -6.000000
   vertex 11.425975 21.380000 -7.385819
   vertex 10.939340 21.380000 -7.060660
  endloop
 endfacet
 facet normal 0 -1 0
  outer loop
   vertex 12.000000 23.780000 -6.000000
   vertex 10.939340 23.780000 -7.060660
   vertex 11.425975 23.780000 -7.385819
  endloop
 endfacet
 facet normal 0.19509 0 0.980785
  outer loop
   vertex 11.425975 21.380000 -7.385819
   vertex 12.000000 21.380000 -7.500000
   vertex 12.000000 23.780000 -7.500000
  endloop
 endfacet
 facet normal 0.19509 -0 0.980785
  outer loop
   vertex 11.425975 21.380000 -7.385819
   vertex 12.000000 23.780000 -7.500000
   vertex 11.425975 23.780000 -7.385819
  endloop
 endfacet
 facet normal 0 1 0
  outer loop
   vertex 12.000000 21.380000 -6.000000
   vertex 12.000000 21.380000 -7.500000
   vertex 11.425975 21.380000 -7.385819
  endloop
 endfacet
 facet normal 0 -1 -0
  outer loop
   vertex 12.000000 23.780000 -6.000000
   vertex 11.425975 23.780000 -7.385819
   vertex 12.000000 23.780000 -7.500000
  endloop
 endfacet
 facet normal -0.19509 0 0.980785
  outer loop
   vertex 12.000000 21.380000 -7.500000
   vertex 12.574025 21.380000 -7.385819
   vertex 12.574025 23.780000 -7.385819
  endloop
 endfacet
 facet normal -0.19509 0 0.980785
  outer loop
   vertex 12.000000 21.380000 -7.500000
   vertex 12.574025 23.780000 -7.385819
   vertex 12.000000 23.780000 -7.500000
  endloop
 endfacet
 facet normal 0 1 0
  outer loop
   vertex 12.000000 21.380000 -6.000000
   vertex 12.574025 21.380000 -7.385819
   vertex 12.000000 21.380000 -7.500000
  endloop
 endfacet
 facet normal 0 -1 0
  outer loop
   vertex 12.000000 23.780000 -6.000000
   vertex 12.000000 23.780000 -7.500000
   vertex 12.574025 23.780000 -7.385819
  endloop
 endfacet
 facet normal -0.55557 0 0.83147
  outer loop
   vertex 12.574025 21.380000 -7.385819
   vertex 13.060660 21.380000 -7.060660
   vertex 13.060660 23.780000 -7.060660
  endloop
 endfacet
 facet normal -0.55557 0 0.83147
  outer loop
   vertex 12.574025 21.380000 -7.385819
   vertex 13.060660 23.780000 -7.060660
   vertex 12.574025 23.780000 -7.385819
  endloop
 endfacet
 facet normal 0 1 0
  outer loop
   vertex 12.000000 21.380000 -6.000000
   vertex 13.060660 21.380000 -7.060660
   vertex 12.574025 21.380000 -7.385819
  endloop
 endfacet
 facet normal 0 -1 0
  outer loop
   vertex 12.000000 23.780000 -6.000000
   vertex 12.574025 23.780000 -7.385819
   vertex 13.060660 23.780000 -7.060660
  endloop
 endfacet
 facet normal -0.83147 0 0.55557
  outer loop
   vertex 13.060660 21.380000 -7.060660
   vertex 13.385819 21.380000 -6.574025
   vertex 13.385819 23.780000 -6.574025
  endloop
 endfacet
 facet normal -0.83147 0 0.55557
  outer loop
   vertex 13.060660 21.380000 -7.060660
   vertex 13.385819 23.780000 -6.574025
   vertex 13.060660 23.780000 -7.060660
  endloop
 endfacet
 facet normal 0 1 0
  outer loop
   vertex 12.000000 21.380000 -6.000000
   vertex 13.385819 21.380000 -6.574025
   vertex 13.060660 21.380000 -7.060660
  endloop
 endfacet
 facet normal 0 -1 0
  outer loop
   vertex 12.000000 23.780000 -6.000000
   vertex 13.060660 23.780000 -7.060660
   vertex 13.385819 23.780000 -6.574025
  endloop
 endfacet
 facet normal -0.980785 0 0.19509
  outer loop
   vertex 13.385819 21.380000 -6.574025
   vertex 13.500000 21.380000 -6.000000
   vertex 13.500000 23.780000 -6.000000
  endloop
 endfacet
 facet normal -0.980785 0 0.19509
  outer loop
   vertex 13.385819 21.380000 -6.574025
   vertex 13.500000 23.780000 -6.000000
   vertex 13.385819 23.780000 -6.574025
  endloop
 endfacet
 facet normal -0 1 0
  outer loop
   vertex 12.000000 21.380000 -6.000000
   vertex 13.500000 21.380000 -6.000000
   vertex 13.385819 21.380000 -6.574025
  endloop
 endfacet
 facet normal 0 -1 0
  outer loop
   vertex 12.000000 23.780000 -6.000000
   vertex 13.385819 23.780000 -6.574025
   vertex 13.500000 23.780000 -6.000000
  endloop
 endfacet
 facet normal 0 0 -1
  outer loop
   vertex -32.820000 -21.500000 -21.900000
   vertex -32.620000 21.500000 -21.900000
   vertex -32.620000 -21.500000 -21.900000
  endloop
 endfacet
 facet normal 0 0 -1
  outer loop
   vertex -32.820000 -21.500000 -21.900000
   vertex -32.820000 21.500000 -21.900000
   vertex -32.620000 21.500000 -21.900000
  endloop
 endfacet
 facet normal 0 0 1
  outer loop
   vertex -32.820000 -21.500000 -14.900000
   vertex -32.620000 -21.500000 -14.900000
   vertex -32.620000 21.500000 -14.900000
  endloop
 endfacet
 facet normal 0 0 1
  outer loop
   vertex -32.820000 -21.500000 -14.900000
   vertex -32.620000 21.500000 -14.900000
   vertex -32.820000 21.500000 -14.900000
  endloop
 endfacet
 facet normal 0 -1 0
  outer loop
   vertex -32.820000 -21.500000 -21.900000
   vertex -32.620000 -21.500000 -21.900000
   vertex -32.620000 -21.500000 -14.900000
  endloop
 endfacet
 facet normal 0 -1 0
  outer loop
   vertex -32.820000 -21.500000 -21.900000
   vertex -32.620000 -21.500000 -14.900000
   vertex -32.820000 -21.500000 -14.900000
  endloop
 endfacet
 facet normal 1 0 0
  outer loop
   vertex -32.620000 -21.500000 -21.900000
   vertex -32.620000 21.500000 -21.900000
   vertex -32.620000 21.500000 -14.900000
  endloop
 endfacet
 facet normal 1 0 0
  outer loop
   vertex -32.620000 -21.500000 -21.900000
   vertex -32.620000 21.500000 -14.900000
   vertex -32.620000 -21.500000 -14.900000
  endloop
 endfacet
 facet normal 0 1 0
  outer loop
   vertex -32.620000 21.500000 -21.900000
   vertex -32.820000 21.500000 -21.900000
   vertex -32.820000 21.500000 -14.900000
  endloop
 endfacet
 facet normal 0 1 -0
  outer loop
   vertex -32.620000 21.500000 -21.900000
   vertex -32.820000 21.500000 -14.900000
   vertex -32.620000 21.500000 -14.900000
  endloop
 endfacet
 facet normal -1 0 0
  outer loop
   vertex -32.820000 21.500000 -21.900000
   vertex -32.820000 -21.500000 -21.900000
   vertex -32.820000 -21.500000 -14.900000
  endloop
 endfacet
 facet normal -1 0 0
  outer loop
   vertex -32.820000 21.500000 -21.900000
   vertex -32.820000 -21.500000 -14.900000
   vertex -32.820000 21.500000 -14.900000
  endloop
 endfacet
 facet normal 0 0 -1
  outer loop
   vertex -32.820000 -21.500000 -3.500000
   vertex -32.620000 21.500000 -3.500000
   vertex -32.620000 -21.500000 -3.500000
  endloop
 endfacet
 facet normal 0 0 -1
  outer loop
   vertex -32.820000 -21.500000 -3.500000
   vertex -32.820000 21.500000 -3.500000
   vertex -32.620000 21.500000 -3.500000
  endloop
 endfacet
 facet normal 0 0 1
  outer loop
   vertex -32.820000 -21.500000 3.500000
   vertex -32.620000 -21.500000 3.500000
   vertex -32.620000 21.500000 3.500000
  endloop
 endfacet
 facet normal 0 0 1
  outer loop
   vertex -32.820000 -21.500000 3.500000
   vertex -32.620000 21.500000 3.500000
   vertex -32.820000 21.500000 3.500000
  endloop
 endfacet
 facet normal 0 -1 0
  outer loop
   vertex -32.820000 -21.500000 -3.500000
   vertex -32.620000 -21.500000 -3.500000
   vertex -32.620000 -21.500000 3.500000
  endloop
 endfacet
 facet normal 0 -1 0
  outer loop
   vertex -32.820000 -21.500000 -3.500000
   vertex -32.620000 -21.500000 3.500000
   vertex -32.820000 -21.500000 3.500000
  endloop
 endfacet
 facet normal 1 0 0
  outer loop
   vertex -32.620000 -21.500000 -3.500000
   vertex -32.620000 21.500000 -3.500000
   vertex -32.620000 21.500000 3.500000
  endloop
 endfacet
 facet normal 1 0 0
  outer loop
   vertex -32.620000 -21.500000 -3.500000
   vertex -32.620000 21.500000 3.500000
   vertex -32.620000 -21.500000 3.500000
  endloop
 endfacet
 facet normal 0 1 0
  outer loop
   vertex -32.620000 21.500000 -3.500000
   vertex -32.820000 21.500000 -3.500000
   vertex -32.820000 21.500000 3.500000
  endloop
 endfacet
 facet normal 0 1 -0
  outer loop
   vertex -32.620000 21.500000 -3.500000
   vertex -32.820000 21.500000 3.500000
   vertex -32.620000 21.500000 3.500000
  endloop
 endfacet
 facet normal -1 0 0
  outer loop
   vertex -32.820000 21.500000 -3.500000
   vertex -32.820000 -21.500000 -3.500000
   vertex -32.820000 -21.500000 3.500000
  endloop
 endfacet
 facet normal -1 0 0
  outer loop
   vertex -32.820000 21.500000 -3.500000
   vertex -32.820000 -21.500000 3.500000
   vertex -32.820000 21.500000 3.500000
  endloop
 endfacet
 facet normal 0 0 -1
  outer loop
   vertex -32.820000 -21.500000 14.900000
   vertex -32.620000 21.500000 14.900000
   vertex -32.620000 -21.500000 14.900000
  endloop
 endfacet
 facet normal 0 0 -1
  outer loop
   vertex -32.820000 -21.500000 14.900000
   vertex -32.820000 21.500000 14.900000
   vertex -32.620000 21.500000 14.900000
  endloop
 endfacet
 facet normal 0 0 1
  outer loop
   vertex -32.820000 -21.500000 21.900000
   vertex -32.620000 -21.500000 21.900000
   vertex -32.620000 21.500000 21.900000
  endloop
 endfacet
 facet normal 0 0 1
  outer loop
   vertex -32.820000 -21.500000 21.900000
   vertex -32.620000 21.500000 21.900000
   vertex -32.820000 21.500000 21.900000
  endloop
 endfacet
 facet normal 0 -1 0
  outer loop
   vertex -32.820000 -21.500000 14.900000
   vertex -32.620000 -21.500000 14.900000
   vertex -32.620000 -21.500000 21.900000
  endloop
 endfacet
 facet normal 0 -1 0
  outer loop
   vertex -32.820000 -21.500000 14.900000
   vertex -32.620000 -21.500000 21.900000
   vertex -32.820000 -21.500000 21.900000
  endloop
 endfacet
 facet normal 1 0 0
  outer loop
   vertex -32.620000 -21.500000 14.900000
   vertex -32.620000 21.500000 14.900000
   vertex -32.620000 21.500000 21.900000
  endloop
 endfacet
 facet normal 1 0 0
  outer loop
   vertex -32.620000 -21.500000 14.900000
   vertex -32.620000 21.500000 21.900000
   vertex -32.620000 -21.500000 21.900000
  endloop
 endfacet
 facet normal 0 1 0
  outer loop
   vertex -32.620000 21.500000 14.900000
   vertex -32.820000 21.500000 14.900000
   vertex -32.820000 21.500000 21.900000
  endloop
 endfacet
 facet normal 0 1 -0
  outer loop
   vertex -32.620000 21.500000 14.900000
   vertex -32.820000 21.500000 21.900000
   vertex -32.620000 21.500000 21.900000
  endloop
 endfacet
 facet normal -1 0 0
  outer loop
   vertex -32.820000 21.500000 14.900000
   vertex -32.820000 -21.500000 14.900000
   vertex -32.820000 -21.500000 21.900000
  endloop
 endfacet
 facet normal -1 0 0
  outer loop
   vertex -32.820000 21.500000 14.900000
   vertex -32.820000 -21.500000 21.900000
   vertex -32.820000 21.500000 21.900000
  endloop
 endfacet
 facet normal 0 0 -1
  outer loop
   vertex 32.620000 -21.500000 -21.900000
   vertex 32.820000 21.500000 -21.900000
   vertex 32.820000 -21.500000 -21.900000
  endloop
 endfacet
 facet normal 0 0 -1
  outer loop
   vertex 32.620000 -21.500000 -21.900000
   vertex 32.620000 21.500000 -21.900000
   vertex 32.820000 21.500000 -21.900000
  endloop
 endfacet
 facet normal 0 0 1
  outer loop
   vertex 32.620000 -21.500000 -14.900000
   vertex 32.820000 -21.500000 -14.900000
   vertex 32.820000 21.500000 -14.900000
  endloop
 endfacet
 facet normal 0 0 1
  outer loop
   vertex 32.620000 -21.500000 -14.900000
   vertex 32.820000 21.500000 -14.900000
   vertex 32.620000 21.500000 -14.900000
  endloop
 endfacet
 facet normal 0 -1 0
  outer loop
   vertex 32.620000 -21.500000 -21.900000
   vertex 32.820000 -21.500000 -21.900000
   vertex 32.820000 -21.500000 -14.900000
  endloop
 endfacet
 facet normal 0 -1 0
  outer loop
   vertex 32.620000 -21.500000 -21.900000
   vertex 32.820000 -21.500000 -14.900000
   vertex 32.620000 -21.500000 -14.900000
  endloop
 endfacet
 facet normal 1 0 0
  outer loop
   vertex 32.820000 -21.500000 -21.900000
   vertex 32.820000 21.500000 -21.900000
   vertex 32.820000 21.500000 -14.900000
  endloop
 endfacet
 facet normal 1 0 0
  outer loop
   vertex 32.820000 -21.500000 -21.900000
   vertex 32.820000 21.500000 -14.900000
   vertex 32.820000 -21.500000 -14.900000
  endloop
 endfacet
 facet normal 0 1 0
  outer loop
   vertex 32.820000 21.500000 -21.900000
   vertex 32.620000 21.500000 -21.900000
   vertex 32.620000 21.500000 -14.900000
  endloop
 endfacet
 facet normal 0 1 -0
  outer loop
   vertex 32.820000 21.500000 -21.900000
   vertex 32.620000 21.500000 -14.900000
   vertex 32.820000 21.500000 -14.900000
  endloop
 endfacet
 facet normal -1 0 0
  outer loop
   vertex 32.620000 21.500000 -21.900000
   vertex 32.620000 -21.500000 -21.900000
   vertex 32.620000 -21.500000 -14.900000
  endloop
 endfacet
 facet normal -1 0 0
  outer loop
   vertex 32.620000 21.500000 -21.900000
   vertex 32.620000 -21.500000 -14.900000
   vertex 32.620000 21.500000 -14.900000
  endloop
 endfacet
 facet normal 0 0 -1
  outer loop
   vertex 32.620000 -21.500000 -3.500000
   vertex 32.820000 21.500000 -3.500000
   vertex 32.820000 -21.500000 -3.500000
  endloop
 endfacet
 facet normal 0 0 -1
  outer loop
   vertex 32.620000 -21.500000 -3.500000
   vertex 32.620000 21.500000 -3.500000
   vertex 32.820000 21.500000 -3.500000
  endloop
 endfacet
 facet normal 0 0 1
  outer loop
   vertex 32.620000 -21.500000 3.500000
   vertex 32.820000 -21.500000 3.500000
   vertex 32.820000 21.500000 3.500000
  endloop
 endfacet
 facet normal 0 0 1
  outer loop
   vertex 32.620000 -21.500000 3.500000
   vertex 32.820000 21.500000 3.500000
   vertex 32.620000 21.500000 3.500000
  endloop
 endfacet
 facet normal 0 -1 0
  outer loop
   vertex 32.620000 -21.500000 -3.500000
   vertex 32.820000 -21.500000 -3.500000
   vertex 32.820000 -21.500000 3.500000
  endloop
 endfacet
 facet normal 0 -1 0
  outer loop
   vertex 32.620000 -21.500000 -3.500000
   vertex 32.820000 -21.500000 3.500000
   vertex 32.620000 -21.500000 3.500000
  endloop
 endfacet
 facet normal 1 0 0
  outer loop
   vertex 32.820000 -21.500000 -3.500000
   vertex 32.820000 21.500000 -3.500000
   vertex 32.820000 21.500000 3.500000
  endloop
 endfacet
 facet normal 1 0 0
  outer loop
   vertex 32.820000 -21.500000 -3.500000
   vertex 32.820000 21.500000 3.500000
   vertex 32.820000 -21.500000 3.500000
  endloop
 endfacet
 facet normal 0 1 0
  outer loop
   vertex 32.820000 21.500000 -3.500000
   vertex 32.620000 21.500000 -3.500000
   vertex 32.620000 21.500000 3.500000
  endloop
 endfacet
 facet normal 0 1 -0
  outer loop
   vertex 32.820000 21.500000 -3.500000
   vertex 32.620000 21.500000 3.500000
   vertex 32.820000 21.500000 3.500000
  endloop
 endfacet
 facet normal -1 0 0
  outer loop
   vertex 32.620000 21.500000 -3.500000
   vertex 32.620000 -21.500000 -3.500000
   vertex 32.620000 -21.500000 3.500000
  endloop
 endfacet
 facet normal -1 0 0
  outer loop
   vertex 32.620000 21.500000 -3.500000
   vertex 32.620000 -21.500000 3.500000
   vertex 32.620000 21.500000 3.500000
  endloop
 endfacet
 facet normal 0 0 -1
  outer loop
   vertex 32.620000 -21.500000 14.900000
   vertex 32.820000 21.500000 14.900000
   vertex 32.820000 -21.500000 14.900000
  endloop
 endfacet
 facet normal 0 0 -1
  outer loop
   vertex 32.620000 -21.500000 14.900000
   vertex 32.620000 21.500000 14.900000
   vertex 32.820000 21.500000 14.900000
  endloop
 endfacet
 facet normal 0 0 1
  outer loop
   vertex 32.620000 -21.500000 21.900000
   vertex 32.820000 -21.500000 21.900000
   vertex 32.820000 21.500000 21.900000
  endloop
 endfacet
 facet normal 0 0 1
  outer loop
   vertex 32.620000 -21.500000 21.900000
   vertex 32.820000 21.500000 21.900000
   vertex 32.620000 21.500000 21.900000
  endloop
 endfacet
 facet normal 0 -1 0
  outer loop
   vertex 32.620000 -21.500000 14.900000
   vertex 32.820000 -21.500000 14.900000
   vertex 32.820000 -21.500000 21.900000
  endloop
 endfacet
 facet normal 0 -1 0
  outer loop
   vertex 32.620000 -21.500000 14.900000
   vertex 32.820000 -21.500000 21.900000
   vertex 32.620000 -21.500000 21.900000
  endloop
 endfacet
 facet normal 1 0 0
  outer loop
   vertex 32.820000 -21.500000 14.900000
   vertex 32.820000 21.500000 14.900000
   vertex 32.820000 21.500000 21.900000
  endloop
 endfacet
 facet normal 1 0 0
  outer loop
   vertex 32.820000 -21.500000 14.900000
   vertex 32.820000 21.500000 21.900000
   vertex 32.820000 -21.500000 21.900000
  endloop
 endfacet
 facet normal 0 1 0
  outer loop
   vertex 32.820000 21.500000 14.900000
   vertex 32.620000 21.500000 14.900000
   vertex 32.620000 21.500000 21.900000
  endloop
 endfacet
 facet normal 0 1 -0
  outer loop
   vertex 32.820000 21.500000 14.900000
   vertex 32.620000 21.500000 21.900000
   vertex 32.820000 21.500000 21.900000
  endloop
 endfacet
 facet normal -1 0 0
  outer loop
   vertex 32.620000 21.500000 14.900000
   vertex 32.620000 -21.500000 14.900000
   vertex 32.620000 -21.500000 21.900000
  endloop
 endfacet
 facet normal -1 0 0
  outer loop
   vertex 32.620000 21.500000 14.900000
   vertex 32.620000 -21.500000 21.900000
   vertex 32.620000 21.500000 21.900000
  endloop
 endfacet
 facet normal 0 0 -1
  outer loop
   vertex -33.050000 5.700000 -18.400000
   vertex -32.850000 12.700000 -18.400000
   vertex -32.850000 5.700000 -18.400000
  endloop
 endfacet
 facet normal 0 0 -1
  outer loop
   vertex -33.050000 5.700000 -18.400000
   vertex -33.050000 12.700000 -18.400000
   vertex -32.850000 12.700000 -18.400000
  endloop
 endfacet
 facet normal 0 0 1
  outer loop
   vertex -33.050000 5.700000 0.000000
   vertex -32.850000 5.700000 0.000000
   vertex -32.850000 12.700000 0.000000
  endloop
 endfacet
 facet normal 0 0 1
  outer loop
   vertex -33.050000 5.700000 0.000000
   vertex -32.850000 12.700000 0.000000
   vertex -33.050000 12.700000 0.000000
  endloop
 endfacet
 facet normal 0 -1 0
  outer loop
   vertex -33.050000 5.700000 -18.400000
   vertex -32.850000 5.700000 -18.400000
   vertex -32.850000 5.700000 0.000000
  endloop
 endfacet
 facet normal 0 -1 0
  outer loop
   vertex -33.050000 5.700000 -18.400000
   vertex -32.850000 5.700000 0.000000
   vertex -33.050000 5.700000 0.000000
  endloop
 endfacet
 facet normal 1 0 0
  outer loop
   vertex -32.850000 5.700000 -18.400000
   vertex -32.850000 12.700000 -18.400000
   vertex -32.850000 12.700000 0.000000
  endloop
 endfacet
 facet normal 1 0 0
  outer loop
   vertex -32.850000 5.700000 -18.400000
   vertex -32.850000 12.700000 0.000000
   vertex -32.850000 5.700000 0.000000
  endloop
 endfacet
 facet normal 0 1 0
  outer loop
   vertex -32.850000 12.700000 -18.400000
   vertex -33.050000 12.700000 -18.400000
   vertex -33.050000 12.700000 0.000000
  endloop
 endfacet
 facet normal 0 1 -0
  outer loop
   vertex -32.850000 12.700000 -18.400000
   vertex -33.050000 12.700000 0.000000
   vertex -32.850000 12.700000 0.000000
  endloop
 endfacet
 facet normal -1 0 0
  outer loop
   vertex -33.050000 12.700000 -18.400000
   vertex -33.050000 5.700000 -18.400000
   vertex -33.050000 5.700000 0.000000
  endloop
 endfacet
 facet normal -1 0 0
  outer loop
   vertex -33.050000 12.700000 -18.400000
   vertex -33.050000 5.700000 0.000000
   vertex -33.050000 12.700000 0.000000
  endloop
 endfacet
 facet normal 0 0 -1
  outer loop
   vertex 32.850000 -12.700000 0.000000
   vertex 33.050000 -5.700000 0.000000
   vertex 33.050000 -12.700000 0.000000
  endloop
 endfacet
 facet normal 0 0 -1
  outer loop
   vertex 32.850000 -12.700000 0.000000
   vertex 32.850000 -5.700000 0.000000
   vertex 33.050000 -5.700000 0.000000
  endloop
 endfacet
 facet normal 0 0 1
  outer loop
   vertex 32.850000 -12.700000 18.400000
   vertex 33.050000 -12.700000 18.400000
   vertex 33.050000 -5.700000 18.400000
  endloop
 endfacet
 facet normal 0 0 1
  outer loop
   vertex 32.850000 -12.700000 18.400000
   vertex 33.050000 -5.700000 18.400000
   vertex 32.850000 -5.700000 18.400000
  endloop
 endfacet
 facet normal 0 -1 0
  outer loop
   vertex 32.850000 -12.700000 0.000000
   vertex 33.050000 -12.700000 0.000000
   vertex 33.050000 -12.700000 18.400000
  endloop
 endfacet
 facet normal 0 -1 0
  outer loop
   vertex 32.850000 -12.700000 0.000000
   vertex 33.050000 -12.700000 18.400000
   vertex 32.850000 -12.700000 18.400000
  endloop
 endfacet
 facet normal 1 0 0
  outer loop
   vertex 33.050000 -12.700000 0.000000
   vertex 33.050000 -5.700000 0.000000
   vertex 33.050000 -5.700000 18.400000
  endloop
 endfacet
 facet normal 1 0 0
  outer loop
   vertex 33.050000 -12.700000 0.000000
   vertex 33.050000 -5.700000 18.400000
   vertex 33.050000 -12.700000 18.400000
  endloop
 endfacet
 facet normal 0 1 0
  outer loop
   vertex 33.050000 -5.700000 0.000000
   vertex 32.850000 -5.700000 0.000000
   vertex 32.850000 -5.700000 18.400000
  endloop
 endfacet
 facet normal 0 1 -0
  outer loop
   vertex 33.050000 -5.700000 0.000000
   vertex 32.850000 -5.700000 18.400000
   vertex 33.050000 -5.700000 18.400000
  endloop
 endfacet
 facet normal -1 0 0
  outer loop
   vertex 32.850000 -5.700000 0.000000
   vertex 32.850000 -12.700000 0.000000
   vertex 32.850000 -12.700000 18.400000
  endloop
 endfacet
 facet normal -1 0 0
  outer loop
   vertex 32.850000 -5.700000 0.000000
   vertex 32.850000 -12.700000 18.400000
   vertex 32.850000 -5.700000 18.400000
  endloop
 endfacet
 facet normal -0.980785 0 -0.19509
  outer loop
   vertex -32.050000 -23.380000 -23.000000
   vertex -32.107090 -23.380000 -22.712987
   vertex -32.107090 -15.380000 -22.712987
  endloop
 endfacet
 facet normal -0.980785 0 -0.19509
  outer loop
   vertex -32.050000 -23.380000 -23.000000
   vertex -32.107090 -15.380000 -22.712987
   vertex -32.050000 -15.380000 -23.000000
  endloop
 endfacet
 facet normal 0 1 0
  outer loop
   vertex -32.800000 -23.380000 -23.000000
   vertex -32.107090 -23.380000 -22.712987
   vertex -32.050000 -23.380000 -23.000000
  endloop
 endfacet
 facet normal 0 -1 0
  outer loop
   vertex -32.800000 -15.380000 -23.000000
   vertex -32.050000 -15.380000 -23.000000
   vertex -32.107090 -15.380000 -22.712987
  endloop
 endfacet
 facet normal -0.83147 0 -0.55557
  outer loop
   vertex -32.107090 -23.380000 -22.712987
   vertex -32.269670 -23.380000 -22.469670
   vertex -32.269670 -15.380000 -22.469670
  endloop
 endfacet
 facet normal -0.83147 0 -0.55557
  outer loop
   vertex -32.107090 -23.380000 -22.712987
   vertex -32.269670 -15.380000 -22.469670
   vertex -32.107090 -15.380000 -22.712987
  endloop
 endfacet
 facet normal 0 1 0
  outer loop
   vertex -32.800000 -23.380000 -23.000000
   vertex -32.269670 -23.380000 -22.469670
   vertex -32.107090 -23.380000 -22.712987
  endloop
 endfacet
 facet normal 0 -1 0
  outer loop
   vertex -32.800000 -15.380000 -23.000000
   vertex -32.107090 -15.380000 -22.712987
   vertex -32.269670 -15.380000 -22.469670
  endloop
 endfacet
 facet normal -0.55557 0 -0.83147
  outer loop
   vertex -32.269670 -23.380000 -22.469670
   vertex -32.512987 -23.380000 -22.307090
   vertex -32.512987 -15.380000 -22.307090
  endloop
 endfacet
 facet normal -0.55557 0 -0.83147
  outer loop
   vertex -32.269670 -23.380000 -22.469670
   vertex -32.512987 -15.380000 -22.307090
   vertex -32.269670 -15.380000 -22.469670
  endloop
 endfacet
 facet normal 0 1 0
  outer loop
   vertex -32.800000 -23.380000 -23.000000
   vertex -32.512987 -23.380000 -22.307090
   vertex -32.269670 -23.380000 -22.469670
  endloop
 endfacet
 facet normal 0 -1 0
  outer loop
   vertex -32.800000 -15.380000 -23.000000
   vertex -32.269670 -15.380000 -22.469670
   vertex -32.512987 -15.380000 -22.307090
  endloop
 endfacet
 facet normal -0.19509 0 -0.980785
  outer loop
   vertex -32.512987 -23.380000 -22.307090
   vertex -32.800000 -23.380000 -22.250000
   vertex -32.800000 -15.380000 -22.250000
  endloop
 endfacet
 facet normal -0.19509 0 -0.980785
  outer loop
   vertex -32.512987 -23.380000 -22.307090
   vertex -32.800000 -15.380000 -22.250000
   vertex -32.512987 -15.380000 -22.307090
  endloop
 endfacet
 facet normal 0 1 0
  outer loop
   vertex -32.800000 -23.380000 -23.000000
   vertex -32.800000 -23.380000 -22.250000
   vertex -32.512987 -23.380000 -22.307090
  endloop
 endfacet
 facet normal 0 -1 0
  outer loop
   vertex -32.800000 -15.380000 -23.000000
   vertex -32.512987 -15.380000 -22.307090
   vertex -32.800000 -15.380000 -22.250000
  endloop
 endfacet
 facet normal 0.19509 0 -0.980785
  outer loop
   vertex -32.800000 -23.380000 -22.250000
   vertex -33.087013 -23.380000 -22.307090
   vertex -33.087013 -15.380000 -22.307090
  endloop
 endfacet
 facet normal 0.19509 0 -0.980785
  outer loop
   vertex -32.800000 -23.380000 -22.250000
   vertex -33.087013 -15.380000 -22.307090
   vertex -32.800000 -15.380000 -22.250000
  endloop
 endfacet
 facet normal 0 1 -0
  outer loop
   vertex -32.800000 -23.380000 -23.000000
   vertex -33.087013 -23.380000 -22.307090
   vertex -32.800000 -23.380000 -22.250000
  endloop
 endfacet
 facet normal 0 -1 0
  outer loop
   vertex -32.800000 -15.380000 -23.000000
   vertex -32.800000 -15.380000 -22.250000
   vertex -33.087013 -15.380000 -22.307090
  endloop
 endfacet
 facet normal 0.55557 0 -0.83147
  outer loop
   vertex -33.087013 -23.380000 -22.307090
   vertex -33.330330 -23.380000 -22.469670
   vertex -33.330330 -15.380000 -22.469670
  endloop
 endfacet
 facet normal 0.55557 0 -0.83147
  outer loop
   vertex -33.087013 -23.380000 -22.307090
   vertex -33.330330 -15.380000 -22.469670
   vertex -33.087013 -15.380000 -22.307090
  endloop
 endfacet
 facet normal 0 1 0
  outer loop
   vertex -32.800000 -23.380000 -23.000000
   vertex -33.330330 -23.380000 -22.469670
   vertex -33.087013 -23.380000 -22.307090
  endloop
 endfacet
 facet normal 0 -1 0
  outer loop
   vertex -32.800000 -15.380000 -23.000000
   vertex -33.087013 -15.380000 -22.307090
   vertex -33.330330 -15.380000 -22.469670
  endloop
 endfacet
 facet normal 0.83147 0 -0.55557
  outer loop
   vertex -33.330330 -23.380000 -22.469670
   vertex -33.492910 -23.380000 -22.712987
   vertex -33.492910 -15.380000 -22.712987
  endloop
 endfacet
 facet normal 0.83147 0 -0.55557
  outer loop
   vertex -33.330330 -23.380000 -22.469670
   vertex -33.492910 -15.380000 -22.712987
   vertex -33.330330 -15.380000 -22.469670
  endloop
 endfacet
 facet normal 0 1 0
  outer loop
   vertex -32.800000 -23.380000 -23.000000
   vertex -33.492910 -23.380000 -22.712987
   vertex -33.330330 -23.380000 -22.469670
  endloop
 endfacet
 facet normal 0 -1 0
  outer loop
   vertex -32.800000 -15.380000 -23.000000
   vertex -33.330330 -15.380000 -22.469670
   vertex -33.492910 -15.380000 -22.712987
  endloop
 endfacet
 facet normal 0.980785 0 -0.19509
  outer loop
   vertex -33.492910 -23.380000 -22.712987
   vertex -33.550000 -23.380000 -23.000000
   vertex -33.550000 -15.380000 -23.000000
  endloop
 endfacet
 facet normal 0.980785 0 -0.19509
  outer loop
   vertex -33.492910 -23.380000 -22.712987
   vertex -33.550000 -15.380000 -23.000000
   vertex -33.492910 -15.380000 -22.712987
  endloop
 endfacet
 facet normal 0 1 0
  outer loop
   vertex -32.800000 -23.380000 -23.000000
   vertex -33.550000 -23.380000 -23.000000
   vertex -33.492910 -23.380000 -22.712987
  endloop
 endfacet
 facet normal 0 -1 0
  outer loop
   vertex -32.800000 -15.380000 -23.000000
   vertex -33.492910 -15.380000 -22.712987
   vertex -33.550000 -15.380000 -23.000000
  endloop
 endfacet
 facet normal 0.980785 0 0.19509
  outer loop
   vertex -33.550000 -23.380000 -23.000000
   vertex -33.492910 -23.380000 -23.287013
   vertex -33.492910 -15.380000 -23.287013
  endloop
 endfacet
 facet normal 0.980785 -0 0.19509
  outer loop
   vertex -33.550000 -23.380000 -23.000000
   vertex -33.492910 -15.380000 -23.287013
   vertex -33.550000 -15.380000 -23.000000
  endloop
 endfacet
 facet normal 0 1 0
  outer loop
   vertex -32.800000 -23.380000 -23.000000
   vertex -33.492910 -23.380000 -23.287013
   vertex -33.550000 -23.380000 -23.000000
  endloop
 endfacet
 facet normal -0 -1 0
  outer loop
   vertex -32.800000 -15.380000 -23.000000
   vertex -33.550000 -15.380000 -23.000000
   vertex -33.492910 -15.380000 -23.287013
  endloop
 endfacet
 facet normal 0.83147 0 0.55557
  outer loop
   vertex -33.492910 -23.380000 -23.287013
   vertex -33.330330 -23.380000 -23.530330
   vertex -33.330330 -15.380000 -23.530330
  endloop
 endfacet
 facet normal 0.83147 -0 0.55557
  outer loop
   vertex -33.492910 -23.380000 -23.287013
   vertex -33.330330 -15.380000 -23.530330
   vertex -33.492910 -15.380000 -23.287013
  endloop
 endfacet
 facet normal 0 1 0
  outer loop
   vertex -32.800000 -23.380000 -23.000000
   vertex -33.330330 -23.380000 -23.530330
   vertex -33.492910 -23.380000 -23.287013
  endloop
 endfacet
 facet normal 0 -1 0
  outer loop
   vertex -32.800000 -15.380000 -23.000000
   vertex -33.492910 -15.380000 -23.287013
   vertex -33.330330 -15.380000 -23.530330
  endloop
 endfacet
 facet normal 0.55557 0 0.83147
  outer loop
   vertex -33.330330 -23.380000 -23.530330
   vertex -33.087013 -23.380000 -23.692910
   vertex -33.087013 -15.380000 -23.692910
  endloop
 endfacet
 facet normal 0.55557 -0 0.83147
  outer loop
   vertex -33.330330 -23.380000 -23.530330
   vertex -33.087013 -15.380000 -23.692910
   vertex -33.330330 -15.380000 -23.530330
  endloop
 endfacet
 facet normal 0 1 0
  outer loop
   vertex -32.800000 -23.380000 -23.000000
   vertex -33.087013 -23.380000 -23.692910
   vertex -33.330330 -23.380000 -23.530330
  endloop
 endfacet
 facet normal 0 -1 0
  outer loop
   vertex -32.800000 -15.380000 -23.000000
   vertex -33.330330 -15.380000 -23.530330
   vertex -33.087013 -15.380000 -23.692910
  endloop
 endfacet
 facet normal 0.19509 0 0.980785
  outer loop
   vertex -33.087013 -23.380000 -23.692910
   vertex -32.800000 -23.380000 -23.750000
   vertex -32.800000 -15.380000 -23.750000
  endloop
 endfacet
 facet normal 0.19509 -0 0.980785
  outer loop
   vertex -33.087013 -23.380000 -23.692910
   vertex -32.800000 -15.380000 -23.750000
   vertex -33.087013 -15.380000 -23.692910
  endloop
 endfacet
 facet normal 0 1 0
  outer loop
   vertex -32.800000 -23.380000 -23.000000
   vertex -32.800000 -23.380000 -23.750000
   vertex -33.087013 -23.380000 -23.692910
  endloop
 endfacet
 facet normal 0 -1 -0
  outer loop
   vertex -32.800000 -15.380000 -23.000000
   vertex -33.087013 -15.380000 -23.692910
   vertex -32.800000 -15.380000 -23.750000
  endloop
 endfacet
 facet normal -0.19509 0 0.980785
  outer loop
   vertex -32.800000 -23.380000 -23.750000
   vertex -32.512987 -23.380000 -23.692910
   vertex -32.512987 -15.380000 -23.692910
  endloop
 endfacet
 facet normal -0.19509 0 0.980785
  outer loop
   vertex -32.800000 -23.380000 -23.750000
   vertex -32.512987 -15.380000 -23.692910
   vertex -32.800000 -15.380000 -23.750000
  endloop
 endfacet
 facet normal 0 1 0
  outer loop
   vertex -32.800000 -23.380000 -23.000000
   vertex -32.512987 -23.380000 -23.692910
   vertex -32.800000 -23.380000 -23.750000
  endloop
 endfacet
 facet normal 0 -1 0
  outer loop
   vertex -32.800000 -15.380000 -23.000000
   vertex -32.800000 -15.380000 -23.750000
   vertex -32.512987 -15.380000 -23.692910
  endloop
 endfacet
 facet normal -0.55557 0 0.83147
  outer loop
   vertex -32.512987 -23.380000 -23.692910
   vertex -32.269670 -23.380000 -23.530330
   vertex -32.269670 -15.380000 -23.530330
  endloop
 endfacet
 facet normal -0.55557 0 0.83147
  outer loop
   vertex -32.512987 -23.380000 -23.692910
   vertex -32.269670 -15.380000 -23.530330
   vertex -32.512987 -15.380000 -23.692910
  endloop
 endfacet
 facet normal 0 1 0
  outer loop
   vertex -32.800000 -23.380000 -23.000000
   vertex -32.269670 -23.380000 -23.530330
   vertex -32.512987 -23.380000 -23.692910
  endloop
 endfacet
 facet normal 0 -1 0
  outer loop
   vertex -32.800000 -15.380000 -23.000000
   vertex -32.512987 -15.380000 -23.692910
   vertex -32.269670 -15.380000 -23.530330
  endloop
 endfacet
 facet normal -0.83147 0 0.55557
  outer loop
   vertex -32.269670 -23.380000 -23.530330
   vertex -32.107090 -23.380000 -23.287013
   vertex -32.107090 -15.380000 -23.287013
  endloop
 endfacet
 facet normal -0.83147 0 0.55557
  outer loop
   vertex -32.269670 -23.380000 -23.530330
   vertex -32.107090 -15.380000 -23.287013
   vertex -32.269670 -15.380000 -23.530330
  endloop
 endfacet
 facet normal 0 1 0
  outer loop
   vertex -32.800000 -23.380000 -23.000000
   vertex -32.107090 -23.380000 -23.287013
   vertex -32.269670 -23.380000 -23.530330
  endloop
 endfacet
 facet normal 0 -1 0
  outer loop
   vertex -32.800000 -15.380000 -23.000000
   vertex -32.269670 -15.380000 -23.530330
   vertex -32.107090 -15.380000 -23.287013
  endloop
 endfacet
 facet normal -0.980785 0 0.19509
  outer loop
   vertex -32.107090 -23.380000 -23.287013
   vertex -32.050000 -23.380000 -23.000000
   vertex -32.050000 -15.380000 -23.000000
  endloop
 endfacet
 facet normal -0.980785 0 0.19509
  outer loop
   vertex -32.107090 -23.380000 -23.287013
   vertex -32.050000 -15.380000 -23.000000
   vertex -32.107090 -15.380000 -23.287013
  endloop
 endfacet
 facet normal -0 1 0
  outer loop
   vertex -32.800000 -23.380000 -23.000000
   vertex -32.050000 -23.380000 -23.000000
   vertex -32.107090 -23.380000 -23.287013
  endloop
 endfacet
 facet normal 0 -1 0
  outer loop
   vertex -32.800000 -15.380000 -23.000000
   vertex -32.107090 -15.380000 -23.287013
   vertex -32.050000 -15.380000 -23.000000
  endloop
 endfacet
 facet normal 0 0.980785 0.19509
  outer loop
   vertex -40.000000 -14.630000 -23.000000
   vertex -40.000000 -14.687090 -22.712987
   vertex -32.800000 -14.687090 -22.712987
  endloop
 endfacet
 facet normal -0 0.980785 0.19509
  outer loop
   vertex -40.000000 -14.630000 -23.000000
   vertex -32.800000 -14.687090 -22.712987
   vertex -32.800000 -14.630000 -23.000000
  endloop
 endfacet
 facet normal -1 0 0
  outer loop
   vertex -40.000000 -15.380000 -23.000000
   vertex -40.000000 -14.687090 -22.712987
   vertex -40.000000 -14.630000 -23.000000
  endloop
 endfacet
 facet normal 1 0 0
  outer loop
   vertex -32.800000 -15.380000 -23.000000
   vertex -32.800000 -14.630000 -23.000000
   vertex -32.800000 -14.687090 -22.712987
  endloop
 endfacet
 facet normal 0 0.83147 0.55557
  outer loop
   vertex -40.000000 -14.687090 -22.712987
   vertex -40.000000 -14.849670 -22.469670
   vertex -32.800000 -14.849670 -22.469670
  endloop
 endfacet
 facet normal -0 0.83147 0.55557
  outer loop
   vertex -40.000000 -14.687090 -22.712987
   vertex -32.800000 -14.849670 -22.469670
   vertex -32.800000 -14.687090 -22.712987
  endloop
 endfacet
 facet normal -1 0 0
  outer loop
   vertex -40.000000 -15.380000 -23.000000
   vertex -40.000000 -14.849670 -22.469670
   vertex -40.000000 -14.687090 -22.712987
  endloop
 endfacet
 facet normal 1 0 0
  outer loop
   vertex -32.800000 -15.380000 -23.000000
   vertex -32.800000 -14.687090 -22.712987
   vertex -32.800000 -14.849670 -22.469670
  endloop
 endfacet
 facet normal 0 0.55557 0.83147
  outer loop
   vertex -40.000000 -14.849670 -22.469670
   vertex -40.000000 -15.092987 -22.307090
   vertex -32.800000 -15.092987 -22.307090
  endloop
 endfacet
 facet normal -0 0.55557 0.83147
  outer loop
   vertex -40.000000 -14.849670 -22.469670
   vertex -32.800000 -15.092987 -22.307090
   vertex -32.800000 -14.849670 -22.469670
  endloop
 endfacet
 facet normal -1 0 0
  outer loop
   vertex -40.000000 -15.380000 -23.000000
   vertex -40.000000 -15.092987 -22.307090
   vertex -40.000000 -14.849670 -22.469670
  endloop
 endfacet
 facet normal 1 0 0
  outer loop
   vertex -32.800000 -15.380000 -23.000000
   vertex -32.800000 -14.849670 -22.469670
   vertex -32.800000 -15.092987 -22.307090
  endloop
 endfacet
 facet normal 0 0.19509 0.980785
  outer loop
   vertex -40.000000 -15.092987 -22.307090
   vertex -40.000000 -15.380000 -22.250000
   vertex -32.800000 -15.380000 -22.250000
  endloop
 endfacet
 facet normal -0 0.19509 0.980785
  outer loop
   vertex -40.000000 -15.092987 -22.307090
   vertex -32.800000 -15.380000 -22.250000
   vertex -32.800000 -15.092987 -22.307090
  endloop
 endfacet
 facet normal -1 0 0
  outer loop
   vertex -40.000000 -15.380000 -23.000000
   vertex -40.000000 -15.380000 -22.250000
   vertex -40.000000 -15.092987 -22.307090
  endloop
 endfacet
 facet normal 1 0 0
  outer loop
   vertex -32.800000 -15.380000 -23.000000
   vertex -32.800000 -15.092987 -22.307090
   vertex -32.800000 -15.380000 -22.250000
  endloop
 endfacet
 facet normal 0 -0.19509 0.980785
  outer loop
   vertex -40.000000 -15.380000 -22.250000
   vertex -40.000000 -15.667013 -22.307090
   vertex -32.800000 -15.667013 -22.307090
  endloop
 endfacet
 facet normal 0 -0.19509 0.980785
  outer loop
   vertex -40.000000 -15.380000 -22.250000
   vertex -32.800000 -15.667013 -22.307090
   vertex -32.800000 -15.380000 -22.250000
  endloop
 endfacet
 facet normal -1 0 0
  outer loop
   vertex -40.000000 -15.380000 -23.000000
   vertex -40.000000 -15.667013 -22.307090
   vertex -40.000000 -15.380000 -22.250000
  endloop
 endfacet
 facet normal 1 0 -0
  outer loop
   vertex -32.800000 -15.380000 -23.000000
   vertex -32.800000 -15.380000 -22.250000
   vertex -32.800000 -15.667013 -22.307090
  endloop
 endfacet
 facet normal 0 -0.55557 0.83147
  outer loop
   vertex -40.000000 -15.667013 -22.307090
   vertex -40.000000 -15.910330 -22.469670
   vertex -32.800000 -15.910330 -22.469670
  endloop
 endfacet
 facet normal 0 -0.55557 0.83147
  outer loop
   vertex -40.000000 -15.667013 -22.307090
   vertex -32.800000 -15.910330 -22.469670
   vertex -32.800000 -15.667013 -22.307090
  endloop
 endfacet
 facet normal -1 0 0
  outer loop
   vertex -40.000000 -15.380000 -23.000000
   vertex -40.000000 -15.910330 -22.469670
   vertex -40.000000 -15.667013 -22.307090
  endloop
 endfacet
 facet normal 1 0 0
  outer loop
   vertex -32.800000 -15.380000 -23.000000
   vertex -32.800000 -15.667013 -22.307090
   vertex -32.800000 -15.910330 -22.469670
  endloop
 endfacet
 facet normal 0 -0.83147 0.55557
  outer loop
   vertex -40.000000 -15.910330 -22.469670
   vertex -40.000000 -16.072910 -22.712987
   vertex -32.800000 -16.072910 -22.712987
  endloop
 endfacet
 facet normal 0 -0.83147 0.55557
  outer loop
   vertex -40.000000 -15.910330 -22.469670
   vertex -32.800000 -16.072910 -22.712987
   vertex -32.800000 -15.910330 -22.469670
  endloop
 endfacet
 facet normal -1 0 0
  outer loop
   vertex -40.000000 -15.380000 -23.000000
   vertex -40.000000 -16.072910 -22.712987
   vertex -40.000000 -15.910330 -22.469670
  endloop
 endfacet
 facet normal 1 0 0
  outer loop
   vertex -32.800000 -15.380000 -23.000000
   vertex -32.800000 -15.910330 -22.469670
   vertex -32.800000 -16.072910 -22.712987
  endloop
 endfacet
 facet normal 0 -0.980785 0.19509
  outer loop
   vertex -40.000000 -16.072910 -22.712987
   vertex -40.000000 -16.130000 -23.000000
   vertex -32.800000 -16.130000 -23.000000
  endloop
 endfacet
 facet normal 0 -0.980785 0.19509
  outer loop
   vertex -40.000000 -16.072910 -22.712987
   vertex -32.800000 -16.130000 -23.000000
   vertex -32.800000 -16.072910 -22.712987
  endloop
 endfacet
 facet normal -1 0 0
  outer loop
   vertex -40.000000 -15.380000 -23.000000
   vertex -40.000000 -16.130000 -23.000000
   vertex -40.000000 -16.072910 -22.712987
  endloop
 endfacet
 facet normal 1 0 0
  outer loop
   vertex -32.800000 -15.380000 -23.000000
   vertex -32.800000 -16.072910 -22.712987
   vertex -32.800000 -16.130000 -23.000000
  endloop
 endfacet
 facet normal 0 -0.980785 -0.19509
  outer loop
   vertex -40.000000 -16.130000 -23.000000
   vertex -40.000000 -16.072910 -23.287013
   vertex -32.800000 -16.072910 -23.287013
  endloop
 endfacet
 facet normal 0 -0.980785 -0.19509
  outer loop
   vertex -40.000000 -16.130000 -23.000000
   vertex -32.800000 -16.072910 -23.287013
   vertex -32.800000 -16.130000 -23.000000
  endloop
 endfacet
 facet normal -1 -0 0
  outer loop
   vertex -40.000000 -15.380000 -23.000000
   vertex -40.000000 -16.072910 -23.287013
   vertex -40.000000 -16.130000 -23.000000
  endloop
 endfacet
 facet normal 1 0 0
  outer loop
   vertex -32.800000 -15.380000 -23.000000
   vertex -32.800000 -16.130000 -23.000000
   vertex -32.800000 -16.072910 -23.287013
  endloop
 endfacet
 facet normal 0 -0.83147 -0.55557
  outer loop
   vertex -40.000000 -16.072910 -23.287013
   vertex -40.000000 -15.910330 -23.530330
   vertex -32.800000 -15.910330 -23.530330
  endloop
 endfacet
 facet normal 0 -0.83147 -0.55557
  outer loop
   vertex -40.000000 -16.072910 -23.287013
   vertex -32.800000 -15.910330 -23.530330
   vertex -32.800000 -16.072910 -23.287013
  endloop
 endfacet
 facet normal -1 0 0
  outer loop
   vertex -40.000000 -15.380000 -23.000000
   vertex -40.000000 -15.910330 -23.530330
   vertex -40.000000 -16.072910 -23.287013
  endloop
 endfacet
 facet normal 1 0 0
  outer loop
   vertex -32.800000 -15.380000 -23.000000
   vertex -32.800000 -16.072910 -23.287013
   vertex -32.800000 -15.910330 -23.530330
  endloop
 endfacet
 facet normal 0 -0.55557 -0.83147
  outer loop
   vertex -40.000000 -15.910330 -23.530330
   vertex -40.000000 -15.667013 -23.692910
   vertex -32.800000 -15.667013 -23.692910
  endloop
 endfacet
 facet normal 0 -0.55557 -0.83147
  outer loop
   vertex -40.000000 -15.910330 -23.530330
   vertex -32.800000 -15.667013 -23.692910
   vertex -32.800000 -15.910330 -23.530330
  endloop
 endfacet
 facet normal -1 0 0
  outer loop
   vertex -40.000000 -15.380000 -23.000000
   vertex -40.000000 -15.667013 -23.692910
   vertex -40.000000 -15.910330 -23.530330
  endloop
 endfacet
 facet normal 1 0 0
  outer loop
   vertex -32.800000 -15.380000 -23.000000
   vertex -32.800000 -15.910330 -23.530330
   vertex -32.800000 -15.667013 -23.692910
  endloop
 endfacet
 facet normal 0 -0.19509 -0.980785
  outer loop
   vertex -40.000000 -15.667013 -23.692910
   vertex -40.000000 -15.380000 -23.750000
   vertex -32.800000 -15.380000 -23.750000
  endloop
 endfacet
 facet normal 0 -0.19509 -0.980785
  outer loop
   vertex -40.000000 -15.667013 -23.692910
   vertex -32.800000 -15.380000 -23.750000
   vertex -32.800000 -15.667013 -23.692910
  endloop
 endfacet
 facet normal -1 0 -0
  outer loop
   vertex -40.000000 -15.380000 -23.000000
   vertex -40.000000 -15.380000 -23.750000
   vertex -40.000000 -15.667013 -23.692910
  endloop
 endfacet
 facet normal 1 0 0
  outer loop
   vertex -32.800000 -15.380000 -23.000000
   vertex -32.800000 -15.667013 -23.692910
   vertex -32.800000 -15.380000 -23.750000
  endloop
 endfacet
 facet normal 0 0.19509 -0.980785
  outer loop
   vertex -40.000000 -15.380000 -23.750000
   vertex -40.000000 -15.092987 -23.692910
   vertex -32.800000 -15.092987 -23.692910
  endloop
 endfacet
 facet normal 0 0.19509 -0.980785
  outer loop
   vertex -40.000000 -15.380000 -23.750000
   vertex -32.800000 -15.092987 -23.692910
   vertex -32.800000 -15.380000 -23.750000
  endloop
 endfacet
 facet normal -1 0 0
  outer loop
   vertex -40.000000 -15.380000 -23.000000
   vertex -40.000000 -15.092987 -23.692910
   vertex -40.000000 -15.380000 -23.750000
  endloop
 endfacet
 facet normal 1 0 0
  outer loop
   vertex -32.800000 -15.380000 -23.000000
   vertex -32.800000 -15.380000 -23.750000
   vertex -32.800000 -15.092987 -23.692910
  endloop
 endfacet
 facet normal 0 0.55557 -0.83147
  outer loop
   vertex -40.000000 -15.092987 -23.692910
   vertex -40.000000 -14.849670 -23.530330
   vertex -32.800000 -14.849670 -23.530330
  endloop
 endfacet
 facet normal 0 0.55557 -0.83147
  outer loop
   vertex -40.000000 -15.092987 -23.692910
   vertex -32.800000 -14.849670 -23.530330
   vertex -32.800000 -15.092987 -23.692910
  endloop
 endfacet
 facet normal -1 0 0
  outer loop
   vertex -40.000000 -15.380000 -23.000000
   vertex -40.000000 -14.849670 -23.530330
   vertex -40.000000 -15.092987 -23.692910
  endloop
 endfacet
 facet normal 1 0 0
  outer loop
   vertex -32.800000 -15.380000 -23.000000
   vertex -32.800000 -15.092987 -23.692910
   vertex -32.800000 -14.849670 -23.530330
  endloop
 endfacet
 facet normal 0 0.83147 -0.55557
  outer loop
   vertex -40.000000 -14.849670 -23.530330
   vertex -40.000000 -14.687090 -23.287013
   vertex -32.800000 -14.687090 -23.287013
  endloop
 endfacet
 facet normal 0 0.83147 -0.55557
  outer loop
   vertex -40.000000 -14.849670 -23.530330
   vertex -32.800000 -14.687090 -23.287013
   vertex -32.800000 -14.849670 -23.530330
  endloop
 endfacet
 facet normal -1 0 0
  outer loop
   vertex -40.000000 -15.380000 -23.000000
   vertex -40.000000 -14.687090 -23.287013
   vertex -40.000000 -14.849670 -23.530330
  endloop
 endfacet
 facet normal 1 0 0
  outer loop
   vertex -32.800000 -15.380000 -23.000000
   vertex -32.800000 -14.849670 -23.530330
   vertex -32.800000 -14.687090 -23.287013
  endloop
 endfacet
 facet normal 0 0.980785 -0.19509
  outer loop
   vertex -40.000000 -14.687090 -23.287013
   vertex -40.000000 -14.630000 -23.000000
   vertex -32.800000 -14.630000 -23.000000
  endloop
 endfacet
 facet normal 0 0.980785 -0.19509
  outer loop
   vertex -40.000000 -14.687090 -23.287013
   vertex -32.800000 -14.630000 -23.000000
   vertex -32.800000 -14.687090 -23.287013
  endloop
 endfacet
 facet normal -1 0 0
  outer loop
   vertex -40.000000 -15.380000 -23.000000
   vertex -40.000000 -14.630000 -23.000000
   vertex -40.000000 -14.687090 -23.287013
  endloop
 endfacet
 facet normal 1 -0 0
  outer loop
   vertex -32.800000 -15.380000 -23.000000
   vertex -32.800000 -14.687090 -23.287013
   vertex -32.800000 -14.630000 -23.000000
  endloop
 endfacet
 facet normal -0.980785 0 -0.19509
  outer loop
   vertex 33.550000 -23.380000 0.000000
   vertex 33.492910 -23.380000 0.287013
   vertex 33.492910 -15.380000 0.287013
  endloop
 endfacet
 facet normal -0.980785 0 -0.19509
  outer loop
   vertex 33.550000 -23.380000 0.000000
   vertex 33.492910 -15.380000 0.287013
   vertex 33.550000 -15.380000 0.000000
  endloop
 endfacet
 facet normal 0 1 0
  outer loop
   vertex 32.800000 -23.380000 0.000000
   vertex 33.492910 -23.380000 0.287013
   vertex 33.550000 -23.380000 0.000000
  endloop
 endfacet
 facet normal 0 -1 0
  outer loop
   vertex 32.800000 -15.380000 0.000000
   vertex 33.550000 -15.380000 0.000000
   vertex 33.492910 -15.380000 0.287013
  endloop
 endfacet
 facet normal -0.83147 0 -0.55557
  outer loop
   vertex 33.492910 -23.380000 0.287013
   vertex 33.330330 -23.380000 0.530330
   vertex 33.330330 -15.380000 0.530330
  endloop
 endfacet
 facet normal -0.83147 0 -0.55557
  outer loop
   vertex 33.492910 -23.380000 0.287013
   vertex 33.330330 -15.380000 0.530330
   vertex 33.492910 -15.380000 0.287013
  endloop
 endfacet
 facet normal 0 1 0
  outer loop
   vertex 32.800000 -23.380000 0.000000
   vertex 33.330330 -23.380000 0.530330
   vertex 33.492910 -23.380000 0.287013
  endloop
 endfacet
 facet normal 0 -1 0
  outer loop
   vertex 32.800000 -15.380000 0.000000
   vertex 33.492910 -15.380000 0.287013
   vertex 33.330330 -15.380000 0.530330
  endloop
 endfacet
 facet normal -0.55557 0 -0.83147
  outer loop
   vertex 33.330330 -23.380000 0.530330
   vertex 33.087013 -23.380000 0.692910
   vertex 33.087013 -15.380000 0.692910
  endloop
 endfacet
 facet normal -0.55557 0 -0.83147
  outer loop
   vertex 33.330330 -23.380000 0.530330
   vertex 33.087013 -15.380000 0.692910
   vertex 33.330330 -15.380000 0.530330
  endloop
 endfacet
 facet normal 0 1 0
  outer loop
   vertex 32.800000 -23.380000 0.000000
   vertex 33.087013 -23.380000 0.692910
   vertex 33.330330 -23.380000 0.530330
  endloop
 endfacet
 facet normal 0 -1 0
  outer loop
   vertex 32.800000 -15.380000 0.000000
   vertex 33.330330 -15.380000 0.530330
   vertex 33.087013 -15.380000 0.692910
  endloop
 endfacet
 facet normal -0.19509 0 -0.980785
  outer loop
   vertex 33.087013 -23.380000 0.692910
   vertex 32.800000 -23.380000 0.750000
   vertex 32.800000 -15.380000 0.750000
  endloop
 endfacet
 facet normal -0.19509 0 -0.980785
  outer loop
   vertex 33.087013 -23.380000 0.692910
   vertex 32.800000 -15.380000 0.750000
   vertex 33.087013 -15.380000 0.692910
  endloop
 endfacet
 facet normal 0 1 0
  outer loop
   vertex 32.800000 -23.380000 0.000000
   vertex 32.800000 -23.380000 0.750000
   vertex 33.087013 -23.380000 0.692910
  endloop
 endfacet
 facet normal 0 -1 0
  outer loop
   vertex 32.800000 -15.380000 0.000000
   vertex 33.087013 -15.380000 0.692910
   vertex 32.800000 -15.380000 0.750000
  endloop
 endfacet
 facet normal 0.19509 0 -0.980785
  outer loop
   vertex 32.800000 -23.380000 0.750000
   vertex 32.512987 -23.380000 0.692910
   vertex 32.512987 -15.380000 0.692910
  endloop
 endfacet
 facet normal 0.19509 0 -0.980785
  outer loop
   vertex 32.800000 -23.380000 0.750000
   vertex 32.512987 -15.380000 0.692910
   vertex 32.800000 -15.380000 0.750000
  endloop
 endfacet
 facet normal 0 1 -0
  outer loop
   vertex 32.800000 -23.380000 0.000000
   vertex 32.512987 -23.380000 0.692910
   vertex 32.800000 -23.380000 0.750000
  endloop
 endfacet
 facet normal 0 -1 0
  outer loop
   vertex 32.800000 -15.380000 0.000000
   vertex 32.800000 -15.380000 0.750000
   vertex 32.512987 -15.380000 0.692910
  endloop
 endfacet
 facet normal 0.55557 0 -0.83147
  outer loop
   vertex 32.512987 -23.380000 0.692910
   vertex 32.269670 -23.380000 0.530330
   vertex 32.269670 -15.380000 0.530330
  endloop
 endfacet
 facet normal 0.55557 0 -0.83147
  outer loop
   vertex 32.512987 -23.380000 0.692910
   vertex 32.269670 -15.380000 0.530330
   vertex 32.512987 -15.380000 0.692910
  endloop
 endfacet
 facet normal 0 1 0
  outer loop
   vertex 32.800000 -23.380000 0.000000
   vertex 32.269670 -23.380000 0.530330
   vertex 32.512987 -23.380000 0.692910
  endloop
 endfacet
 facet normal 0 -1 0
  outer loop
   vertex 32.800000 -15.380000 0.000000
   vertex 32.512987 -15.380000 0.692910
   vertex 32.269670 -15.380000 0.530330
  endloop
 endfacet
 facet normal 0.83147 0 -0.55557
  outer loop
   vertex 32.269670 -23.380000 0.530330
   vertex 32.107090 -23.380000 0.287013
   vertex 32.107090 -15.380000 0.287013
  endloop
 endfacet
 facet normal 0.83147 0 -0.55557
  outer loop
   vertex 32.269670 -23.380000 0.530330
   vertex 32.107090 -15.380000 0.287013
   vertex 32.269670 -15.380000 0.530330
  endloop
 endfacet
 facet normal 0 1 0
  outer loop
   vertex 32.800000 -23.380000 0.000000
   vertex 32.107090 -23.380000 0.287013
   vertex 32.269670 -23.380000 0.530330
  endloop
 endfacet
 facet normal 0 -1 0
  outer loop
   vertex 32.800000 -15.380000 0.000000
   vertex 32.269670 -15.380000 0.530330
   vertex 32.107090 -15.380000 0.287013
  endloop
 endfacet
 facet normal 0.980785 0 -0.19509
  outer loop
   vertex 32.107090 -23.380000 0.287013
   vertex 32.050000 -23.380000 0.000000
   vertex 32.050000 -15.380000 0.000000
  endloop
 endfacet
 facet normal 0.980785 0 -0.19509
  outer loop
   vertex 32.107090 -23.380000 0.287013
   vertex 32.050000 -15.380000 0.000000
   vertex 32.107090 -15.380000 0.287013
  endloop
 endfacet
 facet normal 0 1 0
  outer loop
   vertex 32.800000 -23.380000 0.000000
   vertex 32.050000 -23.380000 0.000000
   vertex 32.107090 -23.380000 0.287013
  endloop
 endfacet
 facet normal 0 -1 0
  outer loop
   vertex 32.800000 -15.380000 0.000000
   vertex 32.107090 -15.380000 0.287013
   vertex 32.050000 -15.380000 0.000000
  endloop
 endfacet
 facet normal 0.980785 0 0.19509
  outer loop
   vertex 32.050000 -23.380000 0.000000
   vertex 32.107090 -23.380000 -0.287013
   vertex 32.107090 -15.380000 -0.287013
  endloop
 endfacet
 facet normal 0.980785 -0 0.19509
  outer loop
   vertex 32.050000 -23.380000 0.000000
   vertex 32.107090 -15.380000 -0.287013
   vertex 32.050000 -15.380000 0.000000
  endloop
 endfacet
 facet normal 0 1 0
  outer loop
   vertex 32.800000 -23.380000 0.000000
   vertex 32.107090 -23.380000 -0.287013
   vertex 32.050000 -23.380000 0.000000
  endloop
 endfacet
 facet normal -0 -1 0
  outer loop
   vertex 32.800000 -15.380000 0.000000
   vertex 32.050000 -15.380000 0.000000
   vertex 32.107090 -15.380000 -0.287013
  endloop
 endfacet
 facet normal 0.83147 0 0.55557
  outer loop
   vertex 32.107090 -23.380000 -0.287013
   vertex 32.269670 -23.380000 -0.530330
   vertex 32.269670 -15.380000 -0.530330
  endloop
 endfacet
 facet normal 0.83147 -0 0.55557
  outer loop
   vertex 32.107090 -23.380000 -0.287013
   vertex 32.269670 -15.380000 -0.530330
   vertex 32.107090 -15.380000 -0.287013
  endloop
 endfacet
 facet normal 0 1 0
  outer loop
   vertex 32.800000 -23.380000 0.000000
   vertex 32.269670 -23.380000 -0.530330
   vertex 32.107090 -23.380000 -0.287013
  endloop
 endfacet
 facet normal 0 -1 0
  outer loop
   vertex 32.800000 -15.380000 0.000000
   vertex 32.107090 -15.380000 -0.287013
   vertex 32.269670 -15.380000 -0.530330
  endloop
 endfacet
 facet normal 0.55557 0 0.83147
  outer loop
   vertex 32.269670 -23.380000 -0.530330
   vertex 32.512987 -23.380000 -0.692910
   vertex 32.512987 -15.380000 -0.692910
  endloop
 endfacet
 facet normal 0.55557 -0 0.83147
  outer loop
   vertex 32.269670 -23.380000 -0.530330
   vertex 32.512987 -15.380000 -0.692910
   vertex 32.269670 -15.380000 -0.530330
  endloop
 endfacet
 facet normal 0 1 0
  outer loop
   vertex 32.800000 -23.380000 0.000000
   vertex 32.512987 -23.380000 -0.692910
   vertex 32.269670 -23.380000 -0.530330
  endloop
 endfacet
 facet normal 0 -1 0
  outer loop
   vertex 32.800000 -15.380000 0.000000
   vertex 32.269670 -15.380000 -0.530330
   vertex 32.512987 -15.380000 -0.692910
  endloop
 endfacet
 facet normal 0.19509 0 0.980785
  outer loop
   vertex 32.512987 -23.380000 -0.692910
   vertex 32.800000 -23.380000 -0.750000
   vertex 32.800000 -15.380000 -0.750000
  endloop
 endfacet
 facet normal 0.19509 -0 0.980785
  outer loop
   vertex 32.512987 -23.380000 -0.692910
   vertex 32.800000 -15.380000 -0.750000
   vertex 32.512987 -15.380000 -0.692910
  endloop
 endfacet
 facet normal 0 1 0
  outer loop
   vertex 32.800000 -23.380000 0.000000
   vertex 32.800000 -23.380000 -0.750000
   vertex 32.512987 -23.380000 -0.692910
  endloop
 endfacet
 facet normal 0 -1 -0
  outer loop
   vertex 32.800000 -15.380000 0.000000
   vertex 32.512987 -15.380000 -0.692910
   vertex 32.800000 -15.380000 -0.750000
  endloop
 endfacet
 facet normal -0.19509 0 0.980785
  outer loop
   vertex 32.800000 -23.380000 -0.750000
   vertex 33.087013 -23.380000 -0.692910
   vertex 33.087013 -15.380000 -0.692910
  endloop
 endfacet
 facet normal -0.19509 0 0.980785
  outer loop
   vertex 32.800000 -23.380000 -0.750000
   vertex 33.087013 -15.380000 -0.692910
   vertex 32.800000 -15.380000 -0.750000
  endloop
 endfacet
 facet normal 0 1 0
  outer loop
   vertex 32.800000 -23.380000 0.000000
   vertex 33.087013 -23.380000 -0.692910
   vertex 32.800000 -23.380000 -0.750000
  endloop
 endfacet
 facet normal 0 -1 0
  outer loop
   vertex 32.800000 -15.380000 0.000000
   vertex 32.800000 -15.380000 -0.750000
   vertex 33.087013 -15.380000 -0.692910
  endloop
 endfacet
 facet normal -0.55557 0 0.83147
  outer loop
   vertex 33.087013 -23.380000 -0.692910
   vertex 33.330330 -23.380000 -0.530330
   vertex 33.330330 -15.380000 -0.530330
  endloop
 endfacet
 facet normal -0.55557 0 0.83147
  outer loop
   vertex 33.087013 -23.380000 -0.692910
   vertex 33.330330 -15.380000 -0.530330
   vertex 33.087013 -15.380000 -0.692910
  endloop
 endfacet
 facet normal 0 1 0
  outer loop
   vertex 32.800000 -23.380000 0.000000
   vertex 33.330330 -23.380000 -0.530330
   vertex 33.087013 -23.380000 -0.692910
  endloop
 endfacet
 facet normal 0 -1 0
  outer loop
   vertex 32.800000 -15.380000 0.000000
   vertex 33.087013 -15.380000 -0.692910
   vertex 33.330330 -15.380000 -0.530330
  endloop
 endfacet
 facet normal -0.83147 0 0.55557
  outer loop
   vertex 33.330330 -23.380000 -0.530330
   vertex 33.492910 -23.380000 -0.287013
   vertex 33.492910 -15.380000 -0.287013
  endloop
 endfacet
 facet normal -0.83147 0 0.55557
  outer loop
   vertex 33.330330 -23.380000 -0.530330
   vertex 33.492910 -15.380000 -0.287013
   vertex 33.330330 -15.380000 -0.530330
  endloop
 endfacet
 facet normal 0 1 0
  outer loop
   vertex 32.800000 -23.380000 0.000000
   vertex 33.492910 -23.380000 -0.287013
   vertex 33.330330 -23.380000 -0.530330
  endloop
 endfacet
 facet normal 0 -1 0
  outer loop
   vertex 32.800000 -15.380000 0.000000
   vertex 33.330330 -15.380000 -0.530330
   vertex 33.492910 -15.380000 -0.287013
  endloop
 endfacet
 facet normal -0.980785 0 0.19509
  outer loop
   vertex 33.492910 -23.380000 -0.287013
   vertex 33.550000 -23.380000 -0.000000
   vertex 33.550000 -15.380000 -0.000000
  endloop
 endfacet
 facet normal -0.980785 0 0.19509
  outer loop
   vertex 33.492910 -23.380000 -0.287013
   vertex 33.550000 -15.380000 -0.000000
   vertex 33.492910 -15.380000 -0.287013
  endloop
 endfacet
 facet normal 0 1 0
  outer loop
   vertex 32.800000 -23.380000 0.000000
   vertex 33.550000 -23.380000 -0.000000
   vertex 33.492910 -23.380000 -0.287013
  endloop
 endfacet
 facet normal 0 -1 0
  outer loop
   vertex 32.800000 -15.380000 0.000000
   vertex 33.492910 -15.380000 -0.287013
   vertex 33.550000 -15.380000 -0.000000
  endloop
 endfacet
 facet normal 0 0.980785 0.19509
  outer loop
   vertex 32.800000 -14.630000 0.000000
   vertex 32.800000 -14.687090 0.287013
   vertex 40.000000 -14.687090 0.287013
  endloop
 endfacet
 facet normal -0 0.980785 0.19509
  outer loop
   vertex 32.800000 -14.630000 0.000000
   vertex 40.000000 -14.687090 0.287013
   vertex 40.000000 -14.630000 0.000000
  endloop
 endfacet
 facet normal -1 0 0
  outer loop
   vertex 32.800000 -15.380000 0.000000
   vertex 32.800000 -14.687090 0.287013
   vertex 32.800000 -14.630000 0.000000
  endloop
 endfacet
 facet normal 1 0 0
  outer loop
   vertex 40.000000 -15.380000 0.000000
   vertex 40.000000 -14.630000 0.000000
   vertex 40.000000 -14.687090 0.287013
  endloop
 endfacet
 facet normal 0 0.83147 0.55557
  outer loop
   vertex 32.800000 -14.687090 0.287013
   vertex 32.800000 -14.849670 0.530330
   vertex 40.000000 -14.849670 0.530330
  endloop
 endfacet
 facet normal -0 0.83147 0.55557
  outer loop
   vertex 32.800000 -14.687090 0.287013
   vertex 40.000000 -14.849670 0.530330
   vertex 40.000000 -14.687090 0.287013
  endloop
 endfacet
 facet normal -1 0 0
  outer loop
   vertex 32.800000 -15.380000 0.000000
   vertex 32.800000 -14.849670 0.530330
   vertex 32.800000 -14.687090 0.287013
  endloop
 endfacet
 facet normal 1 0 0
  outer loop
   vertex 40.000000 -15.380000 0.000000
   vertex 40.000000 -14.687090 0.287013
   vertex 40.000000 -14.849670 0.530330
  endloop
 endfacet
 facet normal 0 0.55557 0.83147
  outer loop
   vertex 32.800000 -14.849670 0.530330
   vertex 32.800000 -15.092987 0.692910
   vertex 40.000000 -15.092987 0.692910
  endloop
 endfacet
 facet normal -0 0.55557 0.83147
  outer loop
   vertex 32.800000 -14.849670 0.530330
   vertex 40.000000 -15.092987 0.692910
   vertex 40.000000 -14.849670 0.530330
  endloop
 endfacet
 facet normal -1 0 0
  outer loop
   vertex 32.800000 -15.380000 0.000000
   vertex 32.800000 -15.092987 0.692910
   vertex 32.800000 -14.849670 0.530330
  endloop
 endfacet
 facet normal 1 0 0
  outer loop
   vertex 40.000000 -15.380000 0.000000
   vertex 40.000000 -14.849670 0.530330
   vertex 40.000000 -15.092987 0.692910
  endloop
 endfacet
 facet normal 0 0.19509 0.980785
  outer loop
   vertex 32.800000 -15.092987 0.692910
   vertex 32.800000 -15.380000 0.750000
   vertex 40.000000 -15.380000 0.750000
  endloop
 endfacet
 facet normal -0 0.19509 0.980785
  outer loop
   vertex 32.800000 -15.092987 0.692910
   vertex 40.000000 -15.380000 0.750000
   vertex 40.000000 -15.092987 0.692910
  endloop
 endfacet
 facet normal -1 0 0
  outer loop
   vertex 32.800000 -15.380000 0.000000
   vertex 32.800000 -15.380000 0.750000
   vertex 32.800000 -15.092987 0.692910
  endloop
 endfacet
 facet normal 1 0 0
  outer loop
   vertex 40.000000 -15.380000 0.000000
   vertex 40.000000 -15.092987 0.692910
   vertex 40.000000 -15.380000 0.750000
  endloop
 endfacet
 facet normal 0 -0.19509 0.980785
  outer loop
   vertex 32.800000 -15.380000 0.750000
   vertex 32.800000 -15.667013 0.692910
   vertex 40.000000 -15.667013 0.692910
  endloop
 endfacet
 facet normal 0 -0.19509 0.980785
  outer loop
   vertex 32.800000 -15.380000 0.750000
   vertex 40.000000 -15.667013 0.692910
   vertex 40.000000 -15.380000 0.750000
  endloop
 endfacet
 facet normal -1 0 0
  outer loop
   vertex 32.800000 -15.380000 0.000000
   vertex 32.800000 -15.667013 0.692910
   vertex 32.800000 -15.380000 0.750000
  endloop
 endfacet
 facet normal 1 0 -0
  outer loop
   vertex 40.000000 -15.380000 0.000000
   vertex 40.000000 -15.380000 0.750000
   vertex 40.000000 -15.667013 0.692910
  endloop
 endfacet
 facet normal 0 -0.55557 0.83147
  outer loop
   vertex 32.800000 -15.667013 0.692910
   vertex 32.800000 -15.910330 0.530330
   vertex 40.000000 -15.910330 0.530330
  endloop
 endfacet
 facet normal 0 -0.55557 0.83147
  outer loop
   vertex 32.800000 -15.667013 0.692910
   vertex 40.000000 -15.910330 0.530330
   vertex 40.000000 -15.667013 0.692910
  endloop
 endfacet
 facet normal -1 0 0
  outer loop
   vertex 32.800000 -15.380000 0.000000
   vertex 32.800000 -15.910330 0.530330
   vertex 32.800000 -15.667013 0.692910
  endloop
 endfacet
 facet normal 1 0 0
  outer loop
   vertex 40.000000 -15.380000 0.000000
   vertex 40.000000 -15.667013 0.692910
   vertex 40.000000 -15.910330 0.530330
  endloop
 endfacet
 facet normal 0 -0.83147 0.55557
  outer loop
   vertex 32.800000 -15.910330 0.530330
   vertex 32.800000 -16.072910 0.287013
   vertex 40.000000 -16.072910 0.287013
  endloop
 endfacet
 facet normal 0 -0.83147 0.55557
  outer loop
   vertex 32.800000 -15.910330 0.530330
   vertex 40.000000 -16.072910 0.287013
   vertex 40.000000 -15.910330 0.530330
  endloop
 endfacet
 facet normal -1 0 0
  outer loop
   vertex 32.800000 -15.380000 0.000000
   vertex 32.800000 -16.072910 0.287013
   vertex 32.800000 -15.910330 0.530330
  endloop
 endfacet
 facet normal 1 0 0
  outer loop
   vertex 40.000000 -15.380000 0.000000
   vertex 40.000000 -15.910330 0.530330
   vertex 40.000000 -16.072910 0.287013
  endloop
 endfacet
 facet normal 0 -0.980785 0.19509
  outer loop
   vertex 32.800000 -16.072910 0.287013
   vertex 32.800000 -16.130000 0.000000
   vertex 40.000000 -16.130000 0.000000
  endloop
 endfacet
 facet normal 0 -0.980785 0.19509
  outer loop
   vertex 32.800000 -16.072910 0.287013
   vertex 40.000000 -16.130000 0.000000
   vertex 40.000000 -16.072910 0.287013
  endloop
 endfacet
 facet normal -1 0 0
  outer loop
   vertex 32.800000 -15.380000 0.000000
   vertex 32.800000 -16.130000 0.000000
   vertex 32.800000 -16.072910 0.287013
  endloop
 endfacet
 facet normal 1 0 0
  outer loop
   vertex 40.000000 -15.380000 0.000000
   vertex 40.000000 -16.072910 0.287013
   vertex 40.000000 -16.130000 0.000000
  endloop
 endfacet
 facet normal 0 -0.980785 -0.19509
  outer loop
   vertex 32.800000 -16.130000 0.000000
   vertex 32.800000 -16.072910 -0.287013
   vertex 40.000000 -16.072910 -0.287013
  endloop
 endfacet
 facet normal 0 -0.980785 -0.19509
  outer loop
   vertex 32.800000 -16.130000 0.000000
   vertex 40.000000 -16.072910 -0.287013
   vertex 40.000000 -16.130000 0.000000
  endloop
 endfacet
 facet normal -1 -0 0
  outer loop
   vertex 32.800000 -15.380000 0.000000
   vertex 32.800000 -16.072910 -0.287013
   vertex 32.800000 -16.130000 0.000000
  endloop
 endfacet
 facet normal 1 0 0
  outer loop
   vertex 40.000000 -15.380000 0.000000
   vertex 40.000000 -16.130000 0.000000
   vertex 40.000000 -16.072910 -0.287013
  endloop
 endfacet
 facet normal 0 -0.83147 -0.55557
  outer loop
   vertex 32.800000 -16.072910 -0.287013
   vertex 32.800000 -15.910330 -0.530330
   vertex 40.000000 -15.910330 -0.530330
  endloop
 endfacet
 facet normal 0 -0.83147 -0.55557
  outer loop
   vertex 32.800000 -16.072910 -0.287013
   vertex 40.000000 -15.910330 -0.530330
   vertex 40.000000 -16.072910 -0.287013
  endloop
 endfacet
 facet normal -1 0 0
  outer loop
   vertex 32.800000 -15.380000 0.000000
   vertex 32.800000 -15.910330 -0.530330
   vertex 32.800000 -16.072910 -0.287013
  endloop
 endfacet
 facet normal 1 0 0
  outer loop
   vertex 40.000000 -15.380000 0.000000
   vertex 40.000000 -16.072910 -0.287013
   vertex 40.000000 -15.910330 -0.530330
  endloop
 endfacet
 facet normal 0 -0.55557 -0.83147
  outer loop
   vertex 32.800000 -15.910330 -0.530330
   vertex 32.800000 -15.667013 -0.692910
   vertex 40.000000 -15.667013 -0.692910
  endloop
 endfacet
 facet normal 0 -0.55557 -0.83147
  outer loop
   vertex 32.800000 -15.910330 -0.530330
   vertex 40.000000 -15.667013 -0.692910
   vertex 40.000000 -15.910330 -0.530330
  endloop
 endfacet
 facet normal -1 0 0
  outer loop
   vertex 32.800000 -15.380000 0.000000
   vertex 32.800000 -15.667013 -0.692910
   vertex 32.800000 -15.910330 -0.530330
  endloop
 endfacet
 facet normal 1 0 0
  outer loop
   vertex 40.000000 -15.380000 0.000000
   vertex 40.000000 -15.910330 -0.530330
   vertex 40.000000 -15.667013 -0.692910
  endloop
 endfacet
 facet normal 0 -0.19509 -0.980785
  outer loop
   vertex 32.800000 -15.667013 -0.692910
   vertex 32.800000 -15.380000 -0.750000
   vertex 40.000000 -15.380000 -0.750000
  endloop
 endfacet
 facet normal 0 -0.19509 -0.980785
  outer loop
   vertex 32.800000 -15.667013 -0.692910
   vertex 40.000000 -15.380000 -0.750000
   vertex 40.000000 -15.667013 -0.692910
  endloop
 endfacet
 facet normal -1 0 -0
  outer loop
   vertex 32.800000 -15.380000 0.000000
   vertex 32.800000 -15.380000 -0.750000
   vertex 32.800000 -15.667013 -0.692910
  endloop
 endfacet
 facet normal 1 0 0
  outer loop
   vertex 40.000000 -15.380000 0.000000
   vertex 40.000000 -15.667013 -0.692910
   vertex 40.000000 -15.380000 -0.750000
  endloop
 endfacet
 facet normal 0 0.19509 -0.980785
  outer loop
   vertex 32.800000 -15.380000 -0.750000
   vertex 32.800000 -15.092987 -0.692910
   vertex 40.000000 -15.092987 -0.692910
  endloop
 endfacet
 facet normal 0 0.19509 -0.980785
  outer loop
   vertex 32.800000 -15.380000 -0.750000
   vertex 40.000000 -15.092987 -0.692910
   vertex 40.000000 -15.380000 -0.750000
  endloop
 endfacet
 facet normal -1 0 0
  outer loop
   vertex 32.800000 -15.380000 0.000000
   vertex 32.800000 -15.092987 -0.692910
   vertex 32.800000 -15.380000 -0.750000
  endloop
 endfacet
 facet normal 1 0 0
  outer loop
   vertex 40.000000 -15.380000 0.000000
   vertex 40.000000 -15.380000 -0.750000
   vertex 40.000000 -15.092987 -0.692910
  endloop
 endfacet
 facet normal 0 0.55557 -0.83147
  outer loop
   vertex 32.800000 -15.092987 -0.692910
   vertex 32.800000 -14.849670 -0.530330
   vertex 40.000000 -14.849670 -0.530330
  endloop
 endfacet
 facet normal 0 0.55557 -0.83147
  outer loop
   vertex 32.800000 -15.092987 -0.692910
   vertex 40.000000 -14.849670 -0.530330
   vertex 40.000000 -15.092987 -0.692910
  endloop
 endfacet
 facet normal -1 0 0
  outer loop
   vertex 32.800000 -15.380000 0.000000
   vertex 32.800000 -14.849670 -0.530330
   vertex 32.800000 -15.092987 -0.692910
  endloop
 endfacet
 facet normal 1 0 0
  outer loop
   vertex 40.000000 -15.380000 0.000000
   vertex 40.000000 -15.092987 -0.692910
   vertex 40.000000 -14.849670 -0.530330
  endloop
 endfacet
 facet normal 0 0.83147 -0.55557
  outer loop
   vertex 32.800000 -14.849670 -0.530330
   vertex 32.800000 -14.687090 -0.287013
   vertex 40.000000 -14.687090 -0.287013
  endloop
 endfacet
 facet normal 0 0.83147 -0.55557
  outer loop
   vertex 32.800000 -14.849670 -0.530330
   vertex 40.000000 -14.687090 -0.287013
   vertex 40.000000 -14.849670 -0.530330
  endloop
 endfacet
 facet normal -1 0 0
  outer loop
   vertex 32.800000 -15.380000 0.000000
   vertex 32.800000 -14.687090 -0.287013
   vertex 32.800000 -14.849670 -0.530330
  endloop
 endfacet
 facet normal 1 0 0
  outer loop
   vertex 40.000000 -15.380000 0.000000
   vertex 40.000000 -14.849670 -0.530330
   vertex 40.000000 -14.687090 -0.287013
  endloop
 endfacet
 facet normal 0 0.980785 -0.19509
  outer loop
   vertex 32.800000 -14.687090 -0.287013
   vertex 32.800000 -14.630000 -0.000000
   vertex 40.000000 -14.630000 -0.000000
  endloop
 endfacet
 facet normal 0 0.980785 -0.19509
  outer loop
   vertex 32.800000 -14.687090 -0.287013
   vertex 40.000000 -14.630000 -0.000000
   vertex 40.000000 -14.687090 -0.287013
  endloop
 endfacet
 facet normal -1 0 0
  outer loop
   vertex 32.800000 -15.380000 0.000000
   vertex 32.800000 -14.630000 -0.000000
   vertex 32.800000 -14.687090 -0.287013
  endloop
 endfacet
 facet normal 1 0 0
  outer loop
   vertex 40.000000 -15.380000 0.000000
   vertex 40.000000 -14.687090 -0.287013
   vertex 40.000000 -14.630000 -0.000000
  endloop
 endfacet
 facet normal -0.980785 0 -0.19509
  outer loop
   vertex -32.050000 -23.380000 23.000000
   vertex -32.107090 -23.380000 23.287013
   vertex -32.107090 -15.380000 23.287013
  endloop
 endfacet
 facet normal -0.980785 0 -0.19509
  outer loop
   vertex -32.050000 -23.380000 23.000000
   vertex -32.107090 -15.380000 23.287013
   vertex -32.050000 -15.380000 23.000000
  endloop
 endfacet
 facet normal 0 1 0
  outer loop
   vertex -32.800000 -23.380000 23.000000
   vertex -32.107090 -23.380000 23.287013
   vertex -32.050000 -23.380000 23.000000
  endloop
 endfacet
 facet normal 0 -1 0
  outer loop
   vertex -32.800000 -15.380000 23.000000
   vertex -32.050000 -15.380000 23.000000
   vertex -32.107090 -15.380000 23.287013
  endloop
 endfacet
 facet normal -0.83147 0 -0.55557
  outer loop
   vertex -32.107090 -23.380000 23.287013
   vertex -32.269670 -23.380000 23.530330
   vertex -32.269670 -15.380000 23.530330
  endloop
 endfacet
 facet normal -0.83147 0 -0.55557
  outer loop
   vertex -32.107090 -23.380000 23.287013
   vertex -32.269670 -15.380000 23.530330
   vertex -32.107090 -15.380000 23.287013
  endloop
 endfacet
 facet normal 0 1 0
  outer loop
   vertex -32.800000 -23.380000 23.000000
   vertex -32.269670 -23.380000 23.530330
   vertex -32.107090 -23.380000 23.287013
  endloop
 endfacet
 facet normal 0 -1 0
  outer loop
   vertex -32.800000 -15.380000 23.000000
   vertex -32.107090 -15.380000 23.287013
   vertex -32.269670 -15.380000 23.530330
  endloop
 endfacet
 facet normal -0.55557 0 -0.83147
  outer loop
   vertex -32.269670 -23.380000 23.530330
   vertex -32.512987 -23.380000 23.692910
   vertex -32.512987 -15.380000 23.692910
  endloop
 endfacet
 facet normal -0.55557 0 -0.83147
  outer loop
   vertex -32.269670 -23.380000 23.530330
   vertex -32.512987 -15.380000 23.692910
   vertex -32.269670 -15.380000 23.530330
  endloop
 endfacet
 facet normal 0 1 0
  outer loop
   vertex -32.800000 -23.380000 23.000000
   vertex -32.512987 -23.380000 23.692910
   vertex -32.269670 -23.380000 23.530330
  endloop
 endfacet
 facet normal 0 -1 0
  outer loop
   vertex -32.800000 -15.380000 23.000000
   vertex -32.269670 -15.380000 23.530330
   vertex -32.512987 -15.380000 23.692910
  endloop
 endfacet
 facet normal -0.19509 0 -0.980785
  outer loop
   vertex -32.512987 -23.380000 23.692910
   vertex -32.800000 -23.380000 23.750000
   vertex -32.800000 -15.380000 23.750000
  endloop
 endfacet
 facet normal -0.19509 0 -0.980785
  outer loop
   vertex -32.512987 -23.380000 23.692910
   vertex -32.800000 -15.380000 23.750000
   vertex -32.512987 -15.380000 23.692910
  endloop
 endfacet
 facet normal 0 1 0
  outer loop
   vertex -32.800000 -23.380000 23.000000
   vertex -32.800000 -23.380000 23.750000
   vertex -32.512987 -23.380000 23.692910
  endloop
 endfacet
 facet normal 0 -1 0
  outer loop
   vertex -32.800000 -15.380000 23.000000
   vertex -32.512987 -15.380000 23.692910
   vertex -32.800000 -15.380000 23.750000
  endloop
 endfacet
 facet normal 0.19509 0 -0.980785
  outer loop
   vertex -32.800000 -23.380000 23.750000
   vertex -33.087013 -23.380000 23.692910
   vertex -33.087013 -15.380000 23.692910
  endloop
 endfacet
 facet normal 0.19509 0 -0.980785
  outer loop
   vertex -32.800000 -23.380000 23.750000
   vertex -33.087013 -15.380000 23.692910
   vertex -32.800000 -15.380000 23.750000
  endloop
 endfacet
 facet normal 0 1 -0
  outer loop
   vertex -32.800000 -23.380000 23.000000
   vertex -33.087013 -23.380000 23.692910
   vertex -32.800000 -23.380000 23.750000
  endloop
 endfacet
 facet normal 0 -1 0
  outer loop
   vertex -32.800000 -15.380000 23.000000
   vertex -32.800000 -15.380000 23.750000
   vertex -33.087013 -15.380000 23.692910
  endloop
 endfacet
 facet normal 0.55557 0 -0.83147
  outer loop
   vertex -33.087013 -23.380000 23.692910
   vertex -33.330330 -23.380000 23.530330
   vertex -33.330330 -15.380000 23.530330
  endloop
 endfacet
 facet normal 0.55557 0 -0.83147
  outer loop
   vertex -33.087013 -23.380000 23.692910
   vertex -33.330330 -15.380000 23.530330
   vertex -33.087013 -15.380000 23.692910
  endloop
 endfacet
 facet normal 0 1 0
  outer loop
   vertex -32.800000 -23.380000 23.000000
   vertex -33.330330 -23.380000 23.530330
   vertex -33.087013 -23.380000 23.692910
  endloop
 endfacet
 facet normal 0 -1 0
  outer loop
   vertex -32.800000 -15.380000 23.000000
   vertex -33.087013 -15.380000 23.692910
   vertex -33.330330 -15.380000 23.530330
  endloop
 endfacet
 facet normal 0.83147 0 -0.55557
  outer loop
   vertex -33.330330 -23.380000 23.530330
   vertex -33.492910 -23.380000 23.287013
   vertex -33.492910 -15.380000 23.287013
  endloop
 endfacet
 facet normal 0.83147 0 -0.55557
  outer loop
   vertex -33.330330 -23.380000 23.530330
   vertex -33.492910 -15.380000 23.287013
   vertex -33.330330 -15.380000 23.530330
  endloop
 endfacet
 facet normal 0 1 0
  outer loop
   vertex -32.800000 -23.380000 23.000000
   vertex -33.492910 -23.380000 23.287013
   vertex -33.330330 -23.380000 23.530330
  endloop
 endfacet
 facet normal 0 -1 0
  outer loop
   vertex -32.800000 -15.380000 23.000000
   vertex -33.330330 -15.380000 23.530330
   vertex -33.492910 -15.380000 23.287013
  endloop
 endfacet
 facet normal 0.980785 0 -0.19509
  outer loop
   vertex -33.492910 -23.380000 23.287013
   vertex -33.550000 -23.380000 23.000000
   vertex -33.550000 -15.380000 23.000000
  endloop
 endfacet
 facet normal 0.980785 0 -0.19509
  outer loop
   vertex -33.492910 -23.380000 23.287013
   vertex -33.550000 -15.380000 23.000000
   vertex -33.492910 -15.380000 23.287013
  endloop
 endfacet
 facet normal 0 1 0
  outer loop
   vertex -32.800000 -23.380000 23.000000
   vertex -33.550000 -23.380000 23.000000
   vertex -33.492910 -23.380000 23.287013
  endloop
 endfacet
 facet normal 0 -1 0
  outer loop
   vertex -32.800000 -15.380000 23.000000
   vertex -33.492910 -15.380000 23.287013
   vertex -33.550000 -15.380000 23.000000
  endloop
 endfacet
 facet normal 0.980785 0 0.19509
  outer loop
   vertex -33.550000 -23.380000 23.000000
   vertex -33.492910 -23.380000 22.712987
   vertex -33.492910 -15.380000 22.712987
  endloop
 endfacet
 facet normal 0.980785 -0 0.19509
  outer loop
   vertex -33.550000 -23.380000 23.000000
   vertex -33.492910 -15.380000 22.712987
   vertex -33.550000 -15.380000 23.000000
  endloop
 endfacet
 facet normal 0 1 0
  outer loop
   vertex -32.800000 -23.380000 23.000000
   vertex -33.492910 -23.380000 22.712987
   vertex -33.550000 -23.380000 23.000000
  endloop
 endfacet
 facet normal -0 -1 0
  outer loop
   vertex -32.800000 -15.380000 23.000000
   vertex -33.550000 -15.380000 23.000000
   vertex -33.492910 -15.380000 22.712987
  endloop
 endfacet
 facet normal 0.83147 0 0.55557
  outer loop
   vertex -33.492910 -23.380000 22.712987
   vertex -33.330330 -23.380000 22.469670
   vertex -33.330330 -15.380000 22.469670
  endloop
 endfacet
 facet normal 0.83147 -0 0.55557
  outer loop
   vertex -33.492910 -23.380000 22.712987
   vertex -33.330330 -15.380000 22.469670
   vertex -33.492910 -15.380000 22.712987
  endloop
 endfacet
 facet normal 0 1 0
  outer loop
   vertex -32.800000 -23.380000 23.000000
   vertex -33.330330 -23.380000 22.469670
   vertex -33.492910 -23.380000 22.712987
  endloop
 endfacet
 facet normal 0 -1 0
  outer loop
   vertex -32.800000 -15.380000 23.000000
   vertex -33.492910 -15.380000 22.712987
   vertex -33.330330 -15.380000 22.469670
  endloop
 endfacet
 facet normal 0.55557 0 0.83147
  outer loop
   vertex -33.330330 -23.380000 22.469670
   vertex -33.087013 -23.380000 22.307090
   vertex -33.087013 -15.380000 22.307090
  endloop
 endfacet
 facet normal 0.55557 -0 0.83147
  outer loop
   vertex -33.330330 -23.380000 22.469670
   vertex -33.087013 -15.380000 22.307090
   vertex -33.330330 -15.380000 22.469670
  endloop
 endfacet
 facet normal 0 1 0
  outer loop
   vertex -32.800000 -23.380000 23.000000
   vertex -33.087013 -23.380000 22.307090
   vertex -33.330330 -23.380000 22.469670
  endloop
 endfacet
 facet normal 0 -1 0
  outer loop
   vertex -32.800000 -15.380000 23.000000
   vertex -33.330330 -15.380000 22.469670
   vertex -33.087013 -15.380000 22.307090
  endloop
 endfacet
 facet normal 0.19509 0 0.980785
  outer loop
   vertex -33.087013 -23.380000 22.307090
   vertex -32.800000 -23.380000 22.250000
   vertex -32.800000 -15.380000 22.250000
  endloop
 endfacet
 facet normal 0.19509 -0 0.980785
  outer loop
   vertex -33.087013 -23.380000 22.307090
   vertex -32.800000 -15.380000 22.250000
   vertex -33.087013 -15.380000 22.307090
  endloop
 endfacet
 facet normal 0 1 0
  outer loop
   vertex -32.800000 -23.380000 23.000000
   vertex -32.800000 -23.380000 22.250000
   vertex -33.087013 -23.380000 22.307090
  endloop
 endfacet
 facet normal 0 -1 -0
  outer loop
   vertex -32.800000 -15.380000 23.000000
   vertex -33.087013 -15.380000 22.307090
   vertex -32.800000 -15.380000 22.250000
  endloop
 endfacet
 facet normal -0.19509 0 0.980785
  outer loop
   vertex -32.800000 -23.380000 22.250000
   vertex -32.512987 -23.380000 22.307090
   vertex -32.512987 -15.380000 22.307090
  endloop
 endfacet
 facet normal -0.19509 0 0.980785
  outer loop
   vertex -32.800000 -23.380000 22.250000
   vertex -32.512987 -15.380000 22.307090
   vertex -32.800000 -15.380000 22.250000
  endloop
 endfacet
 facet normal 0 1 0
  outer loop
   vertex -32.800000 -23.380000 23.000000
   vertex -32.512987 -23.380000 22.307090
   vertex -32.800000 -23.380000 22.250000
  endloop
 endfacet
 facet normal 0 -1 0
  outer loop
   vertex -32.800000 -15.380000 23.000000
   vertex -32.800000 -15.380000 22.250000
   vertex -32.512987 -15.380000 22.307090
  endloop
 endfacet
 facet normal -0.55557 0 0.83147
  outer loop
   vertex -32.512987 -23.380000 22.307090
   vertex -32.269670 -23.380000 22.469670
   vertex -32.269670 -15.380000 22.469670
  endloop
 endfacet
 facet normal -0.55557 0 0.83147
  outer loop
   vertex -32.512987 -23.380000 22.307090
   vertex -32.269670 -15.380000 22.469670
   vertex -32.512987 -15.380000 22.307090
  endloop
 endfacet
 facet normal 0 1 0
  outer loop
   vertex -32.800000 -23.380000 23.000000
   vertex -32.269670 -23.380000 22.469670
   vertex -32.512987 -23.380000 22.307090
  endloop
 endfacet
 facet normal 0 -1 0
  outer loop
   vertex -32.800000 -15.380000 23.000000
   vertex -32.512987 -15.380000 22.307090
   vertex -32.269670 -15.380000 22.469670
  endloop
 endfacet
 facet normal -0.83147 0 0.55557
  outer loop
   vertex -32.269670 -23.380000 22.469670
   vertex -32.107090 -23.380000 22.712987
   vertex -32.107090 -15.380000 22.712987
  endloop
 endfacet
 facet normal -0.83147 0 0.55557
  outer loop
   vertex -32.269670 -23.380000 22.469670
   vertex -32.107090 -15.380000 22.712987
   vertex -32.269670 -15.380000 22.469670
  endloop
 endfacet
 facet normal 0 1 0
  outer loop
   vertex -32.800000 -23.380000 23.000000
   vertex -32.107090 -23.380000 22.712987
   vertex -32.269670 -23.380000 22.469670
  endloop
 endfacet
 facet normal 0 -1 0
  outer loop
   vertex -32.800000 -15.380000 23.000000
   vertex -32.269670 -15.380000 22.469670
   vertex -32.107090 -15.380000 22.712987
  endloop
 endfacet
 facet normal -0.980785 0 0.19509
  outer loop
   vertex -32.107090 -23.380000 22.712987
   vertex -32.050000 -23.380000 23.000000
   vertex -32.050000 -15.380000 23.000000
  endloop
 endfacet
 facet normal -0.980785 0 0.19509
  outer loop
   vertex -32.107090 -23.380000 22.712987
   vertex -32.050000 -15.380000 23.000000
   vertex -32.107090 -15.380000 22.712987
  endloop
 endfacet
 facet normal -0 1 0
  outer loop
   vertex -32.800000 -23.380000 23.000000
   vertex -32.050000 -23.380000 23.000000
   vertex -32.107090 -23.380000 22.712987
  endloop
 endfacet
 facet normal 0 -1 0
  outer loop
   vertex -32.800000 -15.380000 23.000000
   vertex -32.107090 -15.380000 22.712987
   vertex -32.050000 -15.380000 23.000000
  endloop
 endfacet
 facet normal 0 0.980785 0.19509
  outer loop
   vertex -40.000000 -14.630000 23.000000
   vertex -40.000000 -14.687090 23.287013
   vertex -32.800000 -14.687090 23.287013
  endloop
 endfacet
 facet normal -0 0.980785 0.19509
  outer loop
   vertex -40.000000 -14.630000 23.000000
   vertex -32.800000 -14.687090 23.287013
   vertex -32.800000 -14.630000 23.000000
  endloop
 endfacet
 facet normal -1 0 0
  outer loop
   vertex -40.000000 -15.380000 23.000000
   vertex -40.000000 -14.687090 23.287013
   vertex -40.000000 -14.630000 23.000000
  endloop
 endfacet
 facet normal 1 0 0
  outer loop
   vertex -32.800000 -15.380000 23.000000
   vertex -32.800000 -14.630000 23.000000
   vertex -32.800000 -14.687090 23.287013
  endloop
 endfacet
 facet normal 0 0.83147 0.55557
  outer loop
   vertex -40.000000 -14.687090 23.287013
   vertex -40.000000 -14.849670 23.530330
   vertex -32.800000 -14.849670 23.530330
  endloop
 endfacet
 facet normal -0 0.83147 0.55557
  outer loop
   vertex -40.000000 -14.687090 23.287013
   vertex -32.800000 -14.849670 23.530330
   vertex -32.800000 -14.687090 23.287013
  endloop
 endfacet
 facet normal -1 0 0
  outer loop
   vertex -40.000000 -15.380000 23.000000
   vertex -40.000000 -14.849670 23.530330
   vertex -40.000000 -14.687090 23.287013
  endloop
 endfacet
 facet normal 1 0 0
  outer loop
   vertex -32.800000 -15.380000 23.000000
   vertex -32.800000 -14.687090 23.287013
   vertex -32.800000 -14.849670 23.530330
  endloop
 endfacet
 facet normal 0 0.55557 0.83147
  outer loop
   vertex -40.000000 -14.849670 23.530330
   vertex -40.000000 -15.092987 23.692910
   vertex -32.800000 -15.092987 23.692910
  endloop
 endfacet
 facet normal -0 0.55557 0.83147
  outer loop
   vertex -40.000000 -14.849670 23.530330
   vertex -32.800000 -15.092987 23.692910
   vertex -32.800000 -14.849670 23.530330
  endloop
 endfacet
 facet normal -1 0 0
  outer loop
   vertex -40.000000 -15.380000 23.000000
   vertex -40.000000 -15.092987 23.692910
   vertex -40.000000 -14.849670 23.530330
  endloop
 endfacet
 facet normal 1 0 0
  outer loop
   vertex -32.800000 -15.380000 23.000000
   vertex -32.800000 -14.849670 23.530330
   vertex -32.800000 -15.092987 23.692910
  endloop
 endfacet
 facet normal 0 0.19509 0.980785
  outer loop
   vertex -40.000000 -15.092987 23.692910
   vertex -40.000000 -15.380000 23.750000
   vertex -32.800000 -15.380000 23.750000
  endloop
 endfacet
 facet normal -0 0.19509 0.980785
  outer loop
   vertex -40.000000 -15.092987 23.692910
   vertex -32.800000 -15.380000 23.750000
   vertex -32.800000 -15.092987 23.692910
  endloop
 endfacet
 facet normal -1 0 0
  outer loop
   vertex -40.000000 -15.380000 23.000000
   vertex -40.000000 -15.380000 23.750000
   vertex -40.000000 -15.092987 23.692910
  endloop
 endfacet
 facet normal 1 0 0
  outer loop
   vertex -32.800000 -15.380000 23.000000
   vertex -32.800000 -15.092987 23.692910
   vertex -32.800000 -15.380000 23.750000
  endloop
 endfacet
 facet normal 0 -0.19509 0.980785
  outer loop
   vertex -40.000000 -15.380000 23.750000
   vertex -40.000000 -15.667013 23.692910
   vertex -32.800000 -15.667013 23.692910
  endloop
 endfacet
 facet normal 0 -0.19509 0.980785
  outer loop
   vertex -40.000000 -15.380000 23.750000
   vertex -32.800000 -15.667013 23.692910
   vertex -32.800000 -15.380000 23.750000
  endloop
 endfacet
 facet normal -1 0 0
  outer loop
   vertex -40.000000 -15.380000 23.000000
   vertex -40.000000 -15.667013 23.692910
   vertex -40.000000 -15.380000 23.750000
  endloop
 endfacet
 facet normal 1 0 -0
  outer loop
   vertex -32.800000 -15.380000 23.000000
   vertex -32.800000 -15.380000 23.750000
   vertex -32.800000 -15.667013 23.692910
  endloop
 endfacet
 facet normal 0 -0.55557 0.83147
  outer loop
   vertex -40.000000 -15.667013 23.692910
   vertex -40.000000 -15.910330 23.530330
   vertex -32.800000 -15.910330 23.530330
  endloop
 endfacet
 facet normal 0 -0.55557 0.83147
  outer loop
   vertex -40.000000 -15.667013 23.692910
   vertex -32.800000 -15.910330 23.530330
   vertex -32.800000 -15.667013 23.692910
  endloop
 endfacet
 facet normal -1 0 0
  outer loop
   vertex -40.000000 -15.380000 23.000000
   vertex -40.000000 -15.910330 23.530330
   vertex -40.000000 -15.667013 23.692910
  endloop
 endfacet
 facet normal 1 0 0
  outer loop
   vertex -32.800000 -15.380000 23.000000
   vertex -32.800000 -15.667013 23.692910
   vertex -32.800000 -15.910330 23.530330
  endloop
 endfacet
 facet normal 0 -0.83147 0.55557
  outer loop
   vertex -40.000000 -15.910330 23.530330
   vertex -40.000000 -16.072910 23.287013
   vertex -32.800000 -16.072910 23.287013
  endloop
 endfacet
 facet normal 0 -0.83147 0.55557
  outer loop
   vertex -40.000000 -15.910330 23.530330
   vertex -32.800000 -16.072910 23.287013
   vertex -32.800000 -15.910330 23.530330
  endloop
 endfacet
 facet normal -1 0 0
  outer loop
   vertex -40.000000 -15.380000 23.000000
   vertex -40.000000 -16.072910 23.287013
   vertex -40.000000 -15.910330 23.530330
  endloop
 endfacet
 facet normal 1 0 0
  outer loop
   vertex -32.800000 -15.380000 23.000000
   vertex -32.800000 -15.910330 23.530330
   vertex -32.800000 -16.072910 23.287013
  endloop
 endfacet
 facet normal 0 -0.980785 0.19509
  outer loop
   vertex -40.000000 -16.072910 23.287013
   vertex -40.000000 -16.130000 23.000000
   vertex -32.800000 -16.130000 23.000000
  endloop
 endfacet
 facet normal 0 -0.980785 0.19509
  outer loop
   vertex -40.000000 -16.072910 23.287013
   vertex -32.800000 -16.130000 23.000000
   vertex -32.800000 -16.072910 23.287013
  endloop
 endfacet
 facet normal -1 0 0
  outer loop
   vertex -40.000000 -15.380000 23.000000
   vertex -40.000000 -16.130000 23.000000
   vertex -40.000000 -16.072910 23.287013
  endloop
 endfacet
 facet normal 1 0 0
  outer loop
   vertex -32.800000 -15.380000 23.000000
   vertex -32.800000 -16.072910 23.287013
   vertex -32.800000 -16.130000 23.000000
  endloop
 endfacet
 facet normal 0 -0.980785 -0.19509
  outer loop
   vertex -40.000000 -16.130000 23.000000
   vertex -40.000000 -16.072910 22.712987
   vertex -32.800000 -16.072910 22.712987
  endloop
 endfacet
 facet normal 0 -0.980785 -0.19509
  outer loop
   vertex -40.000000 -16.130000 23.000000
   vertex -32.800000 -16.072910 22.712987
   vertex -32.800000 -16.130000 23.000000
  endloop
 endfacet
 facet normal -1 -0 0
  outer loop
   vertex -40.000000 -15.380000 23.000000
   vertex -40.000000 -16.072910 22.712987
   vertex -40.000000 -16.130000 23.000000
  endloop
 endfacet
 facet normal 1 0 0
  outer loop
   vertex -32.800000 -15.380000 23.000000
   vertex -32.800000 -16.130000 23.000000
   vertex -32.800000 -16.072910 22.712987
  endloop
 endfacet
 facet normal 0 -0.83147 -0.55557
  outer loop
   vertex -40.000000 -16.072910 22.712987
   vertex -40.000000 -15.910330 22.469670
   vertex -32.800000 -15.910330 22.469670
  endloop
 endfacet
 facet normal 0 -0.83147 -0.55557
  outer loop
   vertex -40.000000 -16.072910 22.712987
   vertex -32.800000 -15.910330 22.469670
   vertex -32.800000 -16.072910 22.712987
  endloop
 endfacet
 facet normal -1 0 0
  outer loop
   vertex -40.000000 -15.380000 23.000000
   vertex -40.000000 -15.910330 22.469670
   vertex -40.000000 -16.072910 22.712987
  endloop
 endfacet
 facet normal 1 0 0
  outer loop
   vertex -32.800000 -15.380000 23.000000
   vertex -32.800000 -16.072910 22.712987
   vertex -32.800000 -15.910330 22.469670
  endloop
 endfacet
 facet normal 0 -0.55557 -0.83147
  outer loop
   vertex -40.000000 -15.910330 22.469670
   vertex -40.000000 -15.667013 22.307090
   vertex -32.800000 -15.667013 22.307090
  endloop
 endfacet
 facet normal 0 -0.55557 -0.83147
  outer loop
   vertex -40.000000 -15.910330 22.469670
   vertex -32.800000 -15.667013 22.307090
   vertex -32.800000 -15.910330 22.469670
  endloop
 endfacet
 facet normal -1 0 0
  outer loop
   vertex -40.000000 -15.380000 23.000000
   vertex -40.000000 -15.667013 22.307090
   vertex -40.000000 -15.910330 22.469670
  endloop
 endfacet
 facet normal 1 0 0
  outer loop
   vertex -32.800000 -15.380000 23.000000
   vertex -32.800000 -15.910330 22.469670
   vertex -32.800000 -15.667013 22.307090
  endloop
 endfacet
 facet normal 0 -0.19509 -0.980785
  outer loop
   vertex -40.000000 -15.667013 22.307090
   vertex -40.000000 -15.380000 22.250000
   vertex -32.800000 -15.380000 22.250000
  endloop
 endfacet
 facet normal 0 -0.19509 -0.980785
  outer loop
   vertex -40.000000 -15.667013 22.307090
   vertex -32.800000 -15.380000 22.250000
   vertex -32.800000 -15.667013 22.307090
  endloop
 endfacet
 facet normal -1 0 -0
  outer loop
   vertex -40.000000 -15.380000 23.000000
   vertex -40.000000 -15.380000 22.250000
   vertex -40.000000 -15.667013 22.307090
  endloop
 endfacet
 facet normal 1 0 0
  outer loop
   vertex -32.800000 -15.380000 23.000000
   vertex -32.800000 -15.667013 22.307090
   vertex -32.800000 -15.380000 22.250000
  endloop
 endfacet
 facet normal 0 0.19509 -0.980785
  outer loop
   vertex -40.000000 -15.380000 22.250000
   vertex -40.000000 -15.092987 22.307090
   vertex -32.800000 -15.092987 22.307090
  endloop
 endfacet
 facet normal 0 0.19509 -0.980785
  outer loop
   vertex -40.000000 -15.380000 22.250000
   vertex -32.800000 -15.092987 22.307090
   vertex -32.800000 -15.380000 22.250000
  endloop
 endfacet
 facet normal -1 0 0
  outer loop
   vertex -40.000000 -15.380000 23.000000
   vertex -40.000000 -15.092987 22.307090
   vertex -40.000000 -15.380000 22.250000
  endloop
 endfacet
 facet normal 1 0 0
  outer loop
   vertex -32.800000 -15.380000 23.000000
   vertex -32.800000 -15.380000 22.250000
   vertex -32.800000 -15.092987 22.307090
  endloop
 endfacet
 facet normal 0 0.55557 -0.83147
  outer loop
   vertex -40.000000 -15.092987 22.307090
   vertex -40.000000 -14.849670 22.469670
   vertex -32.800000 -14.849670 22.469670
  endloop
 endfacet
 facet normal 0 0.55557 -0.83147
  outer loop
   vertex -40.000000 -15.092987 22.307090
   vertex -32.800000 -14.849670 22.469670
   vertex -32.800000 -15.092987 22.307090
  endloop
 endfacet
 facet normal -1 0 0
  outer loop
   vertex -40.000000 -15.380000 23.000000
   vertex -40.000000 -14.849670 22.469670
   vertex -40.000000 -15.092987 22.307090
  endloop
 endfacet
 facet normal 1 0 0
  outer loop
   vertex -32.800000 -15.380000 23.000000
   vertex -32.800000 -15.092987 22.307090
   vertex -32.800000 -14.849670 22.469670
  endloop
 endfacet
 facet normal 0 0.83147 -0.55557
  outer loop
   vertex -40.000000 -14.849670 22.469670
   vertex -40.000000 -14.687090 22.712987
   vertex -32.800000 -14.687090 22.712987
  endloop
 endfacet
 facet normal 0 0.83147 -0.55557
  outer loop
   vertex -40.000000 -14.849670 22.469670
   vertex -32.800000 -14.687090 22.712987
   vertex -32.800000 -14.849670 22.469670
  endloop
 endfacet
 facet normal -1 0 0
  outer loop
   vertex -40.000000 -15.380000 23.000000
   vertex -40.000000 -14.687090 22.712987
   vertex -40.000000 -14.849670 22.469670
  endloop
 endfacet
 facet normal 1 0 0
  outer loop
   vertex -32.800000 -15.380000 23.000000
   vertex -32.800000 -14.849670 22.469670
   vertex -32.800000 -14.687090 22.712987
  endloop
 endfacet
 facet normal 0 0.980785 -0.19509
  outer loop
   vertex -40.000000 -14.687090 22.712987
   vertex -40.000000 -14.630000 23.000000
   vertex -32.800000 -14.630000 23.000000
  endloop
 endfacet
 facet normal 0 0.980785 -0.19509
  outer loop
   vertex -40.000000 -14.687090 22.712987
   vertex -32.800000 -14.630000 23.000000
   vertex -32.800000 -14.687090 22.712987
  endloop
 endfacet
 facet normal -1 0 0
  outer loop
   vertex -40.000000 -15.380000 23.000000
   vertex -40.000000 -14.630000 23.000000
   vertex -40.000000 -14.687090 22.712987
  endloop
 endfacet
 facet normal 1 -0 0
  outer loop
   vertex -32.800000 -15.380000 23.000000
   vertex -32.800000 -14.687090 22.712987
   vertex -32.800000 -14.630000 23.000000
  endloop
 endfacet
 facet normal -0.980785 0 -0.19509
  outer loop
   vertex -29.350000 -20.950000 15.000000
   vertex -29.399478 -20.950000 15.248744
   vertex -29.399478 20.950000 15.248744
  endloop
 endfacet
 facet normal -0.980785 0 -0.19509
  outer loop
   vertex -29.350000 -20.950000 15.000000
   vertex -29.399478 20.950000 15.248744
   vertex -29.350000 20.950000 15.000000
  endloop
 endfacet
 facet normal 0 1 0
  outer loop
   vertex -30.000000 -20.950000 15.000000
   vertex -29.399478 -20.950000 15.248744
   vertex -29.350000 -20.950000 15.000000
  endloop
 endfacet
 facet normal 0 -1 0
  outer loop
   vertex -30.000000 20.950000 15.000000
   vertex -29.350000 20.950000 15.000000
   vertex -29.399478 20.950000 15.248744
  endloop
 endfacet
 facet normal -0.83147 0 -0.55557
  outer loop
   vertex -29.399478 -20.950000 15.248744
   vertex -29.540381 -20.950000 15.459619
   vertex -29.540381 20.950000 15.459619
  endloop
 endfacet
 facet normal -0.83147 0 -0.55557
  outer loop
   vertex -29.399478 -20.950000 15.248744
   vertex -29.540381 20.950000 15.459619
   vertex -29.399478 20.950000 15.248744
  endloop
 endfacet
 facet normal 0 1 0
  outer loop
   vertex -30.000000 -20.950000 15.000000
   vertex -29.540381 -20.950000 15.459619
   vertex -29.399478 -20.950000 15.248744
  endloop
 endfacet
 facet normal 0 -1 0
  outer loop
   vertex -30.000000 20.950000 15.000000
   vertex -29.399478 20.950000 15.248744
   vertex -29.540381 20.950000 15.459619
  endloop
 endfacet
 facet normal -0.55557 0 -0.83147
  outer loop
   vertex -29.540381 -20.950000 15.459619
   vertex -29.751256 -20.950000 15.600522
   vertex -29.751256 20.950000 15.600522
  endloop
 endfacet
 facet normal -0.55557 0 -0.83147
  outer loop
   vertex -29.540381 -20.950000 15.459619
   vertex -29.751256 20.950000 15.600522
   vertex -29.540381 20.950000 15.459619
  endloop
 endfacet
 facet normal 0 1 0
  outer loop
   vertex -30.000000 -20.950000 15.000000
   vertex -29.751256 -20.950000 15.600522
   vertex -29.540381 -20.950000 15.459619
  endloop
 endfacet
 facet normal 0 -1 0
  outer loop
   vertex -30.000000 20.950000 15.000000
   vertex -29.540381 20.950000 15.459619
   vertex -29.751256 20.950000 15.600522
  endloop
 endfacet
 facet normal -0.19509 0 -0.980785
  outer loop
   vertex -29.751256 -20.950000 15.600522
   vertex -30.000000 -20.950000 15.650000
   vertex -30.000000 20.950000 15.650000
  endloop
 endfacet
 facet normal -0.19509 0 -0.980785
  outer loop
   vertex -29.751256 -20.950000 15.600522
   vertex -30.000000 20.950000 15.650000
   vertex -29.751256 20.950000 15.600522
  endloop
 endfacet
 facet normal 0 1 0
  outer loop
   vertex -30.000000 -20.950000 15.000000
   vertex -30.000000 -20.950000 15.650000
   vertex -29.751256 -20.950000 15.600522
  endloop
 endfacet
 facet normal 0 -1 0
  outer loop
   vertex -30.000000 20.950000 15.000000
   vertex -29.751256 20.950000 15.600522
   vertex -30.000000 20.950000 15.650000
  endloop
 endfacet
 facet normal 0.19509 0 -0.980785
  outer loop
   vertex -30.000000 -20.950000 15.650000
   vertex -30.248744 -20.950000 15.600522
   vertex -30.248744 20.950000 15.600522
  endloop
 endfacet
 facet normal 0.19509 0 -0.980785
  outer loop
   vertex -30.000000 -20.950000 15.650000
   vertex -30.248744 20.950000 15.600522
   vertex -30.000000 20.950000 15.650000
  endloop
 endfacet
 facet normal 0 1 -0
  outer loop
   vertex -30.000000 -20.950000 15.000000
   vertex -30.248744 -20.950000 15.600522
   vertex -30.000000 -20.950000 15.650000
  endloop
 endfacet
 facet normal 0 -1 0
  outer loop
   vertex -30.000000 20.950000 15.000000
   vertex -30.000000 20.950000 15.650000
   vertex -30.248744 20.950000 15.600522
  endloop
 endfacet
 facet normal 0.55557 0 -0.83147
  outer loop
   vertex -30.248744 -20.950000 15.600522
   vertex -30.459619 -20.950000 15.459619
   vertex -30.459619 20.950000 15.459619
  endloop
 endfacet
 facet normal 0.55557 0 -0.83147
  outer loop
   vertex -30.248744 -20.950000 15.600522
   vertex -30.459619 20.950000 15.459619
   vertex -30.248744 20.950000 15.600522
  endloop
 endfacet
 facet normal 0 1 0
  outer loop
   vertex -30.000000 -20.950000 15.000000
   vertex -30.459619 -20.950000 15.459619
   vertex -30.248744 -20.950000 15.600522
  endloop
 endfacet
 facet normal 0 -1 0
  outer loop
   vertex -30.000000 20.950000 15.000000
   vertex -30.248744 20.950000 15.600522
   vertex -30.459619 20.950000 15.459619
  endloop
 endfacet
 facet normal 0.83147 0 -0.55557
  outer loop
   vertex -30.459619 -20.950000 15.459619
   vertex -30.600522 -20.950000 15.248744
   vertex -30.600522 20.950000 15.248744
  endloop
 endfacet
 facet normal 0.83147 0 -0.55557
  outer loop
   vertex -30.459619 -20.950000 15.459619
   vertex -30.600522 20.950000 15.248744
   vertex -30.459619 20.950000 15.459619
  endloop
 endfacet
 facet normal 0 1 0
  outer loop
   vertex -30.000000 -20.950000 15.000000
   vertex -30.600522 -20.950000 15.248744
   vertex -30.459619 -20.950000 15.459619
  endloop
 endfacet
 facet normal 0 -1 0
  outer loop
   vertex -30.000000 20.950000 15.000000
   vertex -30.459619 20.950000 15.459619
   vertex -30.600522 20.950000 15.248744
  endloop
 endfacet
 facet normal 0.980785 0 -0.19509
  outer loop
   vertex -30.600522 -20.950000 15.248744
   vertex -30.650000 -20.950000 15.000000
   vertex -30.650000 20.950000 15.000000
  endloop
 endfacet
 facet normal 0.980785 0 -0.19509
  outer loop
   vertex -30.600522 -20.950000 15.248744
   vertex -30.650000 20.950000 15.000000
   vertex -30.600522 20.950000 15.248744
  endloop
 endfacet
 facet normal 0 1 0
  outer loop
   vertex -30.000000 -20.950000 15.000000
   vertex -30.650000 -20.950000 15.000000
   vertex -30.600522 -20.950000 15.248744
  endloop
 endfacet
 facet normal 0 -1 0
  outer loop
   vertex -30.000000 20.950000 15.000000
   vertex -30.600522 20.950000 15.248744
   vertex -30.650000 20.950000 15.000000
  endloop
 endfacet
 facet normal 0.980785 0 0.19509
  outer loop
   vertex -30.650000 -20.950000 15.000000
   vertex -30.600522 -20.950000 14.751256
   vertex -30.600522 20.950000 14.751256
  endloop
 endfacet
 facet normal 0.980785 -0 0.19509
  outer loop
   vertex -30.650000 -20.950000 15.000000
   vertex -30.600522 20.950000 14.751256
   vertex -30.650000 20.950000 15.000000
  endloop
 endfacet
 facet normal 0 1 0
  outer loop
   vertex -30.000000 -20.950000 15.000000
   vertex -30.600522 -20.950000 14.751256
   vertex -30.650000 -20.950000 15.000000
  endloop
 endfacet
 facet normal -0 -1 0
  outer loop
   vertex -30.000000 20.950000 15.000000
   vertex -30.650000 20.950000 15.000000
   vertex -30.600522 20.950000 14.751256
  endloop
 endfacet
 facet normal 0.83147 0 0.55557
  outer loop
   vertex -30.600522 -20.950000 14.751256
   vertex -30.459619 -20.950000 14.540381
   vertex -30.459619 20.950000 14.540381
  endloop
 endfacet
 facet normal 0.83147 -0 0.55557
  outer loop
   vertex -30.600522 -20.950000 14.751256
   vertex -30.459619 20.950000 14.540381
   vertex -30.600522 20.950000 14.751256
  endloop
 endfacet
 facet normal 0 1 0
  outer loop
   vertex -30.000000 -20.950000 15.000000
   vertex -30.459619 -20.950000 14.540381
   vertex -30.600522 -20.950000 14.751256
  endloop
 endfacet
 facet normal 0 -1 0
  outer loop
   vertex -30.000000 20.950000 15.000000
   vertex -30.600522 20.950000 14.751256
   vertex -30.459619 20.950000 14.540381
  endloop
 endfacet
 facet normal 0.55557 0 0.83147
  outer loop
   vertex -30.459619 -20.950000 14.540381
   vertex -30.248744 -20.950000 14.399478
   vertex -30.248744 20.950000 14.399478
  endloop
 endfacet
 facet normal 0.55557 -0 0.83147
  outer loop
   vertex -30.459619 -20.950000 14.540381
   vertex -30.248744 20.950000 14.399478
   vertex -30.459619 20.950000 14.540381
  endloop
 endfacet
 facet normal 0 1 0
  outer loop
   vertex -30.000000 -20.950000 15.000000
   vertex -30.248744 -20.950000 14.399478
   vertex -30.459619 -20.950000 14.540381
  endloop
 endfacet
 facet normal 0 -1 0
  outer loop
   vertex -30.000000 20.950000 15.000000
   vertex -30.459619 20.950000 14.540381
   vertex -30.248744 20.950000 14.399478
  endloop
 endfacet
 facet normal 0.19509 0 0.980785
  outer loop
   vertex -30.248744 -20.950000 14.399478
   vertex -30.000000 -20.950000 14.350000
   vertex -30.000000 20.950000 14.350000
  endloop
 endfacet
 facet normal 0.19509 -0 0.980785
  outer loop
   vertex -30.248744 -20.950000 14.399478
   vertex -30.000000 20.950000 14.350000
   vertex -30.248744 20.950000 14.399478
  endloop
 endfacet
 facet normal 0 1 0
  outer loop
   vertex -30.000000 -20.950000 15.000000
   vertex -30.000000 -20.950000 14.350000
   vertex -30.248744 -20.950000 14.399478
  endloop
 endfacet
 facet normal 0 -1 -0
  outer loop
   vertex -30.000000 20.950000 15.000000
   vertex -30.248744 20.950000 14.399478
   vertex -30.000000 20.950000 14.350000
  endloop
 endfacet
 facet normal -0.19509 0 0.980785
  outer loop
   vertex -30.000000 -20.950000 14.350000
   vertex -29.751256 -20.950000 14.399478
   vertex -29.751256 20.950000 14.399478
  endloop
 endfacet
 facet normal -0.19509 0 0.980785
  outer loop
   vertex -30.000000 -20.950000 14.350000
   vertex -29.751256 20.950000 14.399478
   vertex -30.000000 20.950000 14.350000
  endloop
 endfacet
 facet normal 0 1 0
  outer loop
   vertex -30.000000 -20.950000 15.000000
   vertex -29.751256 -20.950000 14.399478
   vertex -30.000000 -20.950000 14.350000
  endloop
 endfacet
 facet normal 0 -1 0
  outer loop
   vertex -30.000000 20.950000 15.000000
   vertex -30.000000 20.950000 14.350000
   vertex -29.751256 20.950000 14.399478
  endloop
 endfacet
 facet normal -0.55557 0 0.83147
  outer loop
   vertex -29.751256 -20.950000 14.399478
   vertex -29.540381 -20.950000 14.540381
   vertex -29.540381 20.950000 14.540381
  endloop
 endfacet
 facet normal -0.55557 0 0.83147
  outer loop
   vertex -29.751256 -20.950000 14.399478
   vertex -29.540381 20.950000 14.540381
   vertex -29.751256 20.950000 14.399478
  endloop
 endfacet
 facet normal 0 1 0
  outer loop
   vertex -30.000000 -20.950000 15.000000
   vertex -29.540381 -20.950000 14.540381
   vertex -29.751256 -20.950000 14.399478
  endloop
 endfacet
 facet normal 0 -1 0
  outer loop
   vertex -30.000000 20.950000 15.000000
   vertex -29.751256 20.950000 14.399478
   vertex -29.540381 20.950000 14.540381
  endloop
 endfacet
 facet normal -0.83147 0 0.55557
  outer loop
   vertex -29.540381 -20.950000 14.540381
   vertex -29.399478 -20.950000 14.751256
   vertex -29.399478 20.950000 14.751256
  endloop
 endfacet
 facet normal -0.83147 0 0.55557
  outer loop
   vertex -29.540381 -20.950000 14.540381
   vertex -29.399478 20.950000 14.751256
   vertex -29.540381 20.950000 14.540381
  endloop
 endfacet
 facet normal 0 1 0
  outer loop
   vertex -30.000000 -20.950000 15.000000
   vertex -29.399478 -20.950000 14.751256
   vertex -29.540381 -20.950000 14.540381
  endloop
 endfacet
 facet normal 0 -1 0
  outer loop
   vertex -30.000000 20.950000 15.000000
   vertex -29.540381 20.950000 14.540381
   vertex -29.399478 20.950000 14.751256
  endloop
 endfacet
 facet normal -0.980785 0 0.19509
  outer loop
   vertex -29.399478 -20.950000 14.751256
   vertex -29.350000 -20.950000 15.000000
   vertex -29.350000 20.950000 15.000000
  endloop
 endfacet
 facet normal -0.980785 0 0.19509
  outer loop
   vertex -29.399478 -20.950000 14.751256
   vertex -29.350000 20.950000 15.000000
   vertex -29.399478 20.950000 14.751256
  endloop
 endfacet
 facet normal -0 1 0
  outer loop
   vertex -30.000000 -20.950000 15.000000
   vertex -29.350000 -20.950000 15.000000
   vertex -29.399478 -20.950000 14.751256
  endloop
 endfacet
 facet normal 0 -1 0
  outer loop
   vertex -30.000000 20.950000 15.000000
   vertex -29.399478 20.950000 14.751256
   vertex -29.350000 20.950000 15.000000
  endloop
 endfacet
 facet normal -0.980785 0 -0.19509
  outer loop
   vertex 30.650000 -20.950000 15.000000
   vertex 30.600522 -20.950000 15.248744
   vertex 30.600522 20.950000 15.248744
  endloop
 endfacet
 facet normal -0.980785 0 -0.19509
  outer loop
   vertex 30.650000 -20.950000 15.000000
   vertex 30.600522 20.950000 15.248744
   vertex 30.650000 20.950000 15.000000
  endloop
 endfacet
 facet normal 0 1 0
  outer loop
   vertex 30.000000 -20.950000 15.000000
   vertex 30.600522 -20.950000 15.248744
   vertex 30.650000 -20.950000 15.000000
  endloop
 endfacet
 facet normal 0 -1 0
  outer loop
   vertex 30.000000 20.950000 15.000000
   vertex 30.650000 20.950000 15.000000
   vertex 30.600522 20.950000 15.248744
  endloop
 endfacet
 facet normal -0.83147 0 -0.55557
  outer loop
   vertex 30.600522 -20.950000 15.248744
   vertex 30.459619 -20.950000 15.459619
   vertex 30.459619 20.950000 15.459619
  endloop
 endfacet
 facet normal -0.83147 0 -0.55557
  outer loop
   vertex 30.600522 -20.950000 15.248744
   vertex 30.459619 20.950000 15.459619
   vertex 30.600522 20.950000 15.248744
  endloop
 endfacet
 facet normal 0 1 0
  outer loop
   vertex 30.000000 -20.950000 15.000000
   vertex 30.459619 -20.950000 15.459619
   vertex 30.600522 -20.950000 15.248744
  endloop
 endfacet
 facet normal 0 -1 0
  outer loop
   vertex 30.000000 20.950000 15.000000
   vertex 30.600522 20.950000 15.248744
   vertex 30.459619 20.950000 15.459619
  endloop
 endfacet
 facet normal -0.55557 0 -0.83147
  outer loop
   vertex 30.459619 -20.950000 15.459619
   vertex 30.248744 -20.950000 15.600522
   vertex 30.248744 20.950000 15.600522
  endloop
 endfacet
 facet normal -0.55557 0 -0.83147
  outer loop
   vertex 30.459619 -20.950000 15.459619
   vertex 30.248744 20.950000 15.600522
   vertex 30.459619 20.950000 15.459619
  endloop
 endfacet
 facet normal 0 1 0
  outer loop
   vertex 30.000000 -20.950000 15.000000
   vertex 30.248744 -20.950000 15.600522
   vertex 30.459619 -20.950000 15.459619
  endloop
 endfacet
 facet normal 0 -1 0
  outer loop
   vertex 30.000000 20.950000 15.000000
   vertex 30.459619 20.950000 15.459619
   vertex 30.248744 20.950000 15.600522
  endloop
 endfacet
 facet normal -0.19509 0 -0.980785
  outer loop
   vertex 30.248744 -20.950000 15.600522
   vertex 30.000000 -20.950000 15.650000
   vertex 30.000000 20.950000 15.650000
  endloop
 endfacet
 facet normal -0.19509 0 -0.980785
  outer loop
   vertex 30.248744 -20.950000 15.600522
   vertex 30.000000 20.950000 15.650000
   vertex 30.248744 20.950000 15.600522
  endloop
 endfacet
 facet normal 0 1 0
  outer loop
   vertex 30.000000 -20.950000 15.000000
   vertex 30.000000 -20.950000 15.650000
   vertex 30.248744 -20.950000 15.600522
  endloop
 endfacet
 facet normal 0 -1 0
  outer loop
   vertex 30.000000 20.950000 15.000000
   vertex 30.248744 20.950000 15.600522
   vertex 30.000000 20.950000 15.650000
  endloop
 endfacet
 facet normal 0.19509 0 -0.980785
  outer loop
   vertex 30.000000 -20.950000 15.650000
   vertex 29.751256 -20.950000 15.600522
   vertex 29.751256 20.950000 15.600522
  endloop
 endfacet
 facet normal 0.19509 0 -0.980785
  outer loop
   vertex 30.000000 -20.950000 15.650000
   vertex 29.751256 20.950000 15.600522
   vertex 30.000000 20.950000 15.650000
  endloop
 endfacet
 facet normal 0 1 -0
  outer loop
   vertex 30.000000 -20.950000 15.000000
   vertex 29.751256 -20.950000 15.600522
   vertex 30.000000 -20.950000 15.650000
  endloop
 endfacet
 facet normal 0 -1 0
  outer loop
   vertex 30.000000 20.950000 15.000000
   vertex 30.000000 20.950000 15.650000
   vertex 29.751256 20.950000 15.600522
  endloop
 endfacet
 facet normal 0.55557 0 -0.83147
  outer loop
   vertex 29.751256 -20.950000 15.600522
   vertex 29.540381 -20.950000 15.459619
   vertex 29.540381 20.950000 15.459619
  endloop
 endfacet
 facet normal 0.55557 0 -0.83147
  outer loop
   vertex 29.751256 -20.950000 15.600522
   vertex 29.540381 20.950000 15.459619
   vertex 29.751256 20.950000 15.600522
  endloop
 endfacet
 facet normal 0 1 0
  outer loop
   vertex 30.000000 -20.950000 15.000000
   vertex 29.540381 -20.950000 15.459619
   vertex 29.751256 -20.950000 15.600522
  endloop
 endfacet
 facet normal 0 -1 0
  outer loop
   vertex 30.000000 20.950000 15.000000
   vertex 29.751256 20.950000 15.600522
   vertex 29.540381 20.950000 15.459619
  endloop
 endfacet
 facet normal 0.83147 0 -0.55557
  outer loop
   vertex 29.540381 -20.950000 15.459619
   vertex 29.399478 -20.950000 15.248744
   vertex 29.399478 20.950000 15.248744
  endloop
 endfacet
 facet normal 0.83147 0 -0.55557
  outer loop
   vertex 29.540381 -20.950000 15.459619
   vertex 29.399478 20.950000 15.248744
   vertex 29.540381 20.950000 15.459619
  endloop
 endfacet
 facet normal 0 1 0
  outer loop
   vertex 30.000000 -20.950000 15.000000
   vertex 29.399478 -20.950000 15.248744
   vertex 29.540381 -20.950000 15.459619
  endloop
 endfacet
 facet normal 0 -1 0
  outer loop
   vertex 30.000000 20.950000 15.000000
   vertex 29.540381 20.950000 15.459619
   vertex 29.399478 20.950000 15.248744
  endloop
 endfacet
 facet normal 0.980785 0 -0.19509
  outer loop
   vertex 29.399478 -20.950000 15.248744
   vertex 29.350000 -20.950000 15.000000
   vertex 29.350000 20.950000 15.000000
  endloop
 endfacet
 facet normal 0.980785 0 -0.19509
  outer loop
   vertex 29.399478 -20.950000 15.248744
   vertex 29.350000 20.950000 15.000000
   vertex 29.399478 20.950000 15.248744
  endloop
 endfacet
 facet normal 0 1 0
  outer loop
   vertex 30.000000 -20.950000 15.000000
   vertex 29.350000 -20.950000 15.000000
   vertex 29.399478 -20.950000 15.248744
  endloop
 endfacet
 facet normal 0 -1 0
  outer loop
   vertex 30.000000 20.950000 15.000000
   vertex 29.399478 20.950000 15.248744
   vertex 29.350000 20.950000 15.000000
  endloop
 endfacet
 facet normal 0.980785 0 0.19509
  outer loop
   vertex 29.350000 -20.950000 15.000000
   vertex 29.399478 -20.950000 14.751256
   vertex 29.399478 20.950000 14.751256
  endloop
 endfacet
 facet normal 0.980785 -0 0.19509
  outer loop
   vertex 29.350000 -20.950000 15.000000
   vertex 29.399478 20.950000 14.751256
   vertex 29.350000 20.950000 15.000000
  endloop
 endfacet
 facet normal 0 1 0
  outer loop
   vertex 30.000000 -20.950000 15.000000
   vertex 29.399478 -20.950000 14.751256
   vertex 29.350000 -20.950000 15.000000
  endloop
 endfacet
 facet normal -0 -1 0
  outer loop
   vertex 30.000000 20.950000 15.000000
   vertex 29.350000 20.950000 15.000000
   vertex 29.399478 20.950000 14.751256
  endloop
 endfacet
 facet normal 0.83147 0 0.55557
  outer loop
   vertex 29.399478 -20.950000 14.751256
   vertex 29.540381 -20.950000 14.540381
   vertex 29.540381 20.950000 14.540381
  endloop
 endfacet
 facet normal 0.83147 -0 0.55557
  outer loop
   vertex 29.399478 -20.950000 14.751256
   vertex 29.540381 20.950000 14.540381
   vertex 29.399478 20.950000 14.751256
  endloop
 endfacet
 facet normal 0 1 0
  outer loop
   vertex 30.000000 -20.950000 15.000000
   vertex 29.540381 -20.950000 14.540381
   vertex 29.399478 -20.950000 14.751256
  endloop
 endfacet
 facet normal 0 -1 0
  outer loop
   vertex 30.000000 20.950000 15.000000
   vertex 29.399478 20.950000 14.751256
   vertex 29.540381 20.950000 14.540381
  endloop
 endfacet
 facet normal 0.55557 0 0.83147
  outer loop
   vertex 29.540381 -20.950000 14.540381
   vertex 29.751256 -20.950000 14.399478
   vertex 29.751256 20.950000 14.399478
  endloop
 endfacet
 facet normal 0.55557 -0 0.83147
  outer loop
   vertex 29.540381 -20.950000 14.540381
   vertex 29.751256 20.950000 14.399478
   vertex 29.540381 20.950000 14.540381
  endloop
 endfacet
 facet normal 0 1 0
  outer loop
   vertex 30.000000 -20.950000 15.000000
   vertex 29.751256 -20.950000 14.399478
   vertex 29.540381 -20.950000 14.540381
  endloop
 endfacet
 facet normal 0 -1 0
  outer loop
   vertex 30.000000 20.950000 15.000000
   vertex 29.540381 20.950000 14.540381
   vertex 29.751256 20.950000 14.399478
  endloop
 endfacet
 facet normal 0.19509 0 0.980785
  outer loop
   vertex 29.751256 -20.950000 14.399478
   vertex 30.000000 -20.950000 14.350000
   vertex 30.000000 20.950000 14.350000
  endloop
 endfacet
 facet normal 0.19509 -0 0.980785
  outer loop
   vertex 29.751256 -20.950000 14.399478
   vertex 30.000000 20.950000 14.350000
   vertex 29.751256 20.950000 14.399478
  endloop
 endfacet
 facet normal 0 1 0
  outer loop
   vertex 30.000000 -20.950000 15.000000
   vertex 30.000000 -20.950000 14.350000
   vertex 29.751256 -20.950000 14.399478
  endloop
 endfacet
 facet normal 0 -1 -0
  outer loop
   vertex 30.000000 20.950000 15.000000
   vertex 29.751256 20.950000 14.399478
   vertex 30.000000 20.950000 14.350000
  endloop
 endfacet
 facet normal -0.19509 0 0.980785
  outer loop
   vertex 30.000000 -20.950000 14.350000
   vertex 30.248744 -20.950000 14.399478
   vertex 30.248744 20.950000 14.399478
  endloop
 endfacet
 facet normal -0.19509 0 0.980785
  outer loop
   vertex 30.000000 -20.950000 14.350000
   vertex 30.248744 20.950000 14.399478
   vertex 30.000000 20.950000 14.350000
  endloop
 endfacet
 facet normal 0 1 0
  outer loop
   vertex 30.000000 -20.950000 15.000000
   vertex 30.248744 -20.950000 14.399478
   vertex 30.000000 -20.950000 14.350000
  endloop
 endfacet
 facet normal 0 -1 0
  outer loop
   vertex 30.000000 20.950000 15.000000
   vertex 30.000000 20.950000 14.350000
   vertex 30.248744 20.950000 14.399478
  endloop
 endfacet
 facet normal -0.55557 0 0.83147
  outer loop
   vertex 30.248744 -20.950000 14.399478
   vertex 30.459619 -20.950000 14.540381
   vertex 30.459619 20.950000 14.540381
  endloop
 endfacet
 facet normal -0.55557 0 0.83147
  outer loop
   vertex 30.248744 -20.950000 14.399478
   vertex 30.459619 20.950000 14.540381
   vertex 30.248744 20.950000 14.399478
  endloop
 endfacet
 facet normal 0 1 0
  outer loop
   vertex 30.000000 -20.950000 15.000000
   vertex 30.459619 -20.950000 14.540381
   vertex 30.248744 -20.950000 14.399478
  endloop
 endfacet
 facet normal 0 -1 0
  outer loop
   vertex 30.000000 20.950000 15.000000
   vertex 30.248744 20.950000 14.399478
   vertex 30.459619 20.950000 14.540381
  endloop
 endfacet
 facet normal -0.83147 0 0.55557
  outer loop
   vertex 30.459619 -20.950000 14.540381
   vertex 30.600522 -20.950000 14.751256
   vertex 30.600522 20.950000 14.751256
  endloop
 endfacet
 facet normal -0.83147 0 0.55557
  outer loop
   vertex 30.459619 -20.950000 14.540381
   vertex 30.600522 20.950000 14.751256
   vertex 30.459619 20.950000 14.540381
  endloop
 endfacet
 facet normal 0 1 0
  outer loop
   vertex 30.000000 -20.950000 15.000000
   vertex 30.600522 -20.950000 14.751256
   vertex 30.459619 -20.950000 14.540381
  endloop
 endfacet
 facet normal 0 -1 0
  outer loop
   vertex 30.000000 20.950000 15.000000
   vertex 30.459619 20.950000 14.540381
   vertex 30.600522 20.950000 14.751256
  endloop
 endfacet
 facet normal -0.980785 0 0.19509
  outer loop
   vertex 30.600522 -20.950000 14.751256
   vertex 30.650000 -20.950000 15.000000
   vertex 30.650000 20.950000 15.000000
  endloop
 endfacet
 facet normal -0.980785 0 0.19509
  outer loop
   vertex 30.600522 -20.950000 14.751256
   vertex 30.650000 20.950000 15.000000
   vertex 30.600522 20.950000 14.751256
  endloop
 endfacet
 facet normal -0 1 0
  outer loop
   vertex 30.000000 -20.950000 15.000000
   vertex 30.650000 -20.950000 15.000000
   vertex 30.600522 -20.950000 14.751256
  endloop
 endfacet
 facet normal 0 -1 0
  outer loop
   vertex 30.000000 20.950000 15.000000
   vertex 30.600522 20.950000 14.751256
   vertex 30.650000 20.950000 15.000000
  endloop
 endfacet
 facet normal 0 0.980785 0.19509
  outer loop
   vertex -43.000000 -21.580000 10.500000
   vertex -43.000000 -21.640896 10.806147
   vertex -33.000000 -21.640896 10.806147
  endloop
 endfacet
 facet normal -0 0.980785 0.19509
  outer loop
   vertex -43.000000 -21.580000 10.500000
   vertex -33.000000 -21.640896 10.806147
   vertex -33.000000 -21.580000 10.500000
  endloop
 endfacet
 facet normal -1 0 0
  outer loop
   vertex -43.000000 -22.380000 10.500000
   vertex -43.000000 -21.640896 10.806147
   vertex -43.000000 -21.580000 10.500000
  endloop
 endfacet
 facet normal 1 0 0
  outer loop
   vertex -33.000000 -22.380000 10.500000
   vertex -33.000000 -21.580000 10.500000
   vertex -33.000000 -21.640896 10.806147
  endloop
 endfacet
 facet normal 0 0.83147 0.55557
  outer loop
   vertex -43.000000 -21.640896 10.806147
   vertex -43.000000 -21.814315 11.065685
   vertex -33.000000 -21.814315 11.065685
  endloop
 endfacet
 facet normal -0 0.83147 0.55557
  outer loop
   vertex -43.000000 -21.640896 10.806147
   vertex -33.000000 -21.814315 11.065685
   vertex -33.000000 -21.640896 10.806147
  endloop
 endfacet
 facet normal -1 0 0
  outer loop
   vertex -43.000000 -22.380000 10.500000
   vertex -43.000000 -21.814315 11.065685
   vertex -43.000000 -21.640896 10.806147
  endloop
 endfacet
 facet normal 1 0 0
  outer loop
   vertex -33.000000 -22.380000 10.500000
   vertex -33.000000 -21.640896 10.806147
   vertex -33.000000 -21.814315 11.065685
  endloop
 endfacet
 facet normal 0 0.55557 0.83147
  outer loop
   vertex -43.000000 -21.814315 11.065685
   vertex -43.000000 -22.073853 11.239104
   vertex -33.000000 -22.073853 11.239104
  endloop
 endfacet
 facet normal -0 0.55557 0.83147
  outer loop
   vertex -43.000000 -21.814315 11.065685
   vertex -33.000000 -22.073853 11.239104
   vertex -33.000000 -21.814315 11.065685
  endloop
 endfacet
 facet normal -1 0 0
  outer loop
   vertex -43.000000 -22.380000 10.500000
   vertex -43.000000 -22.073853 11.239104
   vertex -43.000000 -21.814315 11.065685
  endloop
 endfacet
 facet normal 1 0 0
  outer loop
   vertex -33.000000 -22.380000 10.500000
   vertex -33.000000 -21.814315 11.065685
   vertex -33.000000 -22.073853 11.239104
  endloop
 endfacet
 facet normal 0 0.19509 0.980785
  outer loop
   vertex -43.000000 -22.073853 11.239104
   vertex -43.000000 -22.380000 11.300000
   vertex -33.000000 -22.380000 11.300000
  endloop
 endfacet
 facet normal -0 0.19509 0.980785
  outer loop
   vertex -43.000000 -22.073853 11.239104
   vertex -33.000000 -22.380000 11.300000
   vertex -33.000000 -22.073853 11.239104
  endloop
 endfacet
 facet normal -1 0 0
  outer loop
   vertex -43.000000 -22.380000 10.500000
   vertex -43.000000 -22.380000 11.300000
   vertex -43.000000 -22.073853 11.239104
  endloop
 endfacet
 facet normal 1 0 0
  outer loop
   vertex -33.000000 -22.380000 10.500000
   vertex -33.000000 -22.073853 11.239104
   vertex -33.000000 -22.380000 11.300000
  endloop
 endfacet
 facet normal 0 -0.19509 0.980785
  outer loop
   vertex -43.000000 -22.380000 11.300000
   vertex -43.000000 -22.686147 11.239104
   vertex -33.000000 -22.686147 11.239104
  endloop
 endfacet
 facet normal 0 -0.19509 0.980785
  outer loop
   vertex -43.000000 -22.380000 11.300000
   vertex -33.000000 -22.686147 11.239104
   vertex -33.000000 -22.380000 11.300000
  endloop
 endfacet
 facet normal -1 0 0
  outer loop
   vertex -43.000000 -22.380000 10.500000
   vertex -43.000000 -22.686147 11.239104
   vertex -43.000000 -22.380000 11.300000
  endloop
 endfacet
 facet normal 1 0 -0
  outer loop
   vertex -33.000000 -22.380000 10.500000
   vertex -33.000000 -22.380000 11.300000
   vertex -33.000000 -22.686147 11.239104
  endloop
 endfacet
 facet normal 0 -0.55557 0.83147
  outer loop
   vertex -43.000000 -22.686147 11.239104
   vertex -43.000000 -22.945685 11.065685
   vertex -33.000000 -22.945685 11.065685
  endloop
 endfacet
 facet normal 0 -0.55557 0.83147
  outer loop
   vertex -43.000000 -22.686147 11.239104
   vertex -33.000000 -22.945685 11.065685
   vertex -33.000000 -22.686147 11.239104
  endloop
 endfacet
 facet normal -1 0 0
  outer loop
   vertex -43.000000 -22.380000 10.500000
   vertex -43.000000 -22.945685 11.065685
   vertex -43.000000 -22.686147 11.239104
  endloop
 endfacet
 facet normal 1 0 0
  outer loop
   vertex -33.000000 -22.380000 10.500000
   vertex -33.000000 -22.686147 11.239104
   vertex -33.000000 -22.945685 11.065685
  endloop
 endfacet
 facet normal 0 -0.83147 0.55557
  outer loop
   vertex -43.000000 -22.945685 11.065685
   vertex -43.000000 -23.119104 10.806147
   vertex -33.000000 -23.119104 10.806147
  endloop
 endfacet
 facet normal 0 -0.83147 0.55557
  outer loop
   vertex -43.000000 -22.945685 11.065685
   vertex -33.000000 -23.119104 10.806147
   vertex -33.000000 -22.945685 11.065685
  endloop
 endfacet
 facet normal -1 0 0
  outer loop
   vertex -43.000000 -22.380000 10.500000
   vertex -43.000000 -23.119104 10.806147
   vertex -43.000000 -22.945685 11.065685
  endloop
 endfacet
 facet normal 1 0 0
  outer loop
   vertex -33.000000 -22.380000 10.500000
   vertex -33.000000 -22.945685 11.065685
   vertex -33.000000 -23.119104 10.806147
  endloop
 endfacet
 facet normal 0 -0.980785 0.19509
  outer loop
   vertex -43.000000 -23.119104 10.806147
   vertex -43.000000 -23.180000 10.500000
   vertex -33.000000 -23.180000 10.500000
  endloop
 endfacet
 facet normal 0 -0.980785 0.19509
  outer loop
   vertex -43.000000 -23.119104 10.806147
   vertex -33.000000 -23.180000 10.500000
   vertex -33.000000 -23.119104 10.806147
  endloop
 endfacet
 facet normal -1 0 0
  outer loop
   vertex -43.000000 -22.380000 10.500000
   vertex -43.000000 -23.180000 10.500000
   vertex -43.000000 -23.119104 10.806147
  endloop
 endfacet
 facet normal 1 0 0
  outer loop
   vertex -33.000000 -22.380000 10.500000
   vertex -33.000000 -23.119104 10.806147
   vertex -33.000000 -23.180000 10.500000
  endloop
 endfacet
 facet normal 0 -0.980785 -0.19509
  outer loop
   vertex -43.000000 -23.180000 10.500000
   vertex -43.000000 -23.119104 10.193853
   vertex -33.000000 -23.119104 10.193853
  endloop
 endfacet
 facet normal 0 -0.980785 -0.19509
  outer loop
   vertex -43.000000 -23.180000 10.500000
   vertex -33.000000 -23.119104 10.193853
   vertex -33.000000 -23.180000 10.500000
  endloop
 endfacet
 facet normal -1 -0 0
  outer loop
   vertex -43.000000 -22.380000 10.500000
   vertex -43.000000 -23.119104 10.193853
   vertex -43.000000 -23.180000 10.500000
  endloop
 endfacet
 facet normal 1 0 0
  outer loop
   vertex -33.000000 -22.380000 10.500000
   vertex -33.000000 -23.180000 10.500000
   vertex -33.000000 -23.119104 10.193853
  endloop
 endfacet
 facet normal 0 -0.83147 -0.55557
  outer loop
   vertex -43.000000 -23.119104 10.193853
   vertex -43.000000 -22.945685 9.934315
   vertex -33.000000 -22.945685 9.934315
  endloop
 endfacet
 facet normal 0 -0.83147 -0.55557
  outer loop
   vertex -43.000000 -23.119104 10.193853
   vertex -33.000000 -22.945685 9.934315
   vertex -33.000000 -23.119104 10.193853
  endloop
 endfacet
 facet normal -1 0 0
  outer loop
   vertex -43.000000 -22.380000 10.500000
   vertex -43.000000 -22.945685 9.934315
   vertex -43.000000 -23.119104 10.193853
  endloop
 endfacet
 facet normal 1 0 0
  outer loop
   vertex -33.000000 -22.380000 10.500000
   vertex -33.000000 -23.119104 10.193853
   vertex -33.000000 -22.945685 9.934315
  endloop
 endfacet
 facet normal 0 -0.55557 -0.83147
  outer loop
   vertex -43.000000 -22.945685 9.934315
   vertex -43.000000 -22.686147 9.760896
   vertex -33.000000 -22.686147 9.760896
  endloop
 endfacet
 facet normal 0 -0.55557 -0.83147
  outer loop
   vertex -43.000000 -22.945685 9.934315
   vertex -33.000000 -22.686147 9.760896
   vertex -33.000000 -22.945685 9.934315
  endloop
 endfacet
 facet normal -1 0 0
  outer loop
   vertex -43.000000 -22.380000 10.500000
   vertex -43.000000 -22.686147 9.760896
   vertex -43.000000 -22.945685 9.934315
  endloop
 endfacet
 facet normal 1 0 0
  outer loop
   vertex -33.000000 -22.380000 10.500000
   vertex -33.000000 -22.945685 9.934315
   vertex -33.000000 -22.686147 9.760896
  endloop
 endfacet
 facet normal 0 -0.19509 -0.980785
  outer loop
   vertex -43.000000 -22.686147 9.760896
   vertex -43.000000 -22.380000 9.700000
   vertex -33.000000 -22.380000 9.700000
  endloop
 endfacet
 facet normal 0 -0.19509 -0.980785
  outer loop
   vertex -43.000000 -22.686147 9.760896
   vertex -33.000000 -22.380000 9.700000
   vertex -33.000000 -22.686147 9.760896
  endloop
 endfacet
 facet normal -1 0 -0
  outer loop
   vertex -43.000000 -22.380000 10.500000
   vertex -43.000000 -22.380000 9.700000
   vertex -43.000000 -22.686147 9.760896
  endloop
 endfacet
 facet normal 1 0 0
  outer loop
   vertex -33.000000 -22.380000 10.500000
   vertex -33.000000 -22.686147 9.760896
   vertex -33.000000 -22.380000 9.700000
  endloop
 endfacet
 facet normal 0 0.19509 -0.980785
  outer loop
   vertex -43.000000 -22.380000 9.700000
   vertex -43.000000 -22.073853 9.760896
   vertex -33.000000 -22.073853 9.760896
  endloop
 endfacet
 facet normal 0 0.19509 -0.980785
  outer loop
   vertex -43.000000 -22.380000 9.700000
   vertex -33.000000 -22.073853 9.760896
   vertex -33.000000 -22.380000 9.700000
  endloop
 endfacet
 facet normal -1 0 0
  outer loop
   vertex -43.000000 -22.380000 10.500000
   vertex -43.000000 -22.073853 9.760896
   vertex -43.000000 -22.380000 9.700000
  endloop
 endfacet
 facet normal 1 0 0
  outer loop
   vertex -33.000000 -22.380000 10.500000
   vertex -33.000000 -22.380000 9.700000
   vertex -33.000000 -22.073853 9.760896
  endloop
 endfacet
 facet normal 0 0.55557 -0.83147
  outer loop
   vertex -43.000000 -22.073853 9.760896
   vertex -43.000000 -21.814315 9.934315
   vertex -33.000000 -21.814315 9.934315
  endloop
 endfacet
 facet normal 0 0.55557 -0.83147
  outer loop
   vertex -43.000000 -22.073853 9.760896
   vertex -33.000000 -21.814315 9.934315
   vertex -33.000000 -22.073853 9.760896
  endloop
 endfacet
 facet normal -1 0 0
  outer loop
   vertex -43.000000 -22.380000 10.500000
   vertex -43.000000 -21.814315 9.934315
   vertex -43.000000 -22.073853 9.760896
  endloop
 endfacet
 facet normal 1 0 0
  outer loop
   vertex -33.000000 -22.380000 10.500000
   vertex -33.000000 -22.073853 9.760896
   vertex -33.000000 -21.814315 9.934315
  endloop
 endfacet
 facet normal 0 0.83147 -0.55557
  outer loop
   vertex -43.000000 -21.814315 9.934315
   vertex -43.000000 -21.640896 10.193853
   vertex -33.000000 -21.640896 10.193853
  endloop
 endfacet
 facet normal 0 0.83147 -0.55557
  outer loop
   vertex -43.000000 -21.814315 9.934315
   vertex -33.000000 -21.640896 10.193853
   vertex -33.000000 -21.814315 9.934315
  endloop
 endfacet
 facet normal -1 0 0
  outer loop
   vertex -43.000000 -22.380000 10.500000
   vertex -43.000000 -21.640896 10.193853
   vertex -43.000000 -21.814315 9.934315
  endloop
 endfacet
 facet normal 1 0 0
  outer loop
   vertex -33.000000 -22.380000 10.500000
   vertex -33.000000 -21.814315 9.934315
   vertex -33.000000 -21.640896 10.193853
  endloop
 endfacet
 facet normal 0 0.980785 -0.19509
  outer loop
   vertex -43.000000 -21.640896 10.193853
   vertex -43.000000 -21.580000 10.500000
   vertex -33.000000 -21.580000 10.500000
  endloop
 endfacet
 facet normal 0 0.980785 -0.19509
  outer loop
   vertex -43.000000 -21.640896 10.193853
   vertex -33.000000 -21.580000 10.500000
   vertex -33.000000 -21.640896 10.193853
  endloop
 endfacet
 facet normal -1 0 0
  outer loop
   vertex -43.000000 -22.380000 10.500000
   vertex -43.000000 -21.580000 10.500000
   vertex -43.000000 -21.640896 10.193853
  endloop
 endfacet
 facet normal 1 -0 0
  outer loop
   vertex -33.000000 -22.380000 10.500000
   vertex -33.000000 -21.640896 10.193853
   vertex -33.000000 -21.580000 10.500000
  endloop
 endfacet
 facet normal 0 0.980785 0.19509
  outer loop
   vertex -39.000000 -21.730000 -8.000000
   vertex -39.000000 -21.779478 -7.751256
   vertex -31.000000 -21.779478 -7.751256
  endloop
 endfacet
 facet normal -0 0.980785 0.19509
  outer loop
   vertex -39.000000 -21.730000 -8.000000
   vertex -31.000000 -21.779478 -7.751256
   vertex -31.000000 -21.730000 -8.000000
  endloop
 endfacet
 facet normal -1 0 0
  outer loop
   vertex -39.000000 -22.380000 -8.000000
   vertex -39.000000 -21.779478 -7.751256
   vertex -39.000000 -21.730000 -8.000000
  endloop
 endfacet
 facet normal 1 0 0
  outer loop
   vertex -31.000000 -22.380000 -8.000000
   vertex -31.000000 -21.730000 -8.000000
   vertex -31.000000 -21.779478 -7.751256
  endloop
 endfacet
 facet normal 0 0.83147 0.55557
  outer loop
   vertex -39.000000 -21.779478 -7.751256
   vertex -39.000000 -21.920381 -7.540381
   vertex -31.000000 -21.920381 -7.540381
  endloop
 endfacet
 facet normal -0 0.83147 0.55557
  outer loop
   vertex -39.000000 -21.779478 -7.751256
   vertex -31.000000 -21.920381 -7.540381
   vertex -31.000000 -21.779478 -7.751256
  endloop
 endfacet
 facet normal -1 0 0
  outer loop
   vertex -39.000000 -22.380000 -8.000000
   vertex -39.000000 -21.920381 -7.540381
   vertex -39.000000 -21.779478 -7.751256
  endloop
 endfacet
 facet normal 1 0 0
  outer loop
   vertex -31.000000 -22.380000 -8.000000
   vertex -31.000000 -21.779478 -7.751256
   vertex -31.000000 -21.920381 -7.540381
  endloop
 endfacet
 facet normal 0 0.55557 0.83147
  outer loop
   vertex -39.000000 -21.920381 -7.540381
   vertex -39.000000 -22.131256 -7.399478
   vertex -31.000000 -22.131256 -7.399478
  endloop
 endfacet
 facet normal -0 0.55557 0.83147
  outer loop
   vertex -39.000000 -21.920381 -7.540381
   vertex -31.000000 -22.131256 -7.399478
   vertex -31.000000 -21.920381 -7.540381
  endloop
 endfacet
 facet normal -1 0 0
  outer loop
   vertex -39.000000 -22.380000 -8.000000
   vertex -39.000000 -22.131256 -7.399478
   vertex -39.000000 -21.920381 -7.540381
  endloop
 endfacet
 facet normal 1 0 0
  outer loop
   vertex -31.000000 -22.380000 -8.000000
   vertex -31.000000 -21.920381 -7.540381
   vertex -31.000000 -22.131256 -7.399478
  endloop
 endfacet
 facet normal 0 0.19509 0.980785
  outer loop
   vertex -39.000000 -22.131256 -7.399478
   vertex -39.000000 -22.380000 -7.350000
   vertex -31.000000 -22.380000 -7.350000
  endloop
 endfacet
 facet normal -0 0.19509 0.980785
  outer loop
   vertex -39.000000 -22.131256 -7.399478
   vertex -31.000000 -22.380000 -7.350000
   vertex -31.000000 -22.131256 -7.399478
  endloop
 endfacet
 facet normal -1 0 0
  outer loop
   vertex -39.000000 -22.380000 -8.000000
   vertex -39.000000 -22.380000 -7.350000
   vertex -39.000000 -22.131256 -7.399478
  endloop
 endfacet
 facet normal 1 0 0
  outer loop
   vertex -31.000000 -22.380000 -8.000000
   vertex -31.000000 -22.131256 -7.399478
   vertex -31.000000 -22.380000 -7.350000
  endloop
 endfacet
 facet normal 0 -0.19509 0.980785
  outer loop
   vertex -39.000000 -22.380000 -7.350000
   vertex -39.000000 -22.628744 -7.399478
   vertex -31.000000 -22.628744 -7.399478
  endloop
 endfacet
 facet normal 0 -0.19509 0.980785
  outer loop
   vertex -39.000000 -22.380000 -7.350000
   vertex -31.000000 -22.628744 -7.399478
   vertex -31.000000 -22.380000 -7.350000
  endloop
 endfacet
 facet normal -1 0 0
  outer loop
   vertex -39.000000 -22.380000 -8.000000
   vertex -39.000000 -22.628744 -7.399478
   vertex -39.000000 -22.380000 -7.350000
  endloop
 endfacet
 facet normal 1 0 -0
  outer loop
   vertex -31.000000 -22.380000 -8.000000
   vertex -31.000000 -22.380000 -7.350000
   vertex -31.000000 -22.628744 -7.399478
  endloop
 endfacet
 facet normal 0 -0.55557 0.83147
  outer loop
   vertex -39.000000 -22.628744 -7.399478
   vertex -39.000000 -22.839619 -7.540381
   vertex -31.000000 -22.839619 -7.540381
  endloop
 endfacet
 facet normal 0 -0.55557 0.83147
  outer loop
   vertex -39.000000 -22.628744 -7.399478
   vertex -31.000000 -22.839619 -7.540381
   vertex -31.000000 -22.628744 -7.399478
  endloop
 endfacet
 facet normal -1 0 0
  outer loop
   vertex -39.000000 -22.380000 -8.000000
   vertex -39.000000 -22.839619 -7.540381
   vertex -39.000000 -22.628744 -7.399478
  endloop
 endfacet
 facet normal 1 0 0
  outer loop
   vertex -31.000000 -22.380000 -8.000000
   vertex -31.000000 -22.628744 -7.399478
   vertex -31.000000 -22.839619 -7.540381
  endloop
 endfacet
 facet normal 0 -0.83147 0.55557
  outer loop
   vertex -39.000000 -22.839619 -7.540381
   vertex -39.000000 -22.980522 -7.751256
   vertex -31.000000 -22.980522 -7.751256
  endloop
 endfacet
 facet normal 0 -0.83147 0.55557
  outer loop
   vertex -39.000000 -22.839619 -7.540381
   vertex -31.000000 -22.980522 -7.751256
   vertex -31.000000 -22.839619 -7.540381
  endloop
 endfacet
 facet normal -1 0 0
  outer loop
   vertex -39.000000 -22.380000 -8.000000
   vertex -39.000000 -22.980522 -7.751256
   vertex -39.000000 -22.839619 -7.540381
  endloop
 endfacet
 facet normal 1 0 0
  outer loop
   vertex -31.000000 -22.380000 -8.000000
   vertex -31.000000 -22.839619 -7.540381
   vertex -31.000000 -22.980522 -7.751256
  endloop
 endfacet
 facet normal 0 -0.980785 0.19509
  outer loop
   vertex -39.000000 -22.980522 -7.751256
   vertex -39.000000 -23.030000 -8.000000
   vertex -31.000000 -23.030000 -8.000000
  endloop
 endfacet
 facet normal 0 -0.980785 0.19509
  outer loop
   vertex -39.000000 -22.980522 -7.751256
   vertex -31.000000 -23.030000 -8.000000
   vertex -31.000000 -22.980522 -7.751256
  endloop
 endfacet
 facet normal -1 0 0
  outer loop
   vertex -39.000000 -22.380000 -8.000000
   vertex -39.000000 -23.030000 -8.000000
   vertex -39.000000 -22.980522 -7.751256
  endloop
 endfacet
 facet normal 1 0 0
  outer loop
   vertex -31.000000 -22.380000 -8.000000
   vertex -31.000000 -22.980522 -7.751256
   vertex -31.000000 -23.030000 -8.000000
  endloop
 endfacet
 facet normal 0 -0.980785 -0.19509
  outer loop
   vertex -39.000000 -23.030000 -8.000000
   vertex -39.000000 -22.980522 -8.248744
   vertex -31.000000 -22.980522 -8.248744
  endloop
 endfacet
 facet normal 0 -0.980785 -0.19509
  outer loop
   vertex -39.000000 -23.030000 -8.000000
   vertex -31.000000 -22.980522 -8.248744
   vertex -31.000000 -23.030000 -8.000000
  endloop
 endfacet
 facet normal -1 -0 0
  outer loop
   vertex -39.000000 -22.380000 -8.000000
   vertex -39.000000 -22.980522 -8.248744
   vertex -39.000000 -23.030000 -8.000000
  endloop
 endfacet
 facet normal 1 0 0
  outer loop
   vertex -31.000000 -22.380000 -8.000000
   vertex -31.000000 -23.030000 -8.000000
   vertex -31.000000 -22.980522 -8.248744
  endloop
 endfacet
 facet normal 0 -0.83147 -0.55557
  outer loop
   vertex -39.000000 -22.980522 -8.248744
   vertex -39.000000 -22.839619 -8.459619
   vertex -31.000000 -22.839619 -8.459619
  endloop
 endfacet
 facet normal 0 -0.83147 -0.55557
  outer loop
   vertex -39.000000 -22.980522 -8.248744
   vertex -31.000000 -22.839619 -8.459619
   vertex -31.000000 -22.980522 -8.248744
  endloop
 endfacet
 facet normal -1 0 0
  outer loop
   vertex -39.000000 -22.380000 -8.000000
   vertex -39.000000 -22.839619 -8.459619
   vertex -39.000000 -22.980522 -8.248744
  endloop
 endfacet
 facet normal 1 0 0
  outer loop
   vertex -31.000000 -22.380000 -8.000000
   vertex -31.000000 -22.980522 -8.248744
   vertex -31.000000 -22.839619 -8.459619
  endloop
 endfacet
 facet normal 0 -0.55557 -0.83147
  outer loop
   vertex -39.000000 -22.839619 -8.459619
   vertex -39.000000 -22.628744 -8.600522
   vertex -31.000000 -22.628744 -8.600522
  endloop
 endfacet
 facet normal 0 -0.55557 -0.83147
  outer loop
   vertex -39.000000 -22.839619 -8.459619
   vertex -31.000000 -22.628744 -8.600522
   vertex -31.000000 -22.839619 -8.459619
  endloop
 endfacet
 facet normal -1 0 0
  outer loop
   vertex -39.000000 -22.380000 -8.000000
   vertex -39.000000 -22.628744 -8.600522
   vertex -39.000000 -22.839619 -8.459619
  endloop
 endfacet
 facet normal 1 0 0
  outer loop
   vertex -31.000000 -22.380000 -8.000000
   vertex -31.000000 -22.839619 -8.459619
   vertex -31.000000 -22.628744 -8.600522
  endloop
 endfacet
 facet normal 0 -0.19509 -0.980785
  outer loop
   vertex -39.000000 -22.628744 -8.600522
   vertex -39.000000 -22.380000 -8.650000
   vertex -31.000000 -22.380000 -8.650000
  endloop
 endfacet
 facet normal 0 -0.19509 -0.980785
  outer loop
   vertex -39.000000 -22.628744 -8.600522
   vertex -31.000000 -22.380000 -8.650000
   vertex -31.000000 -22.628744 -8.600522
  endloop
 endfacet
 facet normal -1 0 -0
  outer loop
   vertex -39.000000 -22.380000 -8.000000
   vertex -39.000000 -22.380000 -8.650000
   vertex -39.000000 -22.628744 -8.600522
  endloop
 endfacet
 facet normal 1 0 0
  outer loop
   vertex -31.000000 -22.380000 -8.000000
   vertex -31.000000 -22.628744 -8.600522
   vertex -31.000000 -22.380000 -8.650000
  endloop
 endfacet
 facet normal 0 0.19509 -0.980785
  outer loop
   vertex -39.000000 -22.380000 -8.650000
   vertex -39.000000 -22.131256 -8.600522
   vertex -31.000000 -22.131256 -8.600522
  endloop
 endfacet
 facet normal 0 0.19509 -0.980785
  outer loop
   vertex -39.000000 -22.380000 -8.650000
   vertex -31.000000 -22.131256 -8.600522
   vertex -31.000000 -22.380000 -8.650000
  endloop
 endfacet
 facet normal -1 0 0
  outer loop
   vertex -39.000000 -22.380000 -8.000000
   vertex -39.000000 -22.131256 -8.600522
   vertex -39.000000 -22.380000 -8.650000
  endloop
 endfacet
 facet normal 1 0 0
  outer loop
   vertex -31.000000 -22.380000 -8.000000
   vertex -31.000000 -22.380000 -8.650000
   vertex -31.000000 -22.131256 -8.600522
  endloop
 endfacet
 facet normal 0 0.55557 -0.83147
  outer loop
   vertex -39.000000 -22.131256 -8.600522
   vertex -39.000000 -21.920381 -8.459619
   vertex -31.000000 -21.920381 -8.459619
  endloop
 endfacet
 facet normal 0 0.55557 -0.83147
  outer loop
   vertex -39.000000 -22.131256 -8.600522
   vertex -31.000000 -21.920381 -8.459619
   vertex -31.000000 -22.131256 -8.600522
  endloop
 endfacet
 facet normal -1 0 0
  outer loop
   vertex -39.000000 -22.380000 -8.000000
   vertex -39.000000 -21.920381 -8.459619
   vertex -39.000000 -22.131256 -8.600522
  endloop
 endfacet
 facet normal 1 0 0
  outer loop
   vertex -31.000000 -22.380000 -8.000000
   vertex -31.000000 -22.131256 -8.600522
   vertex -31.000000 -21.920381 -8.459619
  endloop
 endfacet
 facet normal 0 0.83147 -0.55557
  outer loop
   vertex -39.000000 -21.920381 -8.459619
   vertex -39.000000 -21.779478 -8.248744
   vertex -31.000000 -21.779478 -8.248744
  endloop
 endfacet
 facet normal 0 0.83147 -0.55557
  outer loop
   vertex -39.000000 -21.920381 -8.459619
   vertex -31.000000 -21.779478 -8.248744
   vertex -31.000000 -21.920381 -8.459619
  endloop
 endfacet
 facet normal -1 0 0
  outer loop
   vertex -39.000000 -22.380000 -8.000000
   vertex -39.000000 -21.779478 -8.248744
   vertex -39.000000 -21.920381 -8.459619
  endloop
 endfacet
 facet normal 1 0 0
  outer loop
   vertex -31.000000 -22.380000 -8.000000
   vertex -31.000000 -21.920381 -8.459619
   vertex -31.000000 -21.779478 -8.248744
  endloop
 endfacet
 facet normal 0 0.980785 -0.19509
  outer loop
   vertex -39.000000 -21.779478 -8.248744
   vertex -39.000000 -21.730000 -8.000000
   vertex -31.000000 -21.730000 -8.000000
  endloop
 endfacet
 facet normal 0 0.980785 -0.19509
  outer loop
   vertex -39.000000 -21.779478 -8.248744
   vertex -31.000000 -21.730000 -8.000000
   vertex -31.000000 -21.779478 -8.248744
  endloop
 endfacet
 facet normal -1 0 0
  outer loop
   vertex -39.000000 -22.380000 -8.000000
   vertex -39.000000 -21.730000 -8.000000
   vertex -39.000000 -21.779478 -8.248744
  endloop
 endfacet
 facet normal 1 -0 0
  outer loop
   vertex -31.000000 -22.380000 -8.000000
   vertex -31.000000 -21.779478 -8.248744
   vertex -31.000000 -21.730000 -8.000000
  endloop
 endfacet
endsolid step02_battery_assembly
