solid step02_reference_features
 facet normal 0 0.999465 0.0327192
  outer loop
   vertex -32.600000 0.000000 -18.400000
   vertex -32.600000 -0.019698 -17.798291
   vertex 32.600000 -0.019698 -17.798291
  endloop
 endfacet
 facet normal -0 0.999465 0.0327192
  outer loop
   vertex -32.600000 0.000000 -18.400000
   vertex 32.600000 -0.019698 -17.798291
   vertex 32.600000 0.000000 -18.400000
  endloop
 endfacet
 facet normal -1 0 0
  outer loop
   vertex -32.600000 -9.200000 -18.400000
   vertex -32.600000 -0.019698 -17.798291
   vertex -32.600000 0.000000 -18.400000
  endloop
 endfacet
 facet normal 1 0 0
  outer loop
   vertex 32.600000 -9.200000 -18.400000
   vertex 32.600000 0.000000 -18.400000
   vertex 32.600000 -0.019698 -17.798291
  endloop
 endfacet
 facet normal 0 0.995185 0.0980166
  outer loop
   vertex -32.600000 -0.019698 -17.798291
   vertex -32.600000 -0.078707 -17.199159
   vertex 32.600000 -0.078707 -17.199159
  endloop
 endfacet
 facet normal -0 0.995185 0.0980166
  outer loop
   vertex -32.600000 -0.019698 -17.798291
   vertex 32.600000 -0.078707 -17.199159
   vertex 32.600000 -0.019698 -17.798291
  endloop
 endfacet
 facet normal -1 0 0
  outer loop
   vertex -32.600000 -9.200000 -18.400000
   vertex -32.600000 -0.078707 -17.199159
   vertex -32.600000 -0.019698 -17.798291
  endloop
 endfacet
 facet normal 1 0 0
  outer loop
   vertex 32.600000 -9.200000 -18.400000
   vertex 32.600000 -0.019698 -17.798291
   vertex 32.600000 -0.078707 -17.199159
  endloop
 endfacet
 facet normal 0 0.986643 0.162895
  outer loop
   vertex -32.600000 -0.078707 -17.199159
   vertex -32.600000 -0.176775 -16.605169
   vertex 32.600000 -0.176775 -16.605169
  endloop
 endfacet
 facet normal -0 0.986643 0.162895
  outer loop
   vertex -32.600000 -0.078707 -17.199159
   vertex 32.600000 -0.176775 -16.605169
   vertex 32.600000 -0.078707 -17.199159
  endloop
 endfacet
 facet normal -1 0 0
  outer loop
   vertex -32.600000 -9.200000 -18.400000
   vertex -32.600000 -0.176775 -16.605169
   vertex -32.600000 -0.078707 -17.199159
  endloop
 endfacet
 facet normal 1 0 0
  outer loop
   vertex 32.600000 -9.200000 -18.400000
   vertex 32.600000 -0.078707 -17.199159
   vertex 32.600000 -0.176775 -16.605169
  endloop
 endfacet
 facet normal 0 0.973877 0.227076
  outer loop
   vertex -32.600000 -0.176775 -16.605169
   vertex -32.600000 -0.313482 -16.018865
   vertex 32.600000 -0.313482 -16.018865
  endloop
 endfacet
 facet normal -0 0.973877 0.227076
  outer loop
   vertex -32.600000 -0.176775 -16.605169
   vertex 32.600000 -0.313482 -16.018865
   vertex 32.600000 -0.176775 -16.605169
  endloop
 endfacet
 facet normal -1 0 0
  outer loop
   vertex -32.600000 -9.200000 -18.400000
   vertex -32.600000 -0.313482 -16.018865
   vertex -32.600000 -0.176775 -16.605169
  endloop
 endfacet
 facet normal 1 0 0
  outer loop
   vertex 32.600000 -9.200000 -18.400000
   vertex 32.600000 -0.176775 -16.605169
   vertex 32.600000 -0.313482 -16.018865
  endloop
 endfacet
 facet normal 0 0.95694 0.290286
  outer loop
   vertex -32.600000 -0.313482 -16.018865
   vertex -32.600000 -0.488243 -15.442757
   vertex 32.600000 -0.488243 -15.442757
  endloop
 endfacet
 facet normal -0 0.95694 0.290286
  outer loop
   vertex -32.600000 -0.313482 -16.018865
   vertex 32.600000 -0.488243 -15.442757
   vertex 32.600000 -0.313482 -16.018865
  endloop
 endfacet
 facet normal -1 0 0
  outer loop
   vertex -32.600000 -9.200000 -18.400000
   vertex -32.600000 -0.488243 -15.442757
   vertex -32.600000 -0.313482 -16.018865
  endloop
 endfacet
 facet normal 1 0 0
  outer loop
   vertex 32.600000 -9.200000 -18.400000
   vertex 32.600000 -0.313482 -16.018865
   vertex 32.600000 -0.488243 -15.442757
  endloop
 endfacet
 facet normal 0 0.935906 0.352249
  outer loop
   vertex -32.600000 -0.488243 -15.442757
   vertex -32.600000 -0.700308 -14.879312
   vertex 32.600000 -0.700308 -14.879312
  endloop
 endfacet
 facet normal -0 0.935906 0.352249
  outer loop
   vertex -32.600000 -0.488243 -15.442757
   vertex 32.600000 -0.700308 -14.879312
   vertex 32.600000 -0.488243 -15.442757
  endloop
 endfacet
 facet normal -1 0 0
  outer loop
   vertex -32.600000 -9.200000 -18.400000
   vertex -32.600000 -0.700308 -14.879312
   vertex -32.600000 -0.488243 -15.442757
  endloop
 endfacet
 facet normal 1 0 0
  outer loop
   vertex 32.600000 -9.200000 -18.400000
   vertex 32.600000 -0.488243 -15.442757
   vertex 32.600000 -0.700308 -14.879312
  endloop
 endfacet
 facet normal 0 0.910863 0.412708
  outer loop
   vertex -32.600000 -0.700308 -14.879312
   vertex -32.600000 -0.948771 -14.330944
   vertex 32.600000 -0.948771 -14.330944
  endloop
 endfacet
 facet normal -0 0.910863 0.412708
  outer loop
   vertex -32.600000 -0.700308 -14.879312
   vertex 32.600000 -0.948771 -14.330944
   vertex 32.600000 -0.700308 -14.879312
  endloop
 endfacet
 facet normal -1 0 0
  outer loop
   vertex -32.600000 -9.200000 -18.400000
   vertex -32.600000 -0.948771 -14.330944
   vertex -32.600000 -0.700308 -14.879312
  endloop
 endfacet
 facet normal 1 0 0
  outer loop
   vertex 32.600000 -9.200000 -18.400000
   vertex 32.600000 -0.700308 -14.879312
   vertex 32.600000 -0.948771 -14.330944
  endloop
 endfacet
 facet normal 0 0.881922 0.471396
  outer loop
   vertex -32.600000 -0.948771 -14.330944
   vertex -32.600000 -1.232566 -13.800000
   vertex 32.600000 -1.232566 -13.800000
  endloop
 endfacet
 facet normal -0 0.881922 0.471396
  outer loop
   vertex -32.600000 -0.948771 -14.330944
   vertex 32.600000 -1.232566 -13.800000
   vertex 32.600000 -0.948771 -14.330944
  endloop
 endfacet
 facet normal -1 0 0
  outer loop
   vertex -32.600000 -9.200000 -18.400000
   vertex -32.600000 -1.232566 -13.800000
   vertex -32.600000 -0.948771 -14.330944
  endloop
 endfacet
 facet normal 1 0 0
  outer loop
   vertex 32.600000 -9.200000 -18.400000
   vertex 32.600000 -0.948771 -14.330944
   vertex 32.600000 -1.232566 -13.800000
  endloop
 endfacet
 facet normal 0 0.849202 0.528069
  outer loop
   vertex -32.600000 -1.232566 -13.800000
   vertex -32.600000 -1.550480 -13.288754
   vertex 32.600000 -1.550480 -13.288754
  endloop
 endfacet
 facet normal -0 0.849202 0.528069
  outer loop
   vertex -32.600000 -1.232566 -13.800000
   vertex 32.600000 -1.550480 -13.288754
   vertex 32.600000 -1.232566 -13.800000
  endloop
 endfacet
 facet normal -1 0 0
  outer loop
   vertex -32.600000 -9.200000 -18.400000
   vertex -32.600000 -1.550480 -13.288754
   vertex -32.600000 -1.232566 -13.800000
  endloop
 endfacet
 facet normal 1 0 0
  outer loop
   vertex 32.600000 -9.200000 -18.400000
   vertex 32.600000 -1.232566 -13.800000
   vertex 32.600000 -1.550480 -13.288754
  endloop
 endfacet
 facet normal 0 0.812847 0.582477
  outer loop
   vertex -32.600000 -1.550480 -13.288754
   vertex -32.600000 -1.901149 -12.799395
   vertex 32.600000 -1.901149 -12.799395
  endloop
 endfacet
 facet normal -0 0.812847 0.582477
  outer loop
   vertex -32.600000 -1.550480 -13.288754
   vertex 32.600000 -1.901149 -12.799395
   vertex 32.600000 -1.550480 -13.288754
  endloop
 endfacet
 facet normal -1 0 0
  outer loop
   vertex -32.600000 -9.200000 -18.400000
   vertex -32.600000 -1.901149 -12.799395
   vertex -32.600000 -1.550480 -13.288754
  endloop
 endfacet
 facet normal 1 0 0
  outer loop
   vertex 32.600000 -9.200000 -18.400000
   vertex 32.600000 -1.550480 -13.288754
   vertex 32.600000 -1.901149 -12.799395
  endloop
 endfacet
 facet normal 0 0.77301 0.634394
  outer loop
   vertex -32.600000 -1.901149 -12.799395
   vertex -32.600000 -2.283074 -12.334019
   vertex 32.600000 -2.283074 -12.334019
  endloop
 endfacet
 facet normal -0 0.77301 0.634394
  outer loop
   vertex -32.600000 -1.901149 -12.799395
   vertex 32.600000 -2.283074 -12.334019
   vertex 32.600000 -1.901149 -12.799395
  endloop
 endfacet
 facet normal -1 0 0
  outer loop
   vertex -32.600000 -9.200000 -18.400000
   vertex -32.600000 -2.283074 -12.334019
   vertex -32.600000 -1.901149 -12.799395
  endloop
 endfacet
 facet normal 1 0 0
  outer loop
   vertex 32.600000 -9.200000 -18.400000
   vertex 32.600000 -1.901149 -12.799395
   vertex 32.600000 -2.283074 -12.334019
  endloop
 endfacet
 facet normal 0 0.729864 0.683592
  outer loop
   vertex -32.600000 -2.283074 -12.334019
   vertex -32.600000 -2.694618 -11.894618
   vertex 32.600000 -2.694618 -11.894618
  endloop
 endfacet
 facet normal -0 0.729864 0.683592
  outer loop
   vertex -32.600000 -2.283074 -12.334019
   vertex 32.600000 -2.694618 -11.894618
   vertex 32.600000 -2.283074 -12.334019
  endloop
 endfacet
 facet normal -1 0 0
  outer loop
   vertex -32.600000 -9.200000 -18.400000
   vertex -32.600000 -2.694618 -11.894618
   vertex -32.600000 -2.283074 -12.334019
  endloop
 endfacet
 facet normal 1 0 0
  outer loop
   vertex 32.600000 -9.200000 -18.400000
   vertex 32.600000 -2.283074 -12.334019
   vertex 32.600000 -2.694618 -11.894618
  endloop
 endfacet
 facet normal 0 0.683592 0.729864
  outer loop
   vertex -32.600000 -2.694618 -11.894618
   vertex -32.600000 -3.134019 -11.483074
   vertex 32.600000 -3.134019 -11.483074
  endloop
 endfacet
 facet normal -0 0.683592 0.729864
  outer loop
   vertex -32.600000 -2.694618 -11.894618
   vertex 32.600000 -3.134019 -11.483074
   vertex 32.600000 -2.694618 -11.894618
  endloop
 endfacet
 facet normal -1 0 0
  outer loop
   vertex -32.600000 -9.200000 -18.400000
   vertex -32.600000 -3.134019 -11.483074
   vertex -32.600000 -2.694618 -11.894618
  endloop
 endfacet
 facet normal 1 0 0
  outer loop
   vertex 32.600000 -9.200000 -18.400000
   vertex 32.600000 -2.694618 -11.894618
   vertex 32.600000 -3.134019 -11.483074
  endloop
 endfacet
 facet normal 0 0.634394 0.77301
  outer loop
   vertex -32.600000 -3.134019 -11.483074
   vertex -32.600000 -3.599395 -11.101149
   vertex 32.600000 -3.599395 -11.101149
  endloop
 endfacet
 facet normal -0 0.634394 0.77301
  outer loop
   vertex -32.600000 -3.134019 -11.483074
   vertex 32.600000 -3.599395 -11.101149
   vertex 32.600000 -3.134019 -11.483074
  endloop
 endfacet
 facet normal -1 0 0
  outer loop
   vertex -32.600000 -9.200000 -18.400000
   vertex -32.600000 -3.599395 -11.101149
   vertex -32.600000 -3.134019 -11.483074
  endloop
 endfacet
 facet normal 1 0 0
  outer loop
   vertex 32.600000 -9.200000 -18.400000
   vertex 32.600000 -3.134019 -11.483074
   vertex 32.600000 -3.599395 -11.101149
  endloop
 endfacet
 facet normal 0 0.582477 0.812847
  outer loop
   vertex -32.600000 -3.599395 -11.101149
   vertex -32.600000 -4.088754 -10.750480
   vertex 32.600000 -4.088754 -10.750480
  endloop
 endfacet
 facet normal -0 0.582477 0.812847
  outer loop
   vertex -32.600000 -3.599395 -11.101149
   vertex 32.600000 -4.088754 -10.750480
   vertex 32.600000 -3.599395 -11.101149
  endloop
 endfacet
 facet normal -1 0 0
  outer loop
   vertex -32.600000 -9.200000 -18.400000
   vertex -32.600000 -4.088754 -10.750480
   vertex -32.600000 -3.599395 -11.101149
  endloop
 endfacet
 facet normal 1 0 0
  outer loop
   vertex 32.600000 -9.200000 -18.400000
   vertex 32.600000 -3.599395 -11.101149
   vertex 32.600000 -4.088754 -10.750480
  endloop
 endfacet
 facet normal 0 0.528069 0.849202
  outer loop
   vertex -32.600000 -4.088754 -10.750480
   vertex -32.600000 -4.600000 -10.432566
   vertex 32.600000 -4.600000 -10.432566
  endloop
 endfacet
 facet normal -0 0.528069 0.849202
  outer loop
   vertex -32.600000 -4.088754 -10.750480
   vertex 32.600000 -4.600000 -10.432566
   vertex 32.600000 -4.088754 -10.750480
  endloop
 endfacet
 facet normal -1 0 0
  outer loop
   vertex -32.600000 -9.200000 -18.400000
   vertex -32.600000 -4.600000 -10.432566
   vertex -32.600000 -4.088754 -10.750480
  endloop
 endfacet
 facet normal 1 0 0
  outer loop
   vertex 32.600000 -9.200000 -18.400000
   vertex 32.600000 -4.088754 -10.750480
   vertex 32.600000 -4.600000 -10.432566
  endloop
 endfacet
 facet normal 0 0.471396 0.881922
  outer loop
   vertex -32.600000 -4.600000 -10.432566
   vertex -32.600000 -5.130944 -10.148771
   vertex 32.600000 -5.130944 -10.148771
  endloop
 endfacet
 facet normal -0 0.471396 0.881922
  outer loop
   vertex -32.600000 -4.600000 -10.432566
   vertex 32.600000 -5.130944 -10.148771
   vertex 32.600000 -4.600000 -10.432566
  endloop
 endfacet
 facet normal -1 0 0
  outer loop
   vertex -32.600000 -9.200000 -18.400000
   vertex -32.600000 -5.130944 -10.148771
   vertex -32.600000 -4.600000 -10.432566
  endloop
 endfacet
 facet normal 1 0 0
  outer loop
   vertex 32.600000 -9.200000 -18.400000
   vertex 32.600000 -4.600000 -10.432566
   vertex 32.600000 -5.130944 -10.148771
  endloop
 endfacet
 facet normal 0 0.412708 0.910863
  outer loop
   vertex -32.600000 -5.130944 -10.148771
   vertex -32.600000 -5.679312 -9.900308
   vertex 32.600000 -5.679312 -9.900308
  endloop
 endfacet
 facet normal -0 0.412708 0.910863
  outer loop
   vertex -32.600000 -5.130944 -10.148771
   vertex 32.600000 -5.679312 -9.900308
   vertex 32.600000 -5.130944 -10.148771
  endloop
 endfacet
 facet normal -1 0 0
  outer loop
   vertex -32.600000 -9.200000 -18.400000
   vertex -32.600000 -5.679312 -9.900308
   vertex -32.600000 -5.130944 -10.148771
  endloop
 endfacet
 facet normal 1 0 0
  outer loop
   vertex 32.600000 -9.200000 -18.400000
   vertex 32.600000 -5.130944 -10.148771
   vertex 32.600000 -5.679312 -9.900308
  endloop
 endfacet
 facet normal 0 0.352249 0.935906
  outer loop
   vertex -32.600000 -5.679312 -9.900308
   vertex -32.600000 -6.242757 -9.688243
   vertex 32.600000 -6.242757 -9.688243
  endloop
 endfacet
 facet normal -0 0.352249 0.935906
  outer loop
   vertex -32.600000 -5.679312 -9.900308
   vertex 32.600000 -6.242757 -9.688243
   vertex 32.600000 -5.679312 -9.900308
  endloop
 endfacet
 facet normal -1 0 0
  outer loop
   vertex -32.600000 -9.200000 -18.400000
   vertex -32.600000 -6.242757 -9.688243
   vertex -32.600000 -5.679312 -9.900308
  endloop
 endfacet
 facet normal 1 0 0
  outer loop
   vertex 32.600000 -9.200000 -18.400000
   vertex 32.600000 -5.679312 -9.900308
   vertex 32.600000 -6.242757 -9.688243
  endloop
 endfacet
 facet normal 0 0.290286 0.95694
  outer loop
   vertex -32.600000 -6.242757 -9.688243
   vertex -32.600000 -6.818865 -9.513482
   vertex 32.600000 -6.818865 -9.513482
  endloop
 endfacet
 facet normal -0 0.290286 0.95694
  outer loop
   vertex -32.600000 -6.242757 -9.688243
   vertex 32.600000 -6.818865 -9.513482
   vertex 32.600000 -6.242757 -9.688243
  endloop
 endfacet
 facet normal -1 0 0
  outer loop
   vertex -32.600000 -9.200000 -18.400000
   vertex -32.600000 -6.818865 -9.513482
   vertex -32.600000 -6.242757 -9.688243
  endloop
 endfacet
 facet normal 1 0 0
  outer loop
   vertex 32.600000 -9.200000 -18.400000
   vertex 32.600000 -6.242757 -9.688243
   vertex 32.600000 -6.818865 -9.513482
  endloop
 endfacet
 facet normal 0 0.227076 0.973877
  outer loop
   vertex -32.600000 -6.818865 -9.513482
   vertex -32.600000 -7.405169 -9.376775
   vertex 32.600000 -7.405169 -9.376775
  endloop
 endfacet
 facet normal -0 0.227076 0.973877
  outer loop
   vertex -32.600000 -6.818865 -9.513482
   vertex 32.600000 -7.405169 -9.376775
   vertex 32.600000 -6.818865 -9.513482
  endloop
 endfacet
 facet normal -1 0 0
  outer loop
   vertex -32.600000 -9.200000 -18.400000
   vertex -32.600000 -7.405169 -9.376775
   vertex -32.600000 -6.818865 -9.513482
  endloop
 endfacet
 facet normal 1 0 0
  outer loop
   vertex 32.600000 -9.200000 -18.400000
   vertex 32.600000 -6.818865 -9.513482
   vertex 32.600000 -7.405169 -9.376775
  endloop
 endfacet
 facet normal 0 0.162895 0.986643
  outer loop
   vertex -32.600000 -7.405169 -9.376775
   vertex -32.600000 -7.999159 -9.278707
   vertex 32.600000 -7.999159 -9.278707
  endloop
 endfacet
 facet normal -0 0.162895 0.986643
  outer loop
   vertex -32.600000 -7.405169 -9.376775
   vertex 32.600000 -7.999159 -9.278707
   vertex 32.600000 -7.405169 -9.376775
  endloop
 endfacet
 facet normal -1 0 0
  outer loop
   vertex -32.600000 -9.200000 -18.400000
   vertex -32.600000 -7.999159 -9.278707
   vertex -32.600000 -7.405169 -9.376775
  endloop
 endfacet
 facet normal 1 0 0
  outer loop
   vertex 32.600000 -9.200000 -18.400000
   vertex 32.600000 -7.405169 -9.376775
   vertex 32.600000 -7.999159 -9.278707
  endloop
 endfacet
 facet normal 0 0.0980166 0.995185
  outer loop
   vertex -32.600000 -7.999159 -9.278707
   vertex -32.600000 -8.598291 -9.219698
   vertex 32.600000 -8.598291 -9.219698
  endloop
 endfacet
 facet normal -0 0.0980166 0.995185
  outer loop
   vertex -32.600000 -7.999159 -9.278707
   vertex 32.600000 -8.598291 -9.219698
   vertex 32.600000 -7.999159 -9.278707
  endloop
 endfacet
 facet normal -1 0 0
  outer loop
   vertex -32.600000 -9.200000 -18.400000
   vertex -32.600000 -8.598291 -9.219698
   vertex -32.600000 -7.999159 -9.278707
  endloop
 endfacet
 facet normal 1 0 0
  outer loop
   vertex 32.600000 -9.200000 -18.400000
   vertex 32.600000 -7.999159 -9.278707
   vertex 32.600000 -8.598291 -9.219698
  endloop
 endfacet
 facet normal 0 0.0327192 0.999465
  outer loop
   vertex -32.600000 -8.598291 -9.219698
   vertex -32.600000 -9.200000 -9.200000
   vertex 32.600000 -9.200000 -9.200000
  endloop
 endfacet
 facet normal -0 0.0327192 0.999465
  outer loop
   vertex -32.600000 -8.598291 -9.219698
   vertex 32.600000 -9.200000 -9.200000
   vertex 32.600000 -8.598291 -9.219698
  endloop
 endfacet
 facet normal -1 0 0
  outer loop
   vertex -32.600000 -9.200000 -18.400000
   vertex -32.600000 -9.200000 -9.200000
   vertex -32.600000 -8.598291 -9.219698
  endloop
 endfacet
 facet normal 1 0 0
  outer loop
   vertex 32.600000 -9.200000 -18.400000
   vertex 32.600000 -8.598291 -9.219698
   vertex 32.600000 -9.200000 -9.200000
  endloop
 endfacet
 facet normal 0 -0.0327192 0.999465
  outer loop
   vertex -32.600000 -9.200000 -9.200000
   vertex -32.600000 -9.801709 -9.219698
   vertex 32.600000 -9.801709 -9.219698
  endloop
 endfacet
 facet normal 0 -0.0327192 0.999465
  outer loop
   vertex -32.600000 -9.200000 -9.200000
   vertex 32.600000 -9.801709 -9.219698
   vertex 32.600000 -9.200000 -9.200000
  endloop
 endfacet
 facet normal -1 0 0
  outer loop
   vertex -32.600000 -9.200000 -18.400000
   vertex -32.600000 -9.801709 -9.219698
   vertex -32.600000 -9.200000 -9.200000
  endloop
 endfacet
 facet normal 1 0 -0
  outer loop
   vertex 32.600000 -9.200000 -18.400000
   vertex 32.600000 -9.200000 -9.200000
   vertex 32.600000 -9.801709 -9.219698
  endloop
 endfacet
 facet normal 0 -0.0980166 0.995185
  outer loop
   vertex -32.600000 -9.801709 -9.219698
   vertex -32.600000 -10.400841 -9.278707
   vertex 32.600000 -10.400841 -9.278707
  endloop
 endfacet
 facet normal 0 -0.0980166 0.995185
  outer loop
   vertex -32.600000 -9.801709 -9.219698
   vertex 32.600000 -10.400841 -9.278707
   vertex 32.600000 -9.801709 -9.219698
  endloop
 endfacet
 facet normal -1 0 0
  outer loop
   vertex -32.600000 -9.200000 -18.400000
   vertex -32.600000 -10.400841 -9.278707
   vertex -32.600000 -9.801709 -9.219698
  endloop
 endfacet
 facet normal 1 0 0
  outer loop
   vertex 32.600000 -9.200000 -18.400000
   vertex 32.600000 -9.801709 -9.219698
   vertex 32.600000 -10.400841 -9.278707
  endloop
 endfacet
 facet normal 0 -0.162895 0.986643
  outer loop
   vertex -32.600000 -10.400841 -9.278707
   vertex -32.600000 -10.994831 -9.376775
   vertex 32.600000 -10.994831 -9.376775
  endloop
 endfacet
 facet normal 0 -0.162895 0.986643
  outer loop
   vertex -32.600000 -10.400841 -9.278707
   vertex 32.600000 -10.994831 -9.376775
   vertex 32.600000 -10.400841 -9.278707
  endloop
 endfacet
 facet normal -1 0 0
  outer loop
   vertex -32.600000 -9.200000 -18.400000
   vertex -32.600000 -10.994831 -9.376775
   vertex -32.600000 -10.400841 -9.278707
  endloop
 endfacet
 facet normal 1 0 0
  outer loop
   vertex 32.600000 -9.200000 -18.400000
   vertex 32.600000 -10.400841 -9.278707
   vertex 32.600000 -10.994831 -9.376775
  endloop
 endfacet
 facet normal 0 -0.227076 0.973877
  outer loop
   vertex -32.600000 -10.994831 -9.376775
   vertex -32.600000 -11.581135 -9.513482
   vertex 32.600000 -11.581135 -9.513482
  endloop
 endfacet
 facet normal 0 -0.227076 0.973877
  outer loop
   vertex -32.600000 -10.994831 -9.376775
   vertex 32.600000 -11.581135 -9.513482
   vertex 32.600000 -10.994831 -9.376775
  endloop
 endfacet
 facet normal -1 0 0
  outer loop
   vertex -32.600000 -9.200000 -18.400000
   vertex -32.600000 -11.581135 -9.513482
   vertex -32.600000 -10.994831 -9.376775
  endloop
 endfacet
 facet normal 1 0 0
  outer loop
   vertex 32.600000 -9.200000 -18.400000
   vertex 32.600000 -10.994831 -9.376775
   vertex 32.600000 -11.581135 -9.513482
  endloop
 endfacet
 facet normal 0 -0.290286 0.95694
  outer loop
   vertex -32.600000 -11.581135 -9.513482
   vertex -32.600000 -12.157243 -9.688243
   vertex 32.600000 -12.157243 -9.688243
  endloop
 endfacet
 facet normal 0 -0.290286 0.95694
  outer loop
   vertex -32.600000 -11.581135 -9.513482
   vertex 32.600000 -12.157243 -9.688243
   vertex 32.600000 -11.581135 -9.513482
  endloop
 endfacet
 facet normal -1 0 0
  outer loop
   vertex -32.600000 -9.200000 -18.400000
   vertex -32.600000 -12.157243 -9.688243
   vertex -32.600000 -11.581135 -9.513482
  endloop
 endfacet
 facet normal 1 0 0
  outer loop
   vertex 32.600000 -9.200000 -18.400000
   vertex 32.600000 -11.581135 -9.513482
   vertex 32.600000 -12.157243 -9.688243
  endloop
 endfacet
 facet normal 0 -0.352249 0.935906
  outer loop
   vertex -32.600000 -12.157243 -9.688243
   vertex -32.600000 -12.720688 -9.900308
   vertex 32.600000 -12.720688 -9.900308
  endloop
 endfacet
 facet normal 0 -0.352249 0.935906
  outer loop
   vertex -32.600000 -12.157243 -9.688243
   vertex 32.600000 -12.720688 -9.900308
   vertex 32.600000 -12.157243 -9.688243
  endloop
 endfacet
 facet normal -1 0 0
  outer loop
   vertex -32.600000 -9.200000 -18.400000
   vertex -32.600000 -12.720688 -9.900308
   vertex -32.600000 -12.157243 -9.688243
  endloop
 endfacet
 facet normal 1 0 0
  outer loop
   vertex 32.600000 -9.200000 -18.400000
   vertex 32.600000 -12.157243 -9.688243
   vertex 32.600000 -12.720688 -9.900308
  endloop
 endfacet
 facet normal 0 -0.412708 0.910863
  outer loop
   vertex -32.600000 -12.720688 -9.900308
   vertex -32.600000 -13.269056 -10.148771
   vertex 32.600000 -13.269056 -10.148771
  endloop
 endfacet
 facet normal 0 -0.412708 0.910863
  outer loop
   vertex -32.600000 -12.720688 -9.900308
   vertex 32.600000 -13.269056 -10.148771
   vertex 32.600000 -12.720688 -9.900308
  endloop
 endfacet
 facet normal -1 0 0
  outer loop
   vertex -32.600000 -9.200000 -18.400000
   vertex -32.600000 -13.269056 -10.148771
   vertex -32.600000 -12.720688 -9.900308
  endloop
 endfacet
 facet normal 1 0 0
  outer loop
   vertex 32.600000 -9.200000 -18.400000
   vertex 32.600000 -12.720688 -9.900308
   vertex 32.600000 -13.269056 -10.148771
  endloop
 endfacet
 facet normal 0 -0.471396 0.881922
  outer loop
   vertex -32.600000 -13.269056 -10.148771
   vertex -32.600000 -13.800000 -10.432566
   vertex 32.600000 -13.800000 -10.432566
  endloop
 endfacet
 facet normal 0 -0.471396 0.881922
  outer loop
   vertex -32.600000 -13.269056 -10.148771
   vertex 32.600000 -13.800000 -10.432566
   vertex 32.600000 -13.269056 -10.148771
  endloop
 endfacet
 facet normal -1 0 0
  outer loop
   vertex -32.600000 -9.200000 -18.400000
   vertex -32.600000 -13.800000 -10.432566
   vertex -32.600000 -13.269056 -10.148771
  endloop
 endfacet
 facet normal 1 0 0
  outer loop
   vertex 32.600000 -9.200000 -18.400000
   vertex 32.600000 -13.269056 -10.148771
   vertex 32.600000 -13.800000 -10.432566
  endloop
 endfacet
 facet normal 0 -0.528069 0.849202
  outer loop
   vertex -32.600000 -13.800000 -10.432566
   vertex -32.600000 -14.311246 -10.750480
   vertex 32.600000 -14.311246 -10.750480
  endloop
 endfacet
 facet normal 0 -0.528069 0.849202
  outer loop
   vertex -32.600000 -13.800000 -10.432566
   vertex 32.600000 -14.311246 -10.750480
   vertex 32.600000 -13.800000 -10.432566
  endloop
 endfacet
 facet normal -1 0 0
  outer loop
   vertex -32.600000 -9.200000 -18.400000
   vertex -32.600000 -14.311246 -10.750480
   vertex -32.600000 -13.800000 -10.432566
  endloop
 endfacet
 facet normal 1 0 0
  outer loop
   vertex 32.600000 -9.200000 -18.400000
   vertex 32.600000 -13.800000 -10.432566
   vertex 32.600000 -14.311246 -10.750480
  endloop
 endfacet
 facet normal 0 -0.582477 0.812847
  outer loop
   vertex -32.600000 -14.311246 -10.750480
   vertex -32.600000 -14.800605 -11.101149
   vertex 32.600000 -14.800605 -11.101149
  endloop
 endfacet
 facet normal 0 -0.582477 0.812847
  outer loop
   vertex -32.600000 -14.311246 -10.750480
   vertex 32.600000 -14.800605 -11.101149
   vertex 32.600000 -14.311246 -10.750480
  endloop
 endfacet
 facet normal -1 0 0
  outer loop
   vertex -32.600000 -9.200000 -18.400000
   vertex -32.600000 -14.800605 -11.101149
   vertex -32.600000 -14.311246 -10.750480
  endloop
 endfacet
 facet normal 1 0 0
  outer loop
   vertex 32.600000 -9.200000 -18.400000
   vertex 32.600000 -14.311246 -10.750480
   vertex 32.600000 -14.800605 -11.101149
  endloop
 endfacet
 facet normal 0 -0.634394 0.77301
  outer loop
   vertex -32.600000 -14.800605 -11.101149
   vertex -32.600000 -15.265981 -11.483074
   vertex 32.600000 -15.265981 -11.483074
  endloop
 endfacet
 facet normal 0 -0.634394 0.77301
  outer loop
   vertex -32.600000 -14.800605 -11.101149
   vertex 32.600000 -15.265981 -11.483074
   vertex 32.600000 -14.800605 -11.101149
  endloop
 endfacet
 facet normal -1 0 0
  outer loop
   vertex -32.600000 -9.200000 -18.400000
   vertex -32.600000 -15.265981 -11.483074
   vertex -32.600000 -14.800605 -11.101149
  endloop
 endfacet
 facet normal 1 0 0
  outer loop
   vertex 32.600000 -9.200000 -18.400000
   vertex 32.600000 -14.800605 -11.101149
   vertex 32.600000 -15.265981 -11.483074
  endloop
 endfacet
 facet normal 0 -0.683592 0.729864
  outer loop
   vertex -32.600000 -15.265981 -11.483074
   vertex -32.600000 -15.705382 -11.894618
   vertex 32.600000 -15.705382 -11.894618
  endloop
 endfacet
 facet normal 0 -0.683592 0.729864
  outer loop
   vertex -32.600000 -15.265981 -11.483074
   vertex 32.600000 -15.705382 -11.894618
   vertex 32.600000 -15.265981 -11.483074
  endloop
 endfacet
 facet normal -1 0 0
  outer loop
   vertex -32.600000 -9.200000 -18.400000
   vertex -32.600000 -15.705382 -11.894618
   vertex -32.600000 -15.265981 -11.483074
  endloop
 endfacet
 facet normal 1 0 0
  outer loop
   vertex 32.600000 -9.200000 -18.400000
   vertex 32.600000 -15.265981 -11.483074
   vertex 32.600000 -15.705382 -11.894618
  endloop
 endfacet
 facet normal 0 -0.729864 0.683592
  outer loop
   vertex -32.600000 -15.705382 -11.894618
   vertex -32.600000 -16.116926 -12.334019
   vertex 32.600000 -16.116926 -12.334019
  endloop
 endfacet
 facet normal 0 -0.729864 0.683592
  outer loop
   vertex -32.600000 -15.705382 -11.894618
   vertex 32.600000 -16.116926 -12.334019
   vertex 32.600000 -15.705382 -11.894618
  endloop
 endfacet
 facet normal -1 0 0
  outer loop
   vertex -32.600000 -9.200000 -18.400000
   vertex -32.600000 -16.116926 -12.334019
   vertex -32.600000 -15.705382 -11.894618
  endloop
 endfacet
 facet normal 1 0 0
  outer loop
   vertex 32.600000 -9.200000 -18.400000
   vertex 32.600000 -15.705382 -11.894618
   vertex 32.600000 -16.116926 -12.334019
  endloop
 endfacet
 facet normal 0 -0.77301 0.634394
  outer loop
   vertex -32.600000 -16.116926 -12.334019
   vertex -32.600000 -16.498851 -12.799395
   vertex 32.600000 -16.498851 -12.799395
  endloop
 endfacet
 facet normal 0 -0.77301 0.634394
  outer loop
   vertex -32.600000 -16.116926 -12.334019
   vertex 32.600000 -16.498851 -12.799395
   vertex 32.600000 -16.116926 -12.334019
  endloop
 endfacet
 facet normal -1 0 0
  outer loop
   vertex -32.600000 -9.200000 -18.400000
   vertex -32.600000 -16.498851 -12.799395
   vertex -32.600000 -16.116926 -12.334019
  endloop
 endfacet
 facet normal 1 0 0
  outer loop
   vertex 32.600000 -9.200000 -18.400000
   vertex 32.600000 -16.116926 -12.334019
   vertex 32.600000 -16.498851 -12.799395
  endloop
 endfacet
 facet normal 0 -0.812847 0.582477
  outer loop
   vertex -32.600000 -16.498851 -12.799395
   vertex -32.600000 -16.849520 -13.288754
   vertex 32.600000 -16.849520 -13.288754
  endloop
 endfacet
 facet normal 0 -0.812847 0.582477
  outer loop
   vertex -32.600000 -16.498851 -12.799395
   vertex 32.600000 -16.849520 -13.288754
   vertex 32.600000 -16.498851 -12.799395
  endloop
 endfacet
 facet normal -1 0 0
  outer loop
   vertex -32.600000 -9.200000 -18.400000
   vertex -32.600000 -16.849520 -13.288754
   vertex -32.600000 -16.498851 -12.799395
  endloop
 endfacet
 facet normal 1 0 0
  outer loop
   vertex 32.600000 -9.200000 -18.400000
   vertex 32.600000 -16.498851 -12.799395
   vertex 32.600000 -16.849520 -13.288754
  endloop
 endfacet
 facet normal 0 -0.849202 0.528069
  outer loop
   vertex -32.600000 -16.849520 -13.288754
   vertex -32.600000 -17.167434 -13.800000
   vertex 32.600000 -17.167434 -13.800000
  endloop
 endfacet
 facet normal 0 -0.849202 0.528069
  outer loop
   vertex -32.600000 -16.849520 -13.288754
   vertex 32.600000 -17.167434 -13.800000
   vertex 32.600000 -16.849520 -13.288754
  endloop
 endfacet
 facet normal -1 0 0
  outer loop
   vertex -32.600000 -9.200000 -18.400000
   vertex -32.600000 -17.167434 -13.800000
   vertex -32.600000 -16.849520 -13.288754
  endloop
 endfacet
 facet normal 1 0 0
  outer loop
   vertex 32.600000 -9.200000 -18.400000
   vertex 32.600000 -16.849520 -13.288754
   vertex 32.600000 -17.167434 -13.800000
  endloop
 endfacet
 facet normal 0 -0.881922 0.471396
  outer loop
   vertex -32.600000 -17.167434 -13.800000
   vertex -32.600000 -17.451229 -14.330944
   vertex 32.600000 -17.451229 -14.330944
  endloop
 endfacet
 facet normal 0 -0.881922 0.471396
  outer loop
   vertex -32.600000 -17.167434 -13.800000
   vertex 32.600000 -17.451229 -14.330944
   vertex 32.600000 -17.167434 -13.800000
  endloop
 endfacet
 facet normal -1 0 0
  outer loop
   vertex -32.600000 -9.200000 -18.400000
   vertex -32.600000 -17.451229 -14.330944
   vertex -32.600000 -17.167434 -13.800000
  endloop
 endfacet
 facet normal 1 0 0
  outer loop
   vertex 32.600000 -9.200000 -18.400000
   vertex 32.600000 -17.167434 -13.800000
   vertex 32.600000 -17.451229 -14.330944
  endloop
 endfacet
 facet normal 0 -0.910863 0.412708
  outer loop
   vertex -32.600000 -17.451229 -14.330944
   vertex -32.600000 -17.699692 -14.879312
   vertex 32.600000 -17.699692 -14.879312
  endloop
 endfacet
 facet normal 0 -0.910863 0.412708
  outer loop
   vertex -32.600000 -17.451229 -14.330944
   vertex 32.600000 -17.699692 -14.879312
   vertex 32.600000 -17.451229 -14.330944
  endloop
 endfacet
 facet normal -1 0 0
  outer loop
   vertex -32.600000 -9.200000 -18.400000
   vertex -32.600000 -17.699692 -14.879312
   vertex -32.600000 -17.451229 -14.330944
  endloop
 endfacet
 facet normal 1 0 0
  outer loop
   vertex 32.600000 -9.200000 -18.400000
   vertex 32.600000 -17.451229 -14.330944
   vertex 32.600000 -17.699692 -14.879312
  endloop
 endfacet
 facet normal 0 -0.935906 0.352249
  outer loop
   vertex -32.600000 -17.699692 -14.879312
   vertex -32.600000 -17.911757 -15.442757
   vertex 32.600000 -17.911757 -15.442757
  endloop
 endfacet
 facet normal 0 -0.935906 0.352249
  outer loop
   vertex -32.600000 -17.699692 -14.879312
   vertex 32.600000 -17.911757 -15.442757
   vertex 32.600000 -17.699692 -14.879312
  endloop
 endfacet
 facet normal -1 0 0
  outer loop
   vertex -32.600000 -9.200000 -18.400000
   vertex -32.600000 -17.911757 -15.442757
   vertex -32.600000 -17.699692 -14.879312
  endloop
 endfacet
 facet normal 1 0 0
  outer loop
   vertex 32.600000 -9.200000 -18.400000
   vertex 32.600000 -17.699692 -14.879312
   vertex 32.600000 -17.911757 -15.442757
  endloop
 endfacet
 facet normal 0 -0.95694 0.290286
  outer loop
   vertex -32.600000 -17.911757 -15.442757
   vertex -32.600000 -18.086518 -16.018865
   vertex 32.600000 -18.086518 -16.018865
  endloop
 endfacet
 facet normal 0 -0.95694 0.290286
  outer loop
   vertex -32.600000 -17.911757 -15.442757
   vertex 32.600000 -18.086518 -16.018865
   vertex 32.600000 -17.911757 -15.442757
  endloop
 endfacet
 facet normal -1 0 0
  outer loop
   vertex -32.600000 -9.200000 -18.400000
   vertex -32.600000 -18.086518 -16.018865
   vertex -32.600000 -17.911757 -15.442757
  endloop
 endfacet
 facet normal 1 0 0
  outer loop
   vertex 32.600000 -9.200000 -18.400000
   vertex 32.600000 -17.911757 -15.442757
   vertex 32.600000 -18.086518 -16.018865
  endloop
 endfacet
 facet normal 0 -0.973877 0.227076
  outer loop
   vertex -32.600000 -18.086518 -16.018865
   vertex -32.600000 -18.223225 -16.605169
   vertex 32.600000 -18.223225 -16.605169
  endloop
 endfacet
 facet normal 0 -0.973877 0.227076
  outer loop
   vertex -32.600000 -18.086518 -16.018865
   vertex 32.600000 -18.223225 -16.605169
   vertex 32.600000 -18.086518 -16.018865
  endloop
 endfacet
 facet normal -1 0 0
  outer loop
   vertex -32.600000 -9.200000 -18.400000
   vertex -32.600000 -18.223225 -16.605169
   vertex -32.600000 -18.086518 -16.018865
  endloop
 endfacet
 facet normal 1 0 0
  outer loop
   vertex 32.600000 -9.200000 -18.400000
   vertex 32.600000 -18.086518 -16.018865
   vertex 32.600000 -18.223225 -16.605169
  endloop
 endfacet
 facet normal 0 -0.986643 0.162895
  outer loop
   vertex -32.600000 -18.223225 -16.605169
   vertex -32.600000 -18.321293 -17.199159
   vertex 32.600000 -18.321293 -17.199159
  endloop
 endfacet
 facet normal 0 -0.986643 0.162895
  outer loop
   vertex -32.600000 -18.223225 -16.605169
   vertex 32.600000 -18.321293 -17.199159
   vertex 32.600000 -18.223225 -16.605169
  endloop
 endfacet
 facet normal -1 0 0
  outer loop
   vertex -32.600000 -9.200000 -18.400000
   vertex -32.600000 -18.321293 -17.199159
   vertex -32.600000 -18.223225 -16.605169
  endloop
 endfacet
 facet normal 1 0 0
  outer loop
   vertex 32.600000 -9.200000 -18.400000
   vertex 32.600000 -18.223225 -16.605169
   vertex 32.600000 -18.321293 -17.199159
  endloop
 endfacet
 facet normal 0 -0.995185 0.0980166
  outer loop
   vertex -32.600000 -18.321293 -17.199159
   vertex -32.600000 -18.380302 -17.798291
   vertex 32.600000 -18.380302 -17.798291
  endloop
 endfacet
 facet normal 0 -0.995185 0.0980166
  outer loop
   vertex -32.600000 -18.321293 -17.199159
   vertex 32.600000 -18.380302 -17.798291
   vertex 32.600000 -18.321293 -17.199159
  endloop
 endfacet
 facet normal -1 0 0
  outer loop
   vertex -32.600000 -9.200000 -18.400000
   vertex -32.600000 -18.380302 -17.798291
   vertex -32.600000 -18.321293 -17.199159
  endloop
 endfacet
 facet normal 1 0 0
  outer loop
   vertex 32.600000 -9.200000 -18.400000
   vertex 32.600000 -18.321293 -17.199159
   vertex 32.600000 -18.380302 -17.798291
  endloop
 endfacet
 facet normal 0 -0.999465 0.0327192
  outer loop
   vertex -32.600000 -18.380302 -17.798291
   vertex -32.600000 -18.400000 -18.400000
   vertex 32.600000 -18.400000 -18.400000
  endloop
 endfacet
 facet normal 0 -0.999465 0.0327192
  outer loop
   vertex -32.600000 -18.380302 -17.798291
   vertex 32.600000 -18.400000 -18.400000
   vertex 32.600000 -18.380302 -17.798291
  endloop
 endfacet
 facet normal -1 0 0
  outer loop
   vertex -32.600000 -9.200000 -18.400000
   vertex -32.600000 -18.400000 -18.400000
   vertex -32.600000 -18.380302 -17.798291
  endloop
 endfacet
 facet normal 1 0 0
  outer loop
   vertex 32.600000 -9.200000 -18.400000
   vertex 32.600000 -18.380302 -17.798291
   vertex 32.600000 -18.400000 -18.400000
  endloop
 endfacet
 facet normal 0 -0.999465 -0.0327192
  outer loop
   vertex -32.600000 -18.400000 -18.400000
   vertex -32.600000 -18.380302 -19.001709
   vertex 32.600000 -18.380302 -19.001709
  endloop
 endfacet
 facet normal 0 -0.999465 -0.0327192
  outer loop
   vertex -32.600000 -18.400000 -18.400000
   vertex 32.600000 -18.380302 -19.001709
   vertex 32.600000 -18.400000 -18.400000
  endloop
 endfacet
 facet normal -1 -0 0
  outer loop
   vertex -32.600000 -9.200000 -18.400000
   vertex -32.600000 -18.380302 -19.001709
   vertex -32.600000 -18.400000 -18.400000
  endloop
 endfacet
 facet normal 1 0 0
  outer loop
   vertex 32.600000 -9.200000 -18.400000
   vertex 32.600000 -18.400000 -18.400000
   vertex 32.600000 -18.380302 -19.001709
  endloop
 endfacet
 facet normal 0 -0.995185 -0.0980166
  outer loop
   vertex -32.600000 -18.380302 -19.001709
   vertex -32.600000 -18.321293 -19.600841
   vertex 32.600000 -18.321293 -19.600841
  endloop
 endfacet
 facet normal 0 -0.995185 -0.0980166
  outer loop
   vertex -32.600000 -18.380302 -19.001709
   vertex 32.600000 -18.321293 -19.600841
   vertex 32.600000 -18.380302 -19.001709
  endloop
 endfacet
 facet normal -1 0 0
  outer loop
   vertex -32.600000 -9.200000 -18.400000
   vertex -32.600000 -18.321293 -19.600841
   vertex -32.600000 -18.380302 -19.001709
  endloop
 endfacet
 facet normal 1 0 0
  outer loop
   vertex 32.600000 -9.200000 -18.400000
   vertex 32.600000 -18.380302 -19.001709
   vertex 32.600000 -18.321293 -19.600841
  endloop
 endfacet
 facet normal 0 -0.986643 -0.162895
  outer loop
   vertex -32.600000 -18.321293 -19.600841
   vertex -32.600000 -18.223225 -20.194831
   vertex 32.600000 -18.223225 -20.194831
  endloop
 endfacet
 facet normal 0 -0.986643 -0.162895
  outer loop
   vertex -32.600000 -18.321293 -19.600841
   vertex 32.600000 -18.223225 -20.194831
   vertex 32.600000 -18.321293 -19.600841
  endloop
 endfacet
 facet normal -1 0 0
  outer loop
   vertex -32.600000 -9.200000 -18.400000
   vertex -32.600000 -18.223225 -20.194831
   vertex -32.600000 -18.321293 -19.600841
  endloop
 endfacet
 facet normal 1 0 0
  outer loop
   vertex 32.600000 -9.200000 -18.400000
   vertex 32.600000 -18.321293 -19.600841
   vertex 32.600000 -18.223225 -20.194831
  endloop
 endfacet
 facet normal 0 -0.973877 -0.227076
  outer loop
   vertex -32.600000 -18.223225 -20.194831
   vertex -32.600000 -18.086518 -20.781135
   vertex 32.600000 -18.086518 -20.781135
  endloop
 endfacet
 facet normal 0 -0.973877 -0.227076
  outer loop
   vertex -32.600000 -18.223225 -20.194831
   vertex 32.600000 -18.086518 -20.781135
   vertex 32.600000 -18.223225 -20.194831
  endloop
 endfacet
 facet normal -1 0 0
  outer loop
   vertex -32.600000 -9.200000 -18.400000
   vertex -32.600000 -18.086518 -20.781135
   vertex -32.600000 -18.223225 -20.194831
  endloop
 endfacet
 facet normal 1 0 0
  outer loop
   vertex 32.600000 -9.200000 -18.400000
   vertex 32.600000 -18.223225 -20.194831
   vertex 32.600000 -18.086518 -20.781135
  endloop
 endfacet
 facet normal 0 -0.95694 -0.290286
  outer loop
   vertex -32.600000 -18.086518 -20.781135
   vertex -32.600000 -17.911757 -21.357243
   vertex 32.600000 -17.911757 -21.357243
  endloop
 endfacet
 facet normal 0 -0.95694 -0.290286
  outer loop
   vertex -32.600000 -18.086518 -20.781135
   vertex 32.600000 -17.911757 -21.357243
   vertex 32.600000 -18.086518 -20.781135
  endloop
 endfacet
 facet normal -1 0 0
  outer loop
   vertex -32.600000 -9.200000 -18.400000
   vertex -32.600000 -17.911757 -21.357243
   vertex -32.600000 -18.086518 -20.781135
  endloop
 endfacet
 facet normal 1 0 0
  outer loop
   vertex 32.600000 -9.200000 -18.400000
   vertex 32.600000 -18.086518 -20.781135
   vertex 32.600000 -17.911757 -21.357243
  endloop
 endfacet
 facet normal 0 -0.935906 -0.352249
  outer loop
   vertex -32.600000 -17.911757 -21.357243
   vertex -32.600000 -17.699692 -21.920688
   vertex 32.600000 -17.699692 -21.920688
  endloop
 endfacet
 facet normal 0 -0.935906 -0.352249
  outer loop
   vertex -32.600000 -17.911757 -21.357243
   vertex 32.600000 -17.699692 -21.920688
   vertex 32.600000 -17.911757 -21.357243
  endloop
 endfacet
 facet normal -1 0 0
  outer loop
   vertex -32.600000 -9.200000 -18.400000
   vertex -32.600000 -17.699692 -21.920688
   vertex -32.600000 -17.911757 -21.357243
  endloop
 endfacet
 facet normal 1 0 0
  outer loop
   vertex 32.600000 -9.200000 -18.400000
   vertex 32.600000 -17.911757 -21.357243
   vertex 32.600000 -17.699692 -21.920688
  endloop
 endfacet
 facet normal 0 -0.910863 -0.412708
  outer loop
   vertex -32.600000 -17.699692 -21.920688
   vertex -32.600000 -17.451229 -22.469056
   vertex 32.600000 -17.451229 -22.469056
  endloop
 endfacet
 facet normal 0 -0.910863 -0.412708
  outer loop
   vertex -32.600000 -17.699692 -21.920688
   vertex 32.600000 -17.451229 -22.469056
   vertex 32.600000 -17.699692 -21.920688
  endloop
 endfacet
 facet normal -1 0 0
  outer loop
   vertex -32.600000 -9.200000 -18.400000
   vertex -32.600000 -17.451229 -22.469056
   vertex -32.600000 -17.699692 -21.920688
  endloop
 endfacet
 facet normal 1 0 0
  outer loop
   vertex 32.600000 -9.200000 -18.400000
   vertex 32.600000 -17.699692 -21.920688
   vertex 32.600000 -17.451229 -22.469056
  endloop
 endfacet
 facet normal 0 -0.881922 -0.471396
  outer loop
   vertex -32.600000 -17.451229 -22.469056
   vertex -32.600000 -17.167434 -23.000000
   vertex 32.600000 -17.167434 -23.000000
  endloop
 endfacet
 facet normal 0 -0.881922 -0.471396
  outer loop
   vertex -32.600000 -17.451229 -22.469056
   vertex 32.600000 -17.167434 -23.000000
   vertex 32.600000 -17.451229 -22.469056
  endloop
 endfacet
 facet normal -1 0 0
  outer loop
   vertex -32.600000 -9.200000 -18.400000
   vertex -32.600000 -17.167434 -23.000000
   vertex -32.600000 -17.451229 -22.469056
  endloop
 endfacet
 facet normal 1 0 0
  outer loop
   vertex 32.600000 -9.200000 -18.400000
   vertex 32.600000 -17.451229 -22.469056
   vertex 32.600000 -17.167434 -23.000000
  endloop
 endfacet
 facet normal 0 -0.849202 -0.528069
  outer loop
   vertex -32.600000 -17.167434 -23.000000
   vertex -32.600000 -16.849520 -23.511246
   vertex 32.600000 -16.849520 -23.511246
  endloop
 endfacet
 facet normal 0 -0.849202 -0.528069
  outer loop
   vertex -32.600000 -17.167434 -23.000000
   vertex 32.600000 -16.849520 -23.511246
   vertex 32.600000 -17.167434 -23.000000
  endloop
 endfacet
 facet normal -1 0 0
  outer loop
   vertex -32.600000 -9.200000 -18.400000
   vertex -32.600000 -16.849520 -23.511246
   vertex -32.600000 -17.167434 -23.000000
  endloop
 endfacet
 facet normal 1 0 0
  outer loop
   vertex 32.600000 -9.200000 -18.400000
   vertex 32.600000 -17.167434 -23.000000
   vertex 32.600000 -16.849520 -23.511246
  endloop
 endfacet
 facet normal 0 -0.812847 -0.582477
  outer loop
   vertex -32.600000 -16.849520 -23.511246
   vertex -32.600000 -16.498851 -24.000605
   vertex 32.600000 -16.498851 -24.000605
  endloop
 endfacet
 facet normal 0 -0.812847 -0.582477
  outer loop
   vertex -32.600000 -16.849520 -23.511246
   vertex 32.600000 -16.498851 -24.000605
   vertex 32.600000 -16.849520 -23.511246
  endloop
 endfacet
 facet normal -1 0 0
  outer loop
   vertex -32.600000 -9.200000 -18.400000
   vertex -32.600000 -16.498851 -24.000605
   vertex -32.600000 -16.849520 -23.511246
  endloop
 endfacet
 facet normal 1 0 0
  outer loop
   vertex 32.600000 -9.200000 -18.400000
   vertex 32.600000 -16.849520 -23.511246
   vertex 32.600000 -16.498851 -24.000605
  endloop
 endfacet
 facet normal 0 -0.77301 -0.634394
  outer loop
   vertex -32.600000 -16.498851 -24.000605
   vertex -32.600000 -16.116926 -24.465981
   vertex 32.600000 -16.116926 -24.465981
  endloop
 endfacet
 facet normal 0 -0.77301 -0.634394
  outer loop
   vertex -32.600000 -16.498851 -24.000605
   vertex 32.600000 -16.116926 -24.465981
   vertex 32.600000 -16.498851 -24.000605
  endloop
 endfacet
 facet normal -1 0 0
  outer loop
   vertex -32.600000 -9.200000 -18.400000
   vertex -32.600000 -16.116926 -24.465981
   vertex -32.600000 -16.498851 -24.000605
  endloop
 endfacet
 facet normal 1 0 0
  outer loop
   vertex 32.600000 -9.200000 -18.400000
   vertex 32.600000 -16.498851 -24.000605
   vertex 32.600000 -16.116926 -24.465981
  endloop
 endfacet
 facet normal 0 -0.729864 -0.683592
  outer loop
   vertex -32.600000 -16.116926 -24.465981
   vertex -32.600000 -15.705382 -24.905382
   vertex 32.600000 -15.705382 -24.905382
  endloop
 endfacet
 facet normal 0 -0.729864 -0.683592
  outer loop
   vertex -32.600000 -16.116926 -24.465981
   vertex 32.600000 -15.705382 -24.905382
   vertex 32.600000 -16.116926 -24.465981
  endloop
 endfacet
 facet normal -1 0 0
  outer loop
   vertex -32.600000 -9.200000 -18.400000
   vertex -32.600000 -15.705382 -24.905382
   vertex -32.600000 -16.116926 -24.465981
  endloop
 endfacet
 facet normal 1 0 0
  outer loop
   vertex 32.600000 -9.200000 -18.400000
   vertex 32.600000 -16.116926 -24.465981
   vertex 32.600000 -15.705382 -24.905382
  endloop
 endfacet
 facet normal 0 -0.683592 -0.729864
  outer loop
   vertex -32.600000 -15.705382 -24.905382
   vertex -32.600000 -15.265981 -25.316926
   vertex 32.600000 -15.265981 -25.316926
  endloop
 endfacet
 facet normal 0 -0.683592 -0.729864
  outer loop
   vertex -32.600000 -15.705382 -24.905382
   vertex 32.600000 -15.265981 -25.316926
   vertex 32.600000 -15.705382 -24.905382
  endloop
 endfacet
 facet normal -1 0 0
  outer loop
   vertex -32.600000 -9.200000 -18.400000
   vertex -32.600000 -15.265981 -25.316926
   vertex -32.600000 -15.705382 -24.905382
  endloop
 endfacet
 facet normal 1 0 0
  outer loop
   vertex 32.600000 -9.200000 -18.400000
   vertex 32.600000 -15.705382 -24.905382
   vertex 32.600000 -15.265981 -25.316926
  endloop
 endfacet
 facet normal 0 -0.634394 -0.77301
  outer loop
   vertex -32.600000 -15.265981 -25.316926
   vertex -32.600000 -14.800605 -25.698851
   vertex 32.600000 -14.800605 -25.698851
  endloop
 endfacet
 facet normal 0 -0.634394 -0.77301
  outer loop
   vertex -32.600000 -15.265981 -25.316926
   vertex 32.600000 -14.800605 -25.698851
   vertex 32.600000 -15.265981 -25.316926
  endloop
 endfacet
 facet normal -1 0 0
  outer loop
   vertex -32.600000 -9.200000 -18.400000
   vertex -32.600000 -14.800605 -25.698851
   vertex -32.600000 -15.265981 -25.316926
  endloop
 endfacet
 facet normal 1 0 0
  outer loop
   vertex 32.600000 -9.200000 -18.400000
   vertex 32.600000 -15.265981 -25.316926
   vertex 32.600000 -14.800605 -25.698851
  endloop
 endfacet
 facet normal 0 -0.582477 -0.812847
  outer loop
   vertex -32.600000 -14.800605 -25.698851
   vertex -32.600000 -14.311246 -26.049520
   vertex 32.600000 -14.311246 -26.049520
  endloop
 endfacet
 facet normal 0 -0.582477 -0.812847
  outer loop
   vertex -32.600000 -14.800605 -25.698851
   vertex 32.600000 -14.311246 -26.049520
   vertex 32.600000 -14.800605 -25.698851
  endloop
 endfacet
 facet normal -1 0 0
  outer loop
   vertex -32.600000 -9.200000 -18.400000
   vertex -32.600000 -14.311246 -26.049520
   vertex -32.600000 -14.800605 -25.698851
  endloop
 endfacet
 facet normal 1 0 0
  outer loop
   vertex 32.600000 -9.200000 -18.400000
   vertex 32.600000 -14.800605 -25.698851
   vertex 32.600000 -14.311246 -26.049520
  endloop
 endfacet
 facet normal 0 -0.528069 -0.849202
  outer loop
   vertex -32.600000 -14.311246 -26.049520
   vertex -32.600000 -13.800000 -26.367434
   vertex 32.600000 -13.800000 -26.367434
  endloop
 endfacet
 facet normal 0 -0.528069 -0.849202
  outer loop
   vertex -32.600000 -14.311246 -26.049520
   vertex 32.600000 -13.800000 -26.367434
   vertex 32.600000 -14.311246 -26.049520
  endloop
 endfacet
 facet normal -1 0 0
  outer loop
   vertex -32.600000 -9.200000 -18.400000
   vertex -32.600000 -13.800000 -26.367434
   vertex -32.600000 -14.311246 -26.049520
  endloop
 endfacet
 facet normal 1 0 0
  outer loop
   vertex 32.600000 -9.200000 -18.400000
   vertex 32.600000 -14.311246 -26.049520
   vertex 32.600000 -13.800000 -26.367434
  endloop
 endfacet
 facet normal 0 -0.471396 -0.881922
  outer loop
   vertex -32.600000 -13.800000 -26.367434
   vertex -32.600000 -13.269056 -26.651229
   vertex 32.600000 -13.269056 -26.651229
  endloop
 endfacet
 facet normal 0 -0.471396 -0.881922
  outer loop
   vertex -32.600000 -13.800000 -26.367434
   vertex 32.600000 -13.269056 -26.651229
   vertex 32.600000 -13.800000 -26.367434
  endloop
 endfacet
 facet normal -1 0 0
  outer loop
   vertex -32.600000 -9.200000 -18.400000
   vertex -32.600000 -13.269056 -26.651229
   vertex -32.600000 -13.800000 -26.367434
  endloop
 endfacet
 facet normal 1 0 0
  outer loop
   vertex 32.600000 -9.200000 -18.400000
   vertex 32.600000 -13.800000 -26.367434
   vertex 32.600000 -13.269056 -26.651229
  endloop
 endfacet
 facet normal 0 -0.412708 -0.910863
  outer loop
   vertex -32.600000 -13.269056 -26.651229
   vertex -32.600000 -12.720688 -26.899692
   vertex 32.600000 -12.720688 -26.899692
  endloop
 endfacet
 facet normal 0 -0.412708 -0.910863
  outer loop
   vertex -32.600000 -13.269056 -26.651229
   vertex 32.600000 -12.720688 -26.899692
   vertex 32.600000 -13.269056 -26.651229
  endloop
 endfacet
 facet normal -1 0 0
  outer loop
   vertex -32.600000 -9.200000 -18.400000
   vertex -32.600000 -12.720688 -26.899692
   vertex -32.600000 -13.269056 -26.651229
  endloop
 endfacet
 facet normal 1 0 0
  outer loop
   vertex 32.600000 -9.200000 -18.400000
   vertex 32.600000 -13.269056 -26.651229
   vertex 32.600000 -12.720688 -26.899692
  endloop
 endfacet
 facet normal 0 -0.352249 -0.935906
  outer loop
   vertex -32.600000 -12.720688 -26.899692
   vertex -32.600000 -12.157243 -27.111757
   vertex 32.600000 -12.157243 -27.111757
  endloop
 endfacet
 facet normal 0 -0.352249 -0.935906
  outer loop
   vertex -32.600000 -12.720688 -26.899692
   vertex 32.600000 -12.157243 -27.111757
   vertex 32.600000 -12.720688 -26.899692
  endloop
 endfacet
 facet normal -1 0 0
  outer loop
   vertex -32.600000 -9.200000 -18.400000
   vertex -32.600000 -12.157243 -27.111757
   vertex -32.600000 -12.720688 -26.899692
  endloop
 endfacet
 facet normal 1 0 0
  outer loop
   vertex 32.600000 -9.200000 -18.400000
   vertex 32.600000 -12.720688 -26.899692
   vertex 32.600000 -12.157243 -27.111757
  endloop
 endfacet
 facet normal 0 -0.290286 -0.95694
  outer loop
   vertex -32.600000 -12.157243 -27.111757
   vertex -32.600000 -11.581135 -27.286518
   vertex 32.600000 -11.581135 -27.286518
  endloop
 endfacet
 facet normal 0 -0.290286 -0.95694
  outer loop
   vertex -32.600000 -12.157243 -27.111757
   vertex 32.600000 -11.581135 -27.286518
   vertex 32.600000 -12.157243 -27.111757
  endloop
 endfacet
 facet normal -1 0 0
  outer loop
   vertex -32.600000 -9.200000 -18.400000
   vertex -32.600000 -11.581135 -27.286518
   vertex -32.600000 -12.157243 -27.111757
  endloop
 endfacet
 facet normal 1 0 0
  outer loop
   vertex 32.600000 -9.200000 -18.400000
   vertex 32.600000 -12.157243 -27.111757
   vertex 32.600000 -11.581135 -27.286518
  endloop
 endfacet
 facet normal 0 -0.227076 -0.973877
  outer loop
   vertex -32.600000 -11.581135 -27.286518
   vertex -32.600000 -10.994831 -27.423225
   vertex 32.600000 -10.994831 -27.423225
  endloop
 endfacet
 facet normal 0 -0.227076 -0.973877
  outer loop
   vertex -32.600000 -11.581135 -27.286518
   vertex 32.600000 -10.994831 -27.423225
   vertex 32.600000 -11.581135 -27.286518
  endloop
 endfacet
 facet normal -1 0 0
  outer loop
   vertex -32.600000 -9.200000 -18.400000
   vertex -32.600000 -10.994831 -27.423225
   vertex -32.600000 -11.581135 -27.286518
  endloop
 endfacet
 facet normal 1 0 0
  outer loop
   vertex 32.600000 -9.200000 -18.400000
   vertex 32.600000 -11.581135 -27.286518
   vertex 32.600000 -10.994831 -27.423225
  endloop
 endfacet
 facet normal 0 -0.162895 -0.986643
  outer loop
   vertex -32.600000 -10.994831 -27.423225
   vertex -32.600000 -10.400841 -27.521293
   vertex 32.600000 -10.400841 -27.521293
  endloop
 endfacet
 facet normal 0 -0.162895 -0.986643
  outer loop
   vertex -32.600000 -10.994831 -27.423225
   vertex 32.600000 -10.400841 -27.521293
   vertex 32.600000 -10.994831 -27.423225
  endloop
 endfacet
 facet normal -1 0 0
  outer loop
   vertex -32.600000 -9.200000 -18.400000
   vertex -32.600000 -10.400841 -27.521293
   vertex -32.600000 -10.994831 -27.423225
  endloop
 endfacet
 facet normal 1 0 0
  outer loop
   vertex 32.600000 -9.200000 -18.400000
   vertex 32.600000 -10.994831 -27.423225
   vertex 32.600000 -10.400841 -27.521293
  endloop
 endfacet
 facet normal 0 -0.0980166 -0.995185
  outer loop
   vertex -32.600000 -10.400841 -27.521293
   vertex -32.600000 -9.801709 -27.580302
   vertex 32.600000 -9.801709 -27.580302
  endloop
 endfacet
 facet normal 0 -0.0980166 -0.995185
  outer loop
   vertex -32.600000 -10.400841 -27.521293
   vertex 32.600000 -9.801709 -27.580302
   vertex 32.600000 -10.400841 -27.521293
  endloop
 endfacet
 facet normal -1 0 0
  outer loop
   vertex -32.600000 -9.200000 -18.400000
   vertex -32.600000 -9.801709 -27.580302
   vertex -32.600000 -10.400841 -27.521293
  endloop
 endfacet
 facet normal 1 0 0
  outer loop
   vertex 32.600000 -9.200000 -18.400000
   vertex 32.600000 -10.400841 -27.521293
   vertex 32.600000 -9.801709 -27.580302
  endloop
 endfacet
 facet normal 0 -0.0327192 -0.999465
  outer loop
   vertex -32.600000 -9.801709 -27.580302
   vertex -32.600000 -9.200000 -27.600000
   vertex 32.600000 -9.200000 -27.600000
  endloop
 endfacet
 facet normal 0 -0.0327192 -0.999465
  outer loop
   vertex -32.600000 -9.801709 -27.580302
   vertex 32.600000 -9.200000 -27.600000
   vertex 32.600000 -9.801709 -27.580302
  endloop
 endfacet
 facet normal -1 0 -0
  outer loop
   vertex -32.600000 -9.200000 -18.400000
   vertex -32.600000 -9.200000 -27.600000
   vertex -32.600000 -9.801709 -27.580302
  endloop
 endfacet
 facet normal 1 0 0
  outer loop
   vertex 32.600000 -9.200000 -18.400000
   vertex 32.600000 -9.801709 -27.580302
   vertex 32.600000 -9.200000 -27.600000
  endloop
 endfacet
 facet normal 0 0.0327192 -0.999465
  outer loop
   vertex -32.600000 -9.200000 -27.600000
   vertex -32.600000 -8.598291 -27.580302
   vertex 32.600000 -8.598291 -27.580302
  endloop
 endfacet
 facet normal 0 0.0327192 -0.999465
  outer loop
   vertex -32.600000 -9.200000 -27.600000
   vertex 32.600000 -8.598291 -27.580302
   vertex 32.600000 -9.200000 -27.600000
  endloop
 endfacet
 facet normal -1 0 0
  outer loop
   vertex -32.600000 -9.200000 -18.400000
   vertex -32.600000 -8.598291 -27.580302
   vertex -32.600000 -9.200000 -27.600000
  endloop
 endfacet
 facet normal 1 0 0
  outer loop
   vertex 32.600000 -9.200000 -18.400000
   vertex 32.600000 -9.200000 -27.600000
   vertex 32.600000 -8.598291 -27.580302
  endloop
 endfacet
 facet normal 0 0.0980166 -0.995185
  outer loop
   vertex -32.600000 -8.598291 -27.580302
   vertex -32.600000 -7.999159 -27.521293
   vertex 32.600000 -7.999159 -27.521293
  endloop
 endfacet
 facet normal 0 0.0980166 -0.995185
  outer loop
   vertex -32.600000 -8.598291 -27.580302
   vertex 32.600000 -7.999159 -27.521293
   vertex 32.600000 -8.598291 -27.580302
  endloop
 endfacet
 facet normal -1 0 0
  outer loop
   vertex -32.600000 -9.200000 -18.400000
   vertex -32.600000 -7.999159 -27.521293
   vertex -32.600000 -8.598291 -27.580302
  endloop
 endfacet
 facet normal 1 0 0
  outer loop
   vertex 32.600000 -9.200000 -18.400000
   vertex 32.600000 -8.598291 -27.580302
   vertex 32.600000 -7.999159 -27.521293
  endloop
 endfacet
 facet normal 0 0.162895 -0.986643
  outer loop
   vertex -32.600000 -7.999159 -27.521293
   vertex -32.600000 -7.405169 -27.423225
   vertex 32.600000 -7.405169 -27.423225
  endloop
 endfacet
 facet normal 0 0.162895 -0.986643
  outer loop
   vertex -32.600000 -7.999159 -27.521293
   vertex 32.600000 -7.405169 -27.423225
   vertex 32.600000 -7.999159 -27.521293
  endloop
 endfacet
 facet normal -1 0 0
  outer loop
   vertex -32.600000 -9.200000 -18.400000
   vertex -32.600000 -7.405169 -27.423225
   vertex -32.600000 -7.999159 -27.521293
  endloop
 endfacet
 facet normal 1 0 0
  outer loop
   vertex 32.600000 -9.200000 -18.400000
   vertex 32.600000 -7.999159 -27.521293
   vertex 32.600000 -7.405169 -27.423225
  endloop
 endfacet
 facet normal 0 0.227076 -0.973877
  outer loop
   vertex -32.600000 -7.405169 -27.423225
   vertex -32.600000 -6.818865 -27.286518
   vertex 32.600000 -6.818865 -27.286518
  endloop
 endfacet
 facet normal 0 0.227076 -0.973877
  outer loop
   vertex -32.600000 -7.405169 -27.423225
   vertex 32.600000 -6.818865 -27.286518
   vertex 32.600000 -7.405169 -27.423225
  endloop
 endfacet
 facet normal -1 0 0
  outer loop
   vertex -32.600000 -9.200000 -18.400000
   vertex -32.600000 -6.818865 -27.286518
   vertex -32.600000 -7.405169 -27.423225
  endloop
 endfacet
 facet normal 1 0 0
  outer loop
   vertex 32.600000 -9.200000 -18.400000
   vertex 32.600000 -7.405169 -27.423225
   vertex 32.600000 -6.818865 -27.286518
  endloop
 endfacet
 facet normal 0 0.290286 -0.95694
  outer loop
   vertex -32.600000 -6.818865 -27.286518
   vertex -32.600000 -6.242757 -27.111757
   vertex 32.600000 -6.242757 -27.111757
  endloop
 endfacet
 facet normal 0 0.290286 -0.95694
  outer loop
   vertex -32.600000 -6.818865 -27.286518
   vertex 32.600000 -6.242757 -27.111757
   vertex 32.600000 -6.818865 -27.286518
  endloop
 endfacet
 facet normal -1 0 0
  outer loop
   vertex -32.600000 -9.200000 -18.400000
   vertex -32.600000 -6.242757 -27.111757
   vertex -32.600000 -6.818865 -27.286518
  endloop
 endfacet
 facet normal 1 0 0
  outer loop
   vertex 32.600000 -9.200000 -18.400000
   vertex 32.600000 -6.818865 -27.286518
   vertex 32.600000 -6.242757 -27.111757
  endloop
 endfacet
 facet normal 0 0.352249 -0.935906
  outer loop
   vertex -32.600000 -6.242757 -27.111757
   vertex -32.600000 -5.679312 -26.899692
   vertex 32.600000 -5.679312 -26.899692
  endloop
 endfacet
 facet normal 0 0.352249 -0.935906
  outer loop
   vertex -32.600000 -6.242757 -27.111757
   vertex 32.600000 -5.679312 -26.899692
   vertex 32.600000 -6.242757 -27.111757
  endloop
 endfacet
 facet normal -1 0 0
  outer loop
   vertex -32.600000 -9.200000 -18.400000
   vertex -32.600000 -5.679312 -26.899692
   vertex -32.600000 -6.242757 -27.111757
  endloop
 endfacet
 facet normal 1 0 0
  outer loop
   vertex 32.600000 -9.200000 -18.400000
   vertex 32.600000 -6.242757 -27.111757
   vertex 32.600000 -5.679312 -26.899692
  endloop
 endfacet
 facet normal 0 0.412708 -0.910863
  outer loop
   vertex -32.600000 -5.679312 -26.899692
   vertex -32.600000 -5.130944 -26.651229
   vertex 32.600000 -5.130944 -26.651229
  endloop
 endfacet
 facet normal 0 0.412708 -0.910863
  outer loop
   vertex -32.600000 -5.679312 -26.899692
   vertex 32.600000 -5.130944 -26.651229
   vertex 32.600000 -5.679312 -26.899692
  endloop
 endfacet
 facet normal -1 0 0
  outer loop
   vertex -32.600000 -9.200000 -18.400000
   vertex -32.600000 -5.130944 -26.651229
   vertex -32.600000 -5.679312 -26.899692
  endloop
 endfacet
 facet normal 1 0 0
  outer loop
   vertex 32.600000 -9.200000 -18.400000
   vertex 32.600000 -5.679312 -26.899692
   vertex 32.600000 -5.130944 -26.651229
  endloop
 endfacet
 facet normal 0 0.471396 -0.881922
  outer loop
   vertex -32.600000 -5.130944 -26.651229
   vertex -32.600000 -4.600000 -26.367434
   vertex 32.600000 -4.600000 -26.367434
  endloop
 endfacet
 facet normal 0 0.471396 -0.881922
  outer loop
   vertex -32.600000 -5.130944 -26.651229
   vertex 32.600000 -4.600000 -26.367434
   vertex 32.600000 -5.130944 -26.651229
  endloop
 endfacet
 facet normal -1 0 0
  outer loop
   vertex -32.600000 -9.200000 -18.400000
   vertex -32.600000 -4.600000 -26.367434
   vertex -32.600000 -5.130944 -26.651229
  endloop
 endfacet
 facet normal 1 0 0
  outer loop
   vertex 32.600000 -9.200000 -18.400000
   vertex 32.600000 -5.130944 -26.651229
   vertex 32.600000 -4.600000 -26.367434
  endloop
 endfacet
 facet normal 0 0.528069 -0.849202
  outer loop
   vertex -32.600000 -4.600000 -26.367434
   vertex -32.600000 -4.088754 -26.049520
   vertex 32.600000 -4.088754 -26.049520
  endloop
 endfacet
 facet normal 0 0.528069 -0.849202
  outer loop
   vertex -32.600000 -4.600000 -26.367434
   vertex 32.600000 -4.088754 -26.049520
   vertex 32.600000 -4.600000 -26.367434
  endloop
 endfacet
 facet normal -1 0 0
  outer loop
   vertex -32.600000 -9.200000 -18.400000
   vertex -32.600000 -4.088754 -26.049520
   vertex -32.600000 -4.600000 -26.367434
  endloop
 endfacet
 facet normal 1 0 0
  outer loop
   vertex 32.600000 -9.200000 -18.400000
   vertex 32.600000 -4.600000 -26.367434
   vertex 32.600000 -4.088754 -26.049520
  endloop
 endfacet
 facet normal 0 0.582477 -0.812847
  outer loop
   vertex -32.600000 -4.088754 -26.049520
   vertex -32.600000 -3.599395 -25.698851
   vertex 32.600000 -3.599395 -25.698851
  endloop
 endfacet
 facet normal 0 0.582477 -0.812847
  outer loop
   vertex -32.600000 -4.088754 -26.049520
   vertex 32.600000 -3.599395 -25.698851
   vertex 32.600000 -4.088754 -26.049520
  endloop
 endfacet
 facet normal -1 0 0
  outer loop
   vertex -32.600000 -9.200000 -18.400000
   vertex -32.600000 -3.599395 -25.698851
   vertex -32.600000 -4.088754 -26.049520
  endloop
 endfacet
 facet normal 1 0 0
  outer loop
   vertex 32.600000 -9.200000 -18.400000
   vertex 32.600000 -4.088754 -26.049520
   vertex 32.600000 -3.599395 -25.698851
  endloop
 endfacet
 facet normal 0 0.634394 -0.77301
  outer loop
   vertex -32.600000 -3.599395 -25.698851
   vertex -32.600000 -3.134019 -25.316926
   vertex 32.600000 -3.134019 -25.316926
  endloop
 endfacet
 facet normal 0 0.634394 -0.77301
  outer loop
   vertex -32.600000 -3.599395 -25.698851
   vertex 32.600000 -3.134019 -25.316926
   vertex 32.600000 -3.599395 -25.698851
  endloop
 endfacet
 facet normal -1 0 0
  outer loop
   vertex -32.600000 -9.200000 -18.400000
   vertex -32.600000 -3.134019 -25.316926
   vertex -32.600000 -3.599395 -25.698851
  endloop
 endfacet
 facet normal 1 0 0
  outer loop
   vertex 32.600000 -9.200000 -18.400000
   vertex 32.600000 -3.599395 -25.698851
   vertex 32.600000 -3.134019 -25.316926
  endloop
 endfacet
 facet normal 0 0.683592 -0.729864
  outer loop
   vertex -32.600000 -3.134019 -25.316926
   vertex -32.600000 -2.694618 -24.905382
   vertex 32.600000 -2.694618 -24.905382
  endloop
 endfacet
 facet normal 0 0.683592 -0.729864
  outer loop
   vertex -32.600000 -3.134019 -25.316926
   vertex 32.600000 -2.694618 -24.905382
   vertex 32.600000 -3.134019 -25.316926
  endloop
 endfacet
 facet normal -1 0 0
  outer loop
   vertex -32.600000 -9.200000 -18.400000
   vertex -32.600000 -2.694618 -24.905382
   vertex -32.600000 -3.134019 -25.316926
  endloop
 endfacet
 facet normal 1 0 0
  outer loop
   vertex 32.600000 -9.200000 -18.400000
   vertex 32.600000 -3.134019 -25.316926
   vertex 32.600000 -2.694618 -24.905382
  endloop
 endfacet
 facet normal 0 0.729864 -0.683592
  outer loop
   vertex -32.600000 -2.694618 -24.905382
   vertex -32.600000 -2.283074 -24.465981
   vertex 32.600000 -2.283074 -24.465981
  endloop
 endfacet
 facet normal 0 0.729864 -0.683592
  outer loop
   vertex -32.600000 -2.694618 -24.905382
   vertex 32.600000 -2.283074 -24.465981
   vertex 32.600000 -2.694618 -24.905382
  endloop
 endfacet
 facet normal -1 0 0
  outer loop
   vertex -32.600000 -9.200000 -18.400000
   vertex -32.600000 -2.283074 -24.465981
   vertex -32.600000 -2.694618 -24.905382
  endloop
 endfacet
 facet normal 1 0 0
  outer loop
   vertex 32.600000 -9.200000 -18.400000
   vertex 32.600000 -2.694618 -24.905382
   vertex 32.600000 -2.283074 -24.465981
  endloop
 endfacet
 facet normal 0 0.77301 -0.634394
  outer loop
   vertex -32.600000 -2.283074 -24.465981
   vertex -32.600000 -1.901149 -24.000605
   vertex 32.600000 -1.901149 -24.000605
  endloop
 endfacet
 facet normal 0 0.77301 -0.634394
  outer loop
   vertex -32.600000 -2.283074 -24.465981
   vertex 32.600000 -1.901149 -24.000605
   vertex 32.600000 -2.283074 -24.465981
  endloop
 endfacet
 facet normal -1 0 0
  outer loop
   vertex -32.600000 -9.200000 -18.400000
   vertex -32.600000 -1.901149 -24.000605
   vertex -32.600000 -2.283074 -24.465981
  endloop
 endfacet
 facet normal 1 0 0
  outer loop
   vertex 32.600000 -9.200000 -18.400000
   vertex 32.600000 -2.283074 -24.465981
   vertex 32.600000 -1.901149 -24.000605
  endloop
 endfacet
 facet normal 0 0.812847 -0.582477
  outer loop
   vertex -32.600000 -1.901149 -24.000605
   vertex -32.600000 -1.550480 -23.511246
   vertex 32.600000 -1.550480 -23.511246
  endloop
 endfacet
 facet normal 0 0.812847 -0.582477
  outer loop
   vertex -32.600000 -1.901149 -24.000605
   vertex 32.600000 -1.550480 -23.511246
   vertex 32.600000 -1.901149 -24.000605
  endloop
 endfacet
 facet normal -1 0 0
  outer loop
   vertex -32.600000 -9.200000 -18.400000
   vertex -32.600000 -1.550480 -23.511246
   vertex -32.600000 -1.901149 -24.000605
  endloop
 endfacet
 facet normal 1 0 0
  outer loop
   vertex 32.600000 -9.200000 -18.400000
   vertex 32.600000 -1.901149 -24.000605
   vertex 32.600000 -1.550480 -23.511246
  endloop
 endfacet
 facet normal 0 0.849202 -0.528069
  outer loop
   vertex -32.600000 -1.550480 -23.511246
   vertex -32.600000 -1.232566 -23.000000
   vertex 32.600000 -1.232566 -23.000000
  endloop
 endfacet
 facet normal 0 0.849202 -0.528069
  outer loop
   vertex -32.600000 -1.550480 -23.511246
   vertex 32.600000 -1.232566 -23.000000
   vertex 32.600000 -1.550480 -23.511246
  endloop
 endfacet
 facet normal -1 0 0
  outer loop
   vertex -32.600000 -9.200000 -18.400000
   vertex -32.600000 -1.232566 -23.000000
   vertex -32.600000 -1.550480 -23.511246
  endloop
 endfacet
 facet normal 1 0 0
  outer loop
   vertex 32.600000 -9.200000 -18.400000
   vertex 32.600000 -1.550480 -23.511246
   vertex 32.600000 -1.232566 -23.000000
  endloop
 endfacet
 facet normal 0 0.881922 -0.471396
  outer loop
   vertex -32.600000 -1.232566 -23.000000
   vertex -32.600000 -0.948771 -22.469056
   vertex 32.600000 -0.948771 -22.469056
  endloop
 endfacet
 facet normal 0 0.881922 -0.471396
  outer loop
   vertex -32.600000 -1.232566 -23.000000
   vertex 32.600000 -0.948771 -22.469056
   vertex 32.600000 -1.232566 -23.000000
  endloop
 endfacet
 facet normal -1 0 0
  outer loop
   vertex -32.600000 -9.200000 -18.400000
   vertex -32.600000 -0.948771 -22.469056
   vertex -32.600000 -1.232566 -23.000000
  endloop
 endfacet
 facet normal 1 0 0
  outer loop
   vertex 32.600000 -9.200000 -18.400000
   vertex 32.600000 -1.232566 -23.000000
   vertex 32.600000 -0.948771 -22.469056
  endloop
 endfacet
 facet normal 0 0.910863 -0.412708
  outer loop
   vertex -32.600000 -0.948771 -22.469056
   vertex -32.600000 -0.700308 -21.920688
   vertex 32.600000 -0.700308 -21.920688
  endloop
 endfacet
 facet normal 0 0.910863 -0.412708
  outer loop
   vertex -32.600000 -0.948771 -22.469056
   vertex 32.600000 -0.700308 -21.920688
   vertex 32.600000 -0.948771 -22.469056
  endloop
 endfacet
 facet normal -1 0 0
  outer loop
   vertex -32.600000 -9.200000 -18.400000
   vertex -32.600000 -0.700308 -21.920688
   vertex -32.600000 -0.948771 -22.469056
  endloop
 endfacet
 facet normal 1 0 0
  outer loop
   vertex 32.600000 -9.200000 -18.400000
   vertex 32.600000 -0.948771 -22.469056
   vertex 32.600000 -0.700308 -21.920688
  endloop
 endfacet
 facet normal 0 0.935906 -0.352249
  outer loop
   vertex -32.600000 -0.700308 -21.920688
   vertex -32.600000 -0.488243 -21.357243
   vertex 32.600000 -0.488243 -21.357243
  endloop
 endfacet
 facet normal 0 0.935906 -0.352249
  outer loop
   vertex -32.600000 -0.700308 -21.920688
   vertex 32.600000 -0.488243 -21.357243
   vertex 32.600000 -0.700308 -21.920688
  endloop
 endfacet
 facet normal -1 0 0
  outer loop
   vertex -32.600000 -9.200000 -18.400000
   vertex -32.600000 -0.488243 -21.357243
   vertex -32.600000 -0.700308 -21.920688
  endloop
 endfacet
 facet normal 1 0 0
  outer loop
   vertex 32.600000 -9.200000 -18.400000
   vertex 32.600000 -0.700308 -21.920688
   vertex 32.600000 -0.488243 -21.357243
  endloop
 endfacet
 facet normal 0 0.95694 -0.290286
  outer loop
   vertex -32.600000 -0.488243 -21.357243
   vertex -32.600000 -0.313482 -20.781135
   vertex 32.600000 -0.313482 -20.781135
  endloop
 endfacet
 facet normal 0 0.95694 -0.290286
  outer loop
   vertex -32.600000 -0.488243 -21.357243
   vertex 32.600000 -0.313482 -20.781135
   vertex 32.600000 -0.488243 -21.357243
  endloop
 endfacet
 facet normal -1 0 0
  outer loop
   vertex -32.600000 -9.200000 -18.400000
   vertex -32.600000 -0.313482 -20.781135
   vertex -32.600000 -0.488243 -21.357243
  endloop
 endfacet
 facet normal 1 0 0
  outer loop
   vertex 32.600000 -9.200000 -18.400000
   vertex 32.600000 -0.488243 -21.357243
   vertex 32.600000 -0.313482 -20.781135
  endloop
 endfacet
 facet normal 0 0.973877 -0.227076
  outer loop
   vertex -32.600000 -0.313482 -20.781135
   vertex -32.600000 -0.176775 -20.194831
   vertex 32.600000 -0.176775 -20.194831
  endloop
 endfacet
 facet normal 0 0.973877 -0.227076
  outer loop
   vertex -32.600000 -0.313482 -20.781135
   vertex 32.600000 -0.176775 -20.194831
   vertex 32.600000 -0.313482 -20.781135
  endloop
 endfacet
 facet normal -1 0 0
  outer loop
   vertex -32.600000 -9.200000 -18.400000
   vertex -32.600000 -0.176775 -20.194831
   vertex -32.600000 -0.313482 -20.781135
  endloop
 endfacet
 facet normal 1 0 0
  outer loop
   vertex 32.600000 -9.200000 -18.400000
   vertex 32.600000 -0.313482 -20.781135
   vertex 32.600000 -0.176775 -20.194831
  endloop
 endfacet
 facet normal 0 0.986643 -0.162895
  outer loop
   vertex -32.600000 -0.176775 -20.194831
   vertex -32.600000 -0.078707 -19.600841
   vertex 32.600000 -0.078707 -19.600841
  endloop
 endfacet
 facet normal 0 0.986643 -0.162895
  outer loop
   vertex -32.600000 -0.176775 -20.194831
   vertex 32.600000 -0.078707 -19.600841
   vertex 32.600000 -0.176775 -20.194831
  endloop
 endfacet
 facet normal -1 0 0
  outer loop
   vertex -32.600000 -9.200000 -18.400000
   vertex -32.600000 -0.078707 -19.600841
   vertex -32.600000 -0.176775 -20.194831
  endloop
 endfacet
 facet normal 1 0 0
  outer loop
   vertex 32.600000 -9.200000 -18.400000
   vertex 32.600000 -0.176775 -20.194831
   vertex 32.600000 -0.078707 -19.600841
  endloop
 endfacet
 facet normal 0 0.995185 -0.0980166
  outer loop
   vertex -32.600000 -0.078707 -19.600841
   vertex -32.600000 -0.019698 -19.001709
   vertex 32.600000 -0.019698 -19.001709
  endloop
 endfacet
 facet normal 0 0.995185 -0.0980166
  outer loop
   vertex -32.600000 -0.078707 -19.600841
   vertex 32.600000 -0.019698 -19.001709
   vertex 32.600000 -0.078707 -19.600841
  endloop
 endfacet
 facet normal -1 0 0
  outer loop
   vertex -32.600000 -9.200000 -18.400000
   vertex -32.600000 -0.019698 -19.001709
   vertex -32.600000 -0.078707 -19.600841
  endloop
 endfacet
 facet normal 1 0 0
  outer loop
   vertex 32.600000 -9.200000 -18.400000
   vertex 32.600000 -0.078707 -19.600841
   vertex 32.600000 -0.019698 -19.001709
  endloop
 endfacet
 facet normal 0 0.999465 -0.0327192
  outer loop
   vertex -32.600000 -0.019698 -19.001709
   vertex -32.600000 0.000000 -18.400000
   vertex 32.600000 0.000000 -18.400000
  endloop
 endfacet
 facet normal 0 0.999465 -0.0327192
  outer loop
   vertex -32.600000 -0.019698 -19.001709
   vertex 32.600000 0.000000 -18.400000
   vertex 32.600000 -0.019698 -19.001709
  endloop
 endfacet
 facet normal -1 0 0
  outer loop
   vertex -32.600000 -9.200000 -18.400000
   vertex -32.600000 0.000000 -18.400000
   vertex -32.600000 -0.019698 -19.001709
  endloop
 endfacet
 facet normal 1 -0 0
  outer loop
   vertex 32.600000 -9.200000 -18.400000
   vertex 32.600000 -0.019698 -19.001709
   vertex 32.600000 0.000000 -18.400000
  endloop
 endfacet
 facet normal 0 0.999465 0.0327192
  outer loop
   vertex -32.600000 0.000000 0.000000
   vertex -32.600000 -0.019698 0.601709
   vertex 32.600000 -0.019698 0.601709
  endloop
 endfacet
 facet normal -0 0.999465 0.0327192
  outer loop
   vertex -32.600000 0.000000 0.000000
   vertex 32.600000 -0.019698 0.601709
   vertex 32.600000 0.000000 0.000000
  endloop
 endfacet
 facet normal -1 0 0
  outer loop
   vertex -32.600000 -9.200000 0.000000
   vertex -32.600000 -0.019698 0.601709
   vertex -32.600000 0.000000 0.000000
  endloop
 endfacet
 facet normal 1 0 0
  outer loop
   vertex 32.600000 -9.200000 0.000000
   vertex 32.600000 0.000000 0.000000
   vertex 32.600000 -0.019698 0.601709
  endloop
 endfacet
 facet normal 0 0.995185 0.0980166
  outer loop
   vertex -32.600000 -0.019698 0.601709
   vertex -32.600000 -0.078707 1.200841
   vertex 32.600000 -0.078707 1.200841
  endloop
 endfacet
 facet normal -0 0.995185 0.0980166
  outer loop
   vertex -32.600000 -0.019698 0.601709
   vertex 32.600000 -0.078707 1.200841
   vertex 32.600000 -0.019698 0.601709
  endloop
 endfacet
 facet normal -1 0 0
  outer loop
   vertex -32.600000 -9.200000 0.000000
   vertex -32.600000 -0.078707 1.200841
   vertex -32.600000 -0.019698 0.601709
  endloop
 endfacet
 facet normal 1 0 0
  outer loop
   vertex 32.600000 -9.200000 0.000000
   vertex 32.600000 -0.019698 0.601709
   vertex 32.600000 -0.078707 1.200841
  endloop
 endfacet
 facet normal 0 0.986643 0.162895
  outer loop
   vertex -32.600000 -0.078707 1.200841
   vertex -32.600000 -0.176775 1.794831
   vertex 32.600000 -0.176775 1.794831
  endloop
 endfacet
 facet normal -0 0.986643 0.162895
  outer loop
   vertex -32.600000 -0.078707 1.200841
   vertex 32.600000 -0.176775 1.794831
   vertex 32.600000 -0.078707 1.200841
  endloop
 endfacet
 facet normal -1 0 0
  outer loop
   vertex -32.600000 -9.200000 0.000000
   vertex -32.600000 -0.176775 1.794831
   vertex -32.600000 -0.078707 1.200841
  endloop
 endfacet
 facet normal 1 0 0
  outer loop
   vertex 32.600000 -9.200000 0.000000
   vertex 32.600000 -0.078707 1.200841
   vertex 32.600000 -0.176775 1.794831
  endloop
 endfacet
 facet normal 0 0.973877 0.227076
  outer loop
   vertex -32.600000 -0.176775 1.794831
   vertex -32.600000 -0.313482 2.381135
   vertex 32.600000 -0.313482 2.381135
  endloop
 endfacet
 facet normal -0 0.973877 0.227076
  outer loop
   vertex -32.600000 -0.176775 1.794831
   vertex 32.600000 -0.313482 2.381135
   vertex 32.600000 -0.176775 1.794831
  endloop
 endfacet
 facet normal -1 0 0
  outer loop
   vertex -32.600000 -9.200000 0.000000
   vertex -32.600000 -0.313482 2.381135
   vertex -32.600000 -0.176775 1.794831
  endloop
 endfacet
 facet normal 1 0 0
  outer loop
   vertex 32.600000 -9.200000 0.000000
   vertex 32.600000 -0.176775 1.794831
   vertex 32.600000 -0.313482 2.381135
  endloop
 endfacet
 facet normal 0 0.95694 0.290286
  outer loop
   vertex -32.600000 -0.313482 2.381135
   vertex -32.600000 -0.488243 2.957243
   vertex 32.600000 -0.488243 2.957243
  endloop
 endfacet
 facet normal -0 0.95694 0.290286
  outer loop
   vertex -32.600000 -0.313482 2.381135
   vertex 32.600000 -0.488243 2.957243
   vertex 32.600000 -0.313482 2.381135
  endloop
 endfacet
 facet normal -1 0 0
  outer loop
   vertex -32.600000 -9.200000 0.000000
   vertex -32.600000 -0.488243 2.957243
   vertex -32.600000 -0.313482 2.381135
  endloop
 endfacet
 facet normal 1 0 0
  outer loop
   vertex 32.600000 -9.200000 0.000000
   vertex 32.600000 -0.313482 2.381135
   vertex 32.600000 -0.488243 2.957243
  endloop
 endfacet
 facet normal 0 0.935906 0.352249
  outer loop
   vertex -32.600000 -0.488243 2.957243
   vertex -32.600000 -0.700308 3.520688
   vertex 32.600000 -0.700308 3.520688
  endloop
 endfacet
 facet normal -0 0.935906 0.352249
  outer loop
   vertex -32.600000 -0.488243 2.957243
   vertex 32.600000 -0.700308 3.520688
   vertex 32.600000 -0.488243 2.957243
  endloop
 endfacet
 facet normal -1 0 0
  outer loop
   vertex -32.600000 -9.200000 0.000000
   vertex -32.600000 -0.700308 3.520688
   vertex -32.600000 -0.488243 2.957243
  endloop
 endfacet
 facet normal 1 0 0
  outer loop
   vertex 32.600000 -9.200000 0.000000
   vertex 32.600000 -0.488243 2.957243
   vertex 32.600000 -0.700308 3.520688
  endloop
 endfacet
 facet normal 0 0.910863 0.412708
  outer loop
   vertex -32.600000 -0.700308 3.520688
   vertex -32.600000 -0.948771 4.069056
   vertex 32.600000 -0.948771 4.069056
  endloop
 endfacet
 facet normal -0 0.910863 0.412708
  outer loop
   vertex -32.600000 -0.700308 3.520688
   vertex 32.600000 -0.948771 4.069056
   vertex 32.600000 -0.700308 3.520688
  endloop
 endfacet
 facet normal -1 0 0
  outer loop
   vertex -32.600000 -9.200000 0.000000
   vertex -32.600000 -0.948771 4.069056
   vertex -32.600000 -0.700308 3.520688
  endloop
 endfacet
 facet normal 1 0 0
  outer loop
   vertex 32.600000 -9.200000 0.000000
   vertex 32.600000 -0.700308 3.520688
   vertex 32.600000 -0.948771 4.069056
  endloop
 endfacet
 facet normal 0 0.881922 0.471396
  outer loop
   vertex -32.600000 -0.948771 4.069056
   vertex -32.600000 -1.232566 4.600000
   vertex 32.600000 -1.232566 4.600000
  endloop
 endfacet
 facet normal -0 0.881922 0.471396
  outer loop
   vertex -32.600000 -0.948771 4.069056
   vertex 32.600000 -1.232566 4.600000
   vertex 32.600000 -0.948771 4.069056
  endloop
 endfacet
 facet normal -1 0 0
  outer loop
   vertex -32.600000 -9.200000 0.000000
   vertex -32.600000 -1.232566 4.600000
   vertex -32.600000 -0.948771 4.069056
  endloop
 endfacet
 facet normal 1 0 0
  outer loop
   vertex 32.600000 -9.200000 0.000000
   vertex 32.600000 -0.948771 4.069056
   vertex 32.600000 -1.232566 4.600000
  endloop
 endfacet
 facet normal 0 0.849202 0.528069
  outer loop
   vertex -32.600000 -1.232566 4.600000
   vertex -32.600000 -1.550480 5.111246
   vertex 32.600000 -1.550480 5.111246
  endloop
 endfacet
 facet normal -0 0.849202 0.528069
  outer loop
   vertex -32.600000 -1.232566 4.600000
   vertex 32.600000 -1.550480 5.111246
   vertex 32.600000 -1.232566 4.600000
  endloop
 endfacet
 facet normal -1 0 0
  outer loop
   vertex -32.600000 -9.200000 0.000000
   vertex -32.600000 -1.550480 5.111246
   vertex -32.600000 -1.232566 4.600000
  endloop
 endfacet
 facet normal 1 0 0
  outer loop
   vertex 32.600000 -9.200000 0.000000
   vertex 32.600000 -1.232566 4.600000
   vertex 32.600000 -1.550480 5.111246
  endloop
 endfacet
 facet normal 0 0.812847 0.582477
  outer loop
   vertex -32.600000 -1.550480 5.111246
   vertex -32.600000 -1.901149 5.600605
   vertex 32.600000 -1.901149 5.600605
  endloop
 endfacet
 facet normal -0 0.812847 0.582477
  outer loop
   vertex -32.600000 -1.550480 5.111246
   vertex 32.600000 -1.901149 5.600605
   vertex 32.600000 -1.550480 5.111246
  endloop
 endfacet
 facet normal -1 0 0
  outer loop
   vertex -32.600000 -9.200000 0.000000
   vertex -32.600000 -1.901149 5.600605
   vertex -32.600000 -1.550480 5.111246
  endloop
 endfacet
 facet normal 1 0 0
  outer loop
   vertex 32.600000 -9.200000 0.000000
   vertex 32.600000 -1.550480 5.111246
   vertex 32.600000 -1.901149 5.600605
  endloop
 endfacet
 facet normal 0 0.77301 0.634394
  outer loop
   vertex -32.600000 -1.901149 5.600605
   vertex -32.600000 -2.283074 6.065981
   vertex 32.600000 -2.283074 6.065981
  endloop
 endfacet
 facet normal -0 0.77301 0.634394
  outer loop
   vertex -32.600000 -1.901149 5.600605
   vertex 32.600000 -2.283074 6.065981
   vertex 32.600000 -1.901149 5.600605
  endloop
 endfacet
 facet normal -1 0 0
  outer loop
   vertex -32.600000 -9.200000 0.000000
   vertex -32.600000 -2.283074 6.065981
   vertex -32.600000 -1.901149 5.600605
  endloop
 endfacet
 facet normal 1 0 0
  outer loop
   vertex 32.600000 -9.200000 0.000000
   vertex 32.600000 -1.901149 5.600605
   vertex 32.600000 -2.283074 6.065981
  endloop
 endfacet
 facet normal 0 0.729864 0.683592
  outer loop
   vertex -32.600000 -2.283074 6.065981
   vertex -32.600000 -2.694618 6.505382
   vertex 32.600000 -2.694618 6.505382
  endloop
 endfacet
 facet normal -0 0.729864 0.683592
  outer loop
   vertex -32.600000 -2.283074 6.065981
   vertex 32.600000 -2.694618 6.505382
   vertex 32.600000 -2.283074 6.065981
  endloop
 endfacet
 facet normal -1 0 0
  outer loop
   vertex -32.600000 -9.200000 0.000000
   vertex -32.600000 -2.694618 6.505382
   vertex -32.600000 -2.283074 6.065981
  endloop
 endfacet
 facet normal 1 0 0
  outer loop
   vertex 32.600000 -9.200000 0.000000
   vertex 32.600000 -2.283074 6.065981
   vertex 32.600000 -2.694618 6.505382
  endloop
 endfacet
 facet normal 0 0.683592 0.729864
  outer loop
   vertex -32.600000 -2.694618 6.505382
   vertex -32.600000 -3.134019 6.916926
   vertex 32.600000 -3.134019 6.916926
  endloop
 endfacet
 facet normal -0 0.683592 0.729864
  outer loop
   vertex -32.600000 -2.694618 6.505382
   vertex 32.600000 -3.134019 6.916926
   vertex 32.600000 -2.694618 6.505382
  endloop
 endfacet
 facet normal -1 0 0
  outer loop
   vertex -32.600000 -9.200000 0.000000
   vertex -32.600000 -3.134019 6.916926
   vertex -32.600000 -2.694618 6.505382
  endloop
 endfacet
 facet normal 1 0 0
  outer loop
   vertex 32.600000 -9.200000 0.000000
   vertex 32.600000 -2.694618 6.505382
   vertex 32.600000 -3.134019 6.916926
  endloop
 endfacet
 facet normal 0 0.634394 0.77301
  outer loop
   vertex -32.600000 -3.134019 6.916926
   vertex -32.600000 -3.599395 7.298851
   vertex 32.600000 -3.599395 7.298851
  endloop
 endfacet
 facet normal -0 0.634394 0.77301
  outer loop
   vertex -32.600000 -3.134019 6.916926
   vertex 32.600000 -3.599395 7.298851
   vertex 32.600000 -3.134019 6.916926
  endloop
 endfacet
 facet normal -1 0 0
  outer loop
   vertex -32.600000 -9.200000 0.000000
   vertex -32.600000 -3.599395 7.298851
   vertex -32.600000 -3.134019 6.916926
  endloop
 endfacet
 facet normal 1 0 0
  outer loop
   vertex 32.600000 -9.200000 0.000000
   vertex 32.600000 -3.134019 6.916926
   vertex 32.600000 -3.599395 7.298851
  endloop
 endfacet
 facet normal 0 0.582477 0.812847
  outer loop
   vertex -32.600000 -3.599395 7.298851
   vertex -32.600000 -4.088754 7.649520
   vertex 32.600000 -4.088754 7.649520
  endloop
 endfacet
 facet normal -0 0.582477 0.812847
  outer loop
   vertex -32.600000 -3.599395 7.298851
   vertex 32.600000 -4.088754 7.649520
   vertex 32.600000 -3.599395 7.298851
  endloop
 endfacet
 facet normal -1 0 0
  outer loop
   vertex -32.600000 -9.200000 0.000000
   vertex -32.600000 -4.088754 7.649520
   vertex -32.600000 -3.599395 7.298851
  endloop
 endfacet
 facet normal 1 0 0
  outer loop
   vertex 32.600000 -9.200000 0.000000
   vertex 32.600000 -3.599395 7.298851
   vertex 32.600000 -4.088754 7.649520
  endloop
 endfacet
 facet normal 0 0.528069 0.849202
  outer loop
   vertex -32.600000 -4.088754 7.649520
   vertex -32.600000 -4.600000 7.967434
   vertex 32.600000 -4.600000 7.967434
  endloop
 endfacet
 facet normal -0 0.528069 0.849202
  outer loop
   vertex -32.600000 -4.088754 7.649520
   vertex 32.600000 -4.600000 7.967434
   vertex 32.600000 -4.088754 7.649520
  endloop
 endfacet
 facet normal -1 0 0
  outer loop
   vertex -32.600000 -9.200000 0.000000
   vertex -32.600000 -4.600000 7.967434
   vertex -32.600000 -4.088754 7.649520
  endloop
 endfacet
 facet normal 1 0 0
  outer loop
   vertex 32.600000 -9.200000 0.000000
   vertex 32.600000 -4.088754 7.649520
   vertex 32.600000 -4.600000 7.967434
  endloop
 endfacet
 facet normal 0 0.471396 0.881922
  outer loop
   vertex -32.600000 -4.600000 7.967434
   vertex -32.600000 -5.130944 8.251229
   vertex 32.600000 -5.130944 8.251229
  endloop
 endfacet
 facet normal -0 0.471396 0.881922
  outer loop
   vertex -32.600000 -4.600000 7.967434
   vertex 32.600000 -5.130944 8.251229
   vertex 32.600000 -4.600000 7.967434
  endloop
 endfacet
 facet normal -1 0 0
  outer loop
   vertex -32.600000 -9.200000 0.000000
   vertex -32.600000 -5.130944 8.251229
   vertex -32.600000 -4.600000 7.967434
  endloop
 endfacet
 facet normal 1 0 0
  outer loop
   vertex 32.600000 -9.200000 0.000000
   vertex 32.600000 -4.600000 7.967434
   vertex 32.600000 -5.130944 8.251229
  endloop
 endfacet
 facet normal 0 0.412708 0.910863
  outer loop
   vertex -32.600000 -5.130944 8.251229
   vertex -32.600000 -5.679312 8.499692
   vertex 32.600000 -5.679312 8.499692
  endloop
 endfacet
 facet normal -0 0.412708 0.910863
  outer loop
   vertex -32.600000 -5.130944 8.251229
   vertex 32.600000 -5.679312 8.499692
   vertex 32.600000 -5.130944 8.251229
  endloop
 endfacet
 facet normal -1 0 0
  outer loop
   vertex -32.600000 -9.200000 0.000000
   vertex -32.600000 -5.679312 8.499692
   vertex -32.600000 -5.130944 8.251229
  endloop
 endfacet
 facet normal 1 0 0
  outer loop
   vertex 32.600000 -9.200000 0.000000
   vertex 32.600000 -5.130944 8.251229
   vertex 32.600000 -5.679312 8.499692
  endloop
 endfacet
 facet normal 0 0.352249 0.935906
  outer loop
   vertex -32.600000 -5.679312 8.499692
   vertex -32.600000 -6.242757 8.711757
   vertex 32.600000 -6.242757 8.711757
  endloop
 endfacet
 facet normal -0 0.352249 0.935906
  outer loop
   vertex -32.600000 -5.679312 8.499692
   vertex 32.600000 -6.242757 8.711757
   vertex 32.600000 -5.679312 8.499692
  endloop
 endfacet
 facet normal -1 0 0
  outer loop
   vertex -32.600000 -9.200000 0.000000
   vertex -32.600000 -6.242757 8.711757
   vertex -32.600000 -5.679312 8.499692
  endloop
 endfacet
 facet normal 1 0 0
  outer loop
   vertex 32.600000 -9.200000 0.000000
   vertex 32.600000 -5.679312 8.499692
   vertex 32.600000 -6.242757 8.711757
  endloop
 endfacet
 facet normal 0 0.290286 0.95694
  outer loop
   vertex -32.600000 -6.242757 8.711757
   vertex -32.600000 -6.818865 8.886518
   vertex 32.600000 -6.818865 8.886518
  endloop
 endfacet
 facet normal -0 0.290286 0.95694
  outer loop
   vertex -32.600000 -6.242757 8.711757
   vertex 32.600000 -6.818865 8.886518
   vertex 32.600000 -6.242757 8.711757
  endloop
 endfacet
 facet normal -1 0 0
  outer loop
   vertex -32.600000 -9.200000 0.000000
   vertex -32.600000 -6.818865 8.886518
   vertex -32.600000 -6.242757 8.711757
  endloop
 endfacet
 facet normal 1 0 0
  outer loop
   vertex 32.600000 -9.200000 0.000000
   vertex 32.600000 -6.242757 8.711757
   vertex 32.600000 -6.818865 8.886518
  endloop
 endfacet
 facet normal 0 0.227076 0.973877
  outer loop
   vertex -32.600000 -6.818865 8.886518
   vertex -32.600000 -7.405169 9.023225
   vertex 32.600000 -7.405169 9.023225
  endloop
 endfacet
 facet normal -0 0.227076 0.973877
  outer loop
   vertex -32.600000 -6.818865 8.886518
   vertex 32.600000 -7.405169 9.023225
   vertex 32.600000 -6.818865 8.886518
  endloop
 endfacet
 facet normal -1 0 0
  outer loop
   vertex -32.600000 -9.200000 0.000000
   vertex -32.600000 -7.405169 9.023225
   vertex -32.600000 -6.818865 8.886518
  endloop
 endfacet
 facet normal 1 0 0
  outer loop
   vertex 32.600000 -9.200000 0.000000
   vertex 32.600000 -6.818865 8.886518
   vertex 32.600000 -7.405169 9.023225
  endloop
 endfacet
 facet normal 0 0.162895 0.986643
  outer loop
   vertex -32.600000 -7.405169 9.023225
   vertex -32.600000 -7.999159 9.121293
   vertex 32.600000 -7.999159 9.121293
  endloop
 endfacet
 facet normal -0 0.162895 0.986643
  outer loop
   vertex -32.600000 -7.405169 9.023225
   vertex 32.600000 -7.999159 9.121293
   vertex 32.600000 -7.405169 9.023225
  endloop
 endfacet
 facet normal -1 0 0
  outer loop
   vertex -32.600000 -9.200000 0.000000
   vertex -32.600000 -7.999159 9.121293
   vertex -32.600000 -7.405169 9.023225
  endloop
 endfacet
 facet normal 1 0 0
  outer loop
   vertex 32.600000 -9.200000 0.000000
   vertex 32.600000 -7.405169 9.023225
   vertex 32.600000 -7.999159 9.121293
  endloop
 endfacet
 facet normal 0 0.0980166 0.995185
  outer loop
   vertex -32.600000 -7.999159 9.121293
   vertex -32.600000 -8.598291 9.180302
   vertex 32.600000 -8.598291 9.180302
  endloop
 endfacet
 facet normal -0 0.0980166 0.995185
  outer loop
   vertex -32.600000 -7.999159 9.121293
   vertex 32.600000 -8.598291 9.180302
   vertex 32.600000 -7.999159 9.121293
  endloop
 endfacet
 facet normal -1 0 0
  outer loop
   vertex -32.600000 -9.200000 0.000000
   vertex -32.600000 -8.598291 9.180302
   vertex -32.600000 -7.999159 9.121293
  endloop
 endfacet
 facet normal 1 0 0
  outer loop
   vertex 32.600000 -9.200000 0.000000
   vertex 32.600000 -7.999159 9.121293
   vertex 32.600000 -8.598291 9.180302
  endloop
 endfacet
 facet normal 0 0.0327192 0.999465
  outer loop
   vertex -32.600000 -8.598291 9.180302
   vertex -32.600000 -9.200000 9.200000
   vertex 32.600000 -9.200000 9.200000
  endloop
 endfacet
 facet normal -0 0.0327192 0.999465
  outer loop
   vertex -32.600000 -8.598291 9.180302
   vertex 32.600000 -9.200000 9.200000
   vertex 32.600000 -8.598291 9.180302
  endloop
 endfacet
 facet normal -1 0 0
  outer loop
   vertex -32.600000 -9.200000 0.000000
   vertex -32.600000 -9.200000 9.200000
   vertex -32.600000 -8.598291 9.180302
  endloop
 endfacet
 facet normal 1 0 0
  outer loop
   vertex 32.600000 -9.200000 0.000000
   vertex 32.600000 -8.598291 9.180302
   vertex 32.600000 -9.200000 9.200000
  endloop
 endfacet
 facet normal 0 -0.0327192 0.999465
  outer loop
   vertex -32.600000 -9.200000 9.200000
   vertex -32.600000 -9.801709 9.180302
   vertex 32.600000 -9.801709 9.180302
  endloop
 endfacet
 facet normal 0 -0.0327192 0.999465
  outer loop
   vertex -32.600000 -9.200000 9.200000
   vertex 32.600000 -9.801709 9.180302
   vertex 32.600000 -9.200000 9.200000
  endloop
 endfacet
 facet normal -1 0 0
  outer loop
   vertex -32.600000 -9.200000 0.000000
   vertex -32.600000 -9.801709 9.180302
   vertex -32.600000 -9.200000 9.200000
  endloop
 endfacet
 facet normal 1 0 -0
  outer loop
   vertex 32.600000 -9.200000 0.000000
   vertex 32.600000 -9.200000 9.200000
   vertex 32.600000 -9.801709 9.180302
  endloop
 endfacet
 facet normal 0 -0.0980166 0.995185
  outer loop
   vertex -32.600000 -9.801709 9.180302
   vertex -32.600000 -10.400841 9.121293
   vertex 32.600000 -10.400841 9.121293
  endloop
 endfacet
 facet normal 0 -0.0980166 0.995185
  outer loop
   vertex -32.600000 -9.801709 9.180302
   vertex 32.600000 -10.400841 9.121293
   vertex 32.600000 -9.801709 9.180302
  endloop
 endfacet
 facet normal -1 0 0
  outer loop
   vertex -32.600000 -9.200000 0.000000
   vertex -32.600000 -10.400841 9.121293
   vertex -32.600000 -9.801709 9.180302
  endloop
 endfacet
 facet normal 1 0 0
  outer loop
   vertex 32.600000 -9.200000 0.000000
   vertex 32.600000 -9.801709 9.180302
   vertex 32.600000 -10.400841 9.121293
  endloop
 endfacet
 facet normal 0 -0.162895 0.986643
  outer loop
   vertex -32.600000 -10.400841 9.121293
   vertex -32.600000 -10.994831 9.023225
   vertex 32.600000 -10.994831 9.023225
  endloop
 endfacet
 facet normal 0 -0.162895 0.986643
  outer loop
   vertex -32.600000 -10.400841 9.121293
   vertex 32.600000 -10.994831 9.023225
   vertex 32.600000 -10.400841 9.121293
  endloop
 endfacet
 facet normal -1 0 0
  outer loop
   vertex -32.600000 -9.200000 0.000000
   vertex -32.600000 -10.994831 9.023225
   vertex -32.600000 -10.400841 9.121293
  endloop
 endfacet
 facet normal 1 0 0
  outer loop
   vertex 32.600000 -9.200000 0.000000
   vertex 32.600000 -10.400841 9.121293
   vertex 32.600000 -10.994831 9.023225
  endloop
 endfacet
 facet normal 0 -0.227076 0.973877
  outer loop
   vertex -32.600000 -10.994831 9.023225
   vertex -32.600000 -11.581135 8.886518
   vertex 32.600000 -11.581135 8.886518
  endloop
 endfacet
 facet normal 0 -0.227076 0.973877
  outer loop
   vertex -32.600000 -10.994831 9.023225
   vertex 32.600000 -11.581135 8.886518
   vertex 32.600000 -10.994831 9.023225
  endloop
 endfacet
 facet normal -1 0 0
  outer loop
   vertex -32.600000 -9.200000 0.000000
   vertex -32.600000 -11.581135 8.886518
   vertex -32.600000 -10.994831 9.023225
  endloop
 endfacet
 facet normal 1 0 0
  outer loop
   vertex 32.600000 -9.200000 0.000000
   vertex 32.600000 -10.994831 9.023225
   vertex 32.600000 -11.581135 8.886518
  endloop
 endfacet
 facet normal 0 -0.290286 0.95694
  outer loop
   vertex -32.600000 -11.581135 8.886518
   vertex -32.600000 -12.157243 8.711757
   vertex 32.600000 -12.157243 8.711757
  endloop
 endfacet
 facet normal 0 -0.290286 0.95694
  outer loop
   vertex -32.600000 -11.581135 8.886518
   vertex 32.600000 -12.157243 8.711757
   vertex 32.600000 -11.581135 8.886518
  endloop
 endfacet
 facet normal -1 0 0
  outer loop
   vertex -32.600000 -9.200000 0.000000
   vertex -32.600000 -12.157243 8.711757
   vertex -32.600000 -11.581135 8.886518
  endloop
 endfacet
 facet normal 1 0 0
  outer loop
   vertex 32.600000 -9.200000 0.000000
   vertex 32.600000 -11.581135 8.886518
   vertex 32.600000 -12.157243 8.711757
  endloop
 endfacet
 facet normal 0 -0.352249 0.935906
  outer loop
   vertex -32.600000 -12.157243 8.711757
   vertex -32.600000 -12.720688 8.499692
   vertex 32.600000 -12.720688 8.499692
  endloop
 endfacet
 facet normal 0 -0.352249 0.935906
  outer loop
   vertex -32.600000 -12.157243 8.711757
   vertex 32.600000 -12.720688 8.499692
   vertex 32.600000 -12.157243 8.711757
  endloop
 endfacet
 facet normal -1 0 0
  outer loop
   vertex -32.600000 -9.200000 0.000000
   vertex -32.600000 -12.720688 8.499692
   vertex -32.600000 -12.157243 8.711757
  endloop
 endfacet
 facet normal 1 0 0
  outer loop
   vertex 32.600000 -9.200000 0.000000
   vertex 32.600000 -12.157243 8.711757
   vertex 32.600000 -12.720688 8.499692
  endloop
 endfacet
 facet normal 0 -0.412708 0.910863
  outer loop
   vertex -32.600000 -12.720688 8.499692
   vertex -32.600000 -13.269056 8.251229
   vertex 32.600000 -13.269056 8.251229
  endloop
 endfacet
 facet normal 0 -0.412708 0.910863
  outer loop
   vertex -32.600000 -12.720688 8.499692
   vertex 32.600000 -13.269056 8.251229
   vertex 32.600000 -12.720688 8.499692
  endloop
 endfacet
 facet normal -1 0 0
  outer loop
   vertex -32.600000 -9.200000 0.000000
   vertex -32.600000 -13.269056 8.251229
   vertex -32.600000 -12.720688 8.499692
  endloop
 endfacet
 facet normal 1 0 0
  outer loop
   vertex 32.600000 -9.200000 0.000000
   vertex 32.600000 -12.720688 8.499692
   vertex 32.600000 -13.269056 8.251229
  endloop
 endfacet
 facet normal 0 -0.471396 0.881922
  outer loop
   vertex -32.600000 -13.269056 8.251229
   vertex -32.600000 -13.800000 7.967434
   vertex 32.600000 -13.800000 7.967434
  endloop
 endfacet
 facet normal 0 -0.471396 0.881922
  outer loop
   vertex -32.600000 -13.269056 8.251229
   vertex 32.600000 -13.800000 7.967434
   vertex 32.600000 -13.269056 8.251229
  endloop
 endfacet
 facet normal -1 0 0
  outer loop
   vertex -32.600000 -9.200000 0.000000
   vertex -32.600000 -13.800000 7.967434
   vertex -32.600000 -13.269056 8.251229
  endloop
 endfacet
 facet normal 1 0 0
  outer loop
   vertex 32.600000 -9.200000 0.000000
   vertex 32.600000 -13.269056 8.251229
   vertex 32.600000 -13.800000 7.967434
  endloop
 endfacet
 facet normal 0 -0.528069 0.849202
  outer loop
   vertex -32.600000 -13.800000 7.967434
   vertex -32.600000 -14.311246 7.649520
   vertex 32.600000 -14.311246 7.649520
  endloop
 endfacet
 facet normal 0 -0.528069 0.849202
  outer loop
   vertex -32.600000 -13.800000 7.967434
   vertex 32.600000 -14.311246 7.649520
   vertex 32.600000 -13.800000 7.967434
  endloop
 endfacet
 facet normal -1 0 0
  outer loop
   vertex -32.600000 -9.200000 0.000000
   vertex -32.600000 -14.311246 7.649520
   vertex -32.600000 -13.800000 7.967434
  endloop
 endfacet
 facet normal 1 0 0
  outer loop
   vertex 32.600000 -9.200000 0.000000
   vertex 32.600000 -13.800000 7.967434
   vertex 32.600000 -14.311246 7.649520
  endloop
 endfacet
 facet normal 0 -0.582477 0.812847
  outer loop
   vertex -32.600000 -14.311246 7.649520
   vertex -32.600000 -14.800605 7.298851
   vertex 32.600000 -14.800605 7.298851
  endloop
 endfacet
 facet normal 0 -0.582477 0.812847
  outer loop
   vertex -32.600000 -14.311246 7.649520
   vertex 32.600000 -14.800605 7.298851
   vertex 32.600000 -14.311246 7.649520
  endloop
 endfacet
 facet normal -1 0 0
  outer loop
   vertex -32.600000 -9.200000 0.000000
   vertex -32.600000 -14.800605 7.298851
   vertex -32.600000 -14.311246 7.649520
  endloop
 endfacet
 facet normal 1 0 0
  outer loop
   vertex 32.600000 -9.200000 0.000000
   vertex 32.600000 -14.311246 7.649520
   vertex 32.600000 -14.800605 7.298851
  endloop
 endfacet
 facet normal 0 -0.634394 0.77301
  outer loop
   vertex -32.600000 -14.800605 7.298851
   vertex -32.600000 -15.265981 6.916926
   vertex 32.600000 -15.265981 6.916926
  endloop
 endfacet
 facet normal 0 -0.634394 0.77301
  outer loop
   vertex -32.600000 -14.800605 7.298851
   vertex 32.600000 -15.265981 6.916926
   vertex 32.600000 -14.800605 7.298851
  endloop
 endfacet
 facet normal -1 0 0
  outer loop
   vertex -32.600000 -9.200000 0.000000
   vertex -32.600000 -15.265981 6.916926
   vertex -32.600000 -14.800605 7.298851
  endloop
 endfacet
 facet normal 1 0 0
  outer loop
   vertex 32.600000 -9.200000 0.000000
   vertex 32.600000 -14.800605 7.298851
   vertex 32.600000 -15.265981 6.916926
  endloop
 endfacet
 facet normal 0 -0.683592 0.729864
  outer loop
   vertex -32.600000 -15.265981 6.916926
   vertex -32.600000 -15.705382 6.505382
   vertex 32.600000 -15.705382 6.505382
  endloop
 endfacet
 facet normal 0 -0.683592 0.729864
  outer loop
   vertex -32.600000 -15.265981 6.916926
   vertex 32.600000 -15.705382 6.505382
   vertex 32.600000 -15.265981 6.916926
  endloop
 endfacet
 facet normal -1 0 0
  outer loop
   vertex -32.600000 -9.200000 0.000000
   vertex -32.600000 -15.705382 6.505382
   vertex -32.600000 -15.265981 6.916926
  endloop
 endfacet
 facet normal 1 0 0
  outer loop
   vertex 32.600000 -9.200000 0.000000
   vertex 32.600000 -15.265981 6.916926
   vertex 32.600000 -15.705382 6.505382
  endloop
 endfacet
 facet normal 0 -0.729864 0.683592
  outer loop
   vertex -32.600000 -15.705382 6.505382
   vertex -32.600000 -16.116926 6.065981
   vertex 32.600000 -16.116926 6.065981
  endloop
 endfacet
 facet normal 0 -0.729864 0.683592
  outer loop
   vertex -32.600000 -15.705382 6.505382
   vertex 32.600000 -16.116926 6.065981
   vertex 32.600000 -15.705382 6.505382
  endloop
 endfacet
 facet normal -1 0 0
  outer loop
   vertex -32.600000 -9.200000 0.000000
   vertex -32.600000 -16.116926 6.065981
   vertex -32.600000 -15.705382 6.505382
  endloop
 endfacet
 facet normal 1 0 0
  outer loop
   vertex 32.600000 -9.200000 0.000000
   vertex 32.600000 -15.705382 6.505382
   vertex 32.600000 -16.116926 6.065981
  endloop
 endfacet
 facet normal 0 -0.77301 0.634394
  outer loop
   vertex -32.600000 -16.116926 6.065981
   vertex -32.600000 -16.498851 5.600605
   vertex 32.600000 -16.498851 5.600605
  endloop
 endfacet
 facet normal 0 -0.77301 0.634394
  outer loop
   vertex -32.600000 -16.116926 6.065981
   vertex 32.600000 -16.498851 5.600605
   vertex 32.600000 -16.116926 6.065981
  endloop
 endfacet
 facet normal -1 0 0
  outer loop
   vertex -32.600000 -9.200000 0.000000
   vertex -32.600000 -16.498851 5.600605
   vertex -32.600000 -16.116926 6.065981
  endloop
 endfacet
 facet normal 1 0 0
  outer loop
   vertex 32.600000 -9.200000 0.000000
   vertex 32.600000 -16.116926 6.065981
   vertex 32.600000 -16.498851 5.600605
  endloop
 endfacet
 facet normal 0 -0.812847 0.582477
  outer loop
   vertex -32.600000 -16.498851 5.600605
   vertex -32.600000 -16.849520 5.111246
   vertex 32.600000 -16.849520 5.111246
  endloop
 endfacet
 facet normal 0 -0.812847 0.582477
  outer loop
   vertex -32.600000 -16.498851 5.600605
   vertex 32.600000 -16.849520 5.111246
   vertex 32.600000 -16.498851 5.600605
  endloop
 endfacet
 facet normal -1 0 0
  outer loop
   vertex -32.600000 -9.200000 0.000000
   vertex -32.600000 -16.849520 5.111246
   vertex -32.600000 -16.498851 5.600605
  endloop
 endfacet
 facet normal 1 0 0
  outer loop
   vertex 32.600000 -9.200000 0.000000
   vertex 32.600000 -16.498851 5.600605
   vertex 32.600000 -16.849520 5.111246
  endloop
 endfacet
 facet normal 0 -0.849202 0.528069
  outer loop
   vertex -32.600000 -16.849520 5.111246
   vertex -32.600000 -17.167434 4.600000
   vertex 32.600000 -17.167434 4.600000
  endloop
 endfacet
 facet normal 0 -0.849202 0.528069
  outer loop
   vertex -32.600000 -16.849520 5.111246
   vertex 32.600000 -17.167434 4.600000
   vertex 32.600000 -16.849520 5.111246
  endloop
 endfacet
 facet normal -1 0 0
  outer loop
   vertex -32.600000 -9.200000 0.000000
   vertex -32.600000 -17.167434 4.600000
   vertex -32.600000 -16.849520 5.111246
  endloop
 endfacet
 facet normal 1 0 0
  outer loop
   vertex 32.600000 -9.200000 0.000000
   vertex 32.600000 -16.849520 5.111246
   vertex 32.600000 -17.167434 4.600000
  endloop
 endfacet
 facet normal 0 -0.881922 0.471396
  outer loop
   vertex -32.600000 -17.167434 4.600000
   vertex -32.600000 -17.451229 4.069056
   vertex 32.600000 -17.451229 4.069056
  endloop
 endfacet
 facet normal 0 -0.881922 0.471396
  outer loop
   vertex -32.600000 -17.167434 4.600000
   vertex 32.600000 -17.451229 4.069056
   vertex 32.600000 -17.167434 4.600000
  endloop
 endfacet
 facet normal -1 0 0
  outer loop
   vertex -32.600000 -9.200000 0.000000
   vertex -32.600000 -17.451229 4.069056
   vertex -32.600000 -17.167434 4.600000
  endloop
 endfacet
 facet normal 1 0 0
  outer loop
   vertex 32.600000 -9.200000 0.000000
   vertex 32.600000 -17.167434 4.600000
   vertex 32.600000 -17.451229 4.069056
  endloop
 endfacet
 facet normal 0 -0.910863 0.412708
  outer loop
   vertex -32.600000 -17.451229 4.069056
   vertex -32.600000 -17.699692 3.520688
   vertex 32.600000 -17.699692 3.520688
  endloop
 endfacet
 facet normal 0 -0.910863 0.412708
  outer loop
   vertex -32.600000 -17.451229 4.069056
   vertex 32.600000 -17.699692 3.520688
   vertex 32.600000 -17.451229 4.069056
  endloop
 endfacet
 facet normal -1 0 0
  outer loop
   vertex -32.600000 -9.200000 0.000000
   vertex -32.600000 -17.699692 3.520688
   vertex -32.600000 -17.451229 4.069056
  endloop
 endfacet
 facet normal 1 0 0
  outer loop
   vertex 32.600000 -9.200000 0.000000
   vertex 32.600000 -17.451229 4.069056
   vertex 32.600000 -17.699692 3.520688
  endloop
 endfacet
 facet normal 0 -0.935906 0.352249
  outer loop
   vertex -32.600000 -17.699692 3.520688
   vertex -32.600000 -17.911757 2.957243
   vertex 32.600000 -17.911757 2.957243
  endloop
 endfacet
 facet normal 0 -0.935906 0.352249
  outer loop
   vertex -32.600000 -17.699692 3.520688
   vertex 32.600000 -17.911757 2.957243
   vertex 32.600000 -17.699692 3.520688
  endloop
 endfacet
 facet normal -1 0 0
  outer loop
   vertex -32.600000 -9.200000 0.000000
   vertex -32.600000 -17.911757 2.957243
   vertex -32.600000 -17.699692 3.520688
  endloop
 endfacet
 facet normal 1 0 0
  outer loop
   vertex 32.600000 -9.200000 0.000000
   vertex 32.600000 -17.699692 3.520688
   vertex 32.600000 -17.911757 2.957243
  endloop
 endfacet
 facet normal 0 -0.95694 0.290286
  outer loop
   vertex -32.600000 -17.911757 2.957243
   vertex -32.600000 -18.086518 2.381135
   vertex 32.600000 -18.086518 2.381135
  endloop
 endfacet
 facet normal 0 -0.95694 0.290286
  outer loop
   vertex -32.600000 -17.911757 2.957243
   vertex 32.600000 -18.086518 2.381135
   vertex 32.600000 -17.911757 2.957243
  endloop
 endfacet
 facet normal -1 0 0
  outer loop
   vertex -32.600000 -9.200000 0.000000
   vertex -32.600000 -18.086518 2.381135
   vertex -32.600000 -17.911757 2.957243
  endloop
 endfacet
 facet normal 1 0 0
  outer loop
   vertex 32.600000 -9.200000 0.000000
   vertex 32.600000 -17.911757 2.957243
   vertex 32.600000 -18.086518 2.381135
  endloop
 endfacet
 facet normal 0 -0.973877 0.227076
  outer loop
   vertex -32.600000 -18.086518 2.381135
   vertex -32.600000 -18.223225 1.794831
   vertex 32.600000 -18.223225 1.794831
  endloop
 endfacet
 facet normal 0 -0.973877 0.227076
  outer loop
   vertex -32.600000 -18.086518 2.381135
   vertex 32.600000 -18.223225 1.794831
   vertex 32.600000 -18.086518 2.381135
  endloop
 endfacet
 facet normal -1 0 0
  outer loop
   vertex -32.600000 -9.200000 0.000000
   vertex -32.600000 -18.223225 1.794831
   vertex -32.600000 -18.086518 2.381135
  endloop
 endfacet
 facet normal 1 0 0
  outer loop
   vertex 32.600000 -9.200000 0.000000
   vertex 32.600000 -18.086518 2.381135
   vertex 32.600000 -18.223225 1.794831
  endloop
 endfacet
 facet normal 0 -0.986643 0.162895
  outer loop
   vertex -32.600000 -18.223225 1.794831
   vertex -32.600000 -18.321293 1.200841
   vertex 32.600000 -18.321293 1.200841
  endloop
 endfacet
 facet normal 0 -0.986643 0.162895
  outer loop
   vertex -32.600000 -18.223225 1.794831
   vertex 32.600000 -18.321293 1.200841
   vertex 32.600000 -18.223225 1.794831
  endloop
 endfacet
 facet normal -1 0 0
  outer loop
   vertex -32.600000 -9.200000 0.000000
   vertex -32.600000 -18.321293 1.200841
   vertex -32.600000 -18.223225 1.794831
  endloop
 endfacet
 facet normal 1 0 0
  outer loop
   vertex 32.600000 -9.200000 0.000000
   vertex 32.600000 -18.223225 1.794831
   vertex 32.600000 -18.321293 1.200841
  endloop
 endfacet
 facet normal 0 -0.995185 0.0980166
  outer loop
   vertex -32.600000 -18.321293 1.200841
   vertex -32.600000 -18.380302 0.601709
   vertex 32.600000 -18.380302 0.601709
  endloop
 endfacet
 facet normal 0 -0.995185 0.0980166
  outer loop
   vertex -32.600000 -18.321293 1.200841
   vertex 32.600000 -18.380302 0.601709
   vertex 32.600000 -18.321293 1.200841
  endloop
 endfacet
 facet normal -1 0 0
  outer loop
   vertex -32.600000 -9.200000 0.000000
   vertex -32.600000 -18.380302 0.601709
   vertex -32.600000 -18.321293 1.200841
  endloop
 endfacet
 facet normal 1 0 0
  outer loop
   vertex 32.600000 -9.200000 0.000000
   vertex 32.600000 -18.321293 1.200841
   vertex 32.600000 -18.380302 0.601709
  endloop
 endfacet
 facet normal 0 -0.999465 0.0327192
  outer loop
   vertex -32.600000 -18.380302 0.601709
   vertex -32.600000 -18.400000 0.000000
   vertex 32.600000 -18.400000 0.000000
  endloop
 endfacet
 facet normal 0 -0.999465 0.0327192
  outer loop
   vertex -32.600000 -18.380302 0.601709
   vertex 32.600000 -18.400000 0.000000
   vertex 32.600000 -18.380302 0.601709
  endloop
 endfacet
 facet normal -1 0 0
  outer loop
   vertex -32.600000 -9.200000 0.000000
   vertex -32.600000 -18.400000 0.000000
   vertex -32.600000 -18.380302 0.601709
  endloop
 endfacet
 facet normal 1 0 0
  outer loop
   vertex 32.600000 -9.200000 0.000000
   vertex 32.600000 -18.380302 0.601709
   vertex 32.600000 -18.400000 0.000000
  endloop
 endfacet
 facet normal 0 -0.999465 -0.0327192
  outer loop
   vertex -32.600000 -18.400000 0.000000
   vertex -32.600000 -18.380302 -0.601709
   vertex 32.600000 -18.380302 -0.601709
  endloop
 endfacet
 facet normal 0 -0.999465 -0.0327192
  outer loop
   vertex -32.600000 -18.400000 0.000000
   vertex 32.600000 -18.380302 -0.601709
   vertex 32.600000 -18.400000 0.000000
  endloop
 endfacet
 facet normal -1 -0 0
  outer loop
   vertex -32.600000 -9.200000 0.000000
   vertex -32.600000 -18.380302 -0.601709
   vertex -32.600000 -18.400000 0.000000
  endloop
 endfacet
 facet normal 1 0 0
  outer loop
   vertex 32.600000 -9.200000 0.000000
   vertex 32.600000 -18.400000 0.000000
   vertex 32.600000 -18.380302 -0.601709
  endloop
 endfacet
 facet normal 0 -0.995185 -0.0980166
  outer loop
   vertex -32.600000 -18.380302 -0.601709
   vertex -32.600000 -18.321293 -1.200841
   vertex 32.600000 -18.321293 -1.200841
  endloop
 endfacet
 facet normal 0 -0.995185 -0.0980166
  outer loop
   vertex -32.600000 -18.380302 -0.601709
   vertex 32.600000 -18.321293 -1.200841
   vertex 32.600000 -18.380302 -0.601709
  endloop
 endfacet
 facet normal -1 0 0
  outer loop
   vertex -32.600000 -9.200000 0.000000
   vertex -32.600000 -18.321293 -1.200841
   vertex -32.600000 -18.380302 -0.601709
  endloop
 endfacet
 facet normal 1 0 0
  outer loop
   vertex 32.600000 -9.200000 0.000000
   vertex 32.600000 -18.380302 -0.601709
   vertex 32.600000 -18.321293 -1.200841
  endloop
 endfacet
 facet normal 0 -0.986643 -0.162895
  outer loop
   vertex -32.600000 -18.321293 -1.200841
   vertex -32.600000 -18.223225 -1.794831
   vertex 32.600000 -18.223225 -1.794831
  endloop
 endfacet
 facet normal 0 -0.986643 -0.162895
  outer loop
   vertex -32.600000 -18.321293 -1.200841
   vertex 32.600000 -18.223225 -1.794831
   vertex 32.600000 -18.321293 -1.200841
  endloop
 endfacet
 facet normal -1 0 0
  outer loop
   vertex -32.600000 -9.200000 0.000000
   vertex -32.600000 -18.223225 -1.794831
   vertex -32.600000 -18.321293 -1.200841
  endloop
 endfacet
 facet normal 1 0 0
  outer loop
   vertex 32.600000 -9.200000 0.000000
   vertex 32.600000 -18.321293 -1.200841
   vertex 32.600000 -18.223225 -1.794831
  endloop
 endfacet
 facet normal 0 -0.973877 -0.227076
  outer loop
   vertex -32.600000 -18.223225 -1.794831
   vertex -32.600000 -18.086518 -2.381135
   vertex 32.600000 -18.086518 -2.381135
  endloop
 endfacet
 facet normal 0 -0.973877 -0.227076
  outer loop
   vertex -32.600000 -18.223225 -1.794831
   vertex 32.600000 -18.086518 -2.381135
   vertex 32.600000 -18.223225 -1.794831
  endloop
 endfacet
 facet normal -1 0 0
  outer loop
   vertex -32.600000 -9.200000 0.000000
   vertex -32.600000 -18.086518 -2.381135
   vertex -32.600000 -18.223225 -1.794831
  endloop
 endfacet
 facet normal 1 0 0
  outer loop
   vertex 32.600000 -9.200000 0.000000
   vertex 32.600000 -18.223225 -1.794831
   vertex 32.600000 -18.086518 -2.381135
  endloop
 endfacet
 facet normal 0 -0.95694 -0.290286
  outer loop
   vertex -32.600000 -18.086518 -2.381135
   vertex -32.600000 -17.911757 -2.957243
   vertex 32.600000 -17.911757 -2.957243
  endloop
 endfacet
 facet normal 0 -0.95694 -0.290286
  outer loop
   vertex -32.600000 -18.086518 -2.381135
   vertex 32.600000 -17.911757 -2.957243
   vertex 32.600000 -18.086518 -2.381135
  endloop
 endfacet
 facet normal -1 0 0
  outer loop
   vertex -32.600000 -9.200000 0.000000
   vertex -32.600000 -17.911757 -2.957243
   vertex -32.600000 -18.086518 -2.381135
  endloop
 endfacet
 facet normal 1 0 0
  outer loop
   vertex 32.600000 -9.200000 0.000000
   vertex 32.600000 -18.086518 -2.381135
   vertex 32.600000 -17.911757 -2.957243
  endloop
 endfacet
 facet normal 0 -0.935906 -0.352249
  outer loop
   vertex -32.600000 -17.911757 -2.957243
   vertex -32.600000 -17.699692 -3.520688
   vertex 32.600000 -17.699692 -3.520688
  endloop
 endfacet
 facet normal 0 -0.935906 -0.352249
  outer loop
   vertex -32.600000 -17.911757 -2.957243
   vertex 32.600000 -17.699692 -3.520688
   vertex 32.600000 -17.911757 -2.957243
  endloop
 endfacet
 facet normal -1 0 0
  outer loop
   vertex -32.600000 -9.200000 0.000000
   vertex -32.600000 -17.699692 -3.520688
   vertex -32.600000 -17.911757 -2.957243
  endloop
 endfacet
 facet normal 1 0 0
  outer loop
   vertex 32.600000 -9.200000 0.000000
   vertex 32.600000 -17.911757 -2.957243
   vertex 32.600000 -17.699692 -3.520688
  endloop
 endfacet
 facet normal 0 -0.910863 -0.412708
  outer loop
   vertex -32.600000 -17.699692 -3.520688
   vertex -32.600000 -17.451229 -4.069056
   vertex 32.600000 -17.451229 -4.069056
  endloop
 endfacet
 facet normal 0 -0.910863 -0.412708
  outer loop
   vertex -32.600000 -17.699692 -3.520688
   vertex 32.600000 -17.451229 -4.069056
   vertex 32.600000 -17.699692 -3.520688
  endloop
 endfacet
 facet normal -1 0 0
  outer loop
   vertex -32.600000 -9.200000 0.000000
   vertex -32.600000 -17.451229 -4.069056
   vertex -32.600000 -17.699692 -3.520688
  endloop
 endfacet
 facet normal 1 0 0
  outer loop
   vertex 32.600000 -9.200000 0.000000
   vertex 32.600000 -17.699692 -3.520688
   vertex 32.600000 -17.451229 -4.069056
  endloop
 endfacet
 facet normal 0 -0.881922 -0.471396
  outer loop
   vertex -32.600000 -17.451229 -4.069056
   vertex -32.600000 -17.167434 -4.600000
   vertex 32.600000 -17.167434 -4.600000
  endloop
 endfacet
 facet normal 0 -0.881922 -0.471396
  outer loop
   vertex -32.600000 -17.451229 -4.069056
   vertex 32.600000 -17.167434 -4.600000
   vertex 32.600000 -17.451229 -4.069056
  endloop
 endfacet
 facet normal -1 0 0
  outer loop
   vertex -32.600000 -9.200000 0.000000
   vertex -32.600000 -17.167434 -4.600000
   vertex -32.600000 -17.451229 -4.069056
  endloop
 endfacet
 facet normal 1 0 0
  outer loop
   vertex 32.600000 -9.200000 0.000000
   vertex 32.600000 -17.451229 -4.069056
   vertex 32.600000 -17.167434 -4.600000
  endloop
 endfacet
 facet normal 0 -0.849202 -0.528069
  outer loop
   vertex -32.600000 -17.167434 -4.600000
   vertex -32.600000 -16.849520 -5.111246
   vertex 32.600000 -16.849520 -5.111246
  endloop
 endfacet
 facet normal 0 -0.849202 -0.528069
  outer loop
   vertex -32.600000 -17.167434 -4.600000
   vertex 32.600000 -16.849520 -5.111246
   vertex 32.600000 -17.167434 -4.600000
  endloop
 endfacet
 facet normal -1 0 0
  outer loop
   vertex -32.600000 -9.200000 0.000000
   vertex -32.600000 -16.849520 -5.111246
   vertex -32.600000 -17.167434 -4.600000
  endloop
 endfacet
 facet normal 1 0 0
  outer loop
   vertex 32.600000 -9.200000 0.000000
   vertex 32.600000 -17.167434 -4.600000
   vertex 32.600000 -16.849520 -5.111246
  endloop
 endfacet
 facet normal 0 -0.812847 -0.582477
  outer loop
   vertex -32.600000 -16.849520 -5.111246
   vertex -32.600000 -16.498851 -5.600605
   vertex 32.600000 -16.498851 -5.600605
  endloop
 endfacet
 facet normal 0 -0.812847 -0.582477
  outer loop
   vertex -32.600000 -16.849520 -5.111246
   vertex 32.600000 -16.498851 -5.600605
   vertex 32.600000 -16.849520 -5.111246
  endloop
 endfacet
 facet normal -1 0 0
  outer loop
   vertex -32.600000 -9.200000 0.000000
   vertex -32.600000 -16.498851 -5.600605
   vertex -32.600000 -16.849520 -5.111246
  endloop
 endfacet
 facet normal 1 0 0
  outer loop
   vertex 32.600000 -9.200000 0.000000
   vertex 32.600000 -16.849520 -5.111246
   vertex 32.600000 -16.498851 -5.600605
  endloop
 endfacet
 facet normal 0 -0.77301 -0.634394
  outer loop
   vertex -32.600000 -16.498851 -5.600605
   vertex -32.600000 -16.116926 -6.065981
   vertex 32.600000 -16.116926 -6.065981
  endloop
 endfacet
 facet normal 0 -0.77301 -0.634394
  outer loop
   vertex -32.600000 -16.498851 -5.600605
   vertex 32.600000 -16.116926 -6.065981
   vertex 32.600000 -16.498851 -5.600605
  endloop
 endfacet
 facet normal -1 0 0
  outer loop
   vertex -32.600000 -9.200000 0.000000
   vertex -32.600000 -16.116926 -6.065981
   vertex -32.600000 -16.498851 -5.600605
  endloop
 endfacet
 facet normal 1 0 0
  outer loop
   vertex 32.600000 -9.200000 0.000000
   vertex 32.600000 -16.498851 -5.600605
   vertex 32.600000 -16.116926 -6.065981
  endloop
 endfacet
 facet normal 0 -0.729864 -0.683592
  outer loop
   vertex -32.600000 -16.116926 -6.065981
   vertex -32.600000 -15.705382 -6.505382
   vertex 32.600000 -15.705382 -6.505382
  endloop
 endfacet
 facet normal 0 -0.729864 -0.683592
  outer loop
   vertex -32.600000 -16.116926 -6.065981
   vertex 32.600000 -15.705382 -6.505382
   vertex 32.600000 -16.116926 -6.065981
  endloop
 endfacet
 facet normal -1 0 0
  outer loop
   vertex -32.600000 -9.200000 0.000000
   vertex -32.600000 -15.705382 -6.505382
   vertex -32.600000 -16.116926 -6.065981
  endloop
 endfacet
 facet normal 1 0 0
  outer loop
   vertex 32.600000 -9.200000 0.000000
   vertex 32.600000 -16.116926 -6.065981
   vertex 32.600000 -15.705382 -6.505382
  endloop
 endfacet
 facet normal 0 -0.683592 -0.729864
  outer loop
   vertex -32.600000 -15.705382 -6.505382
   vertex -32.600000 -15.265981 -6.916926
   vertex 32.600000 -15.265981 -6.916926
  endloop
 endfacet
 facet normal 0 -0.683592 -0.729864
  outer loop
   vertex -32.600000 -15.705382 -6.505382
   vertex 32.600000 -15.265981 -6.916926
   vertex 32.600000 -15.705382 -6.505382
  endloop
 endfacet
 facet normal -1 0 0
  outer loop
   vertex -32.600000 -9.200000 0.000000
   vertex -32.600000 -15.265981 -6.916926
   vertex -32.600000 -15.705382 -6.505382
  endloop
 endfacet
 facet normal 1 0 0
  outer loop
   vertex 32.600000 -9.200000 0.000000
   vertex 32.600000 -15.705382 -6.505382
   vertex 32.600000 -15.265981 -6.916926
  endloop
 endfacet
 facet normal 0 -0.634394 -0.77301
  outer loop
   vertex -32.600000 -15.265981 -6.916926
   vertex -32.600000 -14.800605 -7.298851
   vertex 32.600000 -14.800605 -7.298851
  endloop
 endfacet
 facet normal 0 -0.634394 -0.77301
  outer loop
   vertex -32.600000 -15.265981 -6.916926
   vertex 32.600000 -14.800605 -7.298851
   vertex 32.600000 -15.265981 -6.916926
  endloop
 endfacet
 facet normal -1 0 0
  outer loop
   vertex -32.600000 -9.200000 0.000000
   vertex -32.600000 -14.800605 -7.298851
   vertex -32.600000 -15.265981 -6.916926
  endloop
 endfacet
 facet normal 1 0 0
  outer loop
   vertex 32.600000 -9.200000 0.000000
   vertex 32.600000 -15.265981 -6.916926
   vertex 32.600000 -14.800605 -7.298851
  endloop
 endfacet
 facet normal 0 -0.582477 -0.812847
  outer loop
   vertex -32.600000 -14.800605 -7.298851
   vertex -32.600000 -14.311246 -7.649520
   vertex 32.600000 -14.311246 -7.649520
  endloop
 endfacet
 facet normal 0 -0.582477 -0.812847
  outer loop
   vertex -32.600000 -14.800605 -7.298851
   vertex 32.600000 -14.311246 -7.649520
   vertex 32.600000 -14.800605 -7.298851
  endloop
 endfacet
 facet normal -1 0 0
  outer loop
   vertex -32.600000 -9.200000 0.000000
   vertex -32.600000 -14.311246 -7.649520
   vertex -32.600000 -14.800605 -7.298851
  endloop
 endfacet
 facet normal 1 0 0
  outer loop
   vertex 32.600000 -9.200000 0.000000
   vertex 32.600000 -14.800605 -7.298851
   vertex 32.600000 -14.311246 -7.649520
  endloop
 endfacet
 facet normal 0 -0.528069 -0.849202
  outer loop
   vertex -32.600000 -14.311246 -7.649520
   vertex -32.600000 -13.800000 -7.967434
   vertex 32.600000 -13.800000 -7.967434
  endloop
 endfacet
 facet normal 0 -0.528069 -0.849202
  outer loop
   vertex -32.600000 -14.311246 -7.649520
   vertex 32.600000 -13.800000 -7.967434
   vertex 32.600000 -14.311246 -7.649520
  endloop
 endfacet
 facet normal -1 0 0
  outer loop
   vertex -32.600000 -9.200000 0.000000
   vertex -32.600000 -13.800000 -7.967434
   vertex -32.600000 -14.311246 -7.649520
  endloop
 endfacet
 facet normal 1 0 0
  outer loop
   vertex 32.600000 -9.200000 0.000000
   vertex 32.600000 -14.311246 -7.649520
   vertex 32.600000 -13.800000 -7.967434
  endloop
 endfacet
 facet normal 0 -0.471396 -0.881922
  outer loop
   vertex -32.600000 -13.800000 -7.967434
   vertex -32.600000 -13.269056 -8.251229
   vertex 32.600000 -13.269056 -8.251229
  endloop
 endfacet
 facet normal 0 -0.471396 -0.881922
  outer loop
   vertex -32.600000 -13.800000 -7.967434
   vertex 32.600000 -13.269056 -8.251229
   vertex 32.600000 -13.800000 -7.967434
  endloop
 endfacet
 facet normal -1 0 0
  outer loop
   vertex -32.600000 -9.200000 0.000000
   vertex -32.600000 -13.269056 -8.251229
   vertex -32.600000 -13.800000 -7.967434
  endloop
 endfacet
 facet normal 1 0 0
  outer loop
   vertex 32.600000 -9.200000 0.000000
   vertex 32.600000 -13.800000 -7.967434
   vertex 32.600000 -13.269056 -8.251229
  endloop
 endfacet
 facet normal 0 -0.412708 -0.910863
  outer loop
   vertex -32.600000 -13.269056 -8.251229
   vertex -32.600000 -12.720688 -8.499692
   vertex 32.600000 -12.720688 -8.499692
  endloop
 endfacet
 facet normal 0 -0.412708 -0.910863
  outer loop
   vertex -32.600000 -13.269056 -8.251229
   vertex 32.600000 -12.720688 -8.499692
   vertex 32.600000 -13.269056 -8.251229
  endloop
 endfacet
 facet normal -1 0 0
  outer loop
   vertex -32.600000 -9.200000 0.000000
   vertex -32.600000 -12.720688 -8.499692
   vertex -32.600000 -13.269056 -8.251229
  endloop
 endfacet
 facet normal 1 0 0
  outer loop
   vertex 32.600000 -9.200000 0.000000
   vertex 32.600000 -13.269056 -8.251229
   vertex 32.600000 -12.720688 -8.499692
  endloop
 endfacet
 facet normal 0 -0.352249 -0.935906
  outer loop
   vertex -32.600000 -12.720688 -8.499692
   vertex -32.600000 -12.157243 -8.711757
   vertex 32.600000 -12.157243 -8.711757
  endloop
 endfacet
 facet normal 0 -0.352249 -0.935906
  outer loop
   vertex -32.600000 -12.720688 -8.499692
   vertex 32.600000 -12.157243 -8.711757
   vertex 32.600000 -12.720688 -8.499692
  endloop
 endfacet
 facet normal -1 0 0
  outer loop
   vertex -32.600000 -9.200000 0.000000
   vertex -32.600000 -12.157243 -8.711757
   vertex -32.600000 -12.720688 -8.499692
  endloop
 endfacet
 facet normal 1 0 0
  outer loop
   vertex 32.600000 -9.200000 0.000000
   vertex 32.600000 -12.720688 -8.499692
   vertex 32.600000 -12.157243 -8.711757
  endloop
 endfacet
 facet normal 0 -0.290286 -0.95694
  outer loop
   vertex -32.600000 -12.157243 -8.711757
   vertex -32.600000 -11.581135 -8.886518
   vertex 32.600000 -11.581135 -8.886518
  endloop
 endfacet
 facet normal 0 -0.290286 -0.95694
  outer loop
   vertex -32.600000 -12.157243 -8.711757
   vertex 32.600000 -11.581135 -8.886518
   vertex 32.600000 -12.157243 -8.711757
  endloop
 endfacet
 facet normal -1 0 0
  outer loop
   vertex -32.600000 -9.200000 0.000000
   vertex -32.600000 -11.581135 -8.886518
   vertex -32.600000 -12.157243 -8.711757
  endloop
 endfacet
 facet normal 1 0 0
  outer loop
   vertex 32.600000 -9.200000 0.000000
   vertex 32.600000 -12.157243 -8.711757
   vertex 32.600000 -11.581135 -8.886518
  endloop
 endfacet
 facet normal 0 -0.227076 -0.973877
  outer loop
   vertex -32.600000 -11.581135 -8.886518
   vertex -32.600000 -10.994831 -9.023225
   vertex 32.600000 -10.994831 -9.023225
  endloop
 endfacet
 facet normal 0 -0.227076 -0.973877
  outer loop
   vertex -32.600000 -11.581135 -8.886518
   vertex 32.600000 -10.994831 -9.023225
   vertex 32.600000 -11.581135 -8.886518
  endloop
 endfacet
 facet normal -1 0 0
  outer loop
   vertex -32.600000 -9.200000 0.000000
   vertex -32.600000 -10.994831 -9.023225
   vertex -32.600000 -11.581135 -8.886518
  endloop
 endfacet
 facet normal 1 0 0
  outer loop
   vertex 32.600000 -9.200000 0.000000
   vertex 32.600000 -11.581135 -8.886518
   vertex 32.600000 -10.994831 -9.023225
  endloop
 endfacet
 facet normal 0 -0.162895 -0.986643
  outer loop
   vertex -32.600000 -10.994831 -9.023225
   vertex -32.600000 -10.400841 -9.121293
   vertex 32.600000 -10.400841 -9.121293
  endloop
 endfacet
 facet normal 0 -0.162895 -0.986643
  outer loop
   vertex -32.600000 -10.994831 -9.023225
   vertex 32.600000 -10.400841 -9.121293
   vertex 32.600000 -10.994831 -9.023225
  endloop
 endfacet
 facet normal -1 0 0
  outer loop
   vertex -32.600000 -9.200000 0.000000
   vertex -32.600000 -10.400841 -9.121293
   vertex -32.600000 -10.994831 -9.023225
  endloop
 endfacet
 facet normal 1 0 0
  outer loop
   vertex 32.600000 -9.200000 0.000000
   vertex 32.600000 -10.994831 -9.023225
   vertex 32.600000 -10.400841 -9.121293
  endloop
 endfacet
 facet normal 0 -0.0980166 -0.995185
  outer loop
   vertex -32.600000 -10.400841 -9.121293
   vertex -32.600000 -9.801709 -9.180302
   vertex 32.600000 -9.801709 -9.180302
  endloop
 endfacet
 facet normal 0 -0.0980166 -0.995185
  outer loop
   vertex -32.600000 -10.400841 -9.121293
   vertex 32.600000 -9.801709 -9.180302
   vertex 32.600000 -10.400841 -9.121293
  endloop
 endfacet
 facet normal -1 0 0
  outer loop
   vertex -32.600000 -9.200000 0.000000
   vertex -32.600000 -9.801709 -9.180302
   vertex -32.600000 -10.400841 -9.121293
  endloop
 endfacet
 facet normal 1 0 0
  outer loop
   vertex 32.600000 -9.200000 0.000000
   vertex 32.600000 -10.400841 -9.121293
   vertex 32.600000 -9.801709 -9.180302
  endloop
 endfacet
 facet normal 0 -0.0327192 -0.999465
  outer loop
   vertex -32.600000 -9.801709 -9.180302
   vertex -32.600000 -9.200000 -9.200000
   vertex 32.600000 -9.200000 -9.200000
  endloop
 endfacet
 facet normal 0 -0.0327192 -0.999465
  outer loop
   vertex -32.600000 -9.801709 -9.180302
   vertex 32.600000 -9.200000 -9.200000
   vertex 32.600000 -9.801709 -9.180302
  endloop
 endfacet
 facet normal -1 0 -0
  outer loop
   vertex -32.600000 -9.200000 0.000000
   vertex -32.600000 -9.200000 -9.200000
   vertex -32.600000 -9.801709 -9.180302
  endloop
 endfacet
 facet normal 1 0 0
  outer loop
   vertex 32.600000 -9.200000 0.000000
   vertex 32.600000 -9.801709 -9.180302
   vertex 32.600000 -9.200000 -9.200000
  endloop
 endfacet
 facet normal 0 0.0327192 -0.999465
  outer loop
   vertex -32.600000 -9.200000 -9.200000
   vertex -32.600000 -8.598291 -9.180302
   vertex 32.600000 -8.598291 -9.180302
  endloop
 endfacet
 facet normal 0 0.0327192 -0.999465
  outer loop
   vertex -32.600000 -9.200000 -9.200000
   vertex 32.600000 -8.598291 -9.180302
   vertex 32.600000 -9.200000 -9.200000
  endloop
 endfacet
 facet normal -1 0 0
  outer loop
   vertex -32.600000 -9.200000 0.000000
   vertex -32.600000 -8.598291 -9.180302
   vertex -32.600000 -9.200000 -9.200000
  endloop
 endfacet
 facet normal 1 0 0
  outer loop
   vertex 32.600000 -9.200000 0.000000
   vertex 32.600000 -9.200000 -9.200000
   vertex 32.600000 -8.598291 -9.180302
  endloop
 endfacet
 facet normal 0 0.0980166 -0.995185
  outer loop
   vertex -32.600000 -8.598291 -9.180302
   vertex -32.600000 -7.999159 -9.121293
   vertex 32.600000 -7.999159 -9.121293
  endloop
 endfacet
 facet normal 0 0.0980166 -0.995185
  outer loop
   vertex -32.600000 -8.598291 -9.180302
   vertex 32.600000 -7.999159 -9.121293
   vertex 32.600000 -8.598291 -9.180302
  endloop
 endfacet
 facet normal -1 0 0
  outer loop
   vertex -32.600000 -9.200000 0.000000
   vertex -32.600000 -7.999159 -9.121293
   vertex -32.600000 -8.598291 -9.180302
  endloop
 endfacet
 facet normal 1 0 0
  outer loop
   vertex 32.600000 -9.200000 0.000000
   vertex 32.600000 -8.598291 -9.180302
   vertex 32.600000 -7.999159 -9.121293
  endloop
 endfacet
 facet normal 0 0.162895 -0.986643
  outer loop
   vertex -32.600000 -7.999159 -9.121293
   vertex -32.600000 -7.405169 -9.023225
   vertex 32.600000 -7.405169 -9.023225
  endloop
 endfacet
 facet normal 0 0.162895 -0.986643
  outer loop
   vertex -32.600000 -7.999159 -9.121293
   vertex 32.600000 -7.405169 -9.023225
   vertex 32.600000 -7.999159 -9.121293
  endloop
 endfacet
 facet normal -1 0 0
  outer loop
   vertex -32.600000 -9.200000 0.000000
   vertex -32.600000 -7.405169 -9.023225
   vertex -32.600000 -7.999159 -9.121293
  endloop
 endfacet
 facet normal 1 0 0
  outer loop
   vertex 32.600000 -9.200000 0.000000
   vertex 32.600000 -7.999159 -9.121293
   vertex 32.600000 -7.405169 -9.023225
  endloop
 endfacet
 facet normal 0 0.227076 -0.973877
  outer loop
   vertex -32.600000 -7.405169 -9.023225
   vertex -32.600000 -6.818865 -8.886518
   vertex 32.600000 -6.818865 -8.886518
  endloop
 endfacet
 facet normal 0 0.227076 -0.973877
  outer loop
   vertex -32.600000 -7.405169 -9.023225
   vertex 32.600000 -6.818865 -8.886518
   vertex 32.600000 -7.405169 -9.023225
  endloop
 endfacet
 facet normal -1 0 0
  outer loop
   vertex -32.600000 -9.200000 0.000000
   vertex -32.600000 -6.818865 -8.886518
   vertex -32.600000 -7.405169 -9.023225
  endloop
 endfacet
 facet normal 1 0 0
  outer loop
   vertex 32.600000 -9.200000 0.000000
   vertex 32.600000 -7.405169 -9.023225
   vertex 32.600000 -6.818865 -8.886518
  endloop
 endfacet
 facet normal 0 0.290286 -0.95694
  outer loop
   vertex -32.600000 -6.818865 -8.886518
   vertex -32.600000 -6.242757 -8.711757
   vertex 32.600000 -6.242757 -8.711757
  endloop
 endfacet
 facet normal 0 0.290286 -0.95694
  outer loop
   vertex -32.600000 -6.818865 -8.886518
   vertex 32.600000 -6.242757 -8.711757
   vertex 32.600000 -6.818865 -8.886518
  endloop
 endfacet
 facet normal -1 0 0
  outer loop
   vertex -32.600000 -9.200000 0.000000
   vertex -32.600000 -6.242757 -8.711757
   vertex -32.600000 -6.818865 -8.886518
  endloop
 endfacet
 facet normal 1 0 0
  outer loop
   vertex 32.600000 -9.200000 0.000000
   vertex 32.600000 -6.818865 -8.886518
   vertex 32.600000 -6.242757 -8.711757
  endloop
 endfacet
 facet normal 0 0.352249 -0.935906
  outer loop
   vertex -32.600000 -6.242757 -8.711757
   vertex -32.600000 -5.679312 -8.499692
   vertex 32.600000 -5.679312 -8.499692
  endloop
 endfacet
 facet normal 0 0.352249 -0.935906
  outer loop
   vertex -32.600000 -6.242757 -8.711757
   vertex 32.600000 -5.679312 -8.499692
   vertex 32.600000 -6.242757 -8.711757
  endloop
 endfacet
 facet normal -1 0 0
  outer loop
   vertex -32.600000 -9.200000 0.000000
   vertex -32.600000 -5.679312 -8.499692
   vertex -32.600000 -6.242757 -8.711757
  endloop
 endfacet
 facet normal 1 0 0
  outer loop
   vertex 32.600000 -9.200000 0.000000
   vertex 32.600000 -6.242757 -8.711757
   vertex 32.600000 -5.679312 -8.499692
  endloop
 endfacet
 facet normal 0 0.412708 -0.910863
  outer loop
   vertex -32.600000 -5.679312 -8.499692
   vertex -32.600000 -5.130944 -8.251229
   vertex 32.600000 -5.130944 -8.251229
  endloop
 endfacet
 facet normal 0 0.412708 -0.910863
  outer loop
   vertex -32.600000 -5.679312 -8.499692
   vertex 32.600000 -5.130944 -8.251229
   vertex 32.600000 -5.679312 -8.499692
  endloop
 endfacet
 facet normal -1 0 0
  outer loop
   vertex -32.600000 -9.200000 0.000000
   vertex -32.600000 -5.130944 -8.251229
   vertex -32.600000 -5.679312 -8.499692
  endloop
 endfacet
 facet normal 1 0 0
  outer loop
   vertex 32.600000 -9.200000 0.000000
   vertex 32.600000 -5.679312 -8.499692
   vertex 32.600000 -5.130944 -8.251229
  endloop
 endfacet
 facet normal 0 0.471396 -0.881922
  outer loop
   vertex -32.600000 -5.130944 -8.251229
   vertex -32.600000 -4.600000 -7.967434
   vertex 32.600000 -4.600000 -7.967434
  endloop
 endfacet
 facet normal 0 0.471396 -0.881922
  outer loop
   vertex -32.600000 -5.130944 -8.251229
   vertex 32.600000 -4.600000 -7.967434
   vertex 32.600000 -5.130944 -8.251229
  endloop
 endfacet
 facet normal -1 0 0
  outer loop
   vertex -32.600000 -9.200000 0.000000
   vertex -32.600000 -4.600000 -7.967434
   vertex -32.600000 -5.130944 -8.251229
  endloop
 endfacet
 facet normal 1 0 0
  outer loop
   vertex 32.600000 -9.200000 0.000000
   vertex 32.600000 -5.130944 -8.251229
   vertex 32.600000 -4.600000 -7.967434
  endloop
 endfacet
 facet normal 0 0.528069 -0.849202
  outer loop
   vertex -32.600000 -4.600000 -7.967434
   vertex -32.600000 -4.088754 -7.649520
   vertex 32.600000 -4.088754 -7.649520
  endloop
 endfacet
 facet normal 0 0.528069 -0.849202
  outer loop
   vertex -32.600000 -4.600000 -7.967434
   vertex 32.600000 -4.088754 -7.649520
   vertex 32.600000 -4.600000 -7.967434
  endloop
 endfacet
 facet normal -1 0 0
  outer loop
   vertex -32.600000 -9.200000 0.000000
   vertex -32.600000 -4.088754 -7.649520
   vertex -32.600000 -4.600000 -7.967434
  endloop
 endfacet
 facet normal 1 0 0
  outer loop
   vertex 32.600000 -9.200000 0.000000
   vertex 32.600000 -4.600000 -7.967434
   vertex 32.600000 -4.088754 -7.649520
  endloop
 endfacet
 facet normal 0 0.582477 -0.812847
  outer loop
   vertex -32.600000 -4.088754 -7.649520
   vertex -32.600000 -3.599395 -7.298851
   vertex 32.600000 -3.599395 -7.298851
  endloop
 endfacet
 facet normal 0 0.582477 -0.812847
  outer loop
   vertex -32.600000 -4.088754 -7.649520
   vertex 32.600000 -3.599395 -7.298851
   vertex 32.600000 -4.088754 -7.649520
  endloop
 endfacet
 facet normal -1 0 0
  outer loop
   vertex -32.600000 -9.200000 0.000000
   vertex -32.600000 -3.599395 -7.298851
   vertex -32.600000 -4.088754 -7.649520
  endloop
 endfacet
 facet normal 1 0 0
  outer loop
   vertex 32.600000 -9.200000 0.000000
   vertex 32.600000 -4.088754 -7.649520
   vertex 32.600000 -3.599395 -7.298851
  endloop
 endfacet
 facet normal 0 0.634394 -0.77301
  outer loop
   vertex -32.600000 -3.599395 -7.298851
   vertex -32.600000 -3.134019 -6.916926
   vertex 32.600000 -3.134019 -6.916926
  endloop
 endfacet
 facet normal 0 0.634394 -0.77301
  outer loop
   vertex -32.600000 -3.599395 -7.298851
   vertex 32.600000 -3.134019 -6.916926
   vertex 32.600000 -3.599395 -7.298851
  endloop
 endfacet
 facet normal -1 0 0
  outer loop
   vertex -32.600000 -9.200000 0.000000
   vertex -32.600000 -3.134019 -6.916926
   vertex -32.600000 -3.599395 -7.298851
  endloop
 endfacet
 facet normal 1 0 0
  outer loop
   vertex 32.600000 -9.200000 0.000000
   vertex 32.600000 -3.599395 -7.298851
   vertex 32.600000 -3.134019 -6.916926
  endloop
 endfacet
 facet normal 0 0.683592 -0.729864
  outer loop
   vertex -32.600000 -3.134019 -6.916926
   vertex -32.600000 -2.694618 -6.505382
   vertex 32.600000 -2.694618 -6.505382
  endloop
 endfacet
 facet normal 0 0.683592 -0.729864
  outer loop
   vertex -32.600000 -3.134019 -6.916926
   vertex 32.600000 -2.694618 -6.505382
   vertex 32.600000 -3.134019 -6.916926
  endloop
 endfacet
 facet normal -1 0 0
  outer loop
   vertex -32.600000 -9.200000 0.000000
   vertex -32.600000 -2.694618 -6.505382
   vertex -32.600000 -3.134019 -6.916926
  endloop
 endfacet
 facet normal 1 0 0
  outer loop
   vertex 32.600000 -9.200000 0.000000
   vertex 32.600000 -3.134019 -6.916926
   vertex 32.600000 -2.694618 -6.505382
  endloop
 endfacet
 facet normal 0 0.729864 -0.683592
  outer loop
   vertex -32.600000 -2.694618 -6.505382
   vertex -32.600000 -2.283074 -6.065981
   vertex 32.600000 -2.283074 -6.065981
  endloop
 endfacet
 facet normal 0 0.729864 -0.683592
  outer loop
   vertex -32.600000 -2.694618 -6.505382
   vertex 32.600000 -2.283074 -6.065981
   vertex 32.600000 -2.694618 -6.505382
  endloop
 endfacet
 facet normal -1 0 0
  outer loop
   vertex -32.600000 -9.200000 0.000000
   vertex -32.600000 -2.283074 -6.065981
   vertex -32.600000 -2.694618 -6.505382
  endloop
 endfacet
 facet normal 1 0 0
  outer loop
   vertex 32.600000 -9.200000 0.000000
   vertex 32.600000 -2.694618 -6.505382
   vertex 32.600000 -2.283074 -6.065981
  endloop
 endfacet
 facet normal 0 0.77301 -0.634394
  outer loop
   vertex -32.600000 -2.283074 -6.065981
   vertex -32.600000 -1.901149 -5.600605
   vertex 32.600000 -1.901149 -5.600605
  endloop
 endfacet
 facet normal 0 0.77301 -0.634394
  outer loop
   vertex -32.600000 -2.283074 -6.065981
   vertex 32.600000 -1.901149 -5.600605
   vertex 32.600000 -2.283074 -6.065981
  endloop
 endfacet
 facet normal -1 0 0
  outer loop
   vertex -32.600000 -9.200000 0.000000
   vertex -32.600000 -1.901149 -5.600605
   vertex -32.600000 -2.283074 -6.065981
  endloop
 endfacet
 facet normal 1 0 0
  outer loop
   vertex 32.600000 -9.200000 0.000000
   vertex 32.600000 -2.283074 -6.065981
   vertex 32.600000 -1.901149 -5.600605
  endloop
 endfacet
 facet normal 0 0.812847 -0.582477
  outer loop
   vertex -32.600000 -1.901149 -5.600605
   vertex -32.600000 -1.550480 -5.111246
   vertex 32.600000 -1.550480 -5.111246
  endloop
 endfacet
 facet normal 0 0.812847 -0.582477
  outer loop
   vertex -32.600000 -1.901149 -5.600605
   vertex 32.600000 -1.550480 -5.111246
   vertex 32.600000 -1.901149 -5.600605
  endloop
 endfacet
 facet normal -1 0 0
  outer loop
   vertex -32.600000 -9.200000 0.000000
   vertex -32.600000 -1.550480 -5.111246
   vertex -32.600000 -1.901149 -5.600605
  endloop
 endfacet
 facet normal 1 0 0
  outer loop
   vertex 32.600000 -9.200000 0.000000
   vertex 32.600000 -1.901149 -5.600605
   vertex 32.600000 -1.550480 -5.111246
  endloop
 endfacet
 facet normal 0 0.849202 -0.528069
  outer loop
   vertex -32.600000 -1.550480 -5.111246
   vertex -32.600000 -1.232566 -4.600000
   vertex 32.600000 -1.232566 -4.600000
  endloop
 endfacet
 facet normal 0 0.849202 -0.528069
  outer loop
   vertex -32.600000 -1.550480 -5.111246
   vertex 32.600000 -1.232566 -4.600000
   vertex 32.600000 -1.550480 -5.111246
  endloop
 endfacet
 facet normal -1 0 0
  outer loop
   vertex -32.600000 -9.200000 0.000000
   vertex -32.600000 -1.232566 -4.600000
   vertex -32.600000 -1.550480 -5.111246
  endloop
 endfacet
 facet normal 1 0 0
  outer loop
   vertex 32.600000 -9.200000 0.000000
   vertex 32.600000 -1.550480 -5.111246
   vertex 32.600000 -1.232566 -4.600000
  endloop
 endfacet
 facet normal 0 0.881922 -0.471396
  outer loop
   vertex -32.600000 -1.232566 -4.600000
   vertex -32.600000 -0.948771 -4.069056
   vertex 32.600000 -0.948771 -4.069056
  endloop
 endfacet
 facet normal 0 0.881922 -0.471396
  outer loop
   vertex -32.600000 -1.232566 -4.600000
   vertex 32.600000 -0.948771 -4.069056
   vertex 32.600000 -1.232566 -4.600000
  endloop
 endfacet
 facet normal -1 0 0
  outer loop
   vertex -32.600000 -9.200000 0.000000
   vertex -32.600000 -0.948771 -4.069056
   vertex -32.600000 -1.232566 -4.600000
  endloop
 endfacet
 facet normal 1 0 0
  outer loop
   vertex 32.600000 -9.200000 0.000000
   vertex 32.600000 -1.232566 -4.600000
   vertex 32.600000 -0.948771 -4.069056
  endloop
 endfacet
 facet normal 0 0.910863 -0.412708
  outer loop
   vertex -32.600000 -0.948771 -4.069056
   vertex -32.600000 -0.700308 -3.520688
   vertex 32.600000 -0.700308 -3.520688
  endloop
 endfacet
 facet normal 0 0.910863 -0.412708
  outer loop
   vertex -32.600000 -0.948771 -4.069056
   vertex 32.600000 -0.700308 -3.520688
   vertex 32.600000 -0.948771 -4.069056
  endloop
 endfacet
 facet normal -1 0 0
  outer loop
   vertex -32.600000 -9.200000 0.000000
   vertex -32.600000 -0.700308 -3.520688
   vertex -32.600000 -0.948771 -4.069056
  endloop
 endfacet
 facet normal 1 0 0
  outer loop
   vertex 32.600000 -9.200000 0.000000
   vertex 32.600000 -0.948771 -4.069056
   vertex 32.600000 -0.700308 -3.520688
  endloop
 endfacet
 facet normal 0 0.935906 -0.352249
  outer loop
   vertex -32.600000 -0.700308 -3.520688
   vertex -32.600000 -0.488243 -2.957243
   vertex 32.600000 -0.488243 -2.957243
  endloop
 endfacet
 facet normal 0 0.935906 -0.352249
  outer loop
   vertex -32.600000 -0.700308 -3.520688
   vertex 32.600000 -0.488243 -2.957243
   vertex 32.600000 -0.700308 -3.520688
  endloop
 endfacet
 facet normal -1 0 0
  outer loop
   vertex -32.600000 -9.200000 0.000000
   vertex -32.600000 -0.488243 -2.957243
   vertex -32.600000 -0.700308 -3.520688
  endloop
 endfacet
 facet normal 1 0 0
  outer loop
   vertex 32.600000 -9.200000 0.000000
   vertex 32.600000 -0.700308 -3.520688
   vertex 32.600000 -0.488243 -2.957243
  endloop
 endfacet
 facet normal 0 0.95694 -0.290286
  outer loop
   vertex -32.600000 -0.488243 -2.957243
   vertex -32.600000 -0.313482 -2.381135
   vertex 32.600000 -0.313482 -2.381135
  endloop
 endfacet
 facet normal 0 0.95694 -0.290286
  outer loop
   vertex -32.600000 -0.488243 -2.957243
   vertex 32.600000 -0.313482 -2.381135
   vertex 32.600000 -0.488243 -2.957243
  endloop
 endfacet
 facet normal -1 0 0
  outer loop
   vertex -32.600000 -9.200000 0.000000
   vertex -32.600000 -0.313482 -2.381135
   vertex -32.600000 -0.488243 -2.957243
  endloop
 endfacet
 facet normal 1 0 0
  outer loop
   vertex 32.600000 -9.200000 0.000000
   vertex 32.600000 -0.488243 -2.957243
   vertex 32.600000 -0.313482 -2.381135
  endloop
 endfacet
 facet normal 0 0.973877 -0.227076
  outer loop
   vertex -32.600000 -0.313482 -2.381135
   vertex -32.600000 -0.176775 -1.794831
   vertex 32.600000 -0.176775 -1.794831
  endloop
 endfacet
 facet normal 0 0.973877 -0.227076
  outer loop
   vertex -32.600000 -0.313482 -2.381135
   vertex 32.600000 -0.176775 -1.794831
   vertex 32.600000 -0.313482 -2.381135
  endloop
 endfacet
 facet normal -1 0 0
  outer loop
   vertex -32.600000 -9.200000 0.000000
   vertex -32.600000 -0.176775 -1.794831
   vertex -32.600000 -0.313482 -2.381135
  endloop
 endfacet
 facet normal 1 0 0
  outer loop
   vertex 32.600000 -9.200000 0.000000
   vertex 32.600000 -0.313482 -2.381135
   vertex 32.600000 -0.176775 -1.794831
  endloop
 endfacet
 facet normal 0 0.986643 -0.162895
  outer loop
   vertex -32.600000 -0.176775 -1.794831
   vertex -32.600000 -0.078707 -1.200841
   vertex 32.600000 -0.078707 -1.200841
  endloop
 endfacet
 facet normal 0 0.986643 -0.162895
  outer loop
   vertex -32.600000 -0.176775 -1.794831
   vertex 32.600000 -0.078707 -1.200841
   vertex 32.600000 -0.176775 -1.794831
  endloop
 endfacet
 facet normal -1 0 0
  outer loop
   vertex -32.600000 -9.200000 0.000000
   vertex -32.600000 -0.078707 -1.200841
   vertex -32.600000 -0.176775 -1.794831
  endloop
 endfacet
 facet normal 1 0 0
  outer loop
   vertex 32.600000 -9.200000 0.000000
   vertex 32.600000 -0.176775 -1.794831
   vertex 32.600000 -0.078707 -1.200841
  endloop
 endfacet
 facet normal 0 0.995185 -0.0980166
  outer loop
   vertex -32.600000 -0.078707 -1.200841
   vertex -32.600000 -0.019698 -0.601709
   vertex 32.600000 -0.019698 -0.601709
  endloop
 endfacet
 facet normal 0 0.995185 -0.0980166
  outer loop
   vertex -32.600000 -0.078707 -1.200841
   vertex 32.600000 -0.019698 -0.601709
   vertex 32.600000 -0.078707 -1.200841
  endloop
 endfacet
 facet normal -1 0 0
  outer loop
   vertex -32.600000 -9.200000 0.000000
   vertex -32.600000 -0.019698 -0.601709
   vertex -32.600000 -0.078707 -1.200841
  endloop
 endfacet
 facet normal 1 0 0
  outer loop
   vertex 32.600000 -9.200000 0.000000
   vertex 32.600000 -0.078707 -1.200841
   vertex 32.600000 -0.019698 -0.601709
  endloop
 endfacet
 facet normal 0 0.999465 -0.0327192
  outer loop
   vertex -32.600000 -0.019698 -0.601709
   vertex -32.600000 0.000000 0.000000
   vertex 32.600000 0.000000 0.000000
  endloop
 endfacet
 facet normal 0 0.999465 -0.0327192
  outer loop
   vertex -32.600000 -0.019698 -0.601709
   vertex 32.600000 0.000000 0.000000
   vertex 32.600000 -0.019698 -0.601709
  endloop
 endfacet
 facet normal -1 0 0
  outer loop
   vertex -32.600000 -9.200000 0.000000
   vertex -32.600000 0.000000 0.000000
   vertex -32.600000 -0.019698 -0.601709
  endloop
 endfacet
 facet normal 1 -0 0
  outer loop
   vertex 32.600000 -9.200000 0.000000
   vertex 32.600000 -0.019698 -0.601709
   vertex 32.600000 0.000000 0.000000
  endloop
 endfacet
 facet normal 0 0.999465 0.0327192
  outer loop
   vertex -32.600000 0.000000 18.400000
   vertex -32.600000 -0.019698 19.001709
   vertex 32.600000 -0.019698 19.001709
  endloop
 endfacet
 facet normal -0 0.999465 0.0327192
  outer loop
   vertex -32.600000 0.000000 18.400000
   vertex 32.600000 -0.019698 19.001709
   vertex 32.600000 0.000000 18.400000
  endloop
 endfacet
 facet normal -1 0 0
  outer loop
   vertex -32.600000 -9.200000 18.400000
   vertex -32.600000 -0.019698 19.001709
   vertex -32.600000 0.000000 18.400000
  endloop
 endfacet
 facet normal 1 0 0
  outer loop
   vertex 32.600000 -9.200000 18.400000
   vertex 32.600000 0.000000 18.400000
   vertex 32.600000 -0.019698 19.001709
  endloop
 endfacet
 facet normal 0 0.995185 0.0980166
  outer loop
   vertex -32.600000 -0.019698 19.001709
   vertex -32.600000 -0.078707 19.600841
   vertex 32.600000 -0.078707 19.600841
  endloop
 endfacet
 facet normal -0 0.995185 0.0980166
  outer loop
   vertex -32.600000 -0.019698 19.001709
   vertex 32.600000 -0.078707 19.600841
   vertex 32.600000 -0.019698 19.001709
  endloop
 endfacet
 facet normal -1 0 0
  outer loop
   vertex -32.600000 -9.200000 18.400000
   vertex -32.600000 -0.078707 19.600841
   vertex -32.600000 -0.019698 19.001709
  endloop
 endfacet
 facet normal 1 0 0
  outer loop
   vertex 32.600000 -9.200000 18.400000
   vertex 32.600000 -0.019698 19.001709
   vertex 32.600000 -0.078707 19.600841
  endloop
 endfacet
 facet normal 0 0.986643 0.162895
  outer loop
   vertex -32.600000 -0.078707 19.600841
   vertex -32.600000 -0.176775 20.194831
   vertex 32.600000 -0.176775 20.194831
  endloop
 endfacet
 facet normal -0 0.986643 0.162895
  outer loop
   vertex -32.600000 -0.078707 19.600841
   vertex 32.600000 -0.176775 20.194831
   vertex 32.600000 -0.078707 19.600841
  endloop
 endfacet
 facet normal -1 0 0
  outer loop
   vertex -32.600000 -9.200000 18.400000
   vertex -32.600000 -0.176775 20.194831
   vertex -32.600000 -0.078707 19.600841
  endloop
 endfacet
 facet normal 1 0 0
  outer loop
   vertex 32.600000 -9.200000 18.400000
   vertex 32.600000 -0.078707 19.600841
   vertex 32.600000 -0.176775 20.194831
  endloop
 endfacet
 facet normal 0 0.973877 0.227076
  outer loop
   vertex -32.600000 -0.176775 20.194831
   vertex -32.600000 -0.313482 20.781135
   vertex 32.600000 -0.313482 20.781135
  endloop
 endfacet
 facet normal -0 0.973877 0.227076
  outer loop
   vertex -32.600000 -0.176775 20.194831
   vertex 32.600000 -0.313482 20.781135
   vertex 32.600000 -0.176775 20.194831
  endloop
 endfacet
 facet normal -1 0 0
  outer loop
   vertex -32.600000 -9.200000 18.400000
   vertex -32.600000 -0.313482 20.781135
   vertex -32.600000 -0.176775 20.194831
  endloop
 endfacet
 facet normal 1 0 0
  outer loop
   vertex 32.600000 -9.200000 18.400000
   vertex 32.600000 -0.176775 20.194831
   vertex 32.600000 -0.313482 20.781135
  endloop
 endfacet
 facet normal 0 0.95694 0.290286
  outer loop
   vertex -32.600000 -0.313482 20.781135
   vertex -32.600000 -0.488243 21.357243
   vertex 32.600000 -0.488243 21.357243
  endloop
 endfacet
 facet normal -0 0.95694 0.290286
  outer loop
   vertex -32.600000 -0.313482 20.781135
   vertex 32.600000 -0.488243 21.357243
   vertex 32.600000 -0.313482 20.781135
  endloop
 endfacet
 facet normal -1 0 0
  outer loop
   vertex -32.600000 -9.200000 18.400000
   vertex -32.600000 -0.488243 21.357243
   vertex -32.600000 -0.313482 20.781135
  endloop
 endfacet
 facet normal 1 0 0
  outer loop
   vertex 32.600000 -9.200000 18.400000
   vertex 32.600000 -0.313482 20.781135
   vertex 32.600000 -0.488243 21.357243
  endloop
 endfacet
 facet normal 0 0.935906 0.352249
  outer loop
   vertex -32.600000 -0.488243 21.357243
   vertex -32.600000 -0.700308 21.920688
   vertex 32.600000 -0.700308 21.920688
  endloop
 endfacet
 facet normal -0 0.935906 0.352249
  outer loop
   vertex -32.600000 -0.488243 21.357243
   vertex 32.600000 -0.700308 21.920688
   vertex 32.600000 -0.488243 21.357243
  endloop
 endfacet
 facet normal -1 0 0
  outer loop
   vertex -32.600000 -9.200000 18.400000
   vertex -32.600000 -0.700308 21.920688
   vertex -32.600000 -0.488243 21.357243
  endloop
 endfacet
 facet normal 1 0 0
  outer loop
   vertex 32.600000 -9.200000 18.400000
   vertex 32.600000 -0.488243 21.357243
   vertex 32.600000 -0.700308 21.920688
  endloop
 endfacet
 facet normal 0 0.910863 0.412708
  outer loop
   vertex -32.600000 -0.700308 21.920688
   vertex -32.600000 -0.948771 22.469056
   vertex 32.600000 -0.948771 22.469056
  endloop
 endfacet
 facet normal -0 0.910863 0.412708
  outer loop
   vertex -32.600000 -0.700308 21.920688
   vertex 32.600000 -0.948771 22.469056
   vertex 32.600000 -0.700308 21.920688
  endloop
 endfacet
 facet normal -1 0 0
  outer loop
   vertex -32.600000 -9.200000 18.400000
   vertex -32.600000 -0.948771 22.469056
   vertex -32.600000 -0.700308 21.920688
  endloop
 endfacet
 facet normal 1 0 0
  outer loop
   vertex 32.600000 -9.200000 18.400000
   vertex 32.600000 -0.700308 21.920688
   vertex 32.600000 -0.948771 22.469056
  endloop
 endfacet
 facet normal 0 0.881922 0.471396
  outer loop
   vertex -32.600000 -0.948771 22.469056
   vertex -32.600000 -1.232566 23.000000
   vertex 32.600000 -1.232566 23.000000
  endloop
 endfacet
 facet normal -0 0.881922 0.471396
  outer loop
   vertex -32.600000 -0.948771 22.469056
   vertex 32.600000 -1.232566 23.000000
   vertex 32.600000 -0.948771 22.469056
  endloop
 endfacet
 facet normal -1 0 0
  outer loop
   vertex -32.600000 -9.200000 18.400000
   vertex -32.600000 -1.232566 23.000000
   vertex -32.600000 -0.948771 22.469056
  endloop
 endfacet
 facet normal 1 0 0
  outer loop
   vertex 32.600000 -9.200000 18.400000
   vertex 32.600000 -0.948771 22.469056
   vertex 32.600000 -1.232566 23.000000
  endloop
 endfacet
 facet normal 0 0.849202 0.528069
  outer loop
   vertex -32.600000 -1.232566 23.000000
   vertex -32.600000 -1.550480 23.511246
   vertex 32.600000 -1.550480 23.511246
  endloop
 endfacet
 facet normal -0 0.849202 0.528069
  outer loop
   vertex -32.600000 -1.232566 23.000000
   vertex 32.600000 -1.550480 23.511246
   vertex 32.600000 -1.232566 23.000000
  endloop
 endfacet
 facet normal -1 0 0
  outer loop
   vertex -32.600000 -9.200000 18.400000
   vertex -32.600000 -1.550480 23.511246
   vertex -32.600000 -1.232566 23.000000
  endloop
 endfacet
 facet normal 1 0 0
  outer loop
   vertex 32.600000 -9.200000 18.400000
   vertex 32.600000 -1.232566 23.000000
   vertex 32.600000 -1.550480 23.511246
  endloop
 endfacet
 facet normal 0 0.812847 0.582477
  outer loop
   vertex -32.600000 -1.550480 23.511246
   vertex -32.600000 -1.901149 24.000605
   vertex 32.600000 -1.901149 24.000605
  endloop
 endfacet
 facet normal -0 0.812847 0.582477
  outer loop
   vertex -32.600000 -1.550480 23.511246
   vertex 32.600000 -1.901149 24.000605
   vertex 32.600000 -1.550480 23.511246
  endloop
 endfacet
 facet normal -1 0 0
  outer loop
   vertex -32.600000 -9.200000 18.400000
   vertex -32.600000 -1.901149 24.000605
   vertex -32.600000 -1.550480 23.511246
  endloop
 endfacet
 facet normal 1 0 0
  outer loop
   vertex 32.600000 -9.200000 18.400000
   vertex 32.600000 -1.550480 23.511246
   vertex 32.600000 -1.901149 24.000605
  endloop
 endfacet
 facet normal 0 0.77301 0.634394
  outer loop
   vertex -32.600000 -1.901149 24.000605
   vertex -32.600000 -2.283074 24.465981
   vertex 32.600000 -2.283074 24.465981
  endloop
 endfacet
 facet normal -0 0.77301 0.634394
  outer loop
   vertex -32.600000 -1.901149 24.000605
   vertex 32.600000 -2.283074 24.465981
   vertex 32.600000 -1.901149 24.000605
  endloop
 endfacet
 facet normal -1 0 0
  outer loop
   vertex -32.600000 -9.200000 18.400000
   vertex -32.600000 -2.283074 24.465981
   vertex -32.600000 -1.901149 24.000605
  endloop
 endfacet
 facet normal 1 0 0
  outer loop
   vertex 32.600000 -9.200000 18.400000
   vertex 32.600000 -1.901149 24.000605
   vertex 32.600000 -2.283074 24.465981
  endloop
 endfacet
 facet normal 0 0.729864 0.683592
  outer loop
   vertex -32.600000 -2.283074 24.465981
   vertex -32.600000 -2.694618 24.905382
   vertex 32.600000 -2.694618 24.905382
  endloop
 endfacet
 facet normal -0 0.729864 0.683592
  outer loop
   vertex -32.600000 -2.283074 24.465981
   vertex 32.600000 -2.694618 24.905382
   vertex 32.600000 -2.283074 24.465981
  endloop
 endfacet
 facet normal -1 0 0
  outer loop
   vertex -32.600000 -9.200000 18.400000
   vertex -32.600000 -2.694618 24.905382
   vertex -32.600000 -2.283074 24.465981
  endloop
 endfacet
 facet normal 1 0 0
  outer loop
   vertex 32.600000 -9.200000 18.400000
   vertex 32.600000 -2.283074 24.465981
   vertex 32.600000 -2.694618 24.905382
  endloop
 endfacet
 facet normal 0 0.683592 0.729864
  outer loop
   vertex -32.600000 -2.694618 24.905382
   vertex -32.600000 -3.134019 25.316926
   vertex 32.600000 -3.134019 25.316926
  endloop
 endfacet
 facet normal -0 0.683592 0.729864
  outer loop
   vertex -32.600000 -2.694618 24.905382
   vertex 32.600000 -3.134019 25.316926
   vertex 32.600000 -2.694618 24.905382
  endloop
 endfacet
 facet normal -1 0 0
  outer loop
   vertex -32.600000 -9.200000 18.400000
   vertex -32.600000 -3.134019 25.316926
   vertex -32.600000 -2.694618 24.905382
  endloop
 endfacet
 facet normal 1 0 0
  outer loop
   vertex 32.600000 -9.200000 18.400000
   vertex 32.600000 -2.694618 24.905382
   vertex 32.600000 -3.134019 25.316926
  endloop
 endfacet
 facet normal 0 0.634394 0.77301
  outer loop
   vertex -32.600000 -3.134019 25.316926
   vertex -32.600000 -3.599395 25.698851
   vertex 32.600000 -3.599395 25.698851
  endloop
 endfacet
 facet normal -0 0.634394 0.77301
  outer loop
   vertex -32.600000 -3.134019 25.316926
   vertex 32.600000 -3.599395 25.698851
   vertex 32.600000 -3.134019 25.316926
  endloop
 endfacet
 facet normal -1 0 0
  outer loop
   vertex -32.600000 -9.200000 18.400000
   vertex -32.600000 -3.599395 25.698851
   vertex -32.600000 -3.134019 25.316926
  endloop
 endfacet
 facet normal 1 0 0
  outer loop
   vertex 32.600000 -9.200000 18.400000
   vertex 32.600000 -3.134019 25.316926
   vertex 32.600000 -3.599395 25.698851
  endloop
 endfacet
 facet normal 0 0.582477 0.812847
  outer loop
   vertex -32.600000 -3.599395 25.698851
   vertex -32.600000 -4.088754 26.049520
   vertex 32.600000 -4.088754 26.049520
  endloop
 endfacet
 facet normal -0 0.582477 0.812847
  outer loop
   vertex -32.600000 -3.599395 25.698851
   vertex 32.600000 -4.088754 26.049520
   vertex 32.600000 -3.599395 25.698851
  endloop
 endfacet
 facet normal -1 0 0
  outer loop
   vertex -32.600000 -9.200000 18.400000
   vertex -32.600000 -4.088754 26.049520
   vertex -32.600000 -3.599395 25.698851
  endloop
 endfacet
 facet normal 1 0 0
  outer loop
   vertex 32.600000 -9.200000 18.400000
   vertex 32.600000 -3.599395 25.698851
   vertex 32.600000 -4.088754 26.049520
  endloop
 endfacet
 facet normal 0 0.528069 0.849202
  outer loop
   vertex -32.600000 -4.088754 26.049520
   vertex -32.600000 -4.600000 26.367434
   vertex 32.600000 -4.600000 26.367434
  endloop
 endfacet
 facet normal -0 0.528069 0.849202
  outer loop
   vertex -32.600000 -4.088754 26.049520
   vertex 32.600000 -4.600000 26.367434
   vertex 32.600000 -4.088754 26.049520
  endloop
 endfacet
 facet normal -1 0 0
  outer loop
   vertex -32.600000 -9.200000 18.400000
   vertex -32.600000 -4.600000 26.367434
   vertex -32.600000 -4.088754 26.049520
  endloop
 endfacet
 facet normal 1 0 0
  outer loop
   vertex 32.600000 -9.200000 18.400000
   vertex 32.600000 -4.088754 26.049520
   vertex 32.600000 -4.600000 26.367434
  endloop
 endfacet
 facet normal 0 0.471396 0.881922
  outer loop
   vertex -32.600000 -4.600000 26.367434
   vertex -32.600000 -5.130944 26.651229
   vertex 32.600000 -5.130944 26.651229
  endloop
 endfacet
 facet normal -0 0.471396 0.881922
  outer loop
   vertex -32.600000 -4.600000 26.367434
   vertex 32.600000 -5.130944 26.651229
   vertex 32.600000 -4.600000 26.367434
  endloop
 endfacet
 facet normal -1 0 0
  outer loop
   vertex -32.600000 -9.200000 18.400000
   vertex -32.600000 -5.130944 26.651229
   vertex -32.600000 -4.600000 26.367434
  endloop
 endfacet
 facet normal 1 0 0
  outer loop
   vertex 32.600000 -9.200000 18.400000
   vertex 32.600000 -4.600000 26.367434
   vertex 32.600000 -5.130944 26.651229
  endloop
 endfacet
 facet normal 0 0.412708 0.910863
  outer loop
   vertex -32.600000 -5.130944 26.651229
   vertex -32.600000 -5.679312 26.899692
   vertex 32.600000 -5.679312 26.899692
  endloop
 endfacet
 facet normal -0 0.412708 0.910863
  outer loop
   vertex -32.600000 -5.130944 26.651229
   vertex 32.600000 -5.679312 26.899692
   vertex 32.600000 -5.130944 26.651229
  endloop
 endfacet
 facet normal -1 0 0
  outer loop
   vertex -32.600000 -9.200000 18.400000
   vertex -32.600000 -5.679312 26.899692
   vertex -32.600000 -5.130944 26.651229
  endloop
 endfacet
 facet normal 1 0 0
  outer loop
   vertex 32.600000 -9.200000 18.400000
   vertex 32.600000 -5.130944 26.651229
   vertex 32.600000 -5.679312 26.899692
  endloop
 endfacet
 facet normal 0 0.352249 0.935906
  outer loop
   vertex -32.600000 -5.679312 26.899692
   vertex -32.600000 -6.242757 27.111757
   vertex 32.600000 -6.242757 27.111757
  endloop
 endfacet
 facet normal -0 0.352249 0.935906
  outer loop
   vertex -32.600000 -5.679312 26.899692
   vertex 32.600000 -6.242757 27.111757
   vertex 32.600000 -5.679312 26.899692
  endloop
 endfacet
 facet normal -1 0 0
  outer loop
   vertex -32.600000 -9.200000 18.400000
   vertex -32.600000 -6.242757 27.111757
   vertex -32.600000 -5.679312 26.899692
  endloop
 endfacet
 facet normal 1 0 0
  outer loop
   vertex 32.600000 -9.200000 18.400000
   vertex 32.600000 -5.679312 26.899692
   vertex 32.600000 -6.242757 27.111757
  endloop
 endfacet
 facet normal 0 0.290286 0.95694
  outer loop
   vertex -32.600000 -6.242757 27.111757
   vertex -32.600000 -6.818865 27.286518
   vertex 32.600000 -6.818865 27.286518
  endloop
 endfacet
 facet normal -0 0.290286 0.95694
  outer loop
   vertex -32.600000 -6.242757 27.111757
   vertex 32.600000 -6.818865 27.286518
   vertex 32.600000 -6.242757 27.111757
  endloop
 endfacet
 facet normal -1 0 0
  outer loop
   vertex -32.600000 -9.200000 18.400000
   vertex -32.600000 -6.818865 27.286518
   vertex -32.600000 -6.242757 27.111757
  endloop
 endfacet
 facet normal 1 0 0
  outer loop
   vertex 32.600000 -9.200000 18.400000
   vertex 32.600000 -6.242757 27.111757
   vertex 32.600000 -6.818865 27.286518
  endloop
 endfacet
 facet normal 0 0.227076 0.973877
  outer loop
   vertex -32.600000 -6.818865 27.286518
   vertex -32.600000 -7.405169 27.423225
   vertex 32.600000 -7.405169 27.423225
  endloop
 endfacet
 facet normal -0 0.227076 0.973877
  outer loop
   vertex -32.600000 -6.818865 27.286518
   vertex 32.600000 -7.405169 27.423225
   vertex 32.600000 -6.818865 27.286518
  endloop
 endfacet
 facet normal -1 0 0
  outer loop
   vertex -32.600000 -9.200000 18.400000
   vertex -32.600000 -7.405169 27.423225
   vertex -32.600000 -6.818865 27.286518
  endloop
 endfacet
 facet normal 1 0 0
  outer loop
   vertex 32.600000 -9.200000 18.400000
   vertex 32.600000 -6.818865 27.286518
   vertex 32.600000 -7.405169 27.423225
  endloop
 endfacet
 facet normal 0 0.162895 0.986643
  outer loop
   vertex -32.600000 -7.405169 27.423225
   vertex -32.600000 -7.999159 27.521293
   vertex 32.600000 -7.999159 27.521293
  endloop
 endfacet
 facet normal -0 0.162895 0.986643
  outer loop
   vertex -32.600000 -7.405169 27.423225
   vertex 32.600000 -7.999159 27.521293
   vertex 32.600000 -7.405169 27.423225
  endloop
 endfacet
 facet normal -1 0 0
  outer loop
   vertex -32.600000 -9.200000 18.400000
   vertex -32.600000 -7.999159 27.521293
   vertex -32.600000 -7.405169 27.423225
  endloop
 endfacet
 facet normal 1 0 0
  outer loop
   vertex 32.600000 -9.200000 18.400000
   vertex 32.600000 -7.405169 27.423225
   vertex 32.600000 -7.999159 27.521293
  endloop
 endfacet
 facet normal 0 0.0980166 0.995185
  outer loop
   vertex -32.600000 -7.999159 27.521293
   vertex -32.600000 -8.598291 27.580302
   vertex 32.600000 -8.598291 27.580302
  endloop
 endfacet
 facet normal -0 0.0980166 0.995185
  outer loop
   vertex -32.600000 -7.999159 27.521293
   vertex 32.600000 -8.598291 27.580302
   vertex 32.600000 -7.999159 27.521293
  endloop
 endfacet
 facet normal -1 0 0
  outer loop
   vertex -32.600000 -9.200000 18.400000
   vertex -32.600000 -8.598291 27.580302
   vertex -32.600000 -7.999159 27.521293
  endloop
 endfacet
 facet normal 1 0 0
  outer loop
   vertex 32.600000 -9.200000 18.400000
   vertex 32.600000 -7.999159 27.521293
   vertex 32.600000 -8.598291 27.580302
  endloop
 endfacet
 facet normal 0 0.0327192 0.999465
  outer loop
   vertex -32.600000 -8.598291 27.580302
   vertex -32.600000 -9.200000 27.600000
   vertex 32.600000 -9.200000 27.600000
  endloop
 endfacet
 facet normal -0 0.0327192 0.999465
  outer loop
   vertex -32.600000 -8.598291 27.580302
   vertex 32.600000 -9.200000 27.600000
   vertex 32.600000 -8.598291 27.580302
  endloop
 endfacet
 facet normal -1 0 0
  outer loop
   vertex -32.600000 -9.200000 18.400000
   vertex -32.600000 -9.200000 27.600000
   vertex -32.600000 -8.598291 27.580302
  endloop
 endfacet
 facet normal 1 0 0
  outer loop
   vertex 32.600000 -9.200000 18.400000
   vertex 32.600000 -8.598291 27.580302
   vertex 32.600000 -9.200000 27.600000
  endloop
 endfacet
 facet normal 0 -0.0327192 0.999465
  outer loop
   vertex -32.600000 -9.200000 27.600000
   vertex -32.600000 -9.801709 27.580302
   vertex 32.600000 -9.801709 27.580302
  endloop
 endfacet
 facet normal 0 -0.0327192 0.999465
  outer loop
   vertex -32.600000 -9.200000 27.600000
   vertex 32.600000 -9.801709 27.580302
   vertex 32.600000 -9.200000 27.600000
  endloop
 endfacet
 facet normal -1 0 0
  outer loop
   vertex -32.600000 -9.200000 18.400000
   vertex -32.600000 -9.801709 27.580302
   vertex -32.600000 -9.200000 27.600000
  endloop
 endfacet
 facet normal 1 0 -0
  outer loop
   vertex 32.600000 -9.200000 18.400000
   vertex 32.600000 -9.200000 27.600000
   vertex 32.600000 -9.801709 27.580302
  endloop
 endfacet
 facet normal 0 -0.0980166 0.995185
  outer loop
   vertex -32.600000 -9.801709 27.580302
   vertex -32.600000 -10.400841 27.521293
   vertex 32.600000 -10.400841 27.521293
  endloop
 endfacet
 facet normal 0 -0.0980166 0.995185
  outer loop
   vertex -32.600000 -9.801709 27.580302
   vertex 32.600000 -10.400841 27.521293
   vertex 32.600000 -9.801709 27.580302
  endloop
 endfacet
 facet normal -1 0 0
  outer loop
   vertex -32.600000 -9.200000 18.400000
   vertex -32.600000 -10.400841 27.521293
   vertex -32.600000 -9.801709 27.580302
  endloop
 endfacet
 facet normal 1 0 0
  outer loop
   vertex 32.600000 -9.200000 18.400000
   vertex 32.600000 -9.801709 27.580302
   vertex 32.600000 -10.400841 27.521293
  endloop
 endfacet
 facet normal 0 -0.162895 0.986643
  outer loop
   vertex -32.600000 -10.400841 27.521293
   vertex -32.600000 -10.994831 27.423225
   vertex 32.600000 -10.994831 27.423225
  endloop
 endfacet
 facet normal 0 -0.162895 0.986643
  outer loop
   vertex -32.600000 -10.400841 27.521293
   vertex 32.600000 -10.994831 27.423225
   vertex 32.600000 -10.400841 27.521293
  endloop
 endfacet
 facet normal -1 0 0
  outer loop
   vertex -32.600000 -9.200000 18.400000
   vertex -32.600000 -10.994831 27.423225
   vertex -32.600000 -10.400841 27.521293
  endloop
 endfacet
 facet normal 1 0 0
  outer loop
   vertex 32.600000 -9.200000 18.400000
   vertex 32.600000 -10.400841 27.521293
   vertex 32.600000 -10.994831 27.423225
  endloop
 endfacet
 facet normal 0 -0.227076 0.973877
  outer loop
   vertex -32.600000 -10.994831 27.423225
   vertex -32.600000 -11.581135 27.286518
   vertex 32.600000 -11.581135 27.286518
  endloop
 endfacet
 facet normal 0 -0.227076 0.973877
  outer loop
   vertex -32.600000 -10.994831 27.423225
   vertex 32.600000 -11.581135 27.286518
   vertex 32.600000 -10.994831 27.423225
  endloop
 endfacet
 facet normal -1 0 0
  outer loop
   vertex -32.600000 -9.200000 18.400000
   vertex -32.600000 -11.581135 27.286518
   vertex -32.600000 -10.994831 27.423225
  endloop
 endfacet
 facet normal 1 0 0
  outer loop
   vertex 32.600000 -9.200000 18.400000
   vertex 32.600000 -10.994831 27.423225
   vertex 32.600000 -11.581135 27.286518
  endloop
 endfacet
 facet normal 0 -0.290286 0.95694
  outer loop
   vertex -32.600000 -11.581135 27.286518
   vertex -32.600000 -12.157243 27.111757
   vertex 32.600000 -12.157243 27.111757
  endloop
 endfacet
 facet normal 0 -0.290286 0.95694
  outer loop
   vertex -32.600000 -11.581135 27.286518
   vertex 32.600000 -12.157243 27.111757
   vertex 32.600000 -11.581135 27.286518
  endloop
 endfacet
 facet normal -1 0 0
  outer loop
   vertex -32.600000 -9.200000 18.400000
   vertex -32.600000 -12.157243 27.111757
   vertex -32.600000 -11.581135 27.286518
  endloop
 endfacet
 facet normal 1 0 0
  outer loop
   vertex 32.600000 -9.200000 18.400000
   vertex 32.600000 -11.581135 27.286518
   vertex 32.600000 -12.157243 27.111757
  endloop
 endfacet
 facet normal 0 -0.352249 0.935906
  outer loop
   vertex -32.600000 -12.157243 27.111757
   vertex -32.600000 -12.720688 26.899692
   vertex 32.600000 -12.720688 26.899692
  endloop
 endfacet
 facet normal 0 -0.352249 0.935906
  outer loop
   vertex -32.600000 -12.157243 27.111757
   vertex 32.600000 -12.720688 26.899692
   vertex 32.600000 -12.157243 27.111757
  endloop
 endfacet
 facet normal -1 0 0
  outer loop
   vertex -32.600000 -9.200000 18.400000
   vertex -32.600000 -12.720688 26.899692
   vertex -32.600000 -12.157243 27.111757
  endloop
 endfacet
 facet normal 1 0 0
  outer loop
   vertex 32.600000 -9.200000 18.400000
   vertex 32.600000 -12.157243 27.111757
   vertex 32.600000 -12.720688 26.899692
  endloop
 endfacet
 facet normal 0 -0.412708 0.910863
  outer loop
   vertex -32.600000 -12.720688 26.899692
   vertex -32.600000 -13.269056 26.651229
   vertex 32.600000 -13.269056 26.651229
  endloop
 endfacet
 facet normal 0 -0.412708 0.910863
  outer loop
   vertex -32.600000 -12.720688 26.899692
   vertex 32.600000 -13.269056 26.651229
   vertex 32.600000 -12.720688 26.899692
  endloop
 endfacet
 facet normal -1 0 0
  outer loop
   vertex -32.600000 -9.200000 18.400000
   vertex -32.600000 -13.269056 26.651229
   vertex -32.600000 -12.720688 26.899692
  endloop
 endfacet
 facet normal 1 0 0
  outer loop
   vertex 32.600000 -9.200000 18.400000
   vertex 32.600000 -12.720688 26.899692
   vertex 32.600000 -13.269056 26.651229
  endloop
 endfacet
 facet normal 0 -0.471396 0.881922
  outer loop
   vertex -32.600000 -13.269056 26.651229
   vertex -32.600000 -13.800000 26.367434
   vertex 32.600000 -13.800000 26.367434
  endloop
 endfacet
 facet normal 0 -0.471396 0.881922
  outer loop
   vertex -32.600000 -13.269056 26.651229
   vertex 32.600000 -13.800000 26.367434
   vertex 32.600000 -13.269056 26.651229
  endloop
 endfacet
 facet normal -1 0 0
  outer loop
   vertex -32.600000 -9.200000 18.400000
   vertex -32.600000 -13.800000 26.367434
   vertex -32.600000 -13.269056 26.651229
  endloop
 endfacet
 facet normal 1 0 0
  outer loop
   vertex 32.600000 -9.200000 18.400000
   vertex 32.600000 -13.269056 26.651229
   vertex 32.600000 -13.800000 26.367434
  endloop
 endfacet
 facet normal 0 -0.528069 0.849202
  outer loop
   vertex -32.600000 -13.800000 26.367434
   vertex -32.600000 -14.311246 26.049520
   vertex 32.600000 -14.311246 26.049520
  endloop
 endfacet
 facet normal 0 -0.528069 0.849202
  outer loop
   vertex -32.600000 -13.800000 26.367434
   vertex 32.600000 -14.311246 26.049520
   vertex 32.600000 -13.800000 26.367434
  endloop
 endfacet
 facet normal -1 0 0
  outer loop
   vertex -32.600000 -9.200000 18.400000
   vertex -32.600000 -14.311246 26.049520
   vertex -32.600000 -13.800000 26.367434
  endloop
 endfacet
 facet normal 1 0 0
  outer loop
   vertex 32.600000 -9.200000 18.400000
   vertex 32.600000 -13.800000 26.367434
   vertex 32.600000 -14.311246 26.049520
  endloop
 endfacet
 facet normal 0 -0.582477 0.812847
  outer loop
   vertex -32.600000 -14.311246 26.049520
   vertex -32.600000 -14.800605 25.698851
   vertex 32.600000 -14.800605 25.698851
  endloop
 endfacet
 facet normal 0 -0.582477 0.812847
  outer loop
   vertex -32.600000 -14.311246 26.049520
   vertex 32.600000 -14.800605 25.698851
   vertex 32.600000 -14.311246 26.049520
  endloop
 endfacet
 facet normal -1 0 0
  outer loop
   vertex -32.600000 -9.200000 18.400000
   vertex -32.600000 -14.800605 25.698851
   vertex -32.600000 -14.311246 26.049520
  endloop
 endfacet
 facet normal 1 0 0
  outer loop
   vertex 32.600000 -9.200000 18.400000
   vertex 32.600000 -14.311246 26.049520
   vertex 32.600000 -14.800605 25.698851
  endloop
 endfacet
 facet normal 0 -0.634394 0.77301
  outer loop
   vertex -32.600000 -14.800605 25.698851
   vertex -32.600000 -15.265981 25.316926
   vertex 32.600000 -15.265981 25.316926
  endloop
 endfacet
 facet normal 0 -0.634394 0.77301
  outer loop
   vertex -32.600000 -14.800605 25.698851
   vertex 32.600000 -15.265981 25.316926
   vertex 32.600000 -14.800605 25.698851
  endloop
 endfacet
 facet normal -1 0 0
  outer loop
   vertex -32.600000 -9.200000 18.400000
   vertex -32.600000 -15.265981 25.316926
   vertex -32.600000 -14.800605 25.698851
  endloop
 endfacet
 facet normal 1 0 0
  outer loop
   vertex 32.600000 -9.200000 18.400000
   vertex 32.600000 -14.800605 25.698851
   vertex 32.600000 -15.265981 25.316926
  endloop
 endfacet
 facet normal 0 -0.683592 0.729864
  outer loop
   vertex -32.600000 -15.265981 25.316926
   vertex -32.600000 -15.705382 24.905382
   vertex 32.600000 -15.705382 24.905382
  endloop
 endfacet
 facet normal 0 -0.683592 0.729864
  outer loop
   vertex -32.600000 -15.265981 25.316926
   vertex 32.600000 -15.705382 24.905382
   vertex 32.600000 -15.265981 25.316926
  endloop
 endfacet
 facet normal -1 0 0
  outer loop
   vertex -32.600000 -9.200000 18.400000
   vertex -32.600000 -15.705382 24.905382
   vertex -32.600000 -15.265981 25.316926
  endloop
 endfacet
 facet normal 1 0 0
  outer loop
   vertex 32.600000 -9.200000 18.400000
   vertex 32.600000 -15.265981 25.316926
   vertex 32.600000 -15.705382 24.905382
  endloop
 endfacet
 facet normal 0 -0.729864 0.683592
  outer loop
   vertex -32.600000 -15.705382 24.905382
   vertex -32.600000 -16.116926 24.465981
   vertex 32.600000 -16.116926 24.465981
  endloop
 endfacet
 facet normal 0 -0.729864 0.683592
  outer loop
   vertex -32.600000 -15.705382 24.905382
   vertex 32.600000 -16.116926 24.465981
   vertex 32.600000 -15.705382 24.905382
  endloop
 endfacet
 facet normal -1 0 0
  outer loop
   vertex -32.600000 -9.200000 18.400000
   vertex -32.600000 -16.116926 24.465981
   vertex -32.600000 -15.705382 24.905382
  endloop
 endfacet
 facet normal 1 0 0
  outer loop
   vertex 32.600000 -9.200000 18.400000
   vertex 32.600000 -15.705382 24.905382
   vertex 32.600000 -16.116926 24.465981
  endloop
 endfacet
 facet normal 0 -0.77301 0.634394
  outer loop
   vertex -32.600000 -16.116926 24.465981
   vertex -32.600000 -16.498851 24.000605
   vertex 32.600000 -16.498851 24.000605
  endloop
 endfacet
 facet normal 0 -0.77301 0.634394
  outer loop
   vertex -32.600000 -16.116926 24.465981
   vertex 32.600000 -16.498851 24.000605
   vertex 32.600000 -16.116926 24.465981
  endloop
 endfacet
 facet normal -1 0 0
  outer loop
   vertex -32.600000 -9.200000 18.400000
   vertex -32.600000 -16.498851 24.000605
   vertex -32.600000 -16.116926 24.465981
  endloop
 endfacet
 facet normal 1 0 0
  outer loop
   vertex 32.600000 -9.200000 18.400000
   vertex 32.600000 -16.116926 24.465981
   vertex 32.600000 -16.498851 24.000605
  endloop
 endfacet
 facet normal 0 -0.812847 0.582477
  outer loop
   vertex -32.600000 -16.498851 24.000605
   vertex -32.600000 -16.849520 23.511246
   vertex 32.600000 -16.849520 23.511246
  endloop
 endfacet
 facet normal 0 -0.812847 0.582477
  outer loop
   vertex -32.600000 -16.498851 24.000605
   vertex 32.600000 -16.849520 23.511246
   vertex 32.600000 -16.498851 24.000605
  endloop
 endfacet
 facet normal -1 0 0
  outer loop
   vertex -32.600000 -9.200000 18.400000
   vertex -32.600000 -16.849520 23.511246
   vertex -32.600000 -16.498851 24.000605
  endloop
 endfacet
 facet normal 1 0 0
  outer loop
   vertex 32.600000 -9.200000 18.400000
   vertex 32.600000 -16.498851 24.000605
   vertex 32.600000 -16.849520 23.511246
  endloop
 endfacet
 facet normal 0 -0.849202 0.528069
  outer loop
   vertex -32.600000 -16.849520 23.511246
   vertex -32.600000 -17.167434 23.000000
   vertex 32.600000 -17.167434 23.000000
  endloop
 endfacet
 facet normal 0 -0.849202 0.528069
  outer loop
   vertex -32.600000 -16.849520 23.511246
   vertex 32.600000 -17.167434 23.000000
   vertex 32.600000 -16.849520 23.511246
  endloop
 endfacet
 facet normal -1 0 0
  outer loop
   vertex -32.600000 -9.200000 18.400000
   vertex -32.600000 -17.167434 23.000000
   vertex -32.600000 -16.849520 23.511246
  endloop
 endfacet
 facet normal 1 0 0
  outer loop
   vertex 32.600000 -9.200000 18.400000
   vertex 32.600000 -16.849520 23.511246
   vertex 32.600000 -17.167434 23.000000
  endloop
 endfacet
 facet normal 0 -0.881922 0.471396
  outer loop
   vertex -32.600000 -17.167434 23.000000
   vertex -32.600000 -17.451229 22.469056
   vertex 32.600000 -17.451229 22.469056
  endloop
 endfacet
 facet normal 0 -0.881922 0.471396
  outer loop
   vertex -32.600000 -17.167434 23.000000
   vertex 32.600000 -17.451229 22.469056
   vertex 32.600000 -17.167434 23.000000
  endloop
 endfacet
 facet normal -1 0 0
  outer loop
   vertex -32.600000 -9.200000 18.400000
   vertex -32.600000 -17.451229 22.469056
   vertex -32.600000 -17.167434 23.000000
  endloop
 endfacet
 facet normal 1 0 0
  outer loop
   vertex 32.600000 -9.200000 18.400000
   vertex 32.600000 -17.167434 23.000000
   vertex 32.600000 -17.451229 22.469056
  endloop
 endfacet
 facet normal 0 -0.910863 0.412708
  outer loop
   vertex -32.600000 -17.451229 22.469056
   vertex -32.600000 -17.699692 21.920688
   vertex 32.600000 -17.699692 21.920688
  endloop
 endfacet
 facet normal 0 -0.910863 0.412708
  outer loop
   vertex -32.600000 -17.451229 22.469056
   vertex 32.600000 -17.699692 21.920688
   vertex 32.600000 -17.451229 22.469056
  endloop
 endfacet
 facet normal -1 0 0
  outer loop
   vertex -32.600000 -9.200000 18.400000
   vertex -32.600000 -17.699692 21.920688
   vertex -32.600000 -17.451229 22.469056
  endloop
 endfacet
 facet normal 1 0 0
  outer loop
   vertex 32.600000 -9.200000 18.400000
   vertex 32.600000 -17.451229 22.469056
   vertex 32.600000 -17.699692 21.920688
  endloop
 endfacet
 facet normal 0 -0.935906 0.352249
  outer loop
   vertex -32.600000 -17.699692 21.920688
   vertex -32.600000 -17.911757 21.357243
   vertex 32.600000 -17.911757 21.357243
  endloop
 endfacet
 facet normal 0 -0.935906 0.352249
  outer loop
   vertex -32.600000 -17.699692 21.920688
   vertex 32.600000 -17.911757 21.357243
   vertex 32.600000 -17.699692 21.920688
  endloop
 endfacet
 facet normal -1 0 0
  outer loop
   vertex -32.600000 -9.200000 18.400000
   vertex -32.600000 -17.911757 21.357243
   vertex -32.600000 -17.699692 21.920688
  endloop
 endfacet
 facet normal 1 0 0
  outer loop
   vertex 32.600000 -9.200000 18.400000
   vertex 32.600000 -17.699692 21.920688
   vertex 32.600000 -17.911757 21.357243
  endloop
 endfacet
 facet normal 0 -0.95694 0.290286
  outer loop
   vertex -32.600000 -17.911757 21.357243
   vertex -32.600000 -18.086518 20.781135
   vertex 32.600000 -18.086518 20.781135
  endloop
 endfacet
 facet normal 0 -0.95694 0.290286
  outer loop
   vertex -32.600000 -17.911757 21.357243
   vertex 32.600000 -18.086518 20.781135
   vertex 32.600000 -17.911757 21.357243
  endloop
 endfacet
 facet normal -1 0 0
  outer loop
   vertex -32.600000 -9.200000 18.400000
   vertex -32.600000 -18.086518 20.781135
   vertex -32.600000 -17.911757 21.357243
  endloop
 endfacet
 facet normal 1 0 0
  outer loop
   vertex 32.600000 -9.200000 18.400000
   vertex 32.600000 -17.911757 21.357243
   vertex 32.600000 -18.086518 20.781135
  endloop
 endfacet
 facet normal 0 -0.973877 0.227076
  outer loop
   vertex -32.600000 -18.086518 20.781135
   vertex -32.600000 -18.223225 20.194831
   vertex 32.600000 -18.223225 20.194831
  endloop
 endfacet
 facet normal 0 -0.973877 0.227076
  outer loop
   vertex -32.600000 -18.086518 20.781135
   vertex 32.600000 -18.223225 20.194831
   vertex 32.600000 -18.086518 20.781135
  endloop
 endfacet
 facet normal -1 0 0
  outer loop
   vertex -32.600000 -9.200000 18.400000
   vertex -32.600000 -18.223225 20.194831
   vertex -32.600000 -18.086518 20.781135
  endloop
 endfacet
 facet normal 1 0 0
  outer loop
   vertex 32.600000 -9.200000 18.400000
   vertex 32.600000 -18.086518 20.781135
   vertex 32.600000 -18.223225 20.194831
  endloop
 endfacet
 facet normal 0 -0.986643 0.162895
  outer loop
   vertex -32.600000 -18.223225 20.194831
   vertex -32.600000 -18.321293 19.600841
   vertex 32.600000 -18.321293 19.600841
  endloop
 endfacet
 facet normal 0 -0.986643 0.162895
  outer loop
   vertex -32.600000 -18.223225 20.194831
   vertex 32.600000 -18.321293 19.600841
   vertex 32.600000 -18.223225 20.194831
  endloop
 endfacet
 facet normal -1 0 0
  outer loop
   vertex -32.600000 -9.200000 18.400000
   vertex -32.600000 -18.321293 19.600841
   vertex -32.600000 -18.223225 20.194831
  endloop
 endfacet
 facet normal 1 0 0
  outer loop
   vertex 32.600000 -9.200000 18.400000
   vertex 32.600000 -18.223225 20.194831
   vertex 32.600000 -18.321293 19.600841
  endloop
 endfacet
 facet normal 0 -0.995185 0.0980166
  outer loop
   vertex -32.600000 -18.321293 19.600841
   vertex -32.600000 -18.380302 19.001709
   vertex 32.600000 -18.380302 19.001709
  endloop
 endfacet
 facet normal 0 -0.995185 0.0980166
  outer loop
   vertex -32.600000 -18.321293 19.600841
   vertex 32.600000 -18.380302 19.001709
   vertex 32.600000 -18.321293 19.600841
  endloop
 endfacet
 facet normal -1 0 0
  outer loop
   vertex -32.600000 -9.200000 18.400000
   vertex -32.600000 -18.380302 19.001709
   vertex -32.600000 -18.321293 19.600841
  endloop
 endfacet
 facet normal 1 0 0
  outer loop
   vertex 32.600000 -9.200000 18.400000
   vertex 32.600000 -18.321293 19.600841
   vertex 32.600000 -18.380302 19.001709
  endloop
 endfacet
 facet normal 0 -0.999465 0.0327192
  outer loop
   vertex -32.600000 -18.380302 19.001709
   vertex -32.600000 -18.400000 18.400000
   vertex 32.600000 -18.400000 18.400000
  endloop
 endfacet
 facet normal 0 -0.999465 0.0327192
  outer loop
   vertex -32.600000 -18.380302 19.001709
   vertex 32.600000 -18.400000 18.400000
   vertex 32.600000 -18.380302 19.001709
  endloop
 endfacet
 facet normal -1 0 0
  outer loop
   vertex -32.600000 -9.200000 18.400000
   vertex -32.600000 -18.400000 18.400000
   vertex -32.600000 -18.380302 19.001709
  endloop
 endfacet
 facet normal 1 0 0
  outer loop
   vertex 32.600000 -9.200000 18.400000
   vertex 32.600000 -18.380302 19.001709
   vertex 32.600000 -18.400000 18.400000
  endloop
 endfacet
 facet normal 0 -0.999465 -0.0327192
  outer loop
   vertex -32.600000 -18.400000 18.400000
   vertex -32.600000 -18.380302 17.798291
   vertex 32.600000 -18.380302 17.798291
  endloop
 endfacet
 facet normal 0 -0.999465 -0.0327192
  outer loop
   vertex -32.600000 -18.400000 18.400000
   vertex 32.600000 -18.380302 17.798291
   vertex 32.600000 -18.400000 18.400000
  endloop
 endfacet
 facet normal -1 -0 0
  outer loop
   vertex -32.600000 -9.200000 18.400000
   vertex -32.600000 -18.380302 17.798291
   vertex -32.600000 -18.400000 18.400000
  endloop
 endfacet
 facet normal 1 0 0
  outer loop
   vertex 32.600000 -9.200000 18.400000
   vertex 32.600000 -18.400000 18.400000
   vertex 32.600000 -18.380302 17.798291
  endloop
 endfacet
 facet normal 0 -0.995185 -0.0980166
  outer loop
   vertex -32.600000 -18.380302 17.798291
   vertex -32.600000 -18.321293 17.199159
   vertex 32.600000 -18.321293 17.199159
  endloop
 endfacet
 facet normal 0 -0.995185 -0.0980166
  outer loop
   vertex -32.600000 -18.380302 17.798291
   vertex 32.600000 -18.321293 17.199159
   vertex 32.600000 -18.380302 17.798291
  endloop
 endfacet
 facet normal -1 0 0
  outer loop
   vertex -32.600000 -9.200000 18.400000
   vertex -32.600000 -18.321293 17.199159
   vertex -32.600000 -18.380302 17.798291
  endloop
 endfacet
 facet normal 1 0 0
  outer loop
   vertex 32.600000 -9.200000 18.400000
   vertex 32.600000 -18.380302 17.798291
   vertex 32.600000 -18.321293 17.199159
  endloop
 endfacet
 facet normal 0 -0.986643 -0.162895
  outer loop
   vertex -32.600000 -18.321293 17.199159
   vertex -32.600000 -18.223225 16.605169
   vertex 32.600000 -18.223225 16.605169
  endloop
 endfacet
 facet normal 0 -0.986643 -0.162895
  outer loop
   vertex -32.600000 -18.321293 17.199159
   vertex 32.600000 -18.223225 16.605169
   vertex 32.600000 -18.321293 17.199159
  endloop
 endfacet
 facet normal -1 0 0
  outer loop
   vertex -32.600000 -9.200000 18.400000
   vertex -32.600000 -18.223225 16.605169
   vertex -32.600000 -18.321293 17.199159
  endloop
 endfacet
 facet normal 1 0 0
  outer loop
   vertex 32.600000 -9.200000 18.400000
   vertex 32.600000 -18.321293 17.199159
   vertex 32.600000 -18.223225 16.605169
  endloop
 endfacet
 facet normal 0 -0.973877 -0.227076
  outer loop
   vertex -32.600000 -18.223225 16.605169
   vertex -32.600000 -18.086518 16.018865
   vertex 32.600000 -18.086518 16.018865
  endloop
 endfacet
 facet normal 0 -0.973877 -0.227076
  outer loop
   vertex -32.600000 -18.223225 16.605169
   vertex 32.600000 -18.086518 16.018865
   vertex 32.600000 -18.223225 16.605169
  endloop
 endfacet
 facet normal -1 0 0
  outer loop
   vertex -32.600000 -9.200000 18.400000
   vertex -32.600000 -18.086518 16.018865
   vertex -32.600000 -18.223225 16.605169
  endloop
 endfacet
 facet normal 1 0 0
  outer loop
   vertex 32.600000 -9.200000 18.400000
   vertex 32.600000 -18.223225 16.605169
   vertex 32.600000 -18.086518 16.018865
  endloop
 endfacet
 facet normal 0 -0.95694 -0.290286
  outer loop
   vertex -32.600000 -18.086518 16.018865
   vertex -32.600000 -17.911757 15.442757
   vertex 32.600000 -17.911757 15.442757
  endloop
 endfacet
 facet normal 0 -0.95694 -0.290286
  outer loop
   vertex -32.600000 -18.086518 16.018865
   vertex 32.600000 -17.911757 15.442757
   vertex 32.600000 -18.086518 16.018865
  endloop
 endfacet
 facet normal -1 0 0
  outer loop
   vertex -32.600000 -9.200000 18.400000
   vertex -32.600000 -17.911757 15.442757
   vertex -32.600000 -18.086518 16.018865
  endloop
 endfacet
 facet normal 1 0 0
  outer loop
   vertex 32.600000 -9.200000 18.400000
   vertex 32.600000 -18.086518 16.018865
   vertex 32.600000 -17.911757 15.442757
  endloop
 endfacet
 facet normal 0 -0.935906 -0.352249
  outer loop
   vertex -32.600000 -17.911757 15.442757
   vertex -32.600000 -17.699692 14.879312
   vertex 32.600000 -17.699692 14.879312
  endloop
 endfacet
 facet normal 0 -0.935906 -0.352249
  outer loop
   vertex -32.600000 -17.911757 15.442757
   vertex 32.600000 -17.699692 14.879312
   vertex 32.600000 -17.911757 15.442757
  endloop
 endfacet
 facet normal -1 0 0
  outer loop
   vertex -32.600000 -9.200000 18.400000
   vertex -32.600000 -17.699692 14.879312
   vertex -32.600000 -17.911757 15.442757
  endloop
 endfacet
 facet normal 1 0 0
  outer loop
   vertex 32.600000 -9.200000 18.400000
   vertex 32.600000 -17.911757 15.442757
   vertex 32.600000 -17.699692 14.879312
  endloop
 endfacet
 facet normal 0 -0.910863 -0.412708
  outer loop
   vertex -32.600000 -17.699692 14.879312
   vertex -32.600000 -17.451229 14.330944
   vertex 32.600000 -17.451229 14.330944
  endloop
 endfacet
 facet normal 0 -0.910863 -0.412708
  outer loop
   vertex -32.600000 -17.699692 14.879312
   vertex 32.600000 -17.451229 14.330944
   vertex 32.600000 -17.699692 14.879312
  endloop
 endfacet
 facet normal -1 0 0
  outer loop
   vertex -32.600000 -9.200000 18.400000
   vertex -32.600000 -17.451229 14.330944
   vertex -32.600000 -17.699692 14.879312
  endloop
 endfacet
 facet normal 1 0 0
  outer loop
   vertex 32.600000 -9.200000 18.400000
   vertex 32.600000 -17.699692 14.879312
   vertex 32.600000 -17.451229 14.330944
  endloop
 endfacet
 facet normal 0 -0.881922 -0.471396
  outer loop
   vertex -32.600000 -17.451229 14.330944
   vertex -32.600000 -17.167434 13.800000
   vertex 32.600000 -17.167434 13.800000
  endloop
 endfacet
 facet normal 0 -0.881922 -0.471396
  outer loop
   vertex -32.600000 -17.451229 14.330944
   vertex 32.600000 -17.167434 13.800000
   vertex 32.600000 -17.451229 14.330944
  endloop
 endfacet
 facet normal -1 0 0
  outer loop
   vertex -32.600000 -9.200000 18.400000
   vertex -32.600000 -17.167434 13.800000
   vertex -32.600000 -17.451229 14.330944
  endloop
 endfacet
 facet normal 1 0 0
  outer loop
   vertex 32.600000 -9.200000 18.400000
   vertex 32.600000 -17.451229 14.330944
   vertex 32.600000 -17.167434 13.800000
  endloop
 endfacet
 facet normal 0 -0.849202 -0.528069
  outer loop
   vertex -32.600000 -17.167434 13.800000
   vertex -32.600000 -16.849520 13.288754
   vertex 32.600000 -16.849520 13.288754
  endloop
 endfacet
 facet normal 0 -0.849202 -0.528069
  outer loop
   vertex -32.600000 -17.167434 13.800000
   vertex 32.600000 -16.849520 13.288754
   vertex 32.600000 -17.167434 13.800000
  endloop
 endfacet
 facet normal -1 0 0
  outer loop
   vertex -32.600000 -9.200000 18.400000
   vertex -32.600000 -16.849520 13.288754
   vertex -32.600000 -17.167434 13.800000
  endloop
 endfacet
 facet normal 1 0 0
  outer loop
   vertex 32.600000 -9.200000 18.400000
   vertex 32.600000 -17.167434 13.800000
   vertex 32.600000 -16.849520 13.288754
  endloop
 endfacet
 facet normal 0 -0.812847 -0.582477
  outer loop
   vertex -32.600000 -16.849520 13.288754
   vertex -32.600000 -16.498851 12.799395
   vertex 32.600000 -16.498851 12.799395
  endloop
 endfacet
 facet normal 0 -0.812847 -0.582477
  outer loop
   vertex -32.600000 -16.849520 13.288754
   vertex 32.600000 -16.498851 12.799395
   vertex 32.600000 -16.849520 13.288754
  endloop
 endfacet
 facet normal -1 0 0
  outer loop
   vertex -32.600000 -9.200000 18.400000
   vertex -32.600000 -16.498851 12.799395
   vertex -32.600000 -16.849520 13.288754
  endloop
 endfacet
 facet normal 1 0 0
  outer loop
   vertex 32.600000 -9.200000 18.400000
   vertex 32.600000 -16.849520 13.288754
   vertex 32.600000 -16.498851 12.799395
  endloop
 endfacet
 facet normal 0 -0.77301 -0.634394
  outer loop
   vertex -32.600000 -16.498851 12.799395
   vertex -32.600000 -16.116926 12.334019
   vertex 32.600000 -16.116926 12.334019
  endloop
 endfacet
 facet normal 0 -0.77301 -0.634394
  outer loop
   vertex -32.600000 -16.498851 12.799395
   vertex 32.600000 -16.116926 12.334019
   vertex 32.600000 -16.498851 12.799395
  endloop
 endfacet
 facet normal -1 0 0
  outer loop
   vertex -32.600000 -9.200000 18.400000
   vertex -32.600000 -16.116926 12.334019
   vertex -32.600000 -16.498851 12.799395
  endloop
 endfacet
 facet normal 1 0 0
  outer loop
   vertex 32.600000 -9.200000 18.400000
   vertex 32.600000 -16.498851 12.799395
   vertex 32.600000 -16.116926 12.334019
  endloop
 endfacet
 facet normal 0 -0.729864 -0.683592
  outer loop
   vertex -32.600000 -16.116926 12.334019
   vertex -32.600000 -15.705382 11.894618
   vertex 32.600000 -15.705382 11.894618
  endloop
 endfacet
 facet normal 0 -0.729864 -0.683592
  outer loop
   vertex -32.600000 -16.116926 12.334019
   vertex 32.600000 -15.705382 11.894618
   vertex 32.600000 -16.116926 12.334019
  endloop
 endfacet
 facet normal -1 0 0
  outer loop
   vertex -32.600000 -9.200000 18.400000
   vertex -32.600000 -15.705382 11.894618
   vertex -32.600000 -16.116926 12.334019
  endloop
 endfacet
 facet normal 1 0 0
  outer loop
   vertex 32.600000 -9.200000 18.400000
   vertex 32.600000 -16.116926 12.334019
   vertex 32.600000 -15.705382 11.894618
  endloop
 endfacet
 facet normal 0 -0.683592 -0.729864
  outer loop
   vertex -32.600000 -15.705382 11.894618
   vertex -32.600000 -15.265981 11.483074
   vertex 32.600000 -15.265981 11.483074
  endloop
 endfacet
 facet normal 0 -0.683592 -0.729864
  outer loop
   vertex -32.600000 -15.705382 11.894618
   vertex 32.600000 -15.265981 11.483074
   vertex 32.600000 -15.705382 11.894618
  endloop
 endfacet
 facet normal -1 0 0
  outer loop
   vertex -32.600000 -9.200000 18.400000
   vertex -32.600000 -15.265981 11.483074
   vertex -32.600000 -15.705382 11.894618
  endloop
 endfacet
 facet normal 1 0 0
  outer loop
   vertex 32.600000 -9.200000 18.400000
   vertex 32.600000 -15.705382 11.894618
   vertex 32.600000 -15.265981 11.483074
  endloop
 endfacet
 facet normal 0 -0.634394 -0.77301
  outer loop
   vertex -32.600000 -15.265981 11.483074
   vertex -32.600000 -14.800605 11.101149
   vertex 32.600000 -14.800605 11.101149
  endloop
 endfacet
 facet normal 0 -0.634394 -0.77301
  outer loop
   vertex -32.600000 -15.265981 11.483074
   vertex 32.600000 -14.800605 11.101149
   vertex 32.600000 -15.265981 11.483074
  endloop
 endfacet
 facet normal -1 0 0
  outer loop
   vertex -32.600000 -9.200000 18.400000
   vertex -32.600000 -14.800605 11.101149
   vertex -32.600000 -15.265981 11.483074
  endloop
 endfacet
 facet normal 1 0 0
  outer loop
   vertex 32.600000 -9.200000 18.400000
   vertex 32.600000 -15.265981 11.483074
   vertex 32.600000 -14.800605 11.101149
  endloop
 endfacet
 facet normal 0 -0.582477 -0.812847
  outer loop
   vertex -32.600000 -14.800605 11.101149
   vertex -32.600000 -14.311246 10.750480
   vertex 32.600000 -14.311246 10.750480
  endloop
 endfacet
 facet normal 0 -0.582477 -0.812847
  outer loop
   vertex -32.600000 -14.800605 11.101149
   vertex 32.600000 -14.311246 10.750480
   vertex 32.600000 -14.800605 11.101149
  endloop
 endfacet
 facet normal -1 0 0
  outer loop
   vertex -32.600000 -9.200000 18.400000
   vertex -32.600000 -14.311246 10.750480
   vertex -32.600000 -14.800605 11.101149
  endloop
 endfacet
 facet normal 1 0 0
  outer loop
   vertex 32.600000 -9.200000 18.400000
   vertex 32.600000 -14.800605 11.101149
   vertex 32.600000 -14.311246 10.750480
  endloop
 endfacet
 facet normal 0 -0.528069 -0.849202
  outer loop
   vertex -32.600000 -14.311246 10.750480
   vertex -32.600000 -13.800000 10.432566
   vertex 32.600000 -13.800000 10.432566
  endloop
 endfacet
 facet normal 0 -0.528069 -0.849202
  outer loop
   vertex -32.600000 -14.311246 10.750480
   vertex 32.600000 -13.800000 10.432566
   vertex 32.600000 -14.311246 10.750480
  endloop
 endfacet
 facet normal -1 0 0
  outer loop
   vertex -32.600000 -9.200000 18.400000
   vertex -32.600000 -13.800000 10.432566
   vertex -32.600000 -14.311246 10.750480
  endloop
 endfacet
 facet normal 1 0 0
  outer loop
   vertex 32.600000 -9.200000 18.400000
   vertex 32.600000 -14.311246 10.750480
   vertex 32.600000 -13.800000 10.432566
  endloop
 endfacet
 facet normal 0 -0.471396 -0.881922
  outer loop
   vertex -32.600000 -13.800000 10.432566
   vertex -32.600000 -13.269056 10.148771
   vertex 32.600000 -13.269056 10.148771
  endloop
 endfacet
 facet normal 0 -0.471396 -0.881922
  outer loop
   vertex -32.600000 -13.800000 10.432566
   vertex 32.600000 -13.269056 10.148771
   vertex 32.600000 -13.800000 10.432566
  endloop
 endfacet
 facet normal -1 0 0
  outer loop
   vertex -32.600000 -9.200000 18.400000
   vertex -32.600000 -13.269056 10.148771
   vertex -32.600000 -13.800000 10.432566
  endloop
 endfacet
 facet normal 1 0 0
  outer loop
   vertex 32.600000 -9.200000 18.400000
   vertex 32.600000 -13.800000 10.432566
   vertex 32.600000 -13.269056 10.148771
  endloop
 endfacet
 facet normal 0 -0.412708 -0.910863
  outer loop
   vertex -32.600000 -13.269056 10.148771
   vertex -32.600000 -12.720688 9.900308
   vertex 32.600000 -12.720688 9.900308
  endloop
 endfacet
 facet normal 0 -0.412708 -0.910863
  outer loop
   vertex -32.600000 -13.269056 10.148771
   vertex 32.600000 -12.720688 9.900308
   vertex 32.600000 -13.269056 10.148771
  endloop
 endfacet
 facet normal -1 0 0
  outer loop
   vertex -32.600000 -9.200000 18.400000
   vertex -32.600000 -12.720688 9.900308
   vertex -32.600000 -13.269056 10.148771
  endloop
 endfacet
 facet normal 1 0 0
  outer loop
   vertex 32.600000 -9.200000 18.400000
   vertex 32.600000 -13.269056 10.148771
   vertex 32.600000 -12.720688 9.900308
  endloop
 endfacet
 facet normal 0 -0.352249 -0.935906
  outer loop
   vertex -32.600000 -12.720688 9.900308
   vertex -32.600000 -12.157243 9.688243
   vertex 32.600000 -12.157243 9.688243
  endloop
 endfacet
 facet normal 0 -0.352249 -0.935906
  outer loop
   vertex -32.600000 -12.720688 9.900308
   vertex 32.600000 -12.157243 9.688243
   vertex 32.600000 -12.720688 9.900308
  endloop
 endfacet
 facet normal -1 0 0
  outer loop
   vertex -32.600000 -9.200000 18.400000
   vertex -32.600000 -12.157243 9.688243
   vertex -32.600000 -12.720688 9.900308
  endloop
 endfacet
 facet normal 1 0 0
  outer loop
   vertex 32.600000 -9.200000 18.400000
   vertex 32.600000 -12.720688 9.900308
   vertex 32.600000 -12.157243 9.688243
  endloop
 endfacet
 facet normal 0 -0.290286 -0.95694
  outer loop
   vertex -32.600000 -12.157243 9.688243
   vertex -32.600000 -11.581135 9.513482
   vertex 32.600000 -11.581135 9.513482
  endloop
 endfacet
 facet normal 0 -0.290286 -0.95694
  outer loop
   vertex -32.600000 -12.157243 9.688243
   vertex 32.600000 -11.581135 9.513482
   vertex 32.600000 -12.157243 9.688243
  endloop
 endfacet
 facet normal -1 0 0
  outer loop
   vertex -32.600000 -9.200000 18.400000
   vertex -32.600000 -11.581135 9.513482
   vertex -32.600000 -12.157243 9.688243
  endloop
 endfacet
 facet normal 1 0 0
  outer loop
   vertex 32.600000 -9.200000 18.400000
   vertex 32.600000 -12.157243 9.688243
   vertex 32.600000 -11.581135 9.513482
  endloop
 endfacet
 facet normal 0 -0.227076 -0.973877
  outer loop
   vertex -32.600000 -11.581135 9.513482
   vertex -32.600000 -10.994831 9.376775
   vertex 32.600000 -10.994831 9.376775
  endloop
 endfacet
 facet normal 0 -0.227076 -0.973877
  outer loop
   vertex -32.600000 -11.581135 9.513482
   vertex 32.600000 -10.994831 9.376775
   vertex 32.600000 -11.581135 9.513482
  endloop
 endfacet
 facet normal -1 0 0
  outer loop
   vertex -32.600000 -9.200000 18.400000
   vertex -32.600000 -10.994831 9.376775
   vertex -32.600000 -11.581135 9.513482
  endloop
 endfacet
 facet normal 1 0 0
  outer loop
   vertex 32.600000 -9.200000 18.400000
   vertex 32.600000 -11.581135 9.513482
   vertex 32.600000 -10.994831 9.376775
  endloop
 endfacet
 facet normal 0 -0.162895 -0.986643
  outer loop
   vertex -32.600000 -10.994831 9.376775
   vertex -32.600000 -10.400841 9.278707
   vertex 32.600000 -10.400841 9.278707
  endloop
 endfacet
 facet normal 0 -0.162895 -0.986643
  outer loop
   vertex -32.600000 -10.994831 9.376775
   vertex 32.600000 -10.400841 9.278707
   vertex 32.600000 -10.994831 9.376775
  endloop
 endfacet
 facet normal -1 0 0
  outer loop
   vertex -32.600000 -9.200000 18.400000
   vertex -32.600000 -10.400841 9.278707
   vertex -32.600000 -10.994831 9.376775
  endloop
 endfacet
 facet normal 1 0 0
  outer loop
   vertex 32.600000 -9.200000 18.400000
   vertex 32.600000 -10.994831 9.376775
   vertex 32.600000 -10.400841 9.278707
  endloop
 endfacet
 facet normal 0 -0.0980166 -0.995185
  outer loop
   vertex -32.600000 -10.400841 9.278707
   vertex -32.600000 -9.801709 9.219698
   vertex 32.600000 -9.801709 9.219698
  endloop
 endfacet
 facet normal 0 -0.0980166 -0.995185
  outer loop
   vertex -32.600000 -10.400841 9.278707
   vertex 32.600000 -9.801709 9.219698
   vertex 32.600000 -10.400841 9.278707
  endloop
 endfacet
 facet normal -1 0 0
  outer loop
   vertex -32.600000 -9.200000 18.400000
   vertex -32.600000 -9.801709 9.219698
   vertex -32.600000 -10.400841 9.278707
  endloop
 endfacet
 facet normal 1 0 0
  outer loop
   vertex 32.600000 -9.200000 18.400000
   vertex 32.600000 -10.400841 9.278707
   vertex 32.600000 -9.801709 9.219698
  endloop
 endfacet
 facet normal 0 -0.0327192 -0.999465
  outer loop
   vertex -32.600000 -9.801709 9.219698
   vertex -32.600000 -9.200000 9.200000
   vertex 32.600000 -9.200000 9.200000
  endloop
 endfacet
 facet normal 0 -0.0327192 -0.999465
  outer loop
   vertex -32.600000 -9.801709 9.219698
   vertex 32.600000 -9.200000 9.200000
   vertex 32.600000 -9.801709 9.219698
  endloop
 endfacet
 facet normal -1 0 -0
  outer loop
   vertex -32.600000 -9.200000 18.400000
   vertex -32.600000 -9.200000 9.200000
   vertex -32.600000 -9.801709 9.219698
  endloop
 endfacet
 facet normal 1 0 0
  outer loop
   vertex 32.600000 -9.200000 18.400000
   vertex 32.600000 -9.801709 9.219698
   vertex 32.600000 -9.200000 9.200000
  endloop
 endfacet
 facet normal 0 0.0327192 -0.999465
  outer loop
   vertex -32.600000 -9.200000 9.200000
   vertex -32.600000 -8.598291 9.219698
   vertex 32.600000 -8.598291 9.219698
  endloop
 endfacet
 facet normal 0 0.0327192 -0.999465
  outer loop
   vertex -32.600000 -9.200000 9.200000
   vertex 32.600000 -8.598291 9.219698
   vertex 32.600000 -9.200000 9.200000
  endloop
 endfacet
 facet normal -1 0 0
  outer loop
   vertex -32.600000 -9.200000 18.400000
   vertex -32.600000 -8.598291 9.219698
   vertex -32.600000 -9.200000 9.200000
  endloop
 endfacet
 facet normal 1 0 0
  outer loop
   vertex 32.600000 -9.200000 18.400000
   vertex 32.600000 -9.200000 9.200000
   vertex 32.600000 -8.598291 9.219698
  endloop
 endfacet
 facet normal 0 0.0980166 -0.995185
  outer loop
   vertex -32.600000 -8.598291 9.219698
   vertex -32.600000 -7.999159 9.278707
   vertex 32.600000 -7.999159 9.278707
  endloop
 endfacet
 facet normal 0 0.0980166 -0.995185
  outer loop
   vertex -32.600000 -8.598291 9.219698
   vertex 32.600000 -7.999159 9.278707
   vertex 32.600000 -8.598291 9.219698
  endloop
 endfacet
 facet normal -1 0 0
  outer loop
   vertex -32.600000 -9.200000 18.400000
   vertex -32.600000 -7.999159 9.278707
   vertex -32.600000 -8.598291 9.219698
  endloop
 endfacet
 facet normal 1 0 0
  outer loop
   vertex 32.600000 -9.200000 18.400000
   vertex 32.600000 -8.598291 9.219698
   vertex 32.600000 -7.999159 9.278707
  endloop
 endfacet
 facet normal 0 0.162895 -0.986643
  outer loop
   vertex -32.600000 -7.999159 9.278707
   vertex -32.600000 -7.405169 9.376775
   vertex 32.600000 -7.405169 9.376775
  endloop
 endfacet
 facet normal 0 0.162895 -0.986643
  outer loop
   vertex -32.600000 -7.999159 9.278707
   vertex 32.600000 -7.405169 9.376775
   vertex 32.600000 -7.999159 9.278707
  endloop
 endfacet
 facet normal -1 0 0
  outer loop
   vertex -32.600000 -9.200000 18.400000
   vertex -32.600000 -7.405169 9.376775
   vertex -32.600000 -7.999159 9.278707
  endloop
 endfacet
 facet normal 1 0 0
  outer loop
   vertex 32.600000 -9.200000 18.400000
   vertex 32.600000 -7.999159 9.278707
   vertex 32.600000 -7.405169 9.376775
  endloop
 endfacet
 facet normal 0 0.227076 -0.973877
  outer loop
   vertex -32.600000 -7.405169 9.376775
   vertex -32.600000 -6.818865 9.513482
   vertex 32.600000 -6.818865 9.513482
  endloop
 endfacet
 facet normal 0 0.227076 -0.973877
  outer loop
   vertex -32.600000 -7.405169 9.376775
   vertex 32.600000 -6.818865 9.513482
   vertex 32.600000 -7.405169 9.376775
  endloop
 endfacet
 facet normal -1 0 0
  outer loop
   vertex -32.600000 -9.200000 18.400000
   vertex -32.600000 -6.818865 9.513482
   vertex -32.600000 -7.405169 9.376775
  endloop
 endfacet
 facet normal 1 0 0
  outer loop
   vertex 32.600000 -9.200000 18.400000
   vertex 32.600000 -7.405169 9.376775
   vertex 32.600000 -6.818865 9.513482
  endloop
 endfacet
 facet normal 0 0.290286 -0.95694
  outer loop
   vertex -32.600000 -6.818865 9.513482
   vertex -32.600000 -6.242757 9.688243
   vertex 32.600000 -6.242757 9.688243
  endloop
 endfacet
 facet normal 0 0.290286 -0.95694
  outer loop
   vertex -32.600000 -6.818865 9.513482
   vertex 32.600000 -6.242757 9.688243
   vertex 32.600000 -6.818865 9.513482
  endloop
 endfacet
 facet normal -1 0 0
  outer loop
   vertex -32.600000 -9.200000 18.400000
   vertex -32.600000 -6.242757 9.688243
   vertex -32.600000 -6.818865 9.513482
  endloop
 endfacet
 facet normal 1 0 0
  outer loop
   vertex 32.600000 -9.200000 18.400000
   vertex 32.600000 -6.818865 9.513482
   vertex 32.600000 -6.242757 9.688243
  endloop
 endfacet
 facet normal 0 0.352249 -0.935906
  outer loop
   vertex -32.600000 -6.242757 9.688243
   vertex -32.600000 -5.679312 9.900308
   vertex 32.600000 -5.679312 9.900308
  endloop
 endfacet
 facet normal 0 0.352249 -0.935906
  outer loop
   vertex -32.600000 -6.242757 9.688243
   vertex 32.600000 -5.679312 9.900308
   vertex 32.600000 -6.242757 9.688243
  endloop
 endfacet
 facet normal -1 0 0
  outer loop
   vertex -32.600000 -9.200000 18.400000
   vertex -32.600000 -5.679312 9.900308
   vertex -32.600000 -6.242757 9.688243
  endloop
 endfacet
 facet normal 1 0 0
  outer loop
   vertex 32.600000 -9.200000 18.400000
   vertex 32.600000 -6.242757 9.688243
   vertex 32.600000 -5.679312 9.900308
  endloop
 endfacet
 facet normal 0 0.412708 -0.910863
  outer loop
   vertex -32.600000 -5.679312 9.900308
   vertex -32.600000 -5.130944 10.148771
   vertex 32.600000 -5.130944 10.148771
  endloop
 endfacet
 facet normal 0 0.412708 -0.910863
  outer loop
   vertex -32.600000 -5.679312 9.900308
   vertex 32.600000 -5.130944 10.148771
   vertex 32.600000 -5.679312 9.900308
  endloop
 endfacet
 facet normal -1 0 0
  outer loop
   vertex -32.600000 -9.200000 18.400000
   vertex -32.600000 -5.130944 10.148771
   vertex -32.600000 -5.679312 9.900308
  endloop
 endfacet
 facet normal 1 0 0
  outer loop
   vertex 32.600000 -9.200000 18.400000
   vertex 32.600000 -5.679312 9.900308
   vertex 32.600000 -5.130944 10.148771
  endloop
 endfacet
 facet normal 0 0.471396 -0.881922
  outer loop
   vertex -32.600000 -5.130944 10.148771
   vertex -32.600000 -4.600000 10.432566
   vertex 32.600000 -4.600000 10.432566
  endloop
 endfacet
 facet normal 0 0.471396 -0.881922
  outer loop
   vertex -32.600000 -5.130944 10.148771
   vertex 32.600000 -4.600000 10.432566
   vertex 32.600000 -5.130944 10.148771
  endloop
 endfacet
 facet normal -1 0 0
  outer loop
   vertex -32.600000 -9.200000 18.400000
   vertex -32.600000 -4.600000 10.432566
   vertex -32.600000 -5.130944 10.148771
  endloop
 endfacet
 facet normal 1 0 0
  outer loop
   vertex 32.600000 -9.200000 18.400000
   vertex 32.600000 -5.130944 10.148771
   vertex 32.600000 -4.600000 10.432566
  endloop
 endfacet
 facet normal 0 0.528069 -0.849202
  outer loop
   vertex -32.600000 -4.600000 10.432566
   vertex -32.600000 -4.088754 10.750480
   vertex 32.600000 -4.088754 10.750480
  endloop
 endfacet
 facet normal 0 0.528069 -0.849202
  outer loop
   vertex -32.600000 -4.600000 10.432566
   vertex 32.600000 -4.088754 10.750480
   vertex 32.600000 -4.600000 10.432566
  endloop
 endfacet
 facet normal -1 0 0
  outer loop
   vertex -32.600000 -9.200000 18.400000
   vertex -32.600000 -4.088754 10.750480
   vertex -32.600000 -4.600000 10.432566
  endloop
 endfacet
 facet normal 1 0 0
  outer loop
   vertex 32.600000 -9.200000 18.400000
   vertex 32.600000 -4.600000 10.432566
   vertex 32.600000 -4.088754 10.750480
  endloop
 endfacet
 facet normal 0 0.582477 -0.812847
  outer loop
   vertex -32.600000 -4.088754 10.750480
   vertex -32.600000 -3.599395 11.101149
   vertex 32.600000 -3.599395 11.101149
  endloop
 endfacet
 facet normal 0 0.582477 -0.812847
  outer loop
   vertex -32.600000 -4.088754 10.750480
   vertex 32.600000 -3.599395 11.101149
   vertex 32.600000 -4.088754 10.750480
  endloop
 endfacet
 facet normal -1 0 0
  outer loop
   vertex -32.600000 -9.200000 18.400000
   vertex -32.600000 -3.599395 11.101149
   vertex -32.600000 -4.088754 10.750480
  endloop
 endfacet
 facet normal 1 0 0
  outer loop
   vertex 32.600000 -9.200000 18.400000
   vertex 32.600000 -4.088754 10.750480
   vertex 32.600000 -3.599395 11.101149
  endloop
 endfacet
 facet normal 0 0.634394 -0.77301
  outer loop
   vertex -32.600000 -3.599395 11.101149
   vertex -32.600000 -3.134019 11.483074
   vertex 32.600000 -3.134019 11.483074
  endloop
 endfacet
 facet normal 0 0.634394 -0.77301
  outer loop
   vertex -32.600000 -3.599395 11.101149
   vertex 32.600000 -3.134019 11.483074
   vertex 32.600000 -3.599395 11.101149
  endloop
 endfacet
 facet normal -1 0 0
  outer loop
   vertex -32.600000 -9.200000 18.400000
   vertex -32.600000 -3.134019 11.483074
   vertex -32.600000 -3.599395 11.101149
  endloop
 endfacet
 facet normal 1 0 0
  outer loop
   vertex 32.600000 -9.200000 18.400000
   vertex 32.600000 -3.599395 11.101149
   vertex 32.600000 -3.134019 11.483074
  endloop
 endfacet
 facet normal 0 0.683592 -0.729864
  outer loop
   vertex -32.600000 -3.134019 11.483074
   vertex -32.600000 -2.694618 11.894618
   vertex 32.600000 -2.694618 11.894618
  endloop
 endfacet
 facet normal 0 0.683592 -0.729864
  outer loop
   vertex -32.600000 -3.134019 11.483074
   vertex 32.600000 -2.694618 11.894618
   vertex 32.600000 -3.134019 11.483074
  endloop
 endfacet
 facet normal -1 0 0
  outer loop
   vertex -32.600000 -9.200000 18.400000
   vertex -32.600000 -2.694618 11.894618
   vertex -32.600000 -3.134019 11.483074
  endloop
 endfacet
 facet normal 1 0 0
  outer loop
   vertex 32.600000 -9.200000 18.400000
   vertex 32.600000 -3.134019 11.483074
   vertex 32.600000 -2.694618 11.894618
  endloop
 endfacet
 facet normal 0 0.729864 -0.683592
  outer loop
   vertex -32.600000 -2.694618 11.894618
   vertex -32.600000 -2.283074 12.334019
   vertex 32.600000 -2.283074 12.334019
  endloop
 endfacet
 facet normal 0 0.729864 -0.683592
  outer loop
   vertex -32.600000 -2.694618 11.894618
   vertex 32.600000 -2.283074 12.334019
   vertex 32.600000 -2.694618 11.894618
  endloop
 endfacet
 facet normal -1 0 0
  outer loop
   vertex -32.600000 -9.200000 18.400000
   vertex -32.600000 -2.283074 12.334019
   vertex -32.600000 -2.694618 11.894618
  endloop
 endfacet
 facet normal 1 0 0
  outer loop
   vertex 32.600000 -9.200000 18.400000
   vertex 32.600000 -2.694618 11.894618
   vertex 32.600000 -2.283074 12.334019
  endloop
 endfacet
 facet normal 0 0.77301 -0.634394
  outer loop
   vertex -32.600000 -2.283074 12.334019
   vertex -32.600000 -1.901149 12.799395
   vertex 32.600000 -1.901149 12.799395
  endloop
 endfacet
 facet normal 0 0.77301 -0.634394
  outer loop
   vertex -32.600000 -2.283074 12.334019
   vertex 32.600000 -1.901149 12.799395
   vertex 32.600000 -2.283074 12.334019
  endloop
 endfacet
 facet normal -1 0 0
  outer loop
   vertex -32.600000 -9.200000 18.400000
   vertex -32.600000 -1.901149 12.799395
   vertex -32.600000 -2.283074 12.334019
  endloop
 endfacet
 facet normal 1 0 0
  outer loop
   vertex 32.600000 -9.200000 18.400000
   vertex 32.600000 -2.283074 12.334019
   vertex 32.600000 -1.901149 12.799395
  endloop
 endfacet
 facet normal 0 0.812847 -0.582477
  outer loop
   vertex -32.600000 -1.901149 12.799395
   vertex -32.600000 -1.550480 13.288754
   vertex 32.600000 -1.550480 13.288754
  endloop
 endfacet
 facet normal 0 0.812847 -0.582477
  outer loop
   vertex -32.600000 -1.901149 12.799395
   vertex 32.600000 -1.550480 13.288754
   vertex 32.600000 -1.901149 12.799395
  endloop
 endfacet
 facet normal -1 0 0
  outer loop
   vertex -32.600000 -9.200000 18.400000
   vertex -32.600000 -1.550480 13.288754
   vertex -32.600000 -1.901149 12.799395
  endloop
 endfacet
 facet normal 1 0 0
  outer loop
   vertex 32.600000 -9.200000 18.400000
   vertex 32.600000 -1.901149 12.799395
   vertex 32.600000 -1.550480 13.288754
  endloop
 endfacet
 facet normal 0 0.849202 -0.528069
  outer loop
   vertex -32.600000 -1.550480 13.288754
   vertex -32.600000 -1.232566 13.800000
   vertex 32.600000 -1.232566 13.800000
  endloop
 endfacet
 facet normal 0 0.849202 -0.528069
  outer loop
   vertex -32.600000 -1.550480 13.288754
   vertex 32.600000 -1.232566 13.800000
   vertex 32.600000 -1.550480 13.288754
  endloop
 endfacet
 facet normal -1 0 0
  outer loop
   vertex -32.600000 -9.200000 18.400000
   vertex -32.600000 -1.232566 13.800000
   vertex -32.600000 -1.550480 13.288754
  endloop
 endfacet
 facet normal 1 0 0
  outer loop
   vertex 32.600000 -9.200000 18.400000
   vertex 32.600000 -1.550480 13.288754
   vertex 32.600000 -1.232566 13.800000
  endloop
 endfacet
 facet normal 0 0.881922 -0.471396
  outer loop
   vertex -32.600000 -1.232566 13.800000
   vertex -32.600000 -0.948771 14.330944
   vertex 32.600000 -0.948771 14.330944
  endloop
 endfacet
 facet normal 0 0.881922 -0.471396
  outer loop
   vertex -32.600000 -1.232566 13.800000
   vertex 32.600000 -0.948771 14.330944
   vertex 32.600000 -1.232566 13.800000
  endloop
 endfacet
 facet normal -1 0 0
  outer loop
   vertex -32.600000 -9.200000 18.400000
   vertex -32.600000 -0.948771 14.330944
   vertex -32.600000 -1.232566 13.800000
  endloop
 endfacet
 facet normal 1 0 0
  outer loop
   vertex 32.600000 -9.200000 18.400000
   vertex 32.600000 -1.232566 13.800000
   vertex 32.600000 -0.948771 14.330944
  endloop
 endfacet
 facet normal 0 0.910863 -0.412708
  outer loop
   vertex -32.600000 -0.948771 14.330944
   vertex -32.600000 -0.700308 14.879312
   vertex 32.600000 -0.700308 14.879312
  endloop
 endfacet
 facet normal 0 0.910863 -0.412708
  outer loop
   vertex -32.600000 -0.948771 14.330944
   vertex 32.600000 -0.700308 14.879312
   vertex 32.600000 -0.948771 14.330944
  endloop
 endfacet
 facet normal -1 0 0
  outer loop
   vertex -32.600000 -9.200000 18.400000
   vertex -32.600000 -0.700308 14.879312
   vertex -32.600000 -0.948771 14.330944
  endloop
 endfacet
 facet normal 1 0 0
  outer loop
   vertex 32.600000 -9.200000 18.400000
   vertex 32.600000 -0.948771 14.330944
   vertex 32.600000 -0.700308 14.879312
  endloop
 endfacet
 facet normal 0 0.935906 -0.352249
  outer loop
   vertex -32.600000 -0.700308 14.879312
   vertex -32.600000 -0.488243 15.442757
   vertex 32.600000 -0.488243 15.442757
  endloop
 endfacet
 facet normal 0 0.935906 -0.352249
  outer loop
   vertex -32.600000 -0.700308 14.879312
   vertex 32.600000 -0.488243 15.442757
   vertex 32.600000 -0.700308 14.879312
  endloop
 endfacet
 facet normal -1 0 0
  outer loop
   vertex -32.600000 -9.200000 18.400000
   vertex -32.600000 -0.488243 15.442757
   vertex -32.600000 -0.700308 14.879312
  endloop
 endfacet
 facet normal 1 0 0
  outer loop
   vertex 32.600000 -9.200000 18.400000
   vertex 32.600000 -0.700308 14.879312
   vertex 32.600000 -0.488243 15.442757
  endloop
 endfacet
 facet normal 0 0.95694 -0.290286
  outer loop
   vertex -32.600000 -0.488243 15.442757
   vertex -32.600000 -0.313482 16.018865
   vertex 32.600000 -0.313482 16.018865
  endloop
 endfacet
 facet normal 0 0.95694 -0.290286
  outer loop
   vertex -32.600000 -0.488243 15.442757
   vertex 32.600000 -0.313482 16.018865
   vertex 32.600000 -0.488243 15.442757
  endloop
 endfacet
 facet normal -1 0 0
  outer loop
   vertex -32.600000 -9.200000 18.400000
   vertex -32.600000 -0.313482 16.018865
   vertex -32.600000 -0.488243 15.442757
  endloop
 endfacet
 facet normal 1 0 0
  outer loop
   vertex 32.600000 -9.200000 18.400000
   vertex 32.600000 -0.488243 15.442757
   vertex 32.600000 -0.313482 16.018865
  endloop
 endfacet
 facet normal 0 0.973877 -0.227076
  outer loop
   vertex -32.600000 -0.313482 16.018865
   vertex -32.600000 -0.176775 16.605169
   vertex 32.600000 -0.176775 16.605169
  endloop
 endfacet
 facet normal 0 0.973877 -0.227076
  outer loop
   vertex -32.600000 -0.313482 16.018865
   vertex 32.600000 -0.176775 16.605169
   vertex 32.600000 -0.313482 16.018865
  endloop
 endfacet
 facet normal -1 0 0
  outer loop
   vertex -32.600000 -9.200000 18.400000
   vertex -32.600000 -0.176775 16.605169
   vertex -32.600000 -0.313482 16.018865
  endloop
 endfacet
 facet normal 1 0 0
  outer loop
   vertex 32.600000 -9.200000 18.400000
   vertex 32.600000 -0.313482 16.018865
   vertex 32.600000 -0.176775 16.605169
  endloop
 endfacet
 facet normal 0 0.986643 -0.162895
  outer loop
   vertex -32.600000 -0.176775 16.605169
   vertex -32.600000 -0.078707 17.199159
   vertex 32.600000 -0.078707 17.199159
  endloop
 endfacet
 facet normal 0 0.986643 -0.162895
  outer loop
   vertex -32.600000 -0.176775 16.605169
   vertex 32.600000 -0.078707 17.199159
   vertex 32.600000 -0.176775 16.605169
  endloop
 endfacet
 facet normal -1 0 0
  outer loop
   vertex -32.600000 -9.200000 18.400000
   vertex -32.600000 -0.078707 17.199159
   vertex -32.600000 -0.176775 16.605169
  endloop
 endfacet
 facet normal 1 0 0
  outer loop
   vertex 32.600000 -9.200000 18.400000
   vertex 32.600000 -0.176775 16.605169
   vertex 32.600000 -0.078707 17.199159
  endloop
 endfacet
 facet normal 0 0.995185 -0.0980166
  outer loop
   vertex -32.600000 -0.078707 17.199159
   vertex -32.600000 -0.019698 17.798291
   vertex 32.600000 -0.019698 17.798291
  endloop
 endfacet
 facet normal 0 0.995185 -0.0980166
  outer loop
   vertex -32.600000 -0.078707 17.199159
   vertex 32.600000 -0.019698 17.798291
   vertex 32.600000 -0.078707 17.199159
  endloop
 endfacet
 facet normal -1 0 0
  outer loop
   vertex -32.600000 -9.200000 18.400000
   vertex -32.600000 -0.019698 17.798291
   vertex -32.600000 -0.078707 17.199159
  endloop
 endfacet
 facet normal 1 0 0
  outer loop
   vertex 32.600000 -9.200000 18.400000
   vertex 32.600000 -0.078707 17.199159
   vertex 32.600000 -0.019698 17.798291
  endloop
 endfacet
 facet normal 0 0.999465 -0.0327192
  outer loop
   vertex -32.600000 -0.019698 17.798291
   vertex -32.600000 0.000000 18.400000
   vertex 32.600000 0.000000 18.400000
  endloop
 endfacet
 facet normal 0 0.999465 -0.0327192
  outer loop
   vertex -32.600000 -0.019698 17.798291
   vertex 32.600000 0.000000 18.400000
   vertex 32.600000 -0.019698 17.798291
  endloop
 endfacet
 facet normal -1 0 0
  outer loop
   vertex -32.600000 -9.200000 18.400000
   vertex -32.600000 0.000000 18.400000
   vertex -32.600000 -0.019698 17.798291
  endloop
 endfacet
 facet normal 1 -0 0
  outer loop
   vertex 32.600000 -9.200000 18.400000
   vertex 32.600000 -0.019698 17.798291
   vertex 32.600000 0.000000 18.400000
  endloop
 endfacet
 facet normal 0 0.999465 0.0327192
  outer loop
   vertex -32.600000 18.400000 -18.400000
   vertex -32.600000 18.380302 -17.798291
   vertex 32.600000 18.380302 -17.798291
  endloop
 endfacet
 facet normal -0 0.999465 0.0327192
  outer loop
   vertex -32.600000 18.400000 -18.400000
   vertex 32.600000 18.380302 -17.798291
   vertex 32.600000 18.400000 -18.400000
  endloop
 endfacet
 facet normal -1 0 0
  outer loop
   vertex -32.600000 9.200000 -18.400000
   vertex -32.600000 18.380302 -17.798291
   vertex -32.600000 18.400000 -18.400000
  endloop
 endfacet
 facet normal 1 0 0
  outer loop
   vertex 32.600000 9.200000 -18.400000
   vertex 32.600000 18.400000 -18.400000
   vertex 32.600000 18.380302 -17.798291
  endloop
 endfacet
 facet normal 0 0.995185 0.0980166
  outer loop
   vertex -32.600000 18.380302 -17.798291
   vertex -32.600000 18.321293 -17.199159
   vertex 32.600000 18.321293 -17.199159
  endloop
 endfacet
 facet normal -0 0.995185 0.0980166
  outer loop
   vertex -32.600000 18.380302 -17.798291
   vertex 32.600000 18.321293 -17.199159
   vertex 32.600000 18.380302 -17.798291
  endloop
 endfacet
 facet normal -1 0 0
  outer loop
   vertex -32.600000 9.200000 -18.400000
   vertex -32.600000 18.321293 -17.199159
   vertex -32.600000 18.380302 -17.798291
  endloop
 endfacet
 facet normal 1 0 0
  outer loop
   vertex 32.600000 9.200000 -18.400000
   vertex 32.600000 18.380302 -17.798291
   vertex 32.600000 18.321293 -17.199159
  endloop
 endfacet
 facet normal 0 0.986643 0.162895
  outer loop
   vertex -32.600000 18.321293 -17.199159
   vertex -32.600000 18.223225 -16.605169
   vertex 32.600000 18.223225 -16.605169
  endloop
 endfacet
 facet normal -0 0.986643 0.162895
  outer loop
   vertex -32.600000 18.321293 -17.199159
   vertex 32.600000 18.223225 -16.605169
   vertex 32.600000 18.321293 -17.199159
  endloop
 endfacet
 facet normal -1 0 0
  outer loop
   vertex -32.600000 9.200000 -18.400000
   vertex -32.600000 18.223225 -16.605169
   vertex -32.600000 18.321293 -17.199159
  endloop
 endfacet
 facet normal 1 0 0
  outer loop
   vertex 32.600000 9.200000 -18.400000
   vertex 32.600000 18.321293 -17.199159
   vertex 32.600000 18.223225 -16.605169
  endloop
 endfacet
 facet normal 0 0.973877 0.227076
  outer loop
   vertex -32.600000 18.223225 -16.605169
   vertex -32.600000 18.086518 -16.018865
   vertex 32.600000 18.086518 -16.018865
  endloop
 endfacet
 facet normal -0 0.973877 0.227076
  outer loop
   vertex -32.600000 18.223225 -16.605169
   vertex 32.600000 18.086518 -16.018865
   vertex 32.600000 18.223225 -16.605169
  endloop
 endfacet
 facet normal -1 0 0
  outer loop
   vertex -32.600000 9.200000 -18.400000
   vertex -32.600000 18.086518 -16.018865
   vertex -32.600000 18.223225 -16.605169
  endloop
 endfacet
 facet normal 1 0 0
  outer loop
   vertex 32.600000 9.200000 -18.400000
   vertex 32.600000 18.223225 -16.605169
   vertex 32.600000 18.086518 -16.018865
  endloop
 endfacet
 facet normal 0 0.95694 0.290286
  outer loop
   vertex -32.600000 18.086518 -16.018865
   vertex -32.600000 17.911757 -15.442757
   vertex 32.600000 17.911757 -15.442757
  endloop
 endfacet
 facet normal -0 0.95694 0.290286
  outer loop
   vertex -32.600000 18.086518 -16.018865
   vertex 32.600000 17.911757 -15.442757
   vertex 32.600000 18.086518 -16.018865
  endloop
 endfacet
 facet normal -1 0 0
  outer loop
   vertex -32.600000 9.200000 -18.400000
   vertex -32.600000 17.911757 -15.442757
   vertex -32.600000 18.086518 -16.018865
  endloop
 endfacet
 facet normal 1 0 0
  outer loop
   vertex 32.600000 9.200000 -18.400000
   vertex 32.600000 18.086518 -16.018865
   vertex 32.600000 17.911757 -15.442757
  endloop
 endfacet
 facet normal 0 0.935906 0.352249
  outer loop
   vertex -32.600000 17.911757 -15.442757
   vertex -32.600000 17.699692 -14.879312
   vertex 32.600000 17.699692 -14.879312
  endloop
 endfacet
 facet normal -0 0.935906 0.352249
  outer loop
   vertex -32.600000 17.911757 -15.442757
   vertex 32.600000 17.699692 -14.879312
   vertex 32.600000 17.911757 -15.442757
  endloop
 endfacet
 facet normal -1 0 0
  outer loop
   vertex -32.600000 9.200000 -18.400000
   vertex -32.600000 17.699692 -14.879312
   vertex -32.600000 17.911757 -15.442757
  endloop
 endfacet
 facet normal 1 0 0
  outer loop
   vertex 32.600000 9.200000 -18.400000
   vertex 32.600000 17.911757 -15.442757
   vertex 32.600000 17.699692 -14.879312
  endloop
 endfacet
 facet normal 0 0.910863 0.412708
  outer loop
   vertex -32.600000 17.699692 -14.879312
   vertex -32.600000 17.451229 -14.330944
   vertex 32.600000 17.451229 -14.330944
  endloop
 endfacet
 facet normal -0 0.910863 0.412708
  outer loop
   vertex -32.600000 17.699692 -14.879312
   vertex 32.600000 17.451229 -14.330944
   vertex 32.600000 17.699692 -14.879312
  endloop
 endfacet
 facet normal -1 0 0
  outer loop
   vertex -32.600000 9.200000 -18.400000
   vertex -32.600000 17.451229 -14.330944
   vertex -32.600000 17.699692 -14.879312
  endloop
 endfacet
 facet normal 1 0 0
  outer loop
   vertex 32.600000 9.200000 -18.400000
   vertex 32.600000 17.699692 -14.879312
   vertex 32.600000 17.451229 -14.330944
  endloop
 endfacet
 facet normal 0 0.881922 0.471396
  outer loop
   vertex -32.600000 17.451229 -14.330944
   vertex -32.600000 17.167434 -13.800000
   vertex 32.600000 17.167434 -13.800000
  endloop
 endfacet
 facet normal -0 0.881922 0.471396
  outer loop
   vertex -32.600000 17.451229 -14.330944
   vertex 32.600000 17.167434 -13.800000
   vertex 32.600000 17.451229 -14.330944
  endloop
 endfacet
 facet normal -1 0 0
  outer loop
   vertex -32.600000 9.200000 -18.400000
   vertex -32.600000 17.167434 -13.800000
   vertex -32.600000 17.451229 -14.330944
  endloop
 endfacet
 facet normal 1 0 0
  outer loop
   vertex 32.600000 9.200000 -18.400000
   vertex 32.600000 17.451229 -14.330944
   vertex 32.600000 17.167434 -13.800000
  endloop
 endfacet
 facet normal 0 0.849202 0.528069
  outer loop
   vertex -32.600000 17.167434 -13.800000
   vertex -32.600000 16.849520 -13.288754
   vertex 32.600000 16.849520 -13.288754
  endloop
 endfacet
 facet normal -0 0.849202 0.528069
  outer loop
   vertex -32.600000 17.167434 -13.800000
   vertex 32.600000 16.849520 -13.288754
   vertex 32.600000 17.167434 -13.800000
  endloop
 endfacet
 facet normal -1 0 0
  outer loop
   vertex -32.600000 9.200000 -18.400000
   vertex -32.600000 16.849520 -13.288754
   vertex -32.600000 17.167434 -13.800000
  endloop
 endfacet
 facet normal 1 0 0
  outer loop
   vertex 32.600000 9.200000 -18.400000
   vertex 32.600000 17.167434 -13.800000
   vertex 32.600000 16.849520 -13.288754
  endloop
 endfacet
 facet normal 0 0.812847 0.582477
  outer loop
   vertex -32.600000 16.849520 -13.288754
   vertex -32.600000 16.498851 -12.799395
   vertex 32.600000 16.498851 -12.799395
  endloop
 endfacet
 facet normal -0 0.812847 0.582477
  outer loop
   vertex -32.600000 16.849520 -13.288754
   vertex 32.600000 16.498851 -12.799395
   vertex 32.600000 16.849520 -13.288754
  endloop
 endfacet
 facet normal -1 0 0
  outer loop
   vertex -32.600000 9.200000 -18.400000
   vertex -32.600000 16.498851 -12.799395
   vertex -32.600000 16.849520 -13.288754
  endloop
 endfacet
 facet normal 1 0 0
  outer loop
   vertex 32.600000 9.200000 -18.400000
   vertex 32.600000 16.849520 -13.288754
   vertex 32.600000 16.498851 -12.799395
  endloop
 endfacet
 facet normal 0 0.77301 0.634394
  outer loop
   vertex -32.600000 16.498851 -12.799395
   vertex -32.600000 16.116926 -12.334019
   vertex 32.600000 16.116926 -12.334019
  endloop
 endfacet
 facet normal -0 0.77301 0.634394
  outer loop
   vertex -32.600000 16.498851 -12.799395
   vertex 32.600000 16.116926 -12.334019
   vertex 32.600000 16.498851 -12.799395
  endloop
 endfacet
 facet normal -1 0 0
  outer loop
   vertex -32.600000 9.200000 -18.400000
   vertex -32.600000 16.116926 -12.334019
   vertex -32.600000 16.498851 -12.799395
  endloop
 endfacet
 facet normal 1 0 0
  outer loop
   vertex 32.600000 9.200000 -18.400000
   vertex 32.600000 16.498851 -12.799395
   vertex 32.600000 16.116926 -12.334019
  endloop
 endfacet
 facet normal 0 0.729864 0.683592
  outer loop
   vertex -32.600000 16.116926 -12.334019
   vertex -32.600000 15.705382 -11.894618
   vertex 32.600000 15.705382 -11.894618
  endloop
 endfacet
 facet normal -0 0.729864 0.683592
  outer loop
   vertex -32.600000 16.116926 -12.334019
   vertex 32.600000 15.705382 -11.894618
   vertex 32.600000 16.116926 -12.334019
  endloop
 endfacet
 facet normal -1 0 0
  outer loop
   vertex -32.600000 9.200000 -18.400000
   vertex -32.600000 15.705382 -11.894618
   vertex -32.600000 16.116926 -12.334019
  endloop
 endfacet
 facet normal 1 0 0
  outer loop
   vertex 32.600000 9.200000 -18.400000
   vertex 32.600000 16.116926 -12.334019
   vertex 32.600000 15.705382 -11.894618
  endloop
 endfacet
 facet normal 0 0.683592 0.729864
  outer loop
   vertex -32.600000 15.705382 -11.894618
   vertex -32.600000 15.265981 -11.483074
   vertex 32.600000 15.265981 -11.483074
  endloop
 endfacet
 facet normal -0 0.683592 0.729864
  outer loop
   vertex -32.600000 15.705382 -11.894618
   vertex 32.600000 15.265981 -11.483074
   vertex 32.600000 15.705382 -11.894618
  endloop
 endfacet
 facet normal -1 0 0
  outer loop
   vertex -32.600000 9.200000 -18.400000
   vertex -32.600000 15.265981 -11.483074
   vertex -32.600000 15.705382 -11.894618
  endloop
 endfacet
 facet normal 1 0 0
  outer loop
   vertex 32.600000 9.200000 -18.400000
   vertex 32.600000 15.705382 -11.894618
   vertex 32.600000 15.265981 -11.483074
  endloop
 endfacet
 facet normal 0 0.634394 0.77301
  outer loop
   vertex -32.600000 15.265981 -11.483074
   vertex -32.600000 14.800605 -11.101149
   vertex 32.600000 14.800605 -11.101149
  endloop
 endfacet
 facet normal -0 0.634394 0.77301
  outer loop
   vertex -32.600000 15.265981 -11.483074
   vertex 32.600000 14.800605 -11.101149
   vertex 32.600000 15.265981 -11.483074
  endloop
 endfacet
 facet normal -1 0 0
  outer loop
   vertex -32.600000 9.200000 -18.400000
   vertex -32.600000 14.800605 -11.101149
   vertex -32.600000 15.265981 -11.483074
  endloop
 endfacet
 facet normal 1 0 0
  outer loop
   vertex 32.600000 9.200000 -18.400000
   vertex 32.600000 15.265981 -11.483074
   vertex 32.600000 14.800605 -11.101149
  endloop
 endfacet
 facet normal 0 0.582477 0.812847
  outer loop
   vertex -32.600000 14.800605 -11.101149
   vertex -32.600000 14.311246 -10.750480
   vertex 32.600000 14.311246 -10.750480
  endloop
 endfacet
 facet normal -0 0.582477 0.812847
  outer loop
   vertex -32.600000 14.800605 -11.101149
   vertex 32.600000 14.311246 -10.750480
   vertex 32.600000 14.800605 -11.101149
  endloop
 endfacet
 facet normal -1 0 0
  outer loop
   vertex -32.600000 9.200000 -18.400000
   vertex -32.600000 14.311246 -10.750480
   vertex -32.600000 14.800605 -11.101149
  endloop
 endfacet
 facet normal 1 0 0
  outer loop
   vertex 32.600000 9.200000 -18.400000
   vertex 32.600000 14.800605 -11.101149
   vertex 32.600000 14.311246 -10.750480
  endloop
 endfacet
 facet normal 0 0.528069 0.849202
  outer loop
   vertex -32.600000 14.311246 -10.750480
   vertex -32.600000 13.800000 -10.432566
   vertex 32.600000 13.800000 -10.432566
  endloop
 endfacet
 facet normal -0 0.528069 0.849202
  outer loop
   vertex -32.600000 14.311246 -10.750480
   vertex 32.600000 13.800000 -10.432566
   vertex 32.600000 14.311246 -10.750480
  endloop
 endfacet
 facet normal -1 0 0
  outer loop
   vertex -32.600000 9.200000 -18.400000
   vertex -32.600000 13.800000 -10.432566
   vertex -32.600000 14.311246 -10.750480
  endloop
 endfacet
 facet normal 1 0 0
  outer loop
   vertex 32.600000 9.200000 -18.400000
   vertex 32.600000 14.311246 -10.750480
   vertex 32.600000 13.800000 -10.432566
  endloop
 endfacet
 facet normal 0 0.471396 0.881922
  outer loop
   vertex -32.600000 13.800000 -10.432566
   vertex -32.600000 13.269056 -10.148771
   vertex 32.600000 13.269056 -10.148771
  endloop
 endfacet
 facet normal -0 0.471396 0.881922
  outer loop
   vertex -32.600000 13.800000 -10.432566
   vertex 32.600000 13.269056 -10.148771
   vertex 32.600000 13.800000 -10.432566
  endloop
 endfacet
 facet normal -1 0 0
  outer loop
   vertex -32.600000 9.200000 -18.400000
   vertex -32.600000 13.269056 -10.148771
   vertex -32.600000 13.800000 -10.432566
  endloop
 endfacet
 facet normal 1 0 0
  outer loop
   vertex 32.600000 9.200000 -18.400000
   vertex 32.600000 13.800000 -10.432566
   vertex 32.600000 13.269056 -10.148771
  endloop
 endfacet
 facet normal 0 0.412708 0.910863
  outer loop
   vertex -32.600000 13.269056 -10.148771
   vertex -32.600000 12.720688 -9.900308
   vertex 32.600000 12.720688 -9.900308
  endloop
 endfacet
 facet normal -0 0.412708 0.910863
  outer loop
   vertex -32.600000 13.269056 -10.148771
   vertex 32.600000 12.720688 -9.900308
   vertex 32.600000 13.269056 -10.148771
  endloop
 endfacet
 facet normal -1 0 0
  outer loop
   vertex -32.600000 9.200000 -18.400000
   vertex -32.600000 12.720688 -9.900308
   vertex -32.600000 13.269056 -10.148771
  endloop
 endfacet
 facet normal 1 0 0
  outer loop
   vertex 32.600000 9.200000 -18.400000
   vertex 32.600000 13.269056 -10.148771
   vertex 32.600000 12.720688 -9.900308
  endloop
 endfacet
 facet normal 0 0.352249 0.935906
  outer loop
   vertex -32.600000 12.720688 -9.900308
   vertex -32.600000 12.157243 -9.688243
   vertex 32.600000 12.157243 -9.688243
  endloop
 endfacet
 facet normal -0 0.352249 0.935906
  outer loop
   vertex -32.600000 12.720688 -9.900308
   vertex 32.600000 12.157243 -9.688243
   vertex 32.600000 12.720688 -9.900308
  endloop
 endfacet
 facet normal -1 0 0
  outer loop
   vertex -32.600000 9.200000 -18.400000
   vertex -32.600000 12.157243 -9.688243
   vertex -32.600000 12.720688 -9.900308
  endloop
 endfacet
 facet normal 1 0 0
  outer loop
   vertex 32.600000 9.200000 -18.400000
   vertex 32.600000 12.720688 -9.900308
   vertex 32.600000 12.157243 -9.688243
  endloop
 endfacet
 facet normal 0 0.290286 0.95694
  outer loop
   vertex -32.600000 12.157243 -9.688243
   vertex -32.600000 11.581135 -9.513482
   vertex 32.600000 11.581135 -9.513482
  endloop
 endfacet
 facet normal -0 0.290286 0.95694
  outer loop
   vertex -32.600000 12.157243 -9.688243
   vertex 32.600000 11.581135 -9.513482
   vertex 32.600000 12.157243 -9.688243
  endloop
 endfacet
 facet normal -1 0 0
  outer loop
   vertex -32.600000 9.200000 -18.400000
   vertex -32.600000 11.581135 -9.513482
   vertex -32.600000 12.157243 -9.688243
  endloop
 endfacet
 facet normal 1 0 0
  outer loop
   vertex 32.600000 9.200000 -18.400000
   vertex 32.600000 12.157243 -9.688243
   vertex 32.600000 11.581135 -9.513482
  endloop
 endfacet
 facet normal 0 0.227076 0.973877
  outer loop
   vertex -32.600000 11.581135 -9.513482
   vertex -32.600000 10.994831 -9.376775
   vertex 32.600000 10.994831 -9.376775
  endloop
 endfacet
 facet normal -0 0.227076 0.973877
  outer loop
   vertex -32.600000 11.581135 -9.513482
   vertex 32.600000 10.994831 -9.376775
   vertex 32.600000 11.581135 -9.513482
  endloop
 endfacet
 facet normal -1 0 0
  outer loop
   vertex -32.600000 9.200000 -18.400000
   vertex -32.600000 10.994831 -9.376775
   vertex -32.600000 11.581135 -9.513482
  endloop
 endfacet
 facet normal 1 0 0
  outer loop
   vertex 32.600000 9.200000 -18.400000
   vertex 32.600000 11.581135 -9.513482
   vertex 32.600000 10.994831 -9.376775
  endloop
 endfacet
 facet normal 0 0.162895 0.986643
  outer loop
   vertex -32.600000 10.994831 -9.376775
   vertex -32.600000 10.400841 -9.278707
   vertex 32.600000 10.400841 -9.278707
  endloop
 endfacet
 facet normal -0 0.162895 0.986643
  outer loop
   vertex -32.600000 10.994831 -9.376775
   vertex 32.600000 10.400841 -9.278707
   vertex 32.600000 10.994831 -9.376775
  endloop
 endfacet
 facet normal -1 0 0
  outer loop
   vertex -32.600000 9.200000 -18.400000
   vertex -32.600000 10.400841 -9.278707
   vertex -32.600000 10.994831 -9.376775
  endloop
 endfacet
 facet normal 1 0 0
  outer loop
   vertex 32.600000 9.200000 -18.400000
   vertex 32.600000 10.994831 -9.376775
   vertex 32.600000 10.400841 -9.278707
  endloop
 endfacet
 facet normal 0 0.0980166 0.995185
  outer loop
   vertex -32.600000 10.400841 -9.278707
   vertex -32.600000 9.801709 -9.219698
   vertex 32.600000 9.801709 -9.219698
  endloop
 endfacet
 facet normal -0 0.0980166 0.995185
  outer loop
   vertex -32.600000 10.400841 -9.278707
   vertex 32.600000 9.801709 -9.219698
   vertex 32.600000 10.400841 -9.278707
  endloop
 endfacet
 facet normal -1 0 0
  outer loop
   vertex -32.600000 9.200000 -18.400000
   vertex -32.600000 9.801709 -9.219698
   vertex -32.600000 10.400841 -9.278707
  endloop
 endfacet
 facet normal 1 0 0
  outer loop
   vertex 32.600000 9.200000 -18.400000
   vertex 32.600000 10.400841 -9.278707
   vertex 32.600000 9.801709 -9.219698
  endloop
 endfacet
 facet normal 0 0.0327192 0.999465
  outer loop
   vertex -32.600000 9.801709 -9.219698
   vertex -32.600000 9.200000 -9.200000
   vertex 32.600000 9.200000 -9.200000
  endloop
 endfacet
 facet normal -0 0.0327192 0.999465
  outer loop
   vertex -32.600000 9.801709 -9.219698
   vertex 32.600000 9.200000 -9.200000
   vertex 32.600000 9.801709 -9.219698
  endloop
 endfacet
 facet normal -1 0 0
  outer loop
   vertex -32.600000 9.200000 -18.400000
   vertex -32.600000 9.200000 -9.200000
   vertex -32.600000 9.801709 -9.219698
  endloop
 endfacet
 facet normal 1 0 0
  outer loop
   vertex 32.600000 9.200000 -18.400000
   vertex 32.600000 9.801709 -9.219698
   vertex 32.600000 9.200000 -9.200000
  endloop
 endfacet
 facet normal 0 -0.0327192 0.999465
  outer loop
   vertex -32.600000 9.200000 -9.200000
   vertex -32.600000 8.598291 -9.219698
   vertex 32.600000 8.598291 -9.219698
  endloop
 endfacet
 facet normal 0 -0.0327192 0.999465
  outer loop
   vertex -32.600000 9.200000 -9.200000
   vertex 32.600000 8.598291 -9.219698
   vertex 32.600000 9.200000 -9.200000
  endloop
 endfacet
 facet normal -1 0 0
  outer loop
   vertex -32.600000 9.200000 -18.400000
   vertex -32.600000 8.598291 -9.219698
   vertex -32.600000 9.200000 -9.200000
  endloop
 endfacet
 facet normal 1 0 -0
  outer loop
   vertex 32.600000 9.200000 -18.400000
   vertex 32.600000 9.200000 -9.200000
   vertex 32.600000 8.598291 -9.219698
  endloop
 endfacet
 facet normal 0 -0.0980166 0.995185
  outer loop
   vertex -32.600000 8.598291 -9.219698
   vertex -32.600000 7.999159 -9.278707
   vertex 32.600000 7.999159 -9.278707
  endloop
 endfacet
 facet normal 0 -0.0980166 0.995185
  outer loop
   vertex -32.600000 8.598291 -9.219698
   vertex 32.600000 7.999159 -9.278707
   vertex 32.600000 8.598291 -9.219698
  endloop
 endfacet
 facet normal -1 0 0
  outer loop
   vertex -32.600000 9.200000 -18.400000
   vertex -32.600000 7.999159 -9.278707
   vertex -32.600000 8.598291 -9.219698
  endloop
 endfacet
 facet normal 1 0 0
  outer loop
   vertex 32.600000 9.200000 -18.400000
   vertex 32.600000 8.598291 -9.219698
   vertex 32.600000 7.999159 -9.278707
  endloop
 endfacet
 facet normal 0 -0.162895 0.986643
  outer loop
   vertex -32.600000 7.999159 -9.278707
   vertex -32.600000 7.405169 -9.376775
   vertex 32.600000 7.405169 -9.376775
  endloop
 endfacet
 facet normal 0 -0.162895 0.986643
  outer loop
   vertex -32.600000 7.999159 -9.278707
   vertex 32.600000 7.405169 -9.376775
   vertex 32.600000 7.999159 -9.278707
  endloop
 endfacet
 facet normal -1 0 0
  outer loop
   vertex -32.600000 9.200000 -18.400000
   vertex -32.600000 7.405169 -9.376775
   vertex -32.600000 7.999159 -9.278707
  endloop
 endfacet
 facet normal 1 0 0
  outer loop
   vertex 32.600000 9.200000 -18.400000
   vertex 32.600000 7.999159 -9.278707
   vertex 32.600000 7.405169 -9.376775
  endloop
 endfacet
 facet normal 0 -0.227076 0.973877
  outer loop
   vertex -32.600000 7.405169 -9.376775
   vertex -32.600000 6.818865 -9.513482
   vertex 32.600000 6.818865 -9.513482
  endloop
 endfacet
 facet normal 0 -0.227076 0.973877
  outer loop
   vertex -32.600000 7.405169 -9.376775
   vertex 32.600000 6.818865 -9.513482
   vertex 32.600000 7.405169 -9.376775
  endloop
 endfacet
 facet normal -1 0 0
  outer loop
   vertex -32.600000 9.200000 -18.400000
   vertex -32.600000 6.818865 -9.513482
   vertex -32.600000 7.405169 -9.376775
  endloop
 endfacet
 facet normal 1 0 0
  outer loop
   vertex 32.600000 9.200000 -18.400000
   vertex 32.600000 7.405169 -9.376775
   vertex 32.600000 6.818865 -9.513482
  endloop
 endfacet
 facet normal 0 -0.290286 0.95694
  outer loop
   vertex -32.600000 6.818865 -9.513482
   vertex -32.600000 6.242757 -9.688243
   vertex 32.600000 6.242757 -9.688243
  endloop
 endfacet
 facet normal 0 -0.290286 0.95694
  outer loop
   vertex -32.600000 6.818865 -9.513482
   vertex 32.600000 6.242757 -9.688243
   vertex 32.600000 6.818865 -9.513482
  endloop
 endfacet
 facet normal -1 0 0
  outer loop
   vertex -32.600000 9.200000 -18.400000
   vertex -32.600000 6.242757 -9.688243
   vertex -32.600000 6.818865 -9.513482
  endloop
 endfacet
 facet normal 1 0 0
  outer loop
   vertex 32.600000 9.200000 -18.400000
   vertex 32.600000 6.818865 -9.513482
   vertex 32.600000 6.242757 -9.688243
  endloop
 endfacet
 facet normal 0 -0.352249 0.935906
  outer loop
   vertex -32.600000 6.242757 -9.688243
   vertex -32.600000 5.679312 -9.900308
   vertex 32.600000 5.679312 -9.900308
  endloop
 endfacet
 facet normal 0 -0.352249 0.935906
  outer loop
   vertex -32.600000 6.242757 -9.688243
   vertex 32.600000 5.679312 -9.900308
   vertex 32.600000 6.242757 -9.688243
  endloop
 endfacet
 facet normal -1 0 0
  outer loop
   vertex -32.600000 9.200000 -18.400000
   vertex -32.600000 5.679312 -9.900308
   vertex -32.600000 6.242757 -9.688243
  endloop
 endfacet
 facet normal 1 0 0
  outer loop
   vertex 32.600000 9.200000 -18.400000
   vertex 32.600000 6.242757 -9.688243
   vertex 32.600000 5.679312 -9.900308
  endloop
 endfacet
 facet normal 0 -0.412708 0.910863
  outer loop
   vertex -32.600000 5.679312 -9.900308
   vertex -32.600000 5.130944 -10.148771
   vertex 32.600000 5.130944 -10.148771
  endloop
 endfacet
 facet normal 0 -0.412708 0.910863
  outer loop
   vertex -32.600000 5.679312 -9.900308
   vertex 32.600000 5.130944 -10.148771
   vertex 32.600000 5.679312 -9.900308
  endloop
 endfacet
 facet normal -1 0 0
  outer loop
   vertex -32.600000 9.200000 -18.400000
   vertex -32.600000 5.130944 -10.148771
   vertex -32.600000 5.679312 -9.900308
  endloop
 endfacet
 facet normal 1 0 0
  outer loop
   vertex 32.600000 9.200000 -18.400000
   vertex 32.600000 5.679312 -9.900308
   vertex 32.600000 5.130944 -10.148771
  endloop
 endfacet
 facet normal 0 -0.471396 0.881922
  outer loop
   vertex -32.600000 5.130944 -10.148771
   vertex -32.600000 4.600000 -10.432566
   vertex 32.600000 4.600000 -10.432566
  endloop
 endfacet
 facet normal 0 -0.471396 0.881922
  outer loop
   vertex -32.600000 5.130944 -10.148771
   vertex 32.600000 4.600000 -10.432566
   vertex 32.600000 5.130944 -10.148771
  endloop
 endfacet
 facet normal -1 0 0
  outer loop
   vertex -32.600000 9.200000 -18.400000
   vertex -32.600000 4.600000 -10.432566
   vertex -32.600000 5.130944 -10.148771
  endloop
 endfacet
 facet normal 1 0 0
  outer loop
   vertex 32.600000 9.200000 -18.400000
   vertex 32.600000 5.130944 -10.148771
   vertex 32.600000 4.600000 -10.432566
  endloop
 endfacet
 facet normal 0 -0.528069 0.849202
  outer loop
   vertex -32.600000 4.600000 -10.432566
   vertex -32.600000 4.088754 -10.750480
   vertex 32.600000 4.088754 -10.750480
  endloop
 endfacet
 facet normal 0 -0.528069 0.849202
  outer loop
   vertex -32.600000 4.600000 -10.432566
   vertex 32.600000 4.088754 -10.750480
   vertex 32.600000 4.600000 -10.432566
  endloop
 endfacet
 facet normal -1 0 0
  outer loop
   vertex -32.600000 9.200000 -18.400000
   vertex -32.600000 4.088754 -10.750480
   vertex -32.600000 4.600000 -10.432566
  endloop
 endfacet
 facet normal 1 0 0
  outer loop
   vertex 32.600000 9.200000 -18.400000
   vertex 32.600000 4.600000 -10.432566
   vertex 32.600000 4.088754 -10.750480
  endloop
 endfacet
 facet normal 0 -0.582477 0.812847
  outer loop
   vertex -32.600000 4.088754 -10.750480
   vertex -32.600000 3.599395 -11.101149
   vertex 32.600000 3.599395 -11.101149
  endloop
 endfacet
 facet normal 0 -0.582477 0.812847
  outer loop
   vertex -32.600000 4.088754 -10.750480
   vertex 32.600000 3.599395 -11.101149
   vertex 32.600000 4.088754 -10.750480
  endloop
 endfacet
 facet normal -1 0 0
  outer loop
   vertex -32.600000 9.200000 -18.400000
   vertex -32.600000 3.599395 -11.101149
   vertex -32.600000 4.088754 -10.750480
  endloop
 endfacet
 facet normal 1 0 0
  outer loop
   vertex 32.600000 9.200000 -18.400000
   vertex 32.600000 4.088754 -10.750480
   vertex 32.600000 3.599395 -11.101149
  endloop
 endfacet
 facet normal 0 -0.634394 0.77301
  outer loop
   vertex -32.600000 3.599395 -11.101149
   vertex -32.600000 3.134019 -11.483074
   vertex 32.600000 3.134019 -11.483074
  endloop
 endfacet
 facet normal 0 -0.634394 0.77301
  outer loop
   vertex -32.600000 3.599395 -11.101149
   vertex 32.600000 3.134019 -11.483074
   vertex 32.600000 3.599395 -11.101149
  endloop
 endfacet
 facet normal -1 0 0
  outer loop
   vertex -32.600000 9.200000 -18.400000
   vertex -32.600000 3.134019 -11.483074
   vertex -32.600000 3.599395 -11.101149
  endloop
 endfacet
 facet normal 1 0 0
  outer loop
   vertex 32.600000 9.200000 -18.400000
   vertex 32.600000 3.599395 -11.101149
   vertex 32.600000 3.134019 -11.483074
  endloop
 endfacet
 facet normal 0 -0.683592 0.729864
  outer loop
   vertex -32.600000 3.134019 -11.483074
   vertex -32.600000 2.694618 -11.894618
   vertex 32.600000 2.694618 -11.894618
  endloop
 endfacet
 facet normal 0 -0.683592 0.729864
  outer loop
   vertex -32.600000 3.134019 -11.483074
   vertex 32.600000 2.694618 -11.894618
   vertex 32.600000 3.134019 -11.483074
  endloop
 endfacet
 facet normal -1 0 0
  outer loop
   vertex -32.600000 9.200000 -18.400000
   vertex -32.600000 2.694618 -11.894618
   vertex -32.600000 3.134019 -11.483074
  endloop
 endfacet
 facet normal 1 0 0
  outer loop
   vertex 32.600000 9.200000 -18.400000
   vertex 32.600000 3.134019 -11.483074
   vertex 32.600000 2.694618 -11.894618
  endloop
 endfacet
 facet normal 0 -0.729864 0.683592
  outer loop
   vertex -32.600000 2.694618 -11.894618
   vertex -32.600000 2.283074 -12.334019
   vertex 32.600000 2.283074 -12.334019
  endloop
 endfacet
 facet normal 0 -0.729864 0.683592
  outer loop
   vertex -32.600000 2.694618 -11.894618
   vertex 32.600000 2.283074 -12.334019
   vertex 32.600000 2.694618 -11.894618
  endloop
 endfacet
 facet normal -1 0 0
  outer loop
   vertex -32.600000 9.200000 -18.400000
   vertex -32.600000 2.283074 -12.334019
   vertex -32.600000 2.694618 -11.894618
  endloop
 endfacet
 facet normal 1 0 0
  outer loop
   vertex 32.600000 9.200000 -18.400000
   vertex 32.600000 2.694618 -11.894618
   vertex 32.600000 2.283074 -12.334019
  endloop
 endfacet
 facet normal 0 -0.77301 0.634394
  outer loop
   vertex -32.600000 2.283074 -12.334019
   vertex -32.600000 1.901149 -12.799395
   vertex 32.600000 1.901149 -12.799395
  endloop
 endfacet
 facet normal 0 -0.77301 0.634394
  outer loop
   vertex -32.600000 2.283074 -12.334019
   vertex 32.600000 1.901149 -12.799395
   vertex 32.600000 2.283074 -12.334019
  endloop
 endfacet
 facet normal -1 0 0
  outer loop
   vertex -32.600000 9.200000 -18.400000
   vertex -32.600000 1.901149 -12.799395
   vertex -32.600000 2.283074 -12.334019
  endloop
 endfacet
 facet normal 1 0 0
  outer loop
   vertex 32.600000 9.200000 -18.400000
   vertex 32.600000 2.283074 -12.334019
   vertex 32.600000 1.901149 -12.799395
  endloop
 endfacet
 facet normal 0 -0.812847 0.582477
  outer loop
   vertex -32.600000 1.901149 -12.799395
   vertex -32.600000 1.550480 -13.288754
   vertex 32.600000 1.550480 -13.288754
  endloop
 endfacet
 facet normal 0 -0.812847 0.582477
  outer loop
   vertex -32.600000 1.901149 -12.799395
   vertex 32.600000 1.550480 -13.288754
   vertex 32.600000 1.901149 -12.799395
  endloop
 endfacet
 facet normal -1 0 0
  outer loop
   vertex -32.600000 9.200000 -18.400000
   vertex -32.600000 1.550480 -13.288754
   vertex -32.600000 1.901149 -12.799395
  endloop
 endfacet
 facet normal 1 0 0
  outer loop
   vertex 32.600000 9.200000 -18.400000
   vertex 32.600000 1.901149 -12.799395
   vertex 32.600000 1.550480 -13.288754
  endloop
 endfacet
 facet normal 0 -0.849202 0.528069
  outer loop
   vertex -32.600000 1.550480 -13.288754
   vertex -32.600000 1.232566 -13.800000
   vertex 32.600000 1.232566 -13.800000
  endloop
 endfacet
 facet normal 0 -0.849202 0.528069
  outer loop
   vertex -32.600000 1.550480 -13.288754
   vertex 32.600000 1.232566 -13.800000
   vertex 32.600000 1.550480 -13.288754
  endloop
 endfacet
 facet normal -1 0 0
  outer loop
   vertex -32.600000 9.200000 -18.400000
   vertex -32.600000 1.232566 -13.800000
   vertex -32.600000 1.550480 -13.288754
  endloop
 endfacet
 facet normal 1 0 0
  outer loop
   vertex 32.600000 9.200000 -18.400000
   vertex 32.600000 1.550480 -13.288754
   vertex 32.600000 1.232566 -13.800000
  endloop
 endfacet
 facet normal 0 -0.881922 0.471396
  outer loop
   vertex -32.600000 1.232566 -13.800000
   vertex -32.600000 0.948771 -14.330944
   vertex 32.600000 0.948771 -14.330944
  endloop
 endfacet
 facet normal 0 -0.881922 0.471396
  outer loop
   vertex -32.600000 1.232566 -13.800000
   vertex 32.600000 0.948771 -14.330944
   vertex 32.600000 1.232566 -13.800000
  endloop
 endfacet
 facet normal -1 0 0
  outer loop
   vertex -32.600000 9.200000 -18.400000
   vertex -32.600000 0.948771 -14.330944
   vertex -32.600000 1.232566 -13.800000
  endloop
 endfacet
 facet normal 1 0 0
  outer loop
   vertex 32.600000 9.200000 -18.400000
   vertex 32.600000 1.232566 -13.800000
   vertex 32.600000 0.948771 -14.330944
  endloop
 endfacet
 facet normal 0 -0.910863 0.412708
  outer loop
   vertex -32.600000 0.948771 -14.330944
   vertex -32.600000 0.700308 -14.879312
   vertex 32.600000 0.700308 -14.879312
  endloop
 endfacet
 facet normal 0 -0.910863 0.412708
  outer loop
   vertex -32.600000 0.948771 -14.330944
   vertex 32.600000 0.700308 -14.879312
   vertex 32.600000 0.948771 -14.330944
  endloop
 endfacet
 facet normal -1 0 0
  outer loop
   vertex -32.600000 9.200000 -18.400000
   vertex -32.600000 0.700308 -14.879312
   vertex -32.600000 0.948771 -14.330944
  endloop
 endfacet
 facet normal 1 0 0
  outer loop
   vertex 32.600000 9.200000 -18.400000
   vertex 32.600000 0.948771 -14.330944
   vertex 32.600000 0.700308 -14.879312
  endloop
 endfacet
 facet normal 0 -0.935906 0.352249
  outer loop
   vertex -32.600000 0.700308 -14.879312
   vertex -32.600000 0.488243 -15.442757
   vertex 32.600000 0.488243 -15.442757
  endloop
 endfacet
 facet normal 0 -0.935906 0.352249
  outer loop
   vertex -32.600000 0.700308 -14.879312
   vertex 32.600000 0.488243 -15.442757
   vertex 32.600000 0.700308 -14.879312
  endloop
 endfacet
 facet normal -1 0 0
  outer loop
   vertex -32.600000 9.200000 -18.400000
   vertex -32.600000 0.488243 -15.442757
   vertex -32.600000 0.700308 -14.879312
  endloop
 endfacet
 facet normal 1 0 0
  outer loop
   vertex 32.600000 9.200000 -18.400000
   vertex 32.600000 0.700308 -14.879312
   vertex 32.600000 0.488243 -15.442757
  endloop
 endfacet
 facet normal 0 -0.95694 0.290286
  outer loop
   vertex -32.600000 0.488243 -15.442757
   vertex -32.600000 0.313482 -16.018865
   vertex 32.600000 0.313482 -16.018865
  endloop
 endfacet
 facet normal 0 -0.95694 0.290286
  outer loop
   vertex -32.600000 0.488243 -15.442757
   vertex 32.600000 0.313482 -16.018865
   vertex 32.600000 0.488243 -15.442757
  endloop
 endfacet
 facet normal -1 0 0
  outer loop
   vertex -32.600000 9.200000 -18.400000
   vertex -32.600000 0.313482 -16.018865
   vertex -32.600000 0.488243 -15.442757
  endloop
 endfacet
 facet normal 1 0 0
  outer loop
   vertex 32.600000 9.200000 -18.400000
   vertex 32.600000 0.488243 -15.442757
   vertex 32.600000 0.313482 -16.018865
  endloop
 endfacet
 facet normal 0 -0.973877 0.227076
  outer loop
   vertex -32.600000 0.313482 -16.018865
   vertex -32.600000 0.176775 -16.605169
   vertex 32.600000 0.176775 -16.605169
  endloop
 endfacet
 facet normal 0 -0.973877 0.227076
  outer loop
   vertex -32.600000 0.313482 -16.018865
   vertex 32.600000 0.176775 -16.605169
   vertex 32.600000 0.313482 -16.018865
  endloop
 endfacet
 facet normal -1 0 0
  outer loop
   vertex -32.600000 9.200000 -18.400000
   vertex -32.600000 0.176775 -16.605169
   vertex -32.600000 0.313482 -16.018865
  endloop
 endfacet
 facet normal 1 0 0
  outer loop
   vertex 32.600000 9.200000 -18.400000
   vertex 32.600000 0.313482 -16.018865
   vertex 32.600000 0.176775 -16.605169
  endloop
 endfacet
 facet normal 0 -0.986643 0.162895
  outer loop
   vertex -32.600000 0.176775 -16.605169
   vertex -32.600000 0.078707 -17.199159
   vertex 32.600000 0.078707 -17.199159
  endloop
 endfacet
 facet normal 0 -0.986643 0.162895
  outer loop
   vertex -32.600000 0.176775 -16.605169
   vertex 32.600000 0.078707 -17.199159
   vertex 32.600000 0.176775 -16.605169
  endloop
 endfacet
 facet normal -1 0 0
  outer loop
   vertex -32.600000 9.200000 -18.400000
   vertex -32.600000 0.078707 -17.199159
   vertex -32.600000 0.176775 -16.605169
  endloop
 endfacet
 facet normal 1 0 0
  outer loop
   vertex 32.600000 9.200000 -18.400000
   vertex 32.600000 0.176775 -16.605169
   vertex 32.600000 0.078707 -17.199159
  endloop
 endfacet
 facet normal 0 -0.995185 0.0980166
  outer loop
   vertex -32.600000 0.078707 -17.199159
   vertex -32.600000 0.019698 -17.798291
   vertex 32.600000 0.019698 -17.798291
  endloop
 endfacet
 facet normal 0 -0.995185 0.0980166
  outer loop
   vertex -32.600000 0.078707 -17.199159
   vertex 32.600000 0.019698 -17.798291
   vertex 32.600000 0.078707 -17.199159
  endloop
 endfacet
 facet normal -1 0 0
  outer loop
   vertex -32.600000 9.200000 -18.400000
   vertex -32.600000 0.019698 -17.798291
   vertex -32.600000 0.078707 -17.199159
  endloop
 endfacet
 facet normal 1 0 0
  outer loop
   vertex 32.600000 9.200000 -18.400000
   vertex 32.600000 0.078707 -17.199159
   vertex 32.600000 0.019698 -17.798291
  endloop
 endfacet
 facet normal 0 -0.999465 0.0327192
  outer loop
   vertex -32.600000 0.019698 -17.798291
   vertex -32.600000 0.000000 -18.400000
   vertex 32.600000 0.000000 -18.400000
  endloop
 endfacet
 facet normal 0 -0.999465 0.0327192
  outer loop
   vertex -32.600000 0.019698 -17.798291
   vertex 32.600000 0.000000 -18.400000
   vertex 32.600000 0.019698 -17.798291
  endloop
 endfacet
 facet normal -1 0 0
  outer loop
   vertex -32.600000 9.200000 -18.400000
   vertex -32.600000 0.000000 -18.400000
   vertex -32.600000 0.019698 -17.798291
  endloop
 endfacet
 facet normal 1 0 0
  outer loop
   vertex 32.600000 9.200000 -18.400000
   vertex 32.600000 0.019698 -17.798291
   vertex 32.600000 0.000000 -18.400000
  endloop
 endfacet
 facet normal 0 -0.999465 -0.0327192
  outer loop
   vertex -32.600000 0.000000 -18.400000
   vertex -32.600000 0.019698 -19.001709
   vertex 32.600000 0.019698 -19.001709
  endloop
 endfacet
 facet normal 0 -0.999465 -0.0327192
  outer loop
   vertex -32.600000 0.000000 -18.400000
   vertex 32.600000 0.019698 -19.001709
   vertex 32.600000 0.000000 -18.400000
  endloop
 endfacet
 facet normal -1 -0 0
  outer loop
   vertex -32.600000 9.200000 -18.400000
   vertex -32.600000 0.019698 -19.001709
   vertex -32.600000 0.000000 -18.400000
  endloop
 endfacet
 facet normal 1 0 0
  outer loop
   vertex 32.600000 9.200000 -18.400000
   vertex 32.600000 0.000000 -18.400000
   vertex 32.600000 0.019698 -19.001709
  endloop
 endfacet
 facet normal 0 -0.995185 -0.0980166
  outer loop
   vertex -32.600000 0.019698 -19.001709
   vertex -32.600000 0.078707 -19.600841
   vertex 32.600000 0.078707 -19.600841
  endloop
 endfacet
 facet normal 0 -0.995185 -0.0980166
  outer loop
   vertex -32.600000 0.019698 -19.001709
   vertex 32.600000 0.078707 -19.600841
   vertex 32.600000 0.019698 -19.001709
  endloop
 endfacet
 facet normal -1 0 0
  outer loop
   vertex -32.600000 9.200000 -18.400000
   vertex -32.600000 0.078707 -19.600841
   vertex -32.600000 0.019698 -19.001709
  endloop
 endfacet
 facet normal 1 0 0
  outer loop
   vertex 32.600000 9.200000 -18.400000
   vertex 32.600000 0.019698 -19.001709
   vertex 32.600000 0.078707 -19.600841
  endloop
 endfacet
 facet normal 0 -0.986643 -0.162895
  outer loop
   vertex -32.600000 0.078707 -19.600841
   vertex -32.600000 0.176775 -20.194831
   vertex 32.600000 0.176775 -20.194831
  endloop
 endfacet
 facet normal 0 -0.986643 -0.162895
  outer loop
   vertex -32.600000 0.078707 -19.600841
   vertex 32.600000 0.176775 -20.194831
   vertex 32.600000 0.078707 -19.600841
  endloop
 endfacet
 facet normal -1 0 0
  outer loop
   vertex -32.600000 9.200000 -18.400000
   vertex -32.600000 0.176775 -20.194831
   vertex -32.600000 0.078707 -19.600841
  endloop
 endfacet
 facet normal 1 0 0
  outer loop
   vertex 32.600000 9.200000 -18.400000
   vertex 32.600000 0.078707 -19.600841
   vertex 32.600000 0.176775 -20.194831
  endloop
 endfacet
 facet normal 0 -0.973877 -0.227076
  outer loop
   vertex -32.600000 0.176775 -20.194831
   vertex -32.600000 0.313482 -20.781135
   vertex 32.600000 0.313482 -20.781135
  endloop
 endfacet
 facet normal 0 -0.973877 -0.227076
  outer loop
   vertex -32.600000 0.176775 -20.194831
   vertex 32.600000 0.313482 -20.781135
   vertex 32.600000 0.176775 -20.194831
  endloop
 endfacet
 facet normal -1 0 0
  outer loop
   vertex -32.600000 9.200000 -18.400000
   vertex -32.600000 0.313482 -20.781135
   vertex -32.600000 0.176775 -20.194831
  endloop
 endfacet
 facet normal 1 0 0
  outer loop
   vertex 32.600000 9.200000 -18.400000
   vertex 32.600000 0.176775 -20.194831
   vertex 32.600000 0.313482 -20.781135
  endloop
 endfacet
 facet normal 0 -0.95694 -0.290286
  outer loop
   vertex -32.600000 0.313482 -20.781135
   vertex -32.600000 0.488243 -21.357243
   vertex 32.600000 0.488243 -21.357243
  endloop
 endfacet
 facet normal 0 -0.95694 -0.290286
  outer loop
   vertex -32.600000 0.313482 -20.781135
   vertex 32.600000 0.488243 -21.357243
   vertex 32.600000 0.313482 -20.781135
  endloop
 endfacet
 facet normal -1 0 0
  outer loop
   vertex -32.600000 9.200000 -18.400000
   vertex -32.600000 0.488243 -21.357243
   vertex -32.600000 0.313482 -20.781135
  endloop
 endfacet
 facet normal 1 0 0
  outer loop
   vertex 32.600000 9.200000 -18.400000
   vertex 32.600000 0.313482 -20.781135
   vertex 32.600000 0.488243 -21.357243
  endloop
 endfacet
 facet normal 0 -0.935906 -0.352249
  outer loop
   vertex -32.600000 0.488243 -21.357243
   vertex -32.600000 0.700308 -21.920688
   vertex 32.600000 0.700308 -21.920688
  endloop
 endfacet
 facet normal 0 -0.935906 -0.352249
  outer loop
   vertex -32.600000 0.488243 -21.357243
   vertex 32.600000 0.700308 -21.920688
   vertex 32.600000 0.488243 -21.357243
  endloop
 endfacet
 facet normal -1 0 0
  outer loop
   vertex -32.600000 9.200000 -18.400000
   vertex -32.600000 0.700308 -21.920688
   vertex -32.600000 0.488243 -21.357243
  endloop
 endfacet
 facet normal 1 0 0
  outer loop
   vertex 32.600000 9.200000 -18.400000
   vertex 32.600000 0.488243 -21.357243
   vertex 32.600000 0.700308 -21.920688
  endloop
 endfacet
 facet normal 0 -0.910863 -0.412708
  outer loop
   vertex -32.600000 0.700308 -21.920688
   vertex -32.600000 0.948771 -22.469056
   vertex 32.600000 0.948771 -22.469056
  endloop
 endfacet
 facet normal 0 -0.910863 -0.412708
  outer loop
   vertex -32.600000 0.700308 -21.920688
   vertex 32.600000 0.948771 -22.469056
   vertex 32.600000 0.700308 -21.920688
  endloop
 endfacet
 facet normal -1 0 0
  outer loop
   vertex -32.600000 9.200000 -18.400000
   vertex -32.600000 0.948771 -22.469056
   vertex -32.600000 0.700308 -21.920688
  endloop
 endfacet
 facet normal 1 0 0
  outer loop
   vertex 32.600000 9.200000 -18.400000
   vertex 32.600000 0.700308 -21.920688
   vertex 32.600000 0.948771 -22.469056
  endloop
 endfacet
 facet normal 0 -0.881922 -0.471396
  outer loop
   vertex -32.600000 0.948771 -22.469056
   vertex -32.600000 1.232566 -23.000000
   vertex 32.600000 1.232566 -23.000000
  endloop
 endfacet
 facet normal 0 -0.881922 -0.471396
  outer loop
   vertex -32.600000 0.948771 -22.469056
   vertex 32.600000 1.232566 -23.000000
   vertex 32.600000 0.948771 -22.469056
  endloop
 endfacet
 facet normal -1 0 0
  outer loop
   vertex -32.600000 9.200000 -18.400000
   vertex -32.600000 1.232566 -23.000000
   vertex -32.600000 0.948771 -22.469056
  endloop
 endfacet
 facet normal 1 0 0
  outer loop
   vertex 32.600000 9.200000 -18.400000
   vertex 32.600000 0.948771 -22.469056
   vertex 32.600000 1.232566 -23.000000
  endloop
 endfacet
 facet normal 0 -0.849202 -0.528069
  outer loop
   vertex -32.600000 1.232566 -23.000000
   vertex -32.600000 1.550480 -23.511246
   vertex 32.600000 1.550480 -23.511246
  endloop
 endfacet
 facet normal 0 -0.849202 -0.528069
  outer loop
   vertex -32.600000 1.232566 -23.000000
   vertex 32.600000 1.550480 -23.511246
   vertex 32.600000 1.232566 -23.000000
  endloop
 endfacet
 facet normal -1 0 0
  outer loop
   vertex -32.600000 9.200000 -18.400000
   vertex -32.600000 1.550480 -23.511246
   vertex -32.600000 1.232566 -23.000000
  endloop
 endfacet
 facet normal 1 0 0
  outer loop
   vertex 32.600000 9.200000 -18.400000
   vertex 32.600000 1.232566 -23.000000
   vertex 32.600000 1.550480 -23.511246
  endloop
 endfacet
 facet normal 0 -0.812847 -0.582477
  outer loop
   vertex -32.600000 1.550480 -23.511246
   vertex -32.600000 1.901149 -24.000605
   vertex 32.600000 1.901149 -24.000605
  endloop
 endfacet
 facet normal 0 -0.812847 -0.582477
  outer loop
   vertex -32.600000 1.550480 -23.511246
   vertex 32.600000 1.901149 -24.000605
   vertex 32.600000 1.550480 -23.511246
  endloop
 endfacet
 facet normal -1 0 0
  outer loop
   vertex -32.600000 9.200000 -18.400000
   vertex -32.600000 1.901149 -24.000605
   vertex -32.600000 1.550480 -23.511246
  endloop
 endfacet
 facet normal 1 0 0
  outer loop
   vertex 32.600000 9.200000 -18.400000
   vertex 32.600000 1.550480 -23.511246
   vertex 32.600000 1.901149 -24.000605
  endloop
 endfacet
 facet normal 0 -0.77301 -0.634394
  outer loop
   vertex -32.600000 1.901149 -24.000605
   vertex -32.600000 2.283074 -24.465981
   vertex 32.600000 2.283074 -24.465981
  endloop
 endfacet
 facet normal 0 -0.77301 -0.634394
  outer loop
   vertex -32.600000 1.901149 -24.000605
   vertex 32.600000 2.283074 -24.465981
   vertex 32.600000 1.901149 -24.000605
  endloop
 endfacet
 facet normal -1 0 0
  outer loop
   vertex -32.600000 9.200000 -18.400000
   vertex -32.600000 2.283074 -24.465981
   vertex -32.600000 1.901149 -24.000605
  endloop
 endfacet
 facet normal 1 0 0
  outer loop
   vertex 32.600000 9.200000 -18.400000
   vertex 32.600000 1.901149 -24.000605
   vertex 32.600000 2.283074 -24.465981
  endloop
 endfacet
 facet normal 0 -0.729864 -0.683592
  outer loop
   vertex -32.600000 2.283074 -24.465981
   vertex -32.600000 2.694618 -24.905382
   vertex 32.600000 2.694618 -24.905382
  endloop
 endfacet
 facet normal 0 -0.729864 -0.683592
  outer loop
   vertex -32.600000 2.283074 -24.465981
   vertex 32.600000 2.694618 -24.905382
   vertex 32.600000 2.283074 -24.465981
  endloop
 endfacet
 facet normal -1 0 0
  outer loop
   vertex -32.600000 9.200000 -18.400000
   vertex -32.600000 2.694618 -24.905382
   vertex -32.600000 2.283074 -24.465981
  endloop
 endfacet
 facet normal 1 0 0
  outer loop
   vertex 32.600000 9.200000 -18.400000
   vertex 32.600000 2.283074 -24.465981
   vertex 32.600000 2.694618 -24.905382
  endloop
 endfacet
 facet normal 0 -0.683592 -0.729864
  outer loop
   vertex -32.600000 2.694618 -24.905382
   vertex -32.600000 3.134019 -25.316926
   vertex 32.600000 3.134019 -25.316926
  endloop
 endfacet
 facet normal 0 -0.683592 -0.729864
  outer loop
   vertex -32.600000 2.694618 -24.905382
   vertex 32.600000 3.134019 -25.316926
   vertex 32.600000 2.694618 -24.905382
  endloop
 endfacet
 facet normal -1 0 0
  outer loop
   vertex -32.600000 9.200000 -18.400000
   vertex -32.600000 3.134019 -25.316926
   vertex -32.600000 2.694618 -24.905382
  endloop
 endfacet
 facet normal 1 0 0
  outer loop
   vertex 32.600000 9.200000 -18.400000
   vertex 32.600000 2.694618 -24.905382
   vertex 32.600000 3.134019 -25.316926
  endloop
 endfacet
 facet normal 0 -0.634394 -0.77301
  outer loop
   vertex -32.600000 3.134019 -25.316926
   vertex -32.600000 3.599395 -25.698851
   vertex 32.600000 3.599395 -25.698851
  endloop
 endfacet
 facet normal 0 -0.634394 -0.77301
  outer loop
   vertex -32.600000 3.134019 -25.316926
   vertex 32.600000 3.599395 -25.698851
   vertex 32.600000 3.134019 -25.316926
  endloop
 endfacet
 facet normal -1 0 0
  outer loop
   vertex -32.600000 9.200000 -18.400000
   vertex -32.600000 3.599395 -25.698851
   vertex -32.600000 3.134019 -25.316926
  endloop
 endfacet
 facet normal 1 0 0
  outer loop
   vertex 32.600000 9.200000 -18.400000
   vertex 32.600000 3.134019 -25.316926
   vertex 32.600000 3.599395 -25.698851
  endloop
 endfacet
 facet normal 0 -0.582477 -0.812847
  outer loop
   vertex -32.600000 3.599395 -25.698851
   vertex -32.600000 4.088754 -26.049520
   vertex 32.600000 4.088754 -26.049520
  endloop
 endfacet
 facet normal 0 -0.582477 -0.812847
  outer loop
   vertex -32.600000 3.599395 -25.698851
   vertex 32.600000 4.088754 -26.049520
   vertex 32.600000 3.599395 -25.698851
  endloop
 endfacet
 facet normal -1 0 0
  outer loop
   vertex -32.600000 9.200000 -18.400000
   vertex -32.600000 4.088754 -26.049520
   vertex -32.600000 3.599395 -25.698851
  endloop
 endfacet
 facet normal 1 0 0
  outer loop
   vertex 32.600000 9.200000 -18.400000
   vertex 32.600000 3.599395 -25.698851
   vertex 32.600000 4.088754 -26.049520
  endloop
 endfacet
 facet normal 0 -0.528069 -0.849202
  outer loop
   vertex -32.600000 4.088754 -26.049520
   vertex -32.600000 4.600000 -26.367434
   vertex 32.600000 4.600000 -26.367434
  endloop
 endfacet
 facet normal 0 -0.528069 -0.849202
  outer loop
   vertex -32.600000 4.088754 -26.049520
   vertex 32.600000 4.600000 -26.367434
   vertex 32.600000 4.088754 -26.049520
  endloop
 endfacet
 facet normal -1 0 0
  outer loop
   vertex -32.600000 9.200000 -18.400000
   vertex -32.600000 4.600000 -26.367434
   vertex -32.600000 4.088754 -26.049520
  endloop
 endfacet
 facet normal 1 0 0
  outer loop
   vertex 32.600000 9.200000 -18.400000
   vertex 32.600000 4.088754 -26.049520
   vertex 32.600000 4.600000 -26.367434
  endloop
 endfacet
 facet normal 0 -0.471396 -0.881922
  outer loop
   vertex -32.600000 4.600000 -26.367434
   vertex -32.600000 5.130944 -26.651229
   vertex 32.600000 5.130944 -26.651229
  endloop
 endfacet
 facet normal 0 -0.471396 -0.881922
  outer loop
   vertex -32.600000 4.600000 -26.367434
   vertex 32.600000 5.130944 -26.651229
   vertex 32.600000 4.600000 -26.367434
  endloop
 endfacet
 facet normal -1 0 0
  outer loop
   vertex -32.600000 9.200000 -18.400000
   vertex -32.600000 5.130944 -26.651229
   vertex -32.600000 4.600000 -26.367434
  endloop
 endfacet
 facet normal 1 0 0
  outer loop
   vertex 32.600000 9.200000 -18.400000
   vertex 32.600000 4.600000 -26.367434
   vertex 32.600000 5.130944 -26.651229
  endloop
 endfacet
 facet normal 0 -0.412708 -0.910863
  outer loop
   vertex -32.600000 5.130944 -26.651229
   vertex -32.600000 5.679312 -26.899692
   vertex 32.600000 5.679312 -26.899692
  endloop
 endfacet
 facet normal 0 -0.412708 -0.910863
  outer loop
   vertex -32.600000 5.130944 -26.651229
   vertex 32.600000 5.679312 -26.899692
   vertex 32.600000 5.130944 -26.651229
  endloop
 endfacet
 facet normal -1 0 0
  outer loop
   vertex -32.600000 9.200000 -18.400000
   vertex -32.600000 5.679312 -26.899692
   vertex -32.600000 5.130944 -26.651229
  endloop
 endfacet
 facet normal 1 0 0
  outer loop
   vertex 32.600000 9.200000 -18.400000
   vertex 32.600000 5.130944 -26.651229
   vertex 32.600000 5.679312 -26.899692
  endloop
 endfacet
 facet normal 0 -0.352249 -0.935906
  outer loop
   vertex -32.600000 5.679312 -26.899692
   vertex -32.600000 6.242757 -27.111757
   vertex 32.600000 6.242757 -27.111757
  endloop
 endfacet
 facet normal 0 -0.352249 -0.935906
  outer loop
   vertex -32.600000 5.679312 -26.899692
   vertex 32.600000 6.242757 -27.111757
   vertex 32.600000 5.679312 -26.899692
  endloop
 endfacet
 facet normal -1 0 0
  outer loop
   vertex -32.600000 9.200000 -18.400000
   vertex -32.600000 6.242757 -27.111757
   vertex -32.600000 5.679312 -26.899692
  endloop
 endfacet
 facet normal 1 0 0
  outer loop
   vertex 32.600000 9.200000 -18.400000
   vertex 32.600000 5.679312 -26.899692
   vertex 32.600000 6.242757 -27.111757
  endloop
 endfacet
 facet normal 0 -0.290286 -0.95694
  outer loop
   vertex -32.600000 6.242757 -27.111757
   vertex -32.600000 6.818865 -27.286518
   vertex 32.600000 6.818865 -27.286518
  endloop
 endfacet
 facet normal 0 -0.290286 -0.95694
  outer loop
   vertex -32.600000 6.242757 -27.111757
   vertex 32.600000 6.818865 -27.286518
   vertex 32.600000 6.242757 -27.111757
  endloop
 endfacet
 facet normal -1 0 0
  outer loop
   vertex -32.600000 9.200000 -18.400000
   vertex -32.600000 6.818865 -27.286518
   vertex -32.600000 6.242757 -27.111757
  endloop
 endfacet
 facet normal 1 0 0
  outer loop
   vertex 32.600000 9.200000 -18.400000
   vertex 32.600000 6.242757 -27.111757
   vertex 32.600000 6.818865 -27.286518
  endloop
 endfacet
 facet normal 0 -0.227076 -0.973877
  outer loop
   vertex -32.600000 6.818865 -27.286518
   vertex -32.600000 7.405169 -27.423225
   vertex 32.600000 7.405169 -27.423225
  endloop
 endfacet
 facet normal 0 -0.227076 -0.973877
  outer loop
   vertex -32.600000 6.818865 -27.286518
   vertex 32.600000 7.405169 -27.423225
   vertex 32.600000 6.818865 -27.286518
  endloop
 endfacet
 facet normal -1 0 0
  outer loop
   vertex -32.600000 9.200000 -18.400000
   vertex -32.600000 7.405169 -27.423225
   vertex -32.600000 6.818865 -27.286518
  endloop
 endfacet
 facet normal 1 0 0
  outer loop
   vertex 32.600000 9.200000 -18.400000
   vertex 32.600000 6.818865 -27.286518
   vertex 32.600000 7.405169 -27.423225
  endloop
 endfacet
 facet normal 0 -0.162895 -0.986643
  outer loop
   vertex -32.600000 7.405169 -27.423225
   vertex -32.600000 7.999159 -27.521293
   vertex 32.600000 7.999159 -27.521293
  endloop
 endfacet
 facet normal 0 -0.162895 -0.986643
  outer loop
   vertex -32.600000 7.405169 -27.423225
   vertex 32.600000 7.999159 -27.521293
   vertex 32.600000 7.405169 -27.423225
  endloop
 endfacet
 facet normal -1 0 0
  outer loop
   vertex -32.600000 9.200000 -18.400000
   vertex -32.600000 7.999159 -27.521293
   vertex -32.600000 7.405169 -27.423225
  endloop
 endfacet
 facet normal 1 0 0
  outer loop
   vertex 32.600000 9.200000 -18.400000
   vertex 32.600000 7.405169 -27.423225
   vertex 32.600000 7.999159 -27.521293
  endloop
 endfacet
 facet normal 0 -0.0980166 -0.995185
  outer loop
   vertex -32.600000 7.999159 -27.521293
   vertex -32.600000 8.598291 -27.580302
   vertex 32.600000 8.598291 -27.580302
  endloop
 endfacet
 facet normal 0 -0.0980166 -0.995185
  outer loop
   vertex -32.600000 7.999159 -27.521293
   vertex 32.600000 8.598291 -27.580302
   vertex 32.600000 7.999159 -27.521293
  endloop
 endfacet
 facet normal -1 0 0
  outer loop
   vertex -32.600000 9.200000 -18.400000
   vertex -32.600000 8.598291 -27.580302
   vertex -32.600000 7.999159 -27.521293
  endloop
 endfacet
 facet normal 1 0 0
  outer loop
   vertex 32.600000 9.200000 -18.400000
   vertex 32.600000 7.999159 -27.521293
   vertex 32.600000 8.598291 -27.580302
  endloop
 endfacet
 facet normal 0 -0.0327192 -0.999465
  outer loop
   vertex -32.600000 8.598291 -27.580302
   vertex -32.600000 9.200000 -27.600000
   vertex 32.600000 9.200000 -27.600000
  endloop
 endfacet
 facet normal 0 -0.0327192 -0.999465
  outer loop
   vertex -32.600000 8.598291 -27.580302
   vertex 32.600000 9.200000 -27.600000
   vertex 32.600000 8.598291 -27.580302
  endloop
 endfacet
 facet normal -1 0 -0
  outer loop
   vertex -32.600000 9.200000 -18.400000
   vertex -32.600000 9.200000 -27.600000
   vertex -32.600000 8.598291 -27.580302
  endloop
 endfacet
 facet normal 1 0 0
  outer loop
   vertex 32.600000 9.200000 -18.400000
   vertex 32.600000 8.598291 -27.580302
   vertex 32.600000 9.200000 -27.600000
  endloop
 endfacet
 facet normal 0 0.0327192 -0.999465
  outer loop
   vertex -32.600000 9.200000 -27.600000
   vertex -32.600000 9.801709 -27.580302
   vertex 32.600000 9.801709 -27.580302
  endloop
 endfacet
 facet normal 0 0.0327192 -0.999465
  outer loop
   vertex -32.600000 9.200000 -27.600000
   vertex 32.600000 9.801709 -27.580302
   vertex 32.600000 9.200000 -27.600000
  endloop
 endfacet
 facet normal -1 0 0
  outer loop
   vertex -32.600000 9.200000 -18.400000
   vertex -32.600000 9.801709 -27.580302
   vertex -32.600000 9.200000 -27.600000
  endloop
 endfacet
 facet normal 1 0 0
  outer loop
   vertex 32.600000 9.200000 -18.400000
   vertex 32.600000 9.200000 -27.600000
   vertex 32.600000 9.801709 -27.580302
  endloop
 endfacet
 facet normal 0 0.0980166 -0.995185
  outer loop
   vertex -32.600000 9.801709 -27.580302
   vertex -32.600000 10.400841 -27.521293
   vertex 32.600000 10.400841 -27.521293
  endloop
 endfacet
 facet normal 0 0.0980166 -0.995185
  outer loop
   vertex -32.600000 9.801709 -27.580302
   vertex 32.600000 10.400841 -27.521293
   vertex 32.600000 9.801709 -27.580302
  endloop
 endfacet
 facet normal -1 0 0
  outer loop
   vertex -32.600000 9.200000 -18.400000
   vertex -32.600000 10.400841 -27.521293
   vertex -32.600000 9.801709 -27.580302
  endloop
 endfacet
 facet normal 1 0 0
  outer loop
   vertex 32.600000 9.200000 -18.400000
   vertex 32.600000 9.801709 -27.580302
   vertex 32.600000 10.400841 -27.521293
  endloop
 endfacet
 facet normal 0 0.162895 -0.986643
  outer loop
   vertex -32.600000 10.400841 -27.521293
   vertex -32.600000 10.994831 -27.423225
   vertex 32.600000 10.994831 -27.423225
  endloop
 endfacet
 facet normal 0 0.162895 -0.986643
  outer loop
   vertex -32.600000 10.400841 -27.521293
   vertex 32.600000 10.994831 -27.423225
   vertex 32.600000 10.400841 -27.521293
  endloop
 endfacet
 facet normal -1 0 0
  outer loop
   vertex -32.600000 9.200000 -18.400000
   vertex -32.600000 10.994831 -27.423225
   vertex -32.600000 10.400841 -27.521293
  endloop
 endfacet
 facet normal 1 0 0
  outer loop
   vertex 32.600000 9.200000 -18.400000
   vertex 32.600000 10.400841 -27.521293
   vertex 32.600000 10.994831 -27.423225
  endloop
 endfacet
 facet normal 0 0.227076 -0.973877
  outer loop
   vertex -32.600000 10.994831 -27.423225
   vertex -32.600000 11.581135 -27.286518
   vertex 32.600000 11.581135 -27.286518
  endloop
 endfacet
 facet normal 0 0.227076 -0.973877
  outer loop
   vertex -32.600000 10.994831 -27.423225
   vertex 32.600000 11.581135 -27.286518
   vertex 32.600000 10.994831 -27.423225
  endloop
 endfacet
 facet normal -1 0 0
  outer loop
   vertex -32.600000 9.200000 -18.400000
   vertex -32.600000 11.581135 -27.286518
   vertex -32.600000 10.994831 -27.423225
  endloop
 endfacet
 facet normal 1 0 0
  outer loop
   vertex 32.600000 9.200000 -18.400000
   vertex 32.600000 10.994831 -27.423225
   vertex 32.600000 11.581135 -27.286518
  endloop
 endfacet
 facet normal 0 0.290286 -0.95694
  outer loop
   vertex -32.600000 11.581135 -27.286518
   vertex -32.600000 12.157243 -27.111757
   vertex 32.600000 12.157243 -27.111757
  endloop
 endfacet
 facet normal 0 0.290286 -0.95694
  outer loop
   vertex -32.600000 11.581135 -27.286518
   vertex 32.600000 12.157243 -27.111757
   vertex 32.600000 11.581135 -27.286518
  endloop
 endfacet
 facet normal -1 0 0
  outer loop
   vertex -32.600000 9.200000 -18.400000
   vertex -32.600000 12.157243 -27.111757
   vertex -32.600000 11.581135 -27.286518
  endloop
 endfacet
 facet normal 1 0 0
  outer loop
   vertex 32.600000 9.200000 -18.400000
   vertex 32.600000 11.581135 -27.286518
   vertex 32.600000 12.157243 -27.111757
  endloop
 endfacet
 facet normal 0 0.352249 -0.935906
  outer loop
   vertex -32.600000 12.157243 -27.111757
   vertex -32.600000 12.720688 -26.899692
   vertex 32.600000 12.720688 -26.899692
  endloop
 endfacet
 facet normal 0 0.352249 -0.935906
  outer loop
   vertex -32.600000 12.157243 -27.111757
   vertex 32.600000 12.720688 -26.899692
   vertex 32.600000 12.157243 -27.111757
  endloop
 endfacet
 facet normal -1 0 0
  outer loop
   vertex -32.600000 9.200000 -18.400000
   vertex -32.600000 12.720688 -26.899692
   vertex -32.600000 12.157243 -27.111757
  endloop
 endfacet
 facet normal 1 0 0
  outer loop
   vertex 32.600000 9.200000 -18.400000
   vertex 32.600000 12.157243 -27.111757
   vertex 32.600000 12.720688 -26.899692
  endloop
 endfacet
 facet normal 0 0.412708 -0.910863
  outer loop
   vertex -32.600000 12.720688 -26.899692
   vertex -32.600000 13.269056 -26.651229
   vertex 32.600000 13.269056 -26.651229
  endloop
 endfacet
 facet normal 0 0.412708 -0.910863
  outer loop
   vertex -32.600000 12.720688 -26.899692
   vertex 32.600000 13.269056 -26.651229
   vertex 32.600000 12.720688 -26.899692
  endloop
 endfacet
 facet normal -1 0 0
  outer loop
   vertex -32.600000 9.200000 -18.400000
   vertex -32.600000 13.269056 -26.651229
   vertex -32.600000 12.720688 -26.899692
  endloop
 endfacet
 facet normal 1 0 0
  outer loop
   vertex 32.600000 9.200000 -18.400000
   vertex 32.600000 12.720688 -26.899692
   vertex 32.600000 13.269056 -26.651229
  endloop
 endfacet
 facet normal 0 0.471396 -0.881922
  outer loop
   vertex -32.600000 13.269056 -26.651229
   vertex -32.600000 13.800000 -26.367434
   vertex 32.600000 13.800000 -26.367434
  endloop
 endfacet
 facet normal 0 0.471396 -0.881922
  outer loop
   vertex -32.600000 13.269056 -26.651229
   vertex 32.600000 13.800000 -26.367434
   vertex 32.600000 13.269056 -26.651229
  endloop
 endfacet
 facet normal -1 0 0
  outer loop
   vertex -32.600000 9.200000 -18.400000
   vertex -32.600000 13.800000 -26.367434
   vertex -32.600000 13.269056 -26.651229
  endloop
 endfacet
 facet normal 1 0 0
  outer loop
   vertex 32.600000 9.200000 -18.400000
   vertex 32.600000 13.269056 -26.651229
   vertex 32.600000 13.800000 -26.367434
  endloop
 endfacet
 facet normal 0 0.528069 -0.849202
  outer loop
   vertex -32.600000 13.800000 -26.367434
   vertex -32.600000 14.311246 -26.049520
   vertex 32.600000 14.311246 -26.049520
  endloop
 endfacet
 facet normal 0 0.528069 -0.849202
  outer loop
   vertex -32.600000 13.800000 -26.367434
   vertex 32.600000 14.311246 -26.049520
   vertex 32.600000 13.800000 -26.367434
  endloop
 endfacet
 facet normal -1 0 0
  outer loop
   vertex -32.600000 9.200000 -18.400000
   vertex -32.600000 14.311246 -26.049520
   vertex -32.600000 13.800000 -26.367434
  endloop
 endfacet
 facet normal 1 0 0
  outer loop
   vertex 32.600000 9.200000 -18.400000
   vertex 32.600000 13.800000 -26.367434
   vertex 32.600000 14.311246 -26.049520
  endloop
 endfacet
 facet normal 0 0.582477 -0.812847
  outer loop
   vertex -32.600000 14.311246 -26.049520
   vertex -32.600000 14.800605 -25.698851
   vertex 32.600000 14.800605 -25.698851
  endloop
 endfacet
 facet normal 0 0.582477 -0.812847
  outer loop
   vertex -32.600000 14.311246 -26.049520
   vertex 32.600000 14.800605 -25.698851
   vertex 32.600000 14.311246 -26.049520
  endloop
 endfacet
 facet normal -1 0 0
  outer loop
   vertex -32.600000 9.200000 -18.400000
   vertex -32.600000 14.800605 -25.698851
   vertex -32.600000 14.311246 -26.049520
  endloop
 endfacet
 facet normal 1 0 0
  outer loop
   vertex 32.600000 9.200000 -18.400000
   vertex 32.600000 14.311246 -26.049520
   vertex 32.600000 14.800605 -25.698851
  endloop
 endfacet
 facet normal 0 0.634394 -0.77301
  outer loop
   vertex -32.600000 14.800605 -25.698851
   vertex -32.600000 15.265981 -25.316926
   vertex 32.600000 15.265981 -25.316926
  endloop
 endfacet
 facet normal 0 0.634394 -0.77301
  outer loop
   vertex -32.600000 14.800605 -25.698851
   vertex 32.600000 15.265981 -25.316926
   vertex 32.600000 14.800605 -25.698851
  endloop
 endfacet
 facet normal -1 0 0
  outer loop
   vertex -32.600000 9.200000 -18.400000
   vertex -32.600000 15.265981 -25.316926
   vertex -32.600000 14.800605 -25.698851
  endloop
 endfacet
 facet normal 1 0 0
  outer loop
   vertex 32.600000 9.200000 -18.400000
   vertex 32.600000 14.800605 -25.698851
   vertex 32.600000 15.265981 -25.316926
  endloop
 endfacet
 facet normal 0 0.683592 -0.729864
  outer loop
   vertex -32.600000 15.265981 -25.316926
   vertex -32.600000 15.705382 -24.905382
   vertex 32.600000 15.705382 -24.905382
  endloop
 endfacet
 facet normal 0 0.683592 -0.729864
  outer loop
   vertex -32.600000 15.265981 -25.316926
   vertex 32.600000 15.705382 -24.905382
   vertex 32.600000 15.265981 -25.316926
  endloop
 endfacet
 facet normal -1 0 0
  outer loop
   vertex -32.600000 9.200000 -18.400000
   vertex -32.600000 15.705382 -24.905382
   vertex -32.600000 15.265981 -25.316926
  endloop
 endfacet
 facet normal 1 0 0
  outer loop
   vertex 32.600000 9.200000 -18.400000
   vertex 32.600000 15.265981 -25.316926
   vertex 32.600000 15.705382 -24.905382
  endloop
 endfacet
 facet normal 0 0.729864 -0.683592
  outer loop
   vertex -32.600000 15.705382 -24.905382
   vertex -32.600000 16.116926 -24.465981
   vertex 32.600000 16.116926 -24.465981
  endloop
 endfacet
 facet normal 0 0.729864 -0.683592
  outer loop
   vertex -32.600000 15.705382 -24.905382
   vertex 32.600000 16.116926 -24.465981
   vertex 32.600000 15.705382 -24.905382
  endloop
 endfacet
 facet normal -1 0 0
  outer loop
   vertex -32.600000 9.200000 -18.400000
   vertex -32.600000 16.116926 -24.465981
   vertex -32.600000 15.705382 -24.905382
  endloop
 endfacet
 facet normal 1 0 0
  outer loop
   vertex 32.600000 9.200000 -18.400000
   vertex 32.600000 15.705382 -24.905382
   vertex 32.600000 16.116926 -24.465981
  endloop
 endfacet
 facet normal 0 0.77301 -0.634394
  outer loop
   vertex -32.600000 16.116926 -24.465981
   vertex -32.600000 16.498851 -24.000605
   vertex 32.600000 16.498851 -24.000605
  endloop
 endfacet
 facet normal 0 0.77301 -0.634394
  outer loop
   vertex -32.600000 16.116926 -24.465981
   vertex 32.600000 16.498851 -24.000605
   vertex 32.600000 16.116926 -24.465981
  endloop
 endfacet
 facet normal -1 0 0
  outer loop
   vertex -32.600000 9.200000 -18.400000
   vertex -32.600000 16.498851 -24.000605
   vertex -32.600000 16.116926 -24.465981
  endloop
 endfacet
 facet normal 1 0 0
  outer loop
   vertex 32.600000 9.200000 -18.400000
   vertex 32.600000 16.116926 -24.465981
   vertex 32.600000 16.498851 -24.000605
  endloop
 endfacet
 facet normal 0 0.812847 -0.582477
  outer loop
   vertex -32.600000 16.498851 -24.000605
   vertex -32.600000 16.849520 -23.511246
   vertex 32.600000 16.849520 -23.511246
  endloop
 endfacet
 facet normal 0 0.812847 -0.582477
  outer loop
   vertex -32.600000 16.498851 -24.000605
   vertex 32.600000 16.849520 -23.511246
   vertex 32.600000 16.498851 -24.000605
  endloop
 endfacet
 facet normal -1 0 0
  outer loop
   vertex -32.600000 9.200000 -18.400000
   vertex -32.600000 16.849520 -23.511246
   vertex -32.600000 16.498851 -24.000605
  endloop
 endfacet
 facet normal 1 0 0
  outer loop
   vertex 32.600000 9.200000 -18.400000
   vertex 32.600000 16.498851 -24.000605
   vertex 32.600000 16.849520 -23.511246
  endloop
 endfacet
 facet normal 0 0.849202 -0.528069
  outer loop
   vertex -32.600000 16.849520 -23.511246
   vertex -32.600000 17.167434 -23.000000
   vertex 32.600000 17.167434 -23.000000
  endloop
 endfacet
 facet normal 0 0.849202 -0.528069
  outer loop
   vertex -32.600000 16.849520 -23.511246
   vertex 32.600000 17.167434 -23.000000
   vertex 32.600000 16.849520 -23.511246
  endloop
 endfacet
 facet normal -1 0 0
  outer loop
   vertex -32.600000 9.200000 -18.400000
   vertex -32.600000 17.167434 -23.000000
   vertex -32.600000 16.849520 -23.511246
  endloop
 endfacet
 facet normal 1 0 0
  outer loop
   vertex 32.600000 9.200000 -18.400000
   vertex 32.600000 16.849520 -23.511246
   vertex 32.600000 17.167434 -23.000000
  endloop
 endfacet
 facet normal 0 0.881922 -0.471396
  outer loop
   vertex -32.600000 17.167434 -23.000000
   vertex -32.600000 17.451229 -22.469056
   vertex 32.600000 17.451229 -22.469056
  endloop
 endfacet
 facet normal 0 0.881922 -0.471396
  outer loop
   vertex -32.600000 17.167434 -23.000000
   vertex 32.600000 17.451229 -22.469056
   vertex 32.600000 17.167434 -23.000000
  endloop
 endfacet
 facet normal -1 0 0
  outer loop
   vertex -32.600000 9.200000 -18.400000
   vertex -32.600000 17.451229 -22.469056
   vertex -32.600000 17.167434 -23.000000
  endloop
 endfacet
 facet normal 1 0 0
  outer loop
   vertex 32.600000 9.200000 -18.400000
   vertex 32.600000 17.167434 -23.000000
   vertex 32.600000 17.451229 -22.469056
  endloop
 endfacet
 facet normal 0 0.910863 -0.412708
  outer loop
   vertex -32.600000 17.451229 -22.469056
   vertex -32.600000 17.699692 -21.920688
   vertex 32.600000 17.699692 -21.920688
  endloop
 endfacet
 facet normal 0 0.910863 -0.412708
  outer loop
   vertex -32.600000 17.451229 -22.469056
   vertex 32.600000 17.699692 -21.920688
   vertex 32.600000 17.451229 -22.469056
  endloop
 endfacet
 facet normal -1 0 0
  outer loop
   vertex -32.600000 9.200000 -18.400000
   vertex -32.600000 17.699692 -21.920688
   vertex -32.600000 17.451229 -22.469056
  endloop
 endfacet
 facet normal 1 0 0
  outer loop
   vertex 32.600000 9.200000 -18.400000
   vertex 32.600000 17.451229 -22.469056
   vertex 32.600000 17.699692 -21.920688
  endloop
 endfacet
 facet normal 0 0.935906 -0.352249
  outer loop
   vertex -32.600000 17.699692 -21.920688
   vertex -32.600000 17.911757 -21.357243
   vertex 32.600000 17.911757 -21.357243
  endloop
 endfacet
 facet normal 0 0.935906 -0.352249
  outer loop
   vertex -32.600000 17.699692 -21.920688
   vertex 32.600000 17.911757 -21.357243
   vertex 32.600000 17.699692 -21.920688
  endloop
 endfacet
 facet normal -1 0 0
  outer loop
   vertex -32.600000 9.200000 -18.400000
   vertex -32.600000 17.911757 -21.357243
   vertex -32.600000 17.699692 -21.920688
  endloop
 endfacet
 facet normal 1 0 0
  outer loop
   vertex 32.600000 9.200000 -18.400000
   vertex 32.600000 17.699692 -21.920688
   vertex 32.600000 17.911757 -21.357243
  endloop
 endfacet
 facet normal 0 0.95694 -0.290286
  outer loop
   vertex -32.600000 17.911757 -21.357243
   vertex -32.600000 18.086518 -20.781135
   vertex 32.600000 18.086518 -20.781135
  endloop
 endfacet
 facet normal 0 0.95694 -0.290286
  outer loop
   vertex -32.600000 17.911757 -21.357243
   vertex 32.600000 18.086518 -20.781135
   vertex 32.600000 17.911757 -21.357243
  endloop
 endfacet
 facet normal -1 0 0
  outer loop
   vertex -32.600000 9.200000 -18.400000
   vertex -32.600000 18.086518 -20.781135
   vertex -32.600000 17.911757 -21.357243
  endloop
 endfacet
 facet normal 1 0 0
  outer loop
   vertex 32.600000 9.200000 -18.400000
   vertex 32.600000 17.911757 -21.357243
   vertex 32.600000 18.086518 -20.781135
  endloop
 endfacet
 facet normal 0 0.973877 -0.227076
  outer loop
   vertex -32.600000 18.086518 -20.781135
   vertex -32.600000 18.223225 -20.194831
   vertex 32.600000 18.223225 -20.194831
  endloop
 endfacet
 facet normal 0 0.973877 -0.227076
  outer loop
   vertex -32.600000 18.086518 -20.781135
   vertex 32.600000 18.223225 -20.194831
   vertex 32.600000 18.086518 -20.781135
  endloop
 endfacet
 facet normal -1 0 0
  outer loop
   vertex -32.600000 9.200000 -18.400000
   vertex -32.600000 18.223225 -20.194831
   vertex -32.600000 18.086518 -20.781135
  endloop
 endfacet
 facet normal 1 0 0
  outer loop
   vertex 32.600000 9.200000 -18.400000
   vertex 32.600000 18.086518 -20.781135
   vertex 32.600000 18.223225 -20.194831
  endloop
 endfacet
 facet normal 0 0.986643 -0.162895
  outer loop
   vertex -32.600000 18.223225 -20.194831
   vertex -32.600000 18.321293 -19.600841
   vertex 32.600000 18.321293 -19.600841
  endloop
 endfacet
 facet normal 0 0.986643 -0.162895
  outer loop
   vertex -32.600000 18.223225 -20.194831
   vertex 32.600000 18.321293 -19.600841
   vertex 32.600000 18.223225 -20.194831
  endloop
 endfacet
 facet normal -1 0 0
  outer loop
   vertex -32.600000 9.200000 -18.400000
   vertex -32.600000 18.321293 -19.600841
   vertex -32.600000 18.223225 -20.194831
  endloop
 endfacet
 facet normal 1 0 0
  outer loop
   vertex 32.600000 9.200000 -18.400000
   vertex 32.600000 18.223225 -20.194831
   vertex 32.600000 18.321293 -19.600841
  endloop
 endfacet
 facet normal 0 0.995185 -0.0980166
  outer loop
   vertex -32.600000 18.321293 -19.600841
   vertex -32.600000 18.380302 -19.001709
   vertex 32.600000 18.380302 -19.001709
  endloop
 endfacet
 facet normal 0 0.995185 -0.0980166
  outer loop
   vertex -32.600000 18.321293 -19.600841
   vertex 32.600000 18.380302 -19.001709
   vertex 32.600000 18.321293 -19.600841
  endloop
 endfacet
 facet normal -1 0 0
  outer loop
   vertex -32.600000 9.200000 -18.400000
   vertex -32.600000 18.380302 -19.001709
   vertex -32.600000 18.321293 -19.600841
  endloop
 endfacet
 facet normal 1 0 0
  outer loop
   vertex 32.600000 9.200000 -18.400000
   vertex 32.600000 18.321293 -19.600841
   vertex 32.600000 18.380302 -19.001709
  endloop
 endfacet
 facet normal 0 0.999465 -0.0327192
  outer loop
   vertex -32.600000 18.380302 -19.001709
   vertex -32.600000 18.400000 -18.400000
   vertex 32.600000 18.400000 -18.400000
  endloop
 endfacet
 facet normal 0 0.999465 -0.0327192
  outer loop
   vertex -32.600000 18.380302 -19.001709
   vertex 32.600000 18.400000 -18.400000
   vertex 32.600000 18.380302 -19.001709
  endloop
 endfacet
 facet normal -1 0 0
  outer loop
   vertex -32.600000 9.200000 -18.400000
   vertex -32.600000 18.400000 -18.400000
   vertex -32.600000 18.380302 -19.001709
  endloop
 endfacet
 facet normal 1 -0 0
  outer loop
   vertex 32.600000 9.200000 -18.400000
   vertex 32.600000 18.380302 -19.001709
   vertex 32.600000 18.400000 -18.400000
  endloop
 endfacet
 facet normal 0 0.999465 0.0327192
  outer loop
   vertex -32.600000 18.400000 0.000000
   vertex -32.600000 18.380302 0.601709
   vertex 32.600000 18.380302 0.601709
  endloop
 endfacet
 facet normal -0 0.999465 0.0327192
  outer loop
   vertex -32.600000 18.400000 0.000000
   vertex 32.600000 18.380302 0.601709
   vertex 32.600000 18.400000 0.000000
  endloop
 endfacet
 facet normal -1 0 0
  outer loop
   vertex -32.600000 9.200000 0.000000
   vertex -32.600000 18.380302 0.601709
   vertex -32.600000 18.400000 0.000000
  endloop
 endfacet
 facet normal 1 0 0
  outer loop
   vertex 32.600000 9.200000 0.000000
   vertex 32.600000 18.400000 0.000000
   vertex 32.600000 18.380302 0.601709
  endloop
 endfacet
 facet normal 0 0.995185 0.0980166
  outer loop
   vertex -32.600000 18.380302 0.601709
   vertex -32.600000 18.321293 1.200841
   vertex 32.600000 18.321293 1.200841
  endloop
 endfacet
 facet normal -0 0.995185 0.0980166
  outer loop
   vertex -32.600000 18.380302 0.601709
   vertex 32.600000 18.321293 1.200841
   vertex 32.600000 18.380302 0.601709
  endloop
 endfacet
 facet normal -1 0 0
  outer loop
   vertex -32.600000 9.200000 0.000000
   vertex -32.600000 18.321293 1.200841
   vertex -32.600000 18.380302 0.601709
  endloop
 endfacet
 facet normal 1 0 0
  outer loop
   vertex 32.600000 9.200000 0.000000
   vertex 32.600000 18.380302 0.601709
   vertex 32.600000 18.321293 1.200841
  endloop
 endfacet
 facet normal 0 0.986643 0.162895
  outer loop
   vertex -32.600000 18.321293 1.200841
   vertex -32.600000 18.223225 1.794831
   vertex 32.600000 18.223225 1.794831
  endloop
 endfacet
 facet normal -0 0.986643 0.162895
  outer loop
   vertex -32.600000 18.321293 1.200841
   vertex 32.600000 18.223225 1.794831
   vertex 32.600000 18.321293 1.200841
  endloop
 endfacet
 facet normal -1 0 0
  outer loop
   vertex -32.600000 9.200000 0.000000
   vertex -32.600000 18.223225 1.794831
   vertex -32.600000 18.321293 1.200841
  endloop
 endfacet
 facet normal 1 0 0
  outer loop
   vertex 32.600000 9.200000 0.000000
   vertex 32.600000 18.321293 1.200841
   vertex 32.600000 18.223225 1.794831
  endloop
 endfacet
 facet normal 0 0.973877 0.227076
  outer loop
   vertex -32.600000 18.223225 1.794831
   vertex -32.600000 18.086518 2.381135
   vertex 32.600000 18.086518 2.381135
  endloop
 endfacet
 facet normal -0 0.973877 0.227076
  outer loop
   vertex -32.600000 18.223225 1.794831
   vertex 32.600000 18.086518 2.381135
   vertex 32.600000 18.223225 1.794831
  endloop
 endfacet
 facet normal -1 0 0
  outer loop
   vertex -32.600000 9.200000 0.000000
   vertex -32.600000 18.086518 2.381135
   vertex -32.600000 18.223225 1.794831
  endloop
 endfacet
 facet normal 1 0 0
  outer loop
   vertex 32.600000 9.200000 0.000000
   vertex 32.600000 18.223225 1.794831
   vertex 32.600000 18.086518 2.381135
  endloop
 endfacet
 facet normal 0 0.95694 0.290286
  outer loop
   vertex -32.600000 18.086518 2.381135
   vertex -32.600000 17.911757 2.957243
   vertex 32.600000 17.911757 2.957243
  endloop
 endfacet
 facet normal -0 0.95694 0.290286
  outer loop
   vertex -32.600000 18.086518 2.381135
   vertex 32.600000 17.911757 2.957243
   vertex 32.600000 18.086518 2.381135
  endloop
 endfacet
 facet normal -1 0 0
  outer loop
   vertex -32.600000 9.200000 0.000000
   vertex -32.600000 17.911757 2.957243
   vertex -32.600000 18.086518 2.381135
  endloop
 endfacet
 facet normal 1 0 0
  outer loop
   vertex 32.600000 9.200000 0.000000
   vertex 32.600000 18.086518 2.381135
   vertex 32.600000 17.911757 2.957243
  endloop
 endfacet
 facet normal 0 0.935906 0.352249
  outer loop
   vertex -32.600000 17.911757 2.957243
   vertex -32.600000 17.699692 3.520688
   vertex 32.600000 17.699692 3.520688
  endloop
 endfacet
 facet normal -0 0.935906 0.352249
  outer loop
   vertex -32.600000 17.911757 2.957243
   vertex 32.600000 17.699692 3.520688
   vertex 32.600000 17.911757 2.957243
  endloop
 endfacet
 facet normal -1 0 0
  outer loop
   vertex -32.600000 9.200000 0.000000
   vertex -32.600000 17.699692 3.520688
   vertex -32.600000 17.911757 2.957243
  endloop
 endfacet
 facet normal 1 0 0
  outer loop
   vertex 32.600000 9.200000 0.000000
   vertex 32.600000 17.911757 2.957243
   vertex 32.600000 17.699692 3.520688
  endloop
 endfacet
 facet normal 0 0.910863 0.412708
  outer loop
   vertex -32.600000 17.699692 3.520688
   vertex -32.600000 17.451229 4.069056
   vertex 32.600000 17.451229 4.069056
  endloop
 endfacet
 facet normal -0 0.910863 0.412708
  outer loop
   vertex -32.600000 17.699692 3.520688
   vertex 32.600000 17.451229 4.069056
   vertex 32.600000 17.699692 3.520688
  endloop
 endfacet
 facet normal -1 0 0
  outer loop
   vertex -32.600000 9.200000 0.000000
   vertex -32.600000 17.451229 4.069056
   vertex -32.600000 17.699692 3.520688
  endloop
 endfacet
 facet normal 1 0 0
  outer loop
   vertex 32.600000 9.200000 0.000000
   vertex 32.600000 17.699692 3.520688
   vertex 32.600000 17.451229 4.069056
  endloop
 endfacet
 facet normal 0 0.881922 0.471396
  outer loop
   vertex -32.600000 17.451229 4.069056
   vertex -32.600000 17.167434 4.600000
   vertex 32.600000 17.167434 4.600000
  endloop
 endfacet
 facet normal -0 0.881922 0.471396
  outer loop
   vertex -32.600000 17.451229 4.069056
   vertex 32.600000 17.167434 4.600000
   vertex 32.600000 17.451229 4.069056
  endloop
 endfacet
 facet normal -1 0 0
  outer loop
   vertex -32.600000 9.200000 0.000000
   vertex -32.600000 17.167434 4.600000
   vertex -32.600000 17.451229 4.069056
  endloop
 endfacet
 facet normal 1 0 0
  outer loop
   vertex 32.600000 9.200000 0.000000
   vertex 32.600000 17.451229 4.069056
   vertex 32.600000 17.167434 4.600000
  endloop
 endfacet
 facet normal 0 0.849202 0.528069
  outer loop
   vertex -32.600000 17.167434 4.600000
   vertex -32.600000 16.849520 5.111246
   vertex 32.600000 16.849520 5.111246
  endloop
 endfacet
 facet normal -0 0.849202 0.528069
  outer loop
   vertex -32.600000 17.167434 4.600000
   vertex 32.600000 16.849520 5.111246
   vertex 32.600000 17.167434 4.600000
  endloop
 endfacet
 facet normal -1 0 0
  outer loop
   vertex -32.600000 9.200000 0.000000
   vertex -32.600000 16.849520 5.111246
   vertex -32.600000 17.167434 4.600000
  endloop
 endfacet
 facet normal 1 0 0
  outer loop
   vertex 32.600000 9.200000 0.000000
   vertex 32.600000 17.167434 4.600000
   vertex 32.600000 16.849520 5.111246
  endloop
 endfacet
 facet normal 0 0.812847 0.582477
  outer loop
   vertex -32.600000 16.849520 5.111246
   vertex -32.600000 16.498851 5.600605
   vertex 32.600000 16.498851 5.600605
  endloop
 endfacet
 facet normal -0 0.812847 0.582477
  outer loop
   vertex -32.600000 16.849520 5.111246
   vertex 32.600000 16.498851 5.600605
   vertex 32.600000 16.849520 5.111246
  endloop
 endfacet
 facet normal -1 0 0
  outer loop
   vertex -32.600000 9.200000 0.000000
   vertex -32.600000 16.498851 5.600605
   vertex -32.600000 16.849520 5.111246
  endloop
 endfacet
 facet normal 1 0 0
  outer loop
   vertex 32.600000 9.200000 0.000000
   vertex 32.600000 16.849520 5.111246
   vertex 32.600000 16.498851 5.600605
  endloop
 endfacet
 facet normal 0 0.77301 0.634394
  outer loop
   vertex -32.600000 16.498851 5.600605
   vertex -32.600000 16.116926 6.065981
   vertex 32.600000 16.116926 6.065981
  endloop
 endfacet
 facet normal -0 0.77301 0.634394
  outer loop
   vertex -32.600000 16.498851 5.600605
   vertex 32.600000 16.116926 6.065981
   vertex 32.600000 16.498851 5.600605
  endloop
 endfacet
 facet normal -1 0 0
  outer loop
   vertex -32.600000 9.200000 0.000000
   vertex -32.600000 16.116926 6.065981
   vertex -32.600000 16.498851 5.600605
  endloop
 endfacet
 facet normal 1 0 0
  outer loop
   vertex 32.600000 9.200000 0.000000
   vertex 32.600000 16.498851 5.600605
   vertex 32.600000 16.116926 6.065981
  endloop
 endfacet
 facet normal 0 0.729864 0.683592
  outer loop
   vertex -32.600000 16.116926 6.065981
   vertex -32.600000 15.705382 6.505382
   vertex 32.600000 15.705382 6.505382
  endloop
 endfacet
 facet normal -0 0.729864 0.683592
  outer loop
   vertex -32.600000 16.116926 6.065981
   vertex 32.600000 15.705382 6.505382
   vertex 32.600000 16.116926 6.065981
  endloop
 endfacet
 facet normal -1 0 0
  outer loop
   vertex -32.600000 9.200000 0.000000
   vertex -32.600000 15.705382 6.505382
   vertex -32.600000 16.116926 6.065981
  endloop
 endfacet
 facet normal 1 0 0
  outer loop
   vertex 32.600000 9.200000 0.000000
   vertex 32.600000 16.116926 6.065981
   vertex 32.600000 15.705382 6.505382
  endloop
 endfacet
 facet normal 0 0.683592 0.729864
  outer loop
   vertex -32.600000 15.705382 6.505382
   vertex -32.600000 15.265981 6.916926
   vertex 32.600000 15.265981 6.916926
  endloop
 endfacet
 facet normal -0 0.683592 0.729864
  outer loop
   vertex -32.600000 15.705382 6.505382
   vertex 32.600000 15.265981 6.916926
   vertex 32.600000 15.705382 6.505382
  endloop
 endfacet
 facet normal -1 0 0
  outer loop
   vertex -32.600000 9.200000 0.000000
   vertex -32.600000 15.265981 6.916926
   vertex -32.600000 15.705382 6.505382
  endloop
 endfacet
 facet normal 1 0 0
  outer loop
   vertex 32.600000 9.200000 0.000000
   vertex 32.600000 15.705382 6.505382
   vertex 32.600000 15.265981 6.916926
  endloop
 endfacet
 facet normal 0 0.634394 0.77301
  outer loop
   vertex -32.600000 15.265981 6.916926
   vertex -32.600000 14.800605 7.298851
   vertex 32.600000 14.800605 7.298851
  endloop
 endfacet
 facet normal -0 0.634394 0.77301
  outer loop
   vertex -32.600000 15.265981 6.916926
   vertex 32.600000 14.800605 7.298851
   vertex 32.600000 15.265981 6.916926
  endloop
 endfacet
 facet normal -1 0 0
  outer loop
   vertex -32.600000 9.200000 0.000000
   vertex -32.600000 14.800605 7.298851
   vertex -32.600000 15.265981 6.916926
  endloop
 endfacet
 facet normal 1 0 0
  outer loop
   vertex 32.600000 9.200000 0.000000
   vertex 32.600000 15.265981 6.916926
   vertex 32.600000 14.800605 7.298851
  endloop
 endfacet
 facet normal 0 0.582477 0.812847
  outer loop
   vertex -32.600000 14.800605 7.298851
   vertex -32.600000 14.311246 7.649520
   vertex 32.600000 14.311246 7.649520
  endloop
 endfacet
 facet normal -0 0.582477 0.812847
  outer loop
   vertex -32.600000 14.800605 7.298851
   vertex 32.600000 14.311246 7.649520
   vertex 32.600000 14.800605 7.298851
  endloop
 endfacet
 facet normal -1 0 0
  outer loop
   vertex -32.600000 9.200000 0.000000
   vertex -32.600000 14.311246 7.649520
   vertex -32.600000 14.800605 7.298851
  endloop
 endfacet
 facet normal 1 0 0
  outer loop
   vertex 32.600000 9.200000 0.000000
   vertex 32.600000 14.800605 7.298851
   vertex 32.600000 14.311246 7.649520
  endloop
 endfacet
 facet normal 0 0.528069 0.849202
  outer loop
   vertex -32.600000 14.311246 7.649520
   vertex -32.600000 13.800000 7.967434
   vertex 32.600000 13.800000 7.967434
  endloop
 endfacet
 facet normal -0 0.528069 0.849202
  outer loop
   vertex -32.600000 14.311246 7.649520
   vertex 32.600000 13.800000 7.967434
   vertex 32.600000 14.311246 7.649520
  endloop
 endfacet
 facet normal -1 0 0
  outer loop
   vertex -32.600000 9.200000 0.000000
   vertex -32.600000 13.800000 7.967434
   vertex -32.600000 14.311246 7.649520
  endloop
 endfacet
 facet normal 1 0 0
  outer loop
   vertex 32.600000 9.200000 0.000000
   vertex 32.600000 14.311246 7.649520
   vertex 32.600000 13.800000 7.967434
  endloop
 endfacet
 facet normal 0 0.471396 0.881922
  outer loop
   vertex -32.600000 13.800000 7.967434
   vertex -32.600000 13.269056 8.251229
   vertex 32.600000 13.269056 8.251229
  endloop
 endfacet
 facet normal -0 0.471396 0.881922
  outer loop
   vertex -32.600000 13.800000 7.967434
   vertex 32.600000 13.269056 8.251229
   vertex 32.600000 13.800000 7.967434
  endloop
 endfacet
 facet normal -1 0 0
  outer loop
   vertex -32.600000 9.200000 0.000000
   vertex -32.600000 13.269056 8.251229
   vertex -32.600000 13.800000 7.967434
  endloop
 endfacet
 facet normal 1 0 0
  outer loop
   vertex 32.600000 9.200000 0.000000
   vertex 32.600000 13.800000 7.967434
   vertex 32.600000 13.269056 8.251229
  endloop
 endfacet
 facet normal 0 0.412708 0.910863
  outer loop
   vertex -32.600000 13.269056 8.251229
   vertex -32.600000 12.720688 8.499692
   vertex 32.600000 12.720688 8.499692
  endloop
 endfacet
 facet normal -0 0.412708 0.910863
  outer loop
   vertex -32.600000 13.269056 8.251229
   vertex 32.600000 12.720688 8.499692
   vertex 32.600000 13.269056 8.251229
  endloop
 endfacet
 facet normal -1 0 0
  outer loop
   vertex -32.600000 9.200000 0.000000
   vertex -32.600000 12.720688 8.499692
   vertex -32.600000 13.269056 8.251229
  endloop
 endfacet
 facet normal 1 0 0
  outer loop
   vertex 32.600000 9.200000 0.000000
   vertex 32.600000 13.269056 8.251229
   vertex 32.600000 12.720688 8.499692
  endloop
 endfacet
 facet normal 0 0.352249 0.935906
  outer loop
   vertex -32.600000 12.720688 8.499692
   vertex -32.600000 12.157243 8.711757
   vertex 32.600000 12.157243 8.711757
  endloop
 endfacet
 facet normal -0 0.352249 0.935906
  outer loop
   vertex -32.600000 12.720688 8.499692
   vertex 32.600000 12.157243 8.711757
   vertex 32.600000 12.720688 8.499692
  endloop
 endfacet
 facet normal -1 0 0
  outer loop
   vertex -32.600000 9.200000 0.000000
   vertex -32.600000 12.157243 8.711757
   vertex -32.600000 12.720688 8.499692
  endloop
 endfacet
 facet normal 1 0 0
  outer loop
   vertex 32.600000 9.200000 0.000000
   vertex 32.600000 12.720688 8.499692
   vertex 32.600000 12.157243 8.711757
  endloop
 endfacet
 facet normal 0 0.290286 0.95694
  outer loop
   vertex -32.600000 12.157243 8.711757
   vertex -32.600000 11.581135 8.886518
   vertex 32.600000 11.581135 8.886518
  endloop
 endfacet
 facet normal -0 0.290286 0.95694
  outer loop
   vertex -32.600000 12.157243 8.711757
   vertex 32.600000 11.581135 8.886518
   vertex 32.600000 12.157243 8.711757
  endloop
 endfacet
 facet normal -1 0 0
  outer loop
   vertex -32.600000 9.200000 0.000000
   vertex -32.600000 11.581135 8.886518
   vertex -32.600000 12.157243 8.711757
  endloop
 endfacet
 facet normal 1 0 0
  outer loop
   vertex 32.600000 9.200000 0.000000
   vertex 32.600000 12.157243 8.711757
   vertex 32.600000 11.581135 8.886518
  endloop
 endfacet
 facet normal 0 0.227076 0.973877
  outer loop
   vertex -32.600000 11.581135 8.886518
   vertex -32.600000 10.994831 9.023225
   vertex 32.600000 10.994831 9.023225
  endloop
 endfacet
 facet normal -0 0.227076 0.973877
  outer loop
   vertex -32.600000 11.581135 8.886518
   vertex 32.600000 10.994831 9.023225
   vertex 32.600000 11.581135 8.886518
  endloop
 endfacet
 facet normal -1 0 0
  outer loop
   vertex -32.600000 9.200000 0.000000
   vertex -32.600000 10.994831 9.023225
   vertex -32.600000 11.581135 8.886518
  endloop
 endfacet
 facet normal 1 0 0
  outer loop
   vertex 32.600000 9.200000 0.000000
   vertex 32.600000 11.581135 8.886518
   vertex 32.600000 10.994831 9.023225
  endloop
 endfacet
 facet normal 0 0.162895 0.986643
  outer loop
   vertex -32.600000 10.994831 9.023225
   vertex -32.600000 10.400841 9.121293
   vertex 32.600000 10.400841 9.121293
  endloop
 endfacet
 facet normal -0 0.162895 0.986643
  outer loop
   vertex -32.600000 10.994831 9.023225
   vertex 32.600000 10.400841 9.121293
   vertex 32.600000 10.994831 9.023225
  endloop
 endfacet
 facet normal -1 0 0
  outer loop
   vertex -32.600000 9.200000 0.000000
   vertex -32.600000 10.400841 9.121293
   vertex -32.600000 10.994831 9.023225
  endloop
 endfacet
 facet normal 1 0 0
  outer loop
   vertex 32.600000 9.200000 0.000000
   vertex 32.600000 10.994831 9.023225
   vertex 32.600000 10.400841 9.121293
  endloop
 endfacet
 facet normal 0 0.0980166 0.995185
  outer loop
   vertex -32.600000 10.400841 9.121293
   vertex -32.600000 9.801709 9.180302
   vertex 32.600000 9.801709 9.180302
  endloop
 endfacet
 facet normal -0 0.0980166 0.995185
  outer loop
   vertex -32.600000 10.400841 9.121293
   vertex 32.600000 9.801709 9.180302
   vertex 32.600000 10.400841 9.121293
  endloop
 endfacet
 facet normal -1 0 0
  outer loop
   vertex -32.600000 9.200000 0.000000
   vertex -32.600000 9.801709 9.180302
   vertex -32.600000 10.400841 9.121293
  endloop
 endfacet
 facet normal 1 0 0
  outer loop
   vertex 32.600000 9.200000 0.000000
   vertex 32.600000 10.400841 9.121293
   vertex 32.600000 9.801709 9.180302
  endloop
 endfacet
 facet normal 0 0.0327192 0.999465
  outer loop
   vertex -32.600000 9.801709 9.180302
   vertex -32.600000 9.200000 9.200000
   vertex 32.600000 9.200000 9.200000
  endloop
 endfacet
 facet normal -0 0.0327192 0.999465
  outer loop
   vertex -32.600000 9.801709 9.180302
   vertex 32.600000 9.200000 9.200000
   vertex 32.600000 9.801709 9.180302
  endloop
 endfacet
 facet normal -1 0 0
  outer loop
   vertex -32.600000 9.200000 0.000000
   vertex -32.600000 9.200000 9.200000
   vertex -32.600000 9.801709 9.180302
  endloop
 endfacet
 facet normal 1 0 0
  outer loop
   vertex 32.600000 9.200000 0.000000
   vertex 32.600000 9.801709 9.180302
   vertex 32.600000 9.200000 9.200000
  endloop
 endfacet
 facet normal 0 -0.0327192 0.999465
  outer loop
   vertex -32.600000 9.200000 9.200000
   vertex -32.600000 8.598291 9.180302
   vertex 32.600000 8.598291 9.180302
  endloop
 endfacet
 facet normal 0 -0.0327192 0.999465
  outer loop
   vertex -32.600000 9.200000 9.200000
   vertex 32.600000 8.598291 9.180302
   vertex 32.600000 9.200000 9.200000
  endloop
 endfacet
 facet normal -1 0 0
  outer loop
   vertex -32.600000 9.200000 0.000000
   vertex -32.600000 8.598291 9.180302
   vertex -32.600000 9.200000 9.200000
  endloop
 endfacet
 facet normal 1 0 -0
  outer loop
   vertex 32.600000 9.200000 0.000000
   vertex 32.600000 9.200000 9.200000
   vertex 32.600000 8.598291 9.180302
  endloop
 endfacet
 facet normal 0 -0.0980166 0.995185
  outer loop
   vertex -32.600000 8.598291 9.180302
   vertex -32.600000 7.999159 9.121293
   vertex 32.600000 7.999159 9.121293
  endloop
 endfacet
 facet normal 0 -0.0980166 0.995185
  outer loop
   vertex -32.600000 8.598291 9.180302
   vertex 32.600000 7.999159 9.121293
   vertex 32.600000 8.598291 9.180302
  endloop
 endfacet
 facet normal -1 0 0
  outer loop
   vertex -32.600000 9.200000 0.000000
   vertex -32.600000 7.999159 9.121293
   vertex -32.600000 8.598291 9.180302
  endloop
 endfacet
 facet normal 1 0 0
  outer loop
   vertex 32.600000 9.200000 0.000000
   vertex 32.600000 8.598291 9.180302
   vertex 32.600000 7.999159 9.121293
  endloop
 endfacet
 facet normal 0 -0.162895 0.986643
  outer loop
   vertex -32.600000 7.999159 9.121293
   vertex -32.600000 7.405169 9.023225
   vertex 32.600000 7.405169 9.023225
  endloop
 endfacet
 facet normal 0 -0.162895 0.986643
  outer loop
   vertex -32.600000 7.999159 9.121293
   vertex 32.600000 7.405169 9.023225
   vertex 32.600000 7.999159 9.121293
  endloop
 endfacet
 facet normal -1 0 0
  outer loop
   vertex -32.600000 9.200000 0.000000
   vertex -32.600000 7.405169 9.023225
   vertex -32.600000 7.999159 9.121293
  endloop
 endfacet
 facet normal 1 0 0
  outer loop
   vertex 32.600000 9.200000 0.000000
   vertex 32.600000 7.999159 9.121293
   vertex 32.600000 7.405169 9.023225
  endloop
 endfacet
 facet normal 0 -0.227076 0.973877
  outer loop
   vertex -32.600000 7.405169 9.023225
   vertex -32.600000 6.818865 8.886518
   vertex 32.600000 6.818865 8.886518
  endloop
 endfacet
 facet normal 0 -0.227076 0.973877
  outer loop
   vertex -32.600000 7.405169 9.023225
   vertex 32.600000 6.818865 8.886518
   vertex 32.600000 7.405169 9.023225
  endloop
 endfacet
 facet normal -1 0 0
  outer loop
   vertex -32.600000 9.200000 0.000000
   vertex -32.600000 6.818865 8.886518
   vertex -32.600000 7.405169 9.023225
  endloop
 endfacet
 facet normal 1 0 0
  outer loop
   vertex 32.600000 9.200000 0.000000
   vertex 32.600000 7.405169 9.023225
   vertex 32.600000 6.818865 8.886518
  endloop
 endfacet
 facet normal 0 -0.290286 0.95694
  outer loop
   vertex -32.600000 6.818865 8.886518
   vertex -32.600000 6.242757 8.711757
   vertex 32.600000 6.242757 8.711757
  endloop
 endfacet
 facet normal 0 -0.290286 0.95694
  outer loop
   vertex -32.600000 6.818865 8.886518
   vertex 32.600000 6.242757 8.711757
   vertex 32.600000 6.818865 8.886518
  endloop
 endfacet
 facet normal -1 0 0
  outer loop
   vertex -32.600000 9.200000 0.000000
   vertex -32.600000 6.242757 8.711757
   vertex -32.600000 6.818865 8.886518
  endloop
 endfacet
 facet normal 1 0 0
  outer loop
   vertex 32.600000 9.200000 0.000000
   vertex 32.600000 6.818865 8.886518
   vertex 32.600000 6.242757 8.711757
  endloop
 endfacet
 facet normal 0 -0.352249 0.935906
  outer loop
   vertex -32.600000 6.242757 8.711757
   vertex -32.600000 5.679312 8.499692
   vertex 32.600000 5.679312 8.499692
  endloop
 endfacet
 facet normal 0 -0.352249 0.935906
  outer loop
   vertex -32.600000 6.242757 8.711757
   vertex 32.600000 5.679312 8.499692
   vertex 32.600000 6.242757 8.711757
  endloop
 endfacet
 facet normal -1 0 0
  outer loop
   vertex -32.600000 9.200000 0.000000
   vertex -32.600000 5.679312 8.499692
   vertex -32.600000 6.242757 8.711757
  endloop
 endfacet
 facet normal 1 0 0
  outer loop
   vertex 32.600000 9.200000 0.000000
   vertex 32.600000 6.242757 8.711757
   vertex 32.600000 5.679312 8.499692
  endloop
 endfacet
 facet normal 0 -0.412708 0.910863
  outer loop
   vertex -32.600000 5.679312 8.499692
   vertex -32.600000 5.130944 8.251229
   vertex 32.600000 5.130944 8.251229
  endloop
 endfacet
 facet normal 0 -0.412708 0.910863
  outer loop
   vertex -32.600000 5.679312 8.499692
   vertex 32.600000 5.130944 8.251229
   vertex 32.600000 5.679312 8.499692
  endloop
 endfacet
 facet normal -1 0 0
  outer loop
   vertex -32.600000 9.200000 0.000000
   vertex -32.600000 5.130944 8.251229
   vertex -32.600000 5.679312 8.499692
  endloop
 endfacet
 facet normal 1 0 0
  outer loop
   vertex 32.600000 9.200000 0.000000
   vertex 32.600000 5.679312 8.499692
   vertex 32.600000 5.130944 8.251229
  endloop
 endfacet
 facet normal 0 -0.471396 0.881922
  outer loop
   vertex -32.600000 5.130944 8.251229
   vertex -32.600000 4.600000 7.967434
   vertex 32.600000 4.600000 7.967434
  endloop
 endfacet
 facet normal 0 -0.471396 0.881922
  outer loop
   vertex -32.600000 5.130944 8.251229
   vertex 32.600000 4.600000 7.967434
   vertex 32.600000 5.130944 8.251229
  endloop
 endfacet
 facet normal -1 0 0
  outer loop
   vertex -32.600000 9.200000 0.000000
   vertex -32.600000 4.600000 7.967434
   vertex -32.600000 5.130944 8.251229
  endloop
 endfacet
 facet normal 1 0 0
  outer loop
   vertex 32.600000 9.200000 0.000000
   vertex 32.600000 5.130944 8.251229
   vertex 32.600000 4.600000 7.967434
  endloop
 endfacet
 facet normal 0 -0.528069 0.849202
  outer loop
   vertex -32.600000 4.600000 7.967434
   vertex -32.600000 4.088754 7.649520
   vertex 32.600000 4.088754 7.649520
  endloop
 endfacet
 facet normal 0 -0.528069 0.849202
  outer loop
   vertex -32.600000 4.600000 7.967434
   vertex 32.600000 4.088754 7.649520
   vertex 32.600000 4.600000 7.967434
  endloop
 endfacet
 facet normal -1 0 0
  outer loop
   vertex -32.600000 9.200000 0.000000
   vertex -32.600000 4.088754 7.649520
   vertex -32.600000 4.600000 7.967434
  endloop
 endfacet
 facet normal 1 0 0
  outer loop
   vertex 32.600000 9.200000 0.000000
   vertex 32.600000 4.600000 7.967434
   vertex 32.600000 4.088754 7.649520
  endloop
 endfacet
 facet normal 0 -0.582477 0.812847
  outer loop
   vertex -32.600000 4.088754 7.649520
   vertex -32.600000 3.599395 7.298851
   vertex 32.600000 3.599395 7.298851
  endloop
 endfacet
 facet normal 0 -0.582477 0.812847
  outer loop
   vertex -32.600000 4.088754 7.649520
   vertex 32.600000 3.599395 7.298851
   vertex 32.600000 4.088754 7.649520
  endloop
 endfacet
 facet normal -1 0 0
  outer loop
   vertex -32.600000 9.200000 0.000000
   vertex -32.600000 3.599395 7.298851
   vertex -32.600000 4.088754 7.649520
  endloop
 endfacet
 facet normal 1 0 0
  outer loop
   vertex 32.600000 9.200000 0.000000
   vertex 32.600000 4.088754 7.649520
   vertex 32.600000 3.599395 7.298851
  endloop
 endfacet
 facet normal 0 -0.634394 0.77301
  outer loop
   vertex -32.600000 3.599395 7.298851
   vertex -32.600000 3.134019 6.916926
   vertex 32.600000 3.134019 6.916926
  endloop
 endfacet
 facet normal 0 -0.634394 0.77301
  outer loop
   vertex -32.600000 3.599395 7.298851
   vertex 32.600000 3.134019 6.916926
   vertex 32.600000 3.599395 7.298851
  endloop
 endfacet
 facet normal -1 0 0
  outer loop
   vertex -32.600000 9.200000 0.000000
   vertex -32.600000 3.134019 6.916926
   vertex -32.600000 3.599395 7.298851
  endloop
 endfacet
 facet normal 1 0 0
  outer loop
   vertex 32.600000 9.200000 0.000000
   vertex 32.600000 3.599395 7.298851
   vertex 32.600000 3.134019 6.916926
  endloop
 endfacet
 facet normal 0 -0.683592 0.729864
  outer loop
   vertex -32.600000 3.134019 6.916926
   vertex -32.600000 2.694618 6.505382
   vertex 32.600000 2.694618 6.505382
  endloop
 endfacet
 facet normal 0 -0.683592 0.729864
  outer loop
   vertex -32.600000 3.134019 6.916926
   vertex 32.600000 2.694618 6.505382
   vertex 32.600000 3.134019 6.916926
  endloop
 endfacet
 facet normal -1 0 0
  outer loop
   vertex -32.600000 9.200000 0.000000
   vertex -32.600000 2.694618 6.505382
   vertex -32.600000 3.134019 6.916926
  endloop
 endfacet
 facet normal 1 0 0
  outer loop
   vertex 32.600000 9.200000 0.000000
   vertex 32.600000 3.134019 6.916926
   vertex 32.600000 2.694618 6.505382
  endloop
 endfacet
 facet normal 0 -0.729864 0.683592
  outer loop
   vertex -32.600000 2.694618 6.505382
   vertex -32.600000 2.283074 6.065981
   vertex 32.600000 2.283074 6.065981
  endloop
 endfacet
 facet normal 0 -0.729864 0.683592
  outer loop
   vertex -32.600000 2.694618 6.505382
   vertex 32.600000 2.283074 6.065981
   vertex 32.600000 2.694618 6.505382
  endloop
 endfacet
 facet normal -1 0 0
  outer loop
   vertex -32.600000 9.200000 0.000000
   vertex -32.600000 2.283074 6.065981
   vertex -32.600000 2.694618 6.505382
  endloop
 endfacet
 facet normal 1 0 0
  outer loop
   vertex 32.600000 9.200000 0.000000
   vertex 32.600000 2.694618 6.505382
   vertex 32.600000 2.283074 6.065981
  endloop
 endfacet
 facet normal 0 -0.77301 0.634394
  outer loop
   vertex -32.600000 2.283074 6.065981
   vertex -32.600000 1.901149 5.600605
   vertex 32.600000 1.901149 5.600605
  endloop
 endfacet
 facet normal 0 -0.77301 0.634394
  outer loop
   vertex -32.600000 2.283074 6.065981
   vertex 32.600000 1.901149 5.600605
   vertex 32.600000 2.283074 6.065981
  endloop
 endfacet
 facet normal -1 0 0
  outer loop
   vertex -32.600000 9.200000 0.000000
   vertex -32.600000 1.901149 5.600605
   vertex -32.600000 2.283074 6.065981
  endloop
 endfacet
 facet normal 1 0 0
  outer loop
   vertex 32.600000 9.200000 0.000000
   vertex 32.600000 2.283074 6.065981
   vertex 32.600000 1.901149 5.600605
  endloop
 endfacet
 facet normal 0 -0.812847 0.582477
  outer loop
   vertex -32.600000 1.901149 5.600605
   vertex -32.600000 1.550480 5.111246
   vertex 32.600000 1.550480 5.111246
  endloop
 endfacet
 facet normal 0 -0.812847 0.582477
  outer loop
   vertex -32.600000 1.901149 5.600605
   vertex 32.600000 1.550480 5.111246
   vertex 32.600000 1.901149 5.600605
  endloop
 endfacet
 facet normal -1 0 0
  outer loop
   vertex -32.600000 9.200000 0.000000
   vertex -32.600000 1.550480 5.111246
   vertex -32.600000 1.901149 5.600605
  endloop
 endfacet
 facet normal 1 0 0
  outer loop
   vertex 32.600000 9.200000 0.000000
   vertex 32.600000 1.901149 5.600605
   vertex 32.600000 1.550480 5.111246
  endloop
 endfacet
 facet normal 0 -0.849202 0.528069
  outer loop
   vertex -32.600000 1.550480 5.111246
   vertex -32.600000 1.232566 4.600000
   vertex 32.600000 1.232566 4.600000
  endloop
 endfacet
 facet normal 0 -0.849202 0.528069
  outer loop
   vertex -32.600000 1.550480 5.111246
   vertex 32.600000 1.232566 4.600000
   vertex 32.600000 1.550480 5.111246
  endloop
 endfacet
 facet normal -1 0 0
  outer loop
   vertex -32.600000 9.200000 0.000000
   vertex -32.600000 1.232566 4.600000
   vertex -32.600000 1.550480 5.111246
  endloop
 endfacet
 facet normal 1 0 0
  outer loop
   vertex 32.600000 9.200000 0.000000
   vertex 32.600000 1.550480 5.111246
   vertex 32.600000 1.232566 4.600000
  endloop
 endfacet
 facet normal 0 -0.881922 0.471396
  outer loop
   vertex -32.600000 1.232566 4.600000
   vertex -32.600000 0.948771 4.069056
   vertex 32.600000 0.948771 4.069056
  endloop
 endfacet
 facet normal 0 -0.881922 0.471396
  outer loop
   vertex -32.600000 1.232566 4.600000
   vertex 32.600000 0.948771 4.069056
   vertex 32.600000 1.232566 4.600000
  endloop
 endfacet
 facet normal -1 0 0
  outer loop
   vertex -32.600000 9.200000 0.000000
   vertex -32.600000 0.948771 4.069056
   vertex -32.600000 1.232566 4.600000
  endloop
 endfacet
 facet normal 1 0 0
  outer loop
   vertex 32.600000 9.200000 0.000000
   vertex 32.600000 1.232566 4.600000
   vertex 32.600000 0.948771 4.069056
  endloop
 endfacet
 facet normal 0 -0.910863 0.412708
  outer loop
   vertex -32.600000 0.948771 4.069056
   vertex -32.600000 0.700308 3.520688
   vertex 32.600000 0.700308 3.520688
  endloop
 endfacet
 facet normal 0 -0.910863 0.412708
  outer loop
   vertex -32.600000 0.948771 4.069056
   vertex 32.600000 0.700308 3.520688
   vertex 32.600000 0.948771 4.069056
  endloop
 endfacet
 facet normal -1 0 0
  outer loop
   vertex -32.600000 9.200000 0.000000
   vertex -32.600000 0.700308 3.520688
   vertex -32.600000 0.948771 4.069056
  endloop
 endfacet
 facet normal 1 0 0
  outer loop
   vertex 32.600000 9.200000 0.000000
   vertex 32.600000 0.948771 4.069056
   vertex 32.600000 0.700308 3.520688
  endloop
 endfacet
 facet normal 0 -0.935906 0.352249
  outer loop
   vertex -32.600000 0.700308 3.520688
   vertex -32.600000 0.488243 2.957243
   vertex 32.600000 0.488243 2.957243
  endloop
 endfacet
 facet normal 0 -0.935906 0.352249
  outer loop
   vertex -32.600000 0.700308 3.520688
   vertex 32.600000 0.488243 2.957243
   vertex 32.600000 0.700308 3.520688
  endloop
 endfacet
 facet normal -1 0 0
  outer loop
   vertex -32.600000 9.200000 0.000000
   vertex -32.600000 0.488243 2.957243
   vertex -32.600000 0.700308 3.520688
  endloop
 endfacet
 facet normal 1 0 0
  outer loop
   vertex 32.600000 9.200000 0.000000
   vertex 32.600000 0.700308 3.520688
   vertex 32.600000 0.488243 2.957243
  endloop
 endfacet
 facet normal 0 -0.95694 0.290286
  outer loop
   vertex -32.600000 0.488243 2.957243
   vertex -32.600000 0.313482 2.381135
   vertex 32.600000 0.313482 2.381135
  endloop
 endfacet
 facet normal 0 -0.95694 0.290286
  outer loop
   vertex -32.600000 0.488243 2.957243
   vertex 32.600000 0.313482 2.381135
   vertex 32.600000 0.488243 2.957243
  endloop
 endfacet
 facet normal -1 0 0
  outer loop
   vertex -32.600000 9.200000 0.000000
   vertex -32.600000 0.313482 2.381135
   vertex -32.600000 0.488243 2.957243
  endloop
 endfacet
 facet normal 1 0 0
  outer loop
   vertex 32.600000 9.200000 0.000000
   vertex 32.600000 0.488243 2.957243
   vertex 32.600000 0.313482 2.381135
  endloop
 endfacet
 facet normal 0 -0.973877 0.227076
  outer loop
   vertex -32.600000 0.313482 2.381135
   vertex -32.600000 0.176775 1.794831
   vertex 32.600000 0.176775 1.794831
  endloop
 endfacet
 facet normal 0 -0.973877 0.227076
  outer loop
   vertex -32.600000 0.313482 2.381135
   vertex 32.600000 0.176775 1.794831
   vertex 32.600000 0.313482 2.381135
  endloop
 endfacet
 facet normal -1 0 0
  outer loop
   vertex -32.600000 9.200000 0.000000
   vertex -32.600000 0.176775 1.794831
   vertex -32.600000 0.313482 2.381135
  endloop
 endfacet
 facet normal 1 0 0
  outer loop
   vertex 32.600000 9.200000 0.000000
   vertex 32.600000 0.313482 2.381135
   vertex 32.600000 0.176775 1.794831
  endloop
 endfacet
 facet normal 0 -0.986643 0.162895
  outer loop
   vertex -32.600000 0.176775 1.794831
   vertex -32.600000 0.078707 1.200841
   vertex 32.600000 0.078707 1.200841
  endloop
 endfacet
 facet normal 0 -0.986643 0.162895
  outer loop
   vertex -32.600000 0.176775 1.794831
   vertex 32.600000 0.078707 1.200841
   vertex 32.600000 0.176775 1.794831
  endloop
 endfacet
 facet normal -1 0 0
  outer loop
   vertex -32.600000 9.200000 0.000000
   vertex -32.600000 0.078707 1.200841
   vertex -32.600000 0.176775 1.794831
  endloop
 endfacet
 facet normal 1 0 0
  outer loop
   vertex 32.600000 9.200000 0.000000
   vertex 32.600000 0.176775 1.794831
   vertex 32.600000 0.078707 1.200841
  endloop
 endfacet
 facet normal 0 -0.995185 0.0980166
  outer loop
   vertex -32.600000 0.078707 1.200841
   vertex -32.600000 0.019698 0.601709
   vertex 32.600000 0.019698 0.601709
  endloop
 endfacet
 facet normal 0 -0.995185 0.0980166
  outer loop
   vertex -32.600000 0.078707 1.200841
   vertex 32.600000 0.019698 0.601709
   vertex 32.600000 0.078707 1.200841
  endloop
 endfacet
 facet normal -1 0 0
  outer loop
   vertex -32.600000 9.200000 0.000000
   vertex -32.600000 0.019698 0.601709
   vertex -32.600000 0.078707 1.200841
  endloop
 endfacet
 facet normal 1 0 0
  outer loop
   vertex 32.600000 9.200000 0.000000
   vertex 32.600000 0.078707 1.200841
   vertex 32.600000 0.019698 0.601709
  endloop
 endfacet
 facet normal 0 -0.999465 0.0327192
  outer loop
   vertex -32.600000 0.019698 0.601709
   vertex -32.600000 0.000000 0.000000
   vertex 32.600000 0.000000 0.000000
  endloop
 endfacet
 facet normal 0 -0.999465 0.0327192
  outer loop
   vertex -32.600000 0.019698 0.601709
   vertex 32.600000 0.000000 0.000000
   vertex 32.600000 0.019698 0.601709
  endloop
 endfacet
 facet normal -1 0 0
  outer loop
   vertex -32.600000 9.200000 0.000000
   vertex -32.600000 0.000000 0.000000
   vertex -32.600000 0.019698 0.601709
  endloop
 endfacet
 facet normal 1 0 0
  outer loop
   vertex 32.600000 9.200000 0.000000
   vertex 32.600000 0.019698 0.601709
   vertex 32.600000 0.000000 0.000000
  endloop
 endfacet
 facet normal 0 -0.999465 -0.0327192
  outer loop
   vertex -32.600000 0.000000 0.000000
   vertex -32.600000 0.019698 -0.601709
   vertex 32.600000 0.019698 -0.601709
  endloop
 endfacet
 facet normal 0 -0.999465 -0.0327192
  outer loop
   vertex -32.600000 0.000000 0.000000
   vertex 32.600000 0.019698 -0.601709
   vertex 32.600000 0.000000 0.000000
  endloop
 endfacet
 facet normal -1 -0 0
  outer loop
   vertex -32.600000 9.200000 0.000000
   vertex -32.600000 0.019698 -0.601709
   vertex -32.600000 0.000000 0.000000
  endloop
 endfacet
 facet normal 1 0 0
  outer loop
   vertex 32.600000 9.200000 0.000000
   vertex 32.600000 0.000000 0.000000
   vertex 32.600000 0.019698 -0.601709
  endloop
 endfacet
 facet normal 0 -0.995185 -0.0980166
  outer loop
   vertex -32.600000 0.019698 -0.601709
   vertex -32.600000 0.078707 -1.200841
   vertex 32.600000 0.078707 -1.200841
  endloop
 endfacet
 facet normal 0 -0.995185 -0.0980166
  outer loop
   vertex -32.600000 0.019698 -0.601709
   vertex 32.600000 0.078707 -1.200841
   vertex 32.600000 0.019698 -0.601709
  endloop
 endfacet
 facet normal -1 0 0
  outer loop
   vertex -32.600000 9.200000 0.000000
   vertex -32.600000 0.078707 -1.200841
   vertex -32.600000 0.019698 -0.601709
  endloop
 endfacet
 facet normal 1 0 0
  outer loop
   vertex 32.600000 9.200000 0.000000
   vertex 32.600000 0.019698 -0.601709
   vertex 32.600000 0.078707 -1.200841
  endloop
 endfacet
 facet normal 0 -0.986643 -0.162895
  outer loop
   vertex -32.600000 0.078707 -1.200841
   vertex -32.600000 0.176775 -1.794831
   vertex 32.600000 0.176775 -1.794831
  endloop
 endfacet
 facet normal 0 -0.986643 -0.162895
  outer loop
   vertex -32.600000 0.078707 -1.200841
   vertex 32.600000 0.176775 -1.794831
   vertex 32.600000 0.078707 -1.200841
  endloop
 endfacet
 facet normal -1 0 0
  outer loop
   vertex -32.600000 9.200000 0.000000
   vertex -32.600000 0.176775 -1.794831
   vertex -32.600000 0.078707 -1.200841
  endloop
 endfacet
 facet normal 1 0 0
  outer loop
   vertex 32.600000 9.200000 0.000000
   vertex 32.600000 0.078707 -1.200841
   vertex 32.600000 0.176775 -1.794831
  endloop
 endfacet
 facet normal 0 -0.973877 -0.227076
  outer loop
   vertex -32.600000 0.176775 -1.794831
   vertex -32.600000 0.313482 -2.381135
   vertex 32.600000 0.313482 -2.381135
  endloop
 endfacet
 facet normal 0 -0.973877 -0.227076
  outer loop
   vertex -32.600000 0.176775 -1.794831
   vertex 32.600000 0.313482 -2.381135
   vertex 32.600000 0.176775 -1.794831
  endloop
 endfacet
 facet normal -1 0 0
  outer loop
   vertex -32.600000 9.200000 0.000000
   vertex -32.600000 0.313482 -2.381135
   vertex -32.600000 0.176775 -1.794831
  endloop
 endfacet
 facet normal 1 0 0
  outer loop
   vertex 32.600000 9.200000 0.000000
   vertex 32.600000 0.176775 -1.794831
   vertex 32.600000 0.313482 -2.381135
  endloop
 endfacet
 facet normal 0 -0.95694 -0.290286
  outer loop
   vertex -32.600000 0.313482 -2.381135
   vertex -32.600000 0.488243 -2.957243
   vertex 32.600000 0.488243 -2.957243
  endloop
 endfacet
 facet normal 0 -0.95694 -0.290286
  outer loop
   vertex -32.600000 0.313482 -2.381135
   vertex 32.600000 0.488243 -2.957243
   vertex 32.600000 0.313482 -2.381135
  endloop
 endfacet
 facet normal -1 0 0
  outer loop
   vertex -32.600000 9.200000 0.000000
   vertex -32.600000 0.488243 -2.957243
   vertex -32.600000 0.313482 -2.381135
  endloop
 endfacet
 facet normal 1 0 0
  outer loop
   vertex 32.600000 9.200000 0.000000
   vertex 32.600000 0.313482 -2.381135
   vertex 32.600000 0.488243 -2.957243
  endloop
 endfacet
 facet normal 0 -0.935906 -0.352249
  outer loop
   vertex -32.600000 0.488243 -2.957243
   vertex -32.600000 0.700308 -3.520688
   vertex 32.600000 0.700308 -3.520688
  endloop
 endfacet
 facet normal 0 -0.935906 -0.352249
  outer loop
   vertex -32.600000 0.488243 -2.957243
   vertex 32.600000 0.700308 -3.520688
   vertex 32.600000 0.488243 -2.957243
  endloop
 endfacet
 facet normal -1 0 0
  outer loop
   vertex -32.600000 9.200000 0.000000
   vertex -32.600000 0.700308 -3.520688
   vertex -32.600000 0.488243 -2.957243
  endloop
 endfacet
 facet normal 1 0 0
  outer loop
   vertex 32.600000 9.200000 0.000000
   vertex 32.600000 0.488243 -2.957243
   vertex 32.600000 0.700308 -3.520688
  endloop
 endfacet
 facet normal 0 -0.910863 -0.412708
  outer loop
   vertex -32.600000 0.700308 -3.520688
   vertex -32.600000 0.948771 -4.069056
   vertex 32.600000 0.948771 -4.069056
  endloop
 endfacet
 facet normal 0 -0.910863 -0.412708
  outer loop
   vertex -32.600000 0.700308 -3.520688
   vertex 32.600000 0.948771 -4.069056
   vertex 32.600000 0.700308 -3.520688
  endloop
 endfacet
 facet normal -1 0 0
  outer loop
   vertex -32.600000 9.200000 0.000000
   vertex -32.600000 0.948771 -4.069056
   vertex -32.600000 0.700308 -3.520688
  endloop
 endfacet
 facet normal 1 0 0
  outer loop
   vertex 32.600000 9.200000 0.000000
   vertex 32.600000 0.700308 -3.520688
   vertex 32.600000 0.948771 -4.069056
  endloop
 endfacet
 facet normal 0 -0.881922 -0.471396
  outer loop
   vertex -32.600000 0.948771 -4.069056
   vertex -32.600000 1.232566 -4.600000
   vertex 32.600000 1.232566 -4.600000
  endloop
 endfacet
 facet normal 0 -0.881922 -0.471396
  outer loop
   vertex -32.600000 0.948771 -4.069056
   vertex 32.600000 1.232566 -4.600000
   vertex 32.600000 0.948771 -4.069056
  endloop
 endfacet
 facet normal -1 0 0
  outer loop
   vertex -32.600000 9.200000 0.000000
   vertex -32.600000 1.232566 -4.600000
   vertex -32.600000 0.948771 -4.069056
  endloop
 endfacet
 facet normal 1 0 0
  outer loop
   vertex 32.600000 9.200000 0.000000
   vertex 32.600000 0.948771 -4.069056
   vertex 32.600000 1.232566 -4.600000
  endloop
 endfacet
 facet normal 0 -0.849202 -0.528069
  outer loop
   vertex -32.600000 1.232566 -4.600000
   vertex -32.600000 1.550480 -5.111246
   vertex 32.600000 1.550480 -5.111246
  endloop
 endfacet
 facet normal 0 -0.849202 -0.528069
  outer loop
   vertex -32.600000 1.232566 -4.600000
   vertex 32.600000 1.550480 -5.111246
   vertex 32.600000 1.232566 -4.600000
  endloop
 endfacet
 facet normal -1 0 0
  outer loop
   vertex -32.600000 9.200000 0.000000
   vertex -32.600000 1.550480 -5.111246
   vertex -32.600000 1.232566 -4.600000
  endloop
 endfacet
 facet normal 1 0 0
  outer loop
   vertex 32.600000 9.200000 0.000000
   vertex 32.600000 1.232566 -4.600000
   vertex 32.600000 1.550480 -5.111246
  endloop
 endfacet
 facet normal 0 -0.812847 -0.582477
  outer loop
   vertex -32.600000 1.550480 -5.111246
   vertex -32.600000 1.901149 -5.600605
   vertex 32.600000 1.901149 -5.600605
  endloop
 endfacet
 facet normal 0 -0.812847 -0.582477
  outer loop
   vertex -32.600000 1.550480 -5.111246
   vertex 32.600000 1.901149 -5.600605
   vertex 32.600000 1.550480 -5.111246
  endloop
 endfacet
 facet normal -1 0 0
  outer loop
   vertex -32.600000 9.200000 0.000000
   vertex -32.600000 1.901149 -5.600605
   vertex -32.600000 1.550480 -5.111246
  endloop
 endfacet
 facet normal 1 0 0
  outer loop
   vertex 32.600000 9.200000 0.000000
   vertex 32.600000 1.550480 -5.111246
   vertex 32.600000 1.901149 -5.600605
  endloop
 endfacet
 facet normal 0 -0.77301 -0.634394
  outer loop
   vertex -32.600000 1.901149 -5.600605
   vertex -32.600000 2.283074 -6.065981
   vertex 32.600000 2.283074 -6.065981
  endloop
 endfacet
 facet normal 0 -0.77301 -0.634394
  outer loop
   vertex -32.600000 1.901149 -5.600605
   vertex 32.600000 2.283074 -6.065981
   vertex 32.600000 1.901149 -5.600605
  endloop
 endfacet
 facet normal -1 0 0
  outer loop
   vertex -32.600000 9.200000 0.000000
   vertex -32.600000 2.283074 -6.065981
   vertex -32.600000 1.901149 -5.600605
  endloop
 endfacet
 facet normal 1 0 0
  outer loop
   vertex 32.600000 9.200000 0.000000
   vertex 32.600000 1.901149 -5.600605
   vertex 32.600000 2.283074 -6.065981
  endloop
 endfacet
 facet normal 0 -0.729864 -0.683592
  outer loop
   vertex -32.600000 2.283074 -6.065981
   vertex -32.600000 2.694618 -6.505382
   vertex 32.600000 2.694618 -6.505382
  endloop
 endfacet
 facet normal 0 -0.729864 -0.683592
  outer loop
   vertex -32.600000 2.283074 -6.065981
   vertex 32.600000 2.694618 -6.505382
   vertex 32.600000 2.283074 -6.065981
  endloop
 endfacet
 facet normal -1 0 0
  outer loop
   vertex -32.600000 9.200000 0.000000
   vertex -32.600000 2.694618 -6.505382
   vertex -32.600000 2.283074 -6.065981
  endloop
 endfacet
 facet normal 1 0 0
  outer loop
   vertex 32.600000 9.200000 0.000000
   vertex 32.600000 2.283074 -6.065981
   vertex 32.600000 2.694618 -6.505382
  endloop
 endfacet
 facet normal 0 -0.683592 -0.729864
  outer loop
   vertex -32.600000 2.694618 -6.505382
   vertex -32.600000 3.134019 -6.916926
   vertex 32.600000 3.134019 -6.916926
  endloop
 endfacet
 facet normal 0 -0.683592 -0.729864
  outer loop
   vertex -32.600000 2.694618 -6.505382
   vertex 32.600000 3.134019 -6.916926
   vertex 32.600000 2.694618 -6.505382
  endloop
 endfacet
 facet normal -1 0 0
  outer loop
   vertex -32.600000 9.200000 0.000000
   vertex -32.600000 3.134019 -6.916926
   vertex -32.600000 2.694618 -6.505382
  endloop
 endfacet
 facet normal 1 0 0
  outer loop
   vertex 32.600000 9.200000 0.000000
   vertex 32.600000 2.694618 -6.505382
   vertex 32.600000 3.134019 -6.916926
  endloop
 endfacet
 facet normal 0 -0.634394 -0.77301
  outer loop
   vertex -32.600000 3.134019 -6.916926
   vertex -32.600000 3.599395 -7.298851
   vertex 32.600000 3.599395 -7.298851
  endloop
 endfacet
 facet normal 0 -0.634394 -0.77301
  outer loop
   vertex -32.600000 3.134019 -6.916926
   vertex 32.600000 3.599395 -7.298851
   vertex 32.600000 3.134019 -6.916926
  endloop
 endfacet
 facet normal -1 0 0
  outer loop
   vertex -32.600000 9.200000 0.000000
   vertex -32.600000 3.599395 -7.298851
   vertex -32.600000 3.134019 -6.916926
  endloop
 endfacet
 facet normal 1 0 0
  outer loop
   vertex 32.600000 9.200000 0.000000
   vertex 32.600000 3.134019 -6.916926
   vertex 32.600000 3.599395 -7.298851
  endloop
 endfacet
 facet normal 0 -0.582477 -0.812847
  outer loop
   vertex -32.600000 3.599395 -7.298851
   vertex -32.600000 4.088754 -7.649520
   vertex 32.600000 4.088754 -7.649520
  endloop
 endfacet
 facet normal 0 -0.582477 -0.812847
  outer loop
   vertex -32.600000 3.599395 -7.298851
   vertex 32.600000 4.088754 -7.649520
   vertex 32.600000 3.599395 -7.298851
  endloop
 endfacet
 facet normal -1 0 0
  outer loop
   vertex -32.600000 9.200000 0.000000
   vertex -32.600000 4.088754 -7.649520
   vertex -32.600000 3.599395 -7.298851
  endloop
 endfacet
 facet normal 1 0 0
  outer loop
   vertex 32.600000 9.200000 0.000000
   vertex 32.600000 3.599395 -7.298851
   vertex 32.600000 4.088754 -7.649520
  endloop
 endfacet
 facet normal 0 -0.528069 -0.849202
  outer loop
   vertex -32.600000 4.088754 -7.649520
   vertex -32.600000 4.600000 -7.967434
   vertex 32.600000 4.600000 -7.967434
  endloop
 endfacet
 facet normal 0 -0.528069 -0.849202
  outer loop
   vertex -32.600000 4.088754 -7.649520
   vertex 32.600000 4.600000 -7.967434
   vertex 32.600000 4.088754 -7.649520
  endloop
 endfacet
 facet normal -1 0 0
  outer loop
   vertex -32.600000 9.200000 0.000000
   vertex -32.600000 4.600000 -7.967434
   vertex -32.600000 4.088754 -7.649520
  endloop
 endfacet
 facet normal 1 0 0
  outer loop
   vertex 32.600000 9.200000 0.000000
   vertex 32.600000 4.088754 -7.649520
   vertex 32.600000 4.600000 -7.967434
  endloop
 endfacet
 facet normal 0 -0.471396 -0.881922
  outer loop
   vertex -32.600000 4.600000 -7.967434
   vertex -32.600000 5.130944 -8.251229
   vertex 32.600000 5.130944 -8.251229
  endloop
 endfacet
 facet normal 0 -0.471396 -0.881922
  outer loop
   vertex -32.600000 4.600000 -7.967434
   vertex 32.600000 5.130944 -8.251229
   vertex 32.600000 4.600000 -7.967434
  endloop
 endfacet
 facet normal -1 0 0
  outer loop
   vertex -32.600000 9.200000 0.000000
   vertex -32.600000 5.130944 -8.251229
   vertex -32.600000 4.600000 -7.967434
  endloop
 endfacet
 facet normal 1 0 0
  outer loop
   vertex 32.600000 9.200000 0.000000
   vertex 32.600000 4.600000 -7.967434
   vertex 32.600000 5.130944 -8.251229
  endloop
 endfacet
 facet normal 0 -0.412708 -0.910863
  outer loop
   vertex -32.600000 5.130944 -8.251229
   vertex -32.600000 5.679312 -8.499692
   vertex 32.600000 5.679312 -8.499692
  endloop
 endfacet
 facet normal 0 -0.412708 -0.910863
  outer loop
   vertex -32.600000 5.130944 -8.251229
   vertex 32.600000 5.679312 -8.499692
   vertex 32.600000 5.130944 -8.251229
  endloop
 endfacet
 facet normal -1 0 0
  outer loop
   vertex -32.600000 9.200000 0.000000
   vertex -32.600000 5.679312 -8.499692
   vertex -32.600000 5.130944 -8.251229
  endloop
 endfacet
 facet normal 1 0 0
  outer loop
   vertex 32.600000 9.200000 0.000000
   vertex 32.600000 5.130944 -8.251229
   vertex 32.600000 5.679312 -8.499692
  endloop
 endfacet
 facet normal 0 -0.352249 -0.935906
  outer loop
   vertex -32.600000 5.679312 -8.499692
   vertex -32.600000 6.242757 -8.711757
   vertex 32.600000 6.242757 -8.711757
  endloop
 endfacet
 facet normal 0 -0.352249 -0.935906
  outer loop
   vertex -32.600000 5.679312 -8.499692
   vertex 32.600000 6.242757 -8.711757
   vertex 32.600000 5.679312 -8.499692
  endloop
 endfacet
 facet normal -1 0 0
  outer loop
   vertex -32.600000 9.200000 0.000000
   vertex -32.600000 6.242757 -8.711757
   vertex -32.600000 5.679312 -8.499692
  endloop
 endfacet
 facet normal 1 0 0
  outer loop
   vertex 32.600000 9.200000 0.000000
   vertex 32.600000 5.679312 -8.499692
   vertex 32.600000 6.242757 -8.711757
  endloop
 endfacet
 facet normal 0 -0.290286 -0.95694
  outer loop
   vertex -32.600000 6.242757 -8.711757
   vertex -32.600000 6.818865 -8.886518
   vertex 32.600000 6.818865 -8.886518
  endloop
 endfacet
 facet normal 0 -0.290286 -0.95694
  outer loop
   vertex -32.600000 6.242757 -8.711757
   vertex 32.600000 6.818865 -8.886518
   vertex 32.600000 6.242757 -8.711757
  endloop
 endfacet
 facet normal -1 0 0
  outer loop
   vertex -32.600000 9.200000 0.000000
   vertex -32.600000 6.818865 -8.886518
   vertex -32.600000 6.242757 -8.711757
  endloop
 endfacet
 facet normal 1 0 0
  outer loop
   vertex 32.600000 9.200000 0.000000
   vertex 32.600000 6.242757 -8.711757
   vertex 32.600000 6.818865 -8.886518
  endloop
 endfacet
 facet normal 0 -0.227076 -0.973877
  outer loop
   vertex -32.600000 6.818865 -8.886518
   vertex -32.600000 7.405169 -9.023225
   vertex 32.600000 7.405169 -9.023225
  endloop
 endfacet
 facet normal 0 -0.227076 -0.973877
  outer loop
   vertex -32.600000 6.818865 -8.886518
   vertex 32.600000 7.405169 -9.023225
   vertex 32.600000 6.818865 -8.886518
  endloop
 endfacet
 facet normal -1 0 0
  outer loop
   vertex -32.600000 9.200000 0.000000
   vertex -32.600000 7.405169 -9.023225
   vertex -32.600000 6.818865 -8.886518
  endloop
 endfacet
 facet normal 1 0 0
  outer loop
   vertex 32.600000 9.200000 0.000000
   vertex 32.600000 6.818865 -8.886518
   vertex 32.600000 7.405169 -9.023225
  endloop
 endfacet
 facet normal 0 -0.162895 -0.986643
  outer loop
   vertex -32.600000 7.405169 -9.023225
   vertex -32.600000 7.999159 -9.121293
   vertex 32.600000 7.999159 -9.121293
  endloop
 endfacet
 facet normal 0 -0.162895 -0.986643
  outer loop
   vertex -32.600000 7.405169 -9.023225
   vertex 32.600000 7.999159 -9.121293
   vertex 32.600000 7.405169 -9.023225
  endloop
 endfacet
 facet normal -1 0 0
  outer loop
   vertex -32.600000 9.200000 0.000000
   vertex -32.600000 7.999159 -9.121293
   vertex -32.600000 7.405169 -9.023225
  endloop
 endfacet
 facet normal 1 0 0
  outer loop
   vertex 32.600000 9.200000 0.000000
   vertex 32.600000 7.405169 -9.023225
   vertex 32.600000 7.999159 -9.121293
  endloop
 endfacet
 facet normal 0 -0.0980166 -0.995185
  outer loop
   vertex -32.600000 7.999159 -9.121293
   vertex -32.600000 8.598291 -9.180302
   vertex 32.600000 8.598291 -9.180302
  endloop
 endfacet
 facet normal 0 -0.0980166 -0.995185
  outer loop
   vertex -32.600000 7.999159 -9.121293
   vertex 32.600000 8.598291 -9.180302
   vertex 32.600000 7.999159 -9.121293
  endloop
 endfacet
 facet normal -1 0 0
  outer loop
   vertex -32.600000 9.200000 0.000000
   vertex -32.600000 8.598291 -9.180302
   vertex -32.600000 7.999159 -9.121293
  endloop
 endfacet
 facet normal 1 0 0
  outer loop
   vertex 32.600000 9.200000 0.000000
   vertex 32.600000 7.999159 -9.121293
   vertex 32.600000 8.598291 -9.180302
  endloop
 endfacet
 facet normal 0 -0.0327192 -0.999465
  outer loop
   vertex -32.600000 8.598291 -9.180302
   vertex -32.600000 9.200000 -9.200000
   vertex 32.600000 9.200000 -9.200000
  endloop
 endfacet
 facet normal 0 -0.0327192 -0.999465
  outer loop
   vertex -32.600000 8.598291 -9.180302
   vertex 32.600000 9.200000 -9.200000
   vertex 32.600000 8.598291 -9.180302
  endloop
 endfacet
 facet normal -1 0 -0
  outer loop
   vertex -32.600000 9.200000 0.000000
   vertex -32.600000 9.200000 -9.200000
   vertex -32.600000 8.598291 -9.180302
  endloop
 endfacet
 facet normal 1 0 0
  outer loop
   vertex 32.600000 9.200000 0.000000
   vertex 32.600000 8.598291 -9.180302
   vertex 32.600000 9.200000 -9.200000
  endloop
 endfacet
 facet normal 0 0.0327192 -0.999465
  outer loop
   vertex -32.600000 9.200000 -9.200000
   vertex -32.600000 9.801709 -9.180302
   vertex 32.600000 9.801709 -9.180302
  endloop
 endfacet
 facet normal 0 0.0327192 -0.999465
  outer loop
   vertex -32.600000 9.200000 -9.200000
   vertex 32.600000 9.801709 -9.180302
   vertex 32.600000 9.200000 -9.200000
  endloop
 endfacet
 facet normal -1 0 0
  outer loop
   vertex -32.600000 9.200000 0.000000
   vertex -32.600000 9.801709 -9.180302
   vertex -32.600000 9.200000 -9.200000
  endloop
 endfacet
 facet normal 1 0 0
  outer loop
   vertex 32.600000 9.200000 0.000000
   vertex 32.600000 9.200000 -9.200000
   vertex 32.600000 9.801709 -9.180302
  endloop
 endfacet
 facet normal 0 0.0980166 -0.995185
  outer loop
   vertex -32.600000 9.801709 -9.180302
   vertex -32.600000 10.400841 -9.121293
   vertex 32.600000 10.400841 -9.121293
  endloop
 endfacet
 facet normal 0 0.0980166 -0.995185
  outer loop
   vertex -32.600000 9.801709 -9.180302
   vertex 32.600000 10.400841 -9.121293
   vertex 32.600000 9.801709 -9.180302
  endloop
 endfacet
 facet normal -1 0 0
  outer loop
   vertex -32.600000 9.200000 0.000000
   vertex -32.600000 10.400841 -9.121293
   vertex -32.600000 9.801709 -9.180302
  endloop
 endfacet
 facet normal 1 0 0
  outer loop
   vertex 32.600000 9.200000 0.000000
   vertex 32.600000 9.801709 -9.180302
   vertex 32.600000 10.400841 -9.121293
  endloop
 endfacet
 facet normal 0 0.162895 -0.986643
  outer loop
   vertex -32.600000 10.400841 -9.121293
   vertex -32.600000 10.994831 -9.023225
   vertex 32.600000 10.994831 -9.023225
  endloop
 endfacet
 facet normal 0 0.162895 -0.986643
  outer loop
   vertex -32.600000 10.400841 -9.121293
   vertex 32.600000 10.994831 -9.023225
   vertex 32.600000 10.400841 -9.121293
  endloop
 endfacet
 facet normal -1 0 0
  outer loop
   vertex -32.600000 9.200000 0.000000
   vertex -32.600000 10.994831 -9.023225
   vertex -32.600000 10.400841 -9.121293
  endloop
 endfacet
 facet normal 1 0 0
  outer loop
   vertex 32.600000 9.200000 0.000000
   vertex 32.600000 10.400841 -9.121293
   vertex 32.600000 10.994831 -9.023225
  endloop
 endfacet
 facet normal 0 0.227076 -0.973877
  outer loop
   vertex -32.600000 10.994831 -9.023225
   vertex -32.600000 11.581135 -8.886518
   vertex 32.600000 11.581135 -8.886518
  endloop
 endfacet
 facet normal 0 0.227076 -0.973877
  outer loop
   vertex -32.600000 10.994831 -9.023225
   vertex 32.600000 11.581135 -8.886518
   vertex 32.600000 10.994831 -9.023225
  endloop
 endfacet
 facet normal -1 0 0
  outer loop
   vertex -32.600000 9.200000 0.000000
   vertex -32.600000 11.581135 -8.886518
   vertex -32.600000 10.994831 -9.023225
  endloop
 endfacet
 facet normal 1 0 0
  outer loop
   vertex 32.600000 9.200000 0.000000
   vertex 32.600000 10.994831 -9.023225
   vertex 32.600000 11.581135 -8.886518
  endloop
 endfacet
 facet normal 0 0.290286 -0.95694
  outer loop
   vertex -32.600000 11.581135 -8.886518
   vertex -32.600000 12.157243 -8.711757
   vertex 32.600000 12.157243 -8.711757
  endloop
 endfacet
 facet normal 0 0.290286 -0.95694
  outer loop
   vertex -32.600000 11.581135 -8.886518
   vertex 32.600000 12.157243 -8.711757
   vertex 32.600000 11.581135 -8.886518
  endloop
 endfacet
 facet normal -1 0 0
  outer loop
   vertex -32.600000 9.200000 0.000000
   vertex -32.600000 12.157243 -8.711757
   vertex -32.600000 11.581135 -8.886518
  endloop
 endfacet
 facet normal 1 0 0
  outer loop
   vertex 32.600000 9.200000 0.000000
   vertex 32.600000 11.581135 -8.886518
   vertex 32.600000 12.157243 -8.711757
  endloop
 endfacet
 facet normal 0 0.352249 -0.935906
  outer loop
   vertex -32.600000 12.157243 -8.711757
   vertex -32.600000 12.720688 -8.499692
   vertex 32.600000 12.720688 -8.499692
  endloop
 endfacet
 facet normal 0 0.352249 -0.935906
  outer loop
   vertex -32.600000 12.157243 -8.711757
   vertex 32.600000 12.720688 -8.499692
   vertex 32.600000 12.157243 -8.711757
  endloop
 endfacet
 facet normal -1 0 0
  outer loop
   vertex -32.600000 9.200000 0.000000
   vertex -32.600000 12.720688 -8.499692
   vertex -32.600000 12.157243 -8.711757
  endloop
 endfacet
 facet normal 1 0 0
  outer loop
   vertex 32.600000 9.200000 0.000000
   vertex 32.600000 12.157243 -8.711757
   vertex 32.600000 12.720688 -8.499692
  endloop
 endfacet
 facet normal 0 0.412708 -0.910863
  outer loop
   vertex -32.600000 12.720688 -8.499692
   vertex -32.600000 13.269056 -8.251229
   vertex 32.600000 13.269056 -8.251229
  endloop
 endfacet
 facet normal 0 0.412708 -0.910863
  outer loop
   vertex -32.600000 12.720688 -8.499692
   vertex 32.600000 13.269056 -8.251229
   vertex 32.600000 12.720688 -8.499692
  endloop
 endfacet
 facet normal -1 0 0
  outer loop
   vertex -32.600000 9.200000 0.000000
   vertex -32.600000 13.269056 -8.251229
   vertex -32.600000 12.720688 -8.499692
  endloop
 endfacet
 facet normal 1 0 0
  outer loop
   vertex 32.600000 9.200000 0.000000
   vertex 32.600000 12.720688 -8.499692
   vertex 32.600000 13.269056 -8.251229
  endloop
 endfacet
 facet normal 0 0.471396 -0.881922
  outer loop
   vertex -32.600000 13.269056 -8.251229
   vertex -32.600000 13.800000 -7.967434
   vertex 32.600000 13.800000 -7.967434
  endloop
 endfacet
 facet normal 0 0.471396 -0.881922
  outer loop
   vertex -32.600000 13.269056 -8.251229
   vertex 32.600000 13.800000 -7.967434
   vertex 32.600000 13.269056 -8.251229
  endloop
 endfacet
 facet normal -1 0 0
  outer loop
   vertex -32.600000 9.200000 0.000000
   vertex -32.600000 13.800000 -7.967434
   vertex -32.600000 13.269056 -8.251229
  endloop
 endfacet
 facet normal 1 0 0
  outer loop
   vertex 32.600000 9.200000 0.000000
   vertex 32.600000 13.269056 -8.251229
   vertex 32.600000 13.800000 -7.967434
  endloop
 endfacet
 facet normal 0 0.528069 -0.849202
  outer loop
   vertex -32.600000 13.800000 -7.967434
   vertex -32.600000 14.311246 -7.649520
   vertex 32.600000 14.311246 -7.649520
  endloop
 endfacet
 facet normal 0 0.528069 -0.849202
  outer loop
   vertex -32.600000 13.800000 -7.967434
   vertex 32.600000 14.311246 -7.649520
   vertex 32.600000 13.800000 -7.967434
  endloop
 endfacet
 facet normal -1 0 0
  outer loop
   vertex -32.600000 9.200000 0.000000
   vertex -32.600000 14.311246 -7.649520
   vertex -32.600000 13.800000 -7.967434
  endloop
 endfacet
 facet normal 1 0 0
  outer loop
   vertex 32.600000 9.200000 0.000000
   vertex 32.600000 13.800000 -7.967434
   vertex 32.600000 14.311246 -7.649520
  endloop
 endfacet
 facet normal 0 0.582477 -0.812847
  outer loop
   vertex -32.600000 14.311246 -7.649520
   vertex -32.600000 14.800605 -7.298851
   vertex 32.600000 14.800605 -7.298851
  endloop
 endfacet
 facet normal 0 0.582477 -0.812847
  outer loop
   vertex -32.600000 14.311246 -7.649520
   vertex 32.600000 14.800605 -7.298851
   vertex 32.600000 14.311246 -7.649520
  endloop
 endfacet
 facet normal -1 0 0
  outer loop
   vertex -32.600000 9.200000 0.000000
   vertex -32.600000 14.800605 -7.298851
   vertex -32.600000 14.311246 -7.649520
  endloop
 endfacet
 facet normal 1 0 0
  outer loop
   vertex 32.600000 9.200000 0.000000
   vertex 32.600000 14.311246 -7.649520
   vertex 32.600000 14.800605 -7.298851
  endloop
 endfacet
 facet normal 0 0.634394 -0.77301
  outer loop
   vertex -32.600000 14.800605 -7.298851
   vertex -32.600000 15.265981 -6.916926
   vertex 32.600000 15.265981 -6.916926
  endloop
 endfacet
 facet normal 0 0.634394 -0.77301
  outer loop
   vertex -32.600000 14.800605 -7.298851
   vertex 32.600000 15.265981 -6.916926
   vertex 32.600000 14.800605 -7.298851
  endloop
 endfacet
 facet normal -1 0 0
  outer loop
   vertex -32.600000 9.200000 0.000000
   vertex -32.600000 15.265981 -6.916926
   vertex -32.600000 14.800605 -7.298851
  endloop
 endfacet
 facet normal 1 0 0
  outer loop
   vertex 32.600000 9.200000 0.000000
   vertex 32.600000 14.800605 -7.298851
   vertex 32.600000 15.265981 -6.916926
  endloop
 endfacet
 facet normal 0 0.683592 -0.729864
  outer loop
   vertex -32.600000 15.265981 -6.916926
   vertex -32.600000 15.705382 -6.505382
   vertex 32.600000 15.705382 -6.505382
  endloop
 endfacet
 facet normal 0 0.683592 -0.729864
  outer loop
   vertex -32.600000 15.265981 -6.916926
   vertex 32.600000 15.705382 -6.505382
   vertex 32.600000 15.265981 -6.916926
  endloop
 endfacet
 facet normal -1 0 0
  outer loop
   vertex -32.600000 9.200000 0.000000
   vertex -32.600000 15.705382 -6.505382
   vertex -32.600000 15.265981 -6.916926
  endloop
 endfacet
 facet normal 1 0 0
  outer loop
   vertex 32.600000 9.200000 0.000000
   vertex 32.600000 15.265981 -6.916926
   vertex 32.600000 15.705382 -6.505382
  endloop
 endfacet
 facet normal 0 0.729864 -0.683592
  outer loop
   vertex -32.600000 15.705382 -6.505382
   vertex -32.600000 16.116926 -6.065981
   vertex 32.600000 16.116926 -6.065981
  endloop
 endfacet
 facet normal 0 0.729864 -0.683592
  outer loop
   vertex -32.600000 15.705382 -6.505382
   vertex 32.600000 16.116926 -6.065981
   vertex 32.600000 15.705382 -6.505382
  endloop
 endfacet
 facet normal -1 0 0
  outer loop
   vertex -32.600000 9.200000 0.000000
   vertex -32.600000 16.116926 -6.065981
   vertex -32.600000 15.705382 -6.505382
  endloop
 endfacet
 facet normal 1 0 0
  outer loop
   vertex 32.600000 9.200000 0.000000
   vertex 32.600000 15.705382 -6.505382
   vertex 32.600000 16.116926 -6.065981
  endloop
 endfacet
 facet normal 0 0.77301 -0.634394
  outer loop
   vertex -32.600000 16.116926 -6.065981
   vertex -32.600000 16.498851 -5.600605
   vertex 32.600000 16.498851 -5.600605
  endloop
 endfacet
 facet normal 0 0.77301 -0.634394
  outer loop
   vertex -32.600000 16.116926 -6.065981
   vertex 32.600000 16.498851 -5.600605
   vertex 32.600000 16.116926 -6.065981
  endloop
 endfacet
 facet normal -1 0 0
  outer loop
   vertex -32.600000 9.200000 0.000000
   vertex -32.600000 16.498851 -5.600605
   vertex -32.600000 16.116926 -6.065981
  endloop
 endfacet
 facet normal 1 0 0
  outer loop
   vertex 32.600000 9.200000 0.000000
   vertex 32.600000 16.116926 -6.065981
   vertex 32.600000 16.498851 -5.600605
  endloop
 endfacet
 facet normal 0 0.812847 -0.582477
  outer loop
   vertex -32.600000 16.498851 -5.600605
   vertex -32.600000 16.849520 -5.111246
   vertex 32.600000 16.849520 -5.111246
  endloop
 endfacet
 facet normal 0 0.812847 -0.582477
  outer loop
   vertex -32.600000 16.498851 -5.600605
   vertex 32.600000 16.849520 -5.111246
   vertex 32.600000 16.498851 -5.600605
  endloop
 endfacet
 facet normal -1 0 0
  outer loop
   vertex -32.600000 9.200000 0.000000
   vertex -32.600000 16.849520 -5.111246
   vertex -32.600000 16.498851 -5.600605
  endloop
 endfacet
 facet normal 1 0 0
  outer loop
   vertex 32.600000 9.200000 0.000000
   vertex 32.600000 16.498851 -5.600605
   vertex 32.600000 16.849520 -5.111246
  endloop
 endfacet
 facet normal 0 0.849202 -0.528069
  outer loop
   vertex -32.600000 16.849520 -5.111246
   vertex -32.600000 17.167434 -4.600000
   vertex 32.600000 17.167434 -4.600000
  endloop
 endfacet
 facet normal 0 0.849202 -0.528069
  outer loop
   vertex -32.600000 16.849520 -5.111246
   vertex 32.600000 17.167434 -4.600000
   vertex 32.600000 16.849520 -5.111246
  endloop
 endfacet
 facet normal -1 0 0
  outer loop
   vertex -32.600000 9.200000 0.000000
   vertex -32.600000 17.167434 -4.600000
   vertex -32.600000 16.849520 -5.111246
  endloop
 endfacet
 facet normal 1 0 0
  outer loop
   vertex 32.600000 9.200000 0.000000
   vertex 32.600000 16.849520 -5.111246
   vertex 32.600000 17.167434 -4.600000
  endloop
 endfacet
 facet normal 0 0.881922 -0.471396
  outer loop
   vertex -32.600000 17.167434 -4.600000
   vertex -32.600000 17.451229 -4.069056
   vertex 32.600000 17.451229 -4.069056
  endloop
 endfacet
 facet normal 0 0.881922 -0.471396
  outer loop
   vertex -32.600000 17.167434 -4.600000
   vertex 32.600000 17.451229 -4.069056
   vertex 32.600000 17.167434 -4.600000
  endloop
 endfacet
 facet normal -1 0 0
  outer loop
   vertex -32.600000 9.200000 0.000000
   vertex -32.600000 17.451229 -4.069056
   vertex -32.600000 17.167434 -4.600000
  endloop
 endfacet
 facet normal 1 0 0
  outer loop
   vertex 32.600000 9.200000 0.000000
   vertex 32.600000 17.167434 -4.600000
   vertex 32.600000 17.451229 -4.069056
  endloop
 endfacet
 facet normal 0 0.910863 -0.412708
  outer loop
   vertex -32.600000 17.451229 -4.069056
   vertex -32.600000 17.699692 -3.520688
   vertex 32.600000 17.699692 -3.520688
  endloop
 endfacet
 facet normal 0 0.910863 -0.412708
  outer loop
   vertex -32.600000 17.451229 -4.069056
   vertex 32.600000 17.699692 -3.520688
   vertex 32.600000 17.451229 -4.069056
  endloop
 endfacet
 facet normal -1 0 0
  outer loop
   vertex -32.600000 9.200000 0.000000
   vertex -32.600000 17.699692 -3.520688
   vertex -32.600000 17.451229 -4.069056
  endloop
 endfacet
 facet normal 1 0 0
  outer loop
   vertex 32.600000 9.200000 0.000000
   vertex 32.600000 17.451229 -4.069056
   vertex 32.600000 17.699692 -3.520688
  endloop
 endfacet
 facet normal 0 0.935906 -0.352249
  outer loop
   vertex -32.600000 17.699692 -3.520688
   vertex -32.600000 17.911757 -2.957243
   vertex 32.600000 17.911757 -2.957243
  endloop
 endfacet
 facet normal 0 0.935906 -0.352249
  outer loop
   vertex -32.600000 17.699692 -3.520688
   vertex 32.600000 17.911757 -2.957243
   vertex 32.600000 17.699692 -3.520688
  endloop
 endfacet
 facet normal -1 0 0
  outer loop
   vertex -32.600000 9.200000 0.000000
   vertex -32.600000 17.911757 -2.957243
   vertex -32.600000 17.699692 -3.520688
  endloop
 endfacet
 facet normal 1 0 0
  outer loop
   vertex 32.600000 9.200000 0.000000
   vertex 32.600000 17.699692 -3.520688
   vertex 32.600000 17.911757 -2.957243
  endloop
 endfacet
 facet normal 0 0.95694 -0.290286
  outer loop
   vertex -32.600000 17.911757 -2.957243
   vertex -32.600000 18.086518 -2.381135
   vertex 32.600000 18.086518 -2.381135
  endloop
 endfacet
 facet normal 0 0.95694 -0.290286
  outer loop
   vertex -32.600000 17.911757 -2.957243
   vertex 32.600000 18.086518 -2.381135
   vertex 32.600000 17.911757 -2.957243
  endloop
 endfacet
 facet normal -1 0 0
  outer loop
   vertex -32.600000 9.200000 0.000000
   vertex -32.600000 18.086518 -2.381135
   vertex -32.600000 17.911757 -2.957243
  endloop
 endfacet
 facet normal 1 0 0
  outer loop
   vertex 32.600000 9.200000 0.000000
   vertex 32.600000 17.911757 -2.957243
   vertex 32.600000 18.086518 -2.381135
  endloop
 endfacet
 facet normal 0 0.973877 -0.227076
  outer loop
   vertex -32.600000 18.086518 -2.381135
   vertex -32.600000 18.223225 -1.794831
   vertex 32.600000 18.223225 -1.794831
  endloop
 endfacet
 facet normal 0 0.973877 -0.227076
  outer loop
   vertex -32.600000 18.086518 -2.381135
   vertex 32.600000 18.223225 -1.794831
   vertex 32.600000 18.086518 -2.381135
  endloop
 endfacet
 facet normal -1 0 0
  outer loop
   vertex -32.600000 9.200000 0.000000
   vertex -32.600000 18.223225 -1.794831
   vertex -32.600000 18.086518 -2.381135
  endloop
 endfacet
 facet normal 1 0 0
  outer loop
   vertex 32.600000 9.200000 0.000000
   vertex 32.600000 18.086518 -2.381135
   vertex 32.600000 18.223225 -1.794831
  endloop
 endfacet
 facet normal 0 0.986643 -0.162895
  outer loop
   vertex -32.600000 18.223225 -1.794831
   vertex -32.600000 18.321293 -1.200841
   vertex 32.600000 18.321293 -1.200841
  endloop
 endfacet
 facet normal 0 0.986643 -0.162895
  outer loop
   vertex -32.600000 18.223225 -1.794831
   vertex 32.600000 18.321293 -1.200841
   vertex 32.600000 18.223225 -1.794831
  endloop
 endfacet
 facet normal -1 0 0
  outer loop
   vertex -32.600000 9.200000 0.000000
   vertex -32.600000 18.321293 -1.200841
   vertex -32.600000 18.223225 -1.794831
  endloop
 endfacet
 facet normal 1 0 0
  outer loop
   vertex 32.600000 9.200000 0.000000
   vertex 32.600000 18.223225 -1.794831
   vertex 32.600000 18.321293 -1.200841
  endloop
 endfacet
 facet normal 0 0.995185 -0.0980166
  outer loop
   vertex -32.600000 18.321293 -1.200841
   vertex -32.600000 18.380302 -0.601709
   vertex 32.600000 18.380302 -0.601709
  endloop
 endfacet
 facet normal 0 0.995185 -0.0980166
  outer loop
   vertex -32.600000 18.321293 -1.200841
   vertex 32.600000 18.380302 -0.601709
   vertex 32.600000 18.321293 -1.200841
  endloop
 endfacet
 facet normal -1 0 0
  outer loop
   vertex -32.600000 9.200000 0.000000
   vertex -32.600000 18.380302 -0.601709
   vertex -32.600000 18.321293 -1.200841
  endloop
 endfacet
 facet normal 1 0 0
  outer loop
   vertex 32.600000 9.200000 0.000000
   vertex 32.600000 18.321293 -1.200841
   vertex 32.600000 18.380302 -0.601709
  endloop
 endfacet
 facet normal 0 0.999465 -0.0327192
  outer loop
   vertex -32.600000 18.380302 -0.601709
   vertex -32.600000 18.400000 0.000000
   vertex 32.600000 18.400000 0.000000
  endloop
 endfacet
 facet normal 0 0.999465 -0.0327192
  outer loop
   vertex -32.600000 18.380302 -0.601709
   vertex 32.600000 18.400000 0.000000
   vertex 32.600000 18.380302 -0.601709
  endloop
 endfacet
 facet normal -1 0 0
  outer loop
   vertex -32.600000 9.200000 0.000000
   vertex -32.600000 18.400000 0.000000
   vertex -32.600000 18.380302 -0.601709
  endloop
 endfacet
 facet normal 1 -0 0
  outer loop
   vertex 32.600000 9.200000 0.000000
   vertex 32.600000 18.380302 -0.601709
   vertex 32.600000 18.400000 0.000000
  endloop
 endfacet
 facet normal 0 0.999465 0.0327192
  outer loop
   vertex -32.600000 18.400000 18.400000
   vertex -32.600000 18.380302 19.001709
   vertex 32.600000 18.380302 19.001709
  endloop
 endfacet
 facet normal -0 0.999465 0.0327192
  outer loop
   vertex -32.600000 18.400000 18.400000
   vertex 32.600000 18.380302 19.001709
   vertex 32.600000 18.400000 18.400000
  endloop
 endfacet
 facet normal -1 0 0
  outer loop
   vertex -32.600000 9.200000 18.400000
   vertex -32.600000 18.380302 19.001709
   vertex -32.600000 18.400000 18.400000
  endloop
 endfacet
 facet normal 1 0 0
  outer loop
   vertex 32.600000 9.200000 18.400000
   vertex 32.600000 18.400000 18.400000
   vertex 32.600000 18.380302 19.001709
  endloop
 endfacet
 facet normal 0 0.995185 0.0980166
  outer loop
   vertex -32.600000 18.380302 19.001709
   vertex -32.600000 18.321293 19.600841
   vertex 32.600000 18.321293 19.600841
  endloop
 endfacet
 facet normal -0 0.995185 0.0980166
  outer loop
   vertex -32.600000 18.380302 19.001709
   vertex 32.600000 18.321293 19.600841
   vertex 32.600000 18.380302 19.001709
  endloop
 endfacet
 facet normal -1 0 0
  outer loop
   vertex -32.600000 9.200000 18.400000
   vertex -32.600000 18.321293 19.600841
   vertex -32.600000 18.380302 19.001709
  endloop
 endfacet
 facet normal 1 0 0
  outer loop
   vertex 32.600000 9.200000 18.400000
   vertex 32.600000 18.380302 19.001709
   vertex 32.600000 18.321293 19.600841
  endloop
 endfacet
 facet normal 0 0.986643 0.162895
  outer loop
   vertex -32.600000 18.321293 19.600841
   vertex -32.600000 18.223225 20.194831
   vertex 32.600000 18.223225 20.194831
  endloop
 endfacet
 facet normal -0 0.986643 0.162895
  outer loop
   vertex -32.600000 18.321293 19.600841
   vertex 32.600000 18.223225 20.194831
   vertex 32.600000 18.321293 19.600841
  endloop
 endfacet
 facet normal -1 0 0
  outer loop
   vertex -32.600000 9.200000 18.400000
   vertex -32.600000 18.223225 20.194831
   vertex -32.600000 18.321293 19.600841
  endloop
 endfacet
 facet normal 1 0 0
  outer loop
   vertex 32.600000 9.200000 18.400000
   vertex 32.600000 18.321293 19.600841
   vertex 32.600000 18.223225 20.194831
  endloop
 endfacet
 facet normal 0 0.973877 0.227076
  outer loop
   vertex -32.600000 18.223225 20.194831
   vertex -32.600000 18.086518 20.781135
   vertex 32.600000 18.086518 20.781135
  endloop
 endfacet
 facet normal -0 0.973877 0.227076
  outer loop
   vertex -32.600000 18.223225 20.194831
   vertex 32.600000 18.086518 20.781135
   vertex 32.600000 18.223225 20.194831
  endloop
 endfacet
 facet normal -1 0 0
  outer loop
   vertex -32.600000 9.200000 18.400000
   vertex -32.600000 18.086518 20.781135
   vertex -32.600000 18.223225 20.194831
  endloop
 endfacet
 facet normal 1 0 0
  outer loop
   vertex 32.600000 9.200000 18.400000
   vertex 32.600000 18.223225 20.194831
   vertex 32.600000 18.086518 20.781135
  endloop
 endfacet
 facet normal 0 0.95694 0.290286
  outer loop
   vertex -32.600000 18.086518 20.781135
   vertex -32.600000 17.911757 21.357243
   vertex 32.600000 17.911757 21.357243
  endloop
 endfacet
 facet normal -0 0.95694 0.290286
  outer loop
   vertex -32.600000 18.086518 20.781135
   vertex 32.600000 17.911757 21.357243
   vertex 32.600000 18.086518 20.781135
  endloop
 endfacet
 facet normal -1 0 0
  outer loop
   vertex -32.600000 9.200000 18.400000
   vertex -32.600000 17.911757 21.357243
   vertex -32.600000 18.086518 20.781135
  endloop
 endfacet
 facet normal 1 0 0
  outer loop
   vertex 32.600000 9.200000 18.400000
   vertex 32.600000 18.086518 20.781135
   vertex 32.600000 17.911757 21.357243
  endloop
 endfacet
 facet normal 0 0.935906 0.352249
  outer loop
   vertex -32.600000 17.911757 21.357243
   vertex -32.600000 17.699692 21.920688
   vertex 32.600000 17.699692 21.920688
  endloop
 endfacet
 facet normal -0 0.935906 0.352249
  outer loop
   vertex -32.600000 17.911757 21.357243
   vertex 32.600000 17.699692 21.920688
   vertex 32.600000 17.911757 21.357243
  endloop
 endfacet
 facet normal -1 0 0
  outer loop
   vertex -32.600000 9.200000 18.400000
   vertex -32.600000 17.699692 21.920688
   vertex -32.600000 17.911757 21.357243
  endloop
 endfacet
 facet normal 1 0 0
  outer loop
   vertex 32.600000 9.200000 18.400000
   vertex 32.600000 17.911757 21.357243
   vertex 32.600000 17.699692 21.920688
  endloop
 endfacet
 facet normal 0 0.910863 0.412708
  outer loop
   vertex -32.600000 17.699692 21.920688
   vertex -32.600000 17.451229 22.469056
   vertex 32.600000 17.451229 22.469056
  endloop
 endfacet
 facet normal -0 0.910863 0.412708
  outer loop
   vertex -32.600000 17.699692 21.920688
   vertex 32.600000 17.451229 22.469056
   vertex 32.600000 17.699692 21.920688
  endloop
 endfacet
 facet normal -1 0 0
  outer loop
   vertex -32.600000 9.200000 18.400000
   vertex -32.600000 17.451229 22.469056
   vertex -32.600000 17.699692 21.920688
  endloop
 endfacet
 facet normal 1 0 0
  outer loop
   vertex 32.600000 9.200000 18.400000
   vertex 32.600000 17.699692 21.920688
   vertex 32.600000 17.451229 22.469056
  endloop
 endfacet
 facet normal 0 0.881922 0.471396
  outer loop
   vertex -32.600000 17.451229 22.469056
   vertex -32.600000 17.167434 23.000000
   vertex 32.600000 17.167434 23.000000
  endloop
 endfacet
 facet normal -0 0.881922 0.471396
  outer loop
   vertex -32.600000 17.451229 22.469056
   vertex 32.600000 17.167434 23.000000
   vertex 32.600000 17.451229 22.469056
  endloop
 endfacet
 facet normal -1 0 0
  outer loop
   vertex -32.600000 9.200000 18.400000
   vertex -32.600000 17.167434 23.000000
   vertex -32.600000 17.451229 22.469056
  endloop
 endfacet
 facet normal 1 0 0
  outer loop
   vertex 32.600000 9.200000 18.400000
   vertex 32.600000 17.451229 22.469056
   vertex 32.600000 17.167434 23.000000
  endloop
 endfacet
 facet normal 0 0.849202 0.528069
  outer loop
   vertex -32.600000 17.167434 23.000000
   vertex -32.600000 16.849520 23.511246
   vertex 32.600000 16.849520 23.511246
  endloop
 endfacet
 facet normal -0 0.849202 0.528069
  outer loop
   vertex -32.600000 17.167434 23.000000
   vertex 32.600000 16.849520 23.511246
   vertex 32.600000 17.167434 23.000000
  endloop
 endfacet
 facet normal -1 0 0
  outer loop
   vertex -32.600000 9.200000 18.400000
   vertex -32.600000 16.849520 23.511246
   vertex -32.600000 17.167434 23.000000
  endloop
 endfacet
 facet normal 1 0 0
  outer loop
   vertex 32.600000 9.200000 18.400000
   vertex 32.600000 17.167434 23.000000
   vertex 32.600000 16.849520 23.511246
  endloop
 endfacet
 facet normal 0 0.812847 0.582477
  outer loop
   vertex -32.600000 16.849520 23.511246
   vertex -32.600000 16.498851 24.000605
   vertex 32.600000 16.498851 24.000605
  endloop
 endfacet
 facet normal -0 0.812847 0.582477
  outer loop
   vertex -32.600000 16.849520 23.511246
   vertex 32.600000 16.498851 24.000605
   vertex 32.600000 16.849520 23.511246
  endloop
 endfacet
 facet normal -1 0 0
  outer loop
   vertex -32.600000 9.200000 18.400000
   vertex -32.600000 16.498851 24.000605
   vertex -32.600000 16.849520 23.511246
  endloop
 endfacet
 facet normal 1 0 0
  outer loop
   vertex 32.600000 9.200000 18.400000
   vertex 32.600000 16.849520 23.511246
   vertex 32.600000 16.498851 24.000605
  endloop
 endfacet
 facet normal 0 0.77301 0.634394
  outer loop
   vertex -32.600000 16.498851 24.000605
   vertex -32.600000 16.116926 24.465981
   vertex 32.600000 16.116926 24.465981
  endloop
 endfacet
 facet normal -0 0.77301 0.634394
  outer loop
   vertex -32.600000 16.498851 24.000605
   vertex 32.600000 16.116926 24.465981
   vertex 32.600000 16.498851 24.000605
  endloop
 endfacet
 facet normal -1 0 0
  outer loop
   vertex -32.600000 9.200000 18.400000
   vertex -32.600000 16.116926 24.465981
   vertex -32.600000 16.498851 24.000605
  endloop
 endfacet
 facet normal 1 0 0
  outer loop
   vertex 32.600000 9.200000 18.400000
   vertex 32.600000 16.498851 24.000605
   vertex 32.600000 16.116926 24.465981
  endloop
 endfacet
 facet normal 0 0.729864 0.683592
  outer loop
   vertex -32.600000 16.116926 24.465981
   vertex -32.600000 15.705382 24.905382
   vertex 32.600000 15.705382 24.905382
  endloop
 endfacet
 facet normal -0 0.729864 0.683592
  outer loop
   vertex -32.600000 16.116926 24.465981
   vertex 32.600000 15.705382 24.905382
   vertex 32.600000 16.116926 24.465981
  endloop
 endfacet
 facet normal -1 0 0
  outer loop
   vertex -32.600000 9.200000 18.400000
   vertex -32.600000 15.705382 24.905382
   vertex -32.600000 16.116926 24.465981
  endloop
 endfacet
 facet normal 1 0 0
  outer loop
   vertex 32.600000 9.200000 18.400000
   vertex 32.600000 16.116926 24.465981
   vertex 32.600000 15.705382 24.905382
  endloop
 endfacet
 facet normal 0 0.683592 0.729864
  outer loop
   vertex -32.600000 15.705382 24.905382
   vertex -32.600000 15.265981 25.316926
   vertex 32.600000 15.265981 25.316926
  endloop
 endfacet
 facet normal -0 0.683592 0.729864
  outer loop
   vertex -32.600000 15.705382 24.905382
   vertex 32.600000 15.265981 25.316926
   vertex 32.600000 15.705382 24.905382
  endloop
 endfacet
 facet normal -1 0 0
  outer loop
   vertex -32.600000 9.200000 18.400000
   vertex -32.600000 15.265981 25.316926
   vertex -32.600000 15.705382 24.905382
  endloop
 endfacet
 facet normal 1 0 0
  outer loop
   vertex 32.600000 9.200000 18.400000
   vertex 32.600000 15.705382 24.905382
   vertex 32.600000 15.265981 25.316926
  endloop
 endfacet
 facet normal 0 0.634394 0.77301
  outer loop
   vertex -32.600000 15.265981 25.316926
   vertex -32.600000 14.800605 25.698851
   vertex 32.600000 14.800605 25.698851
  endloop
 endfacet
 facet normal -0 0.634394 0.77301
  outer loop
   vertex -32.600000 15.265981 25.316926
   vertex 32.600000 14.800605 25.698851
   vertex 32.600000 15.265981 25.316926
  endloop
 endfacet
 facet normal -1 0 0
  outer loop
   vertex -32.600000 9.200000 18.400000
   vertex -32.600000 14.800605 25.698851
   vertex -32.600000 15.265981 25.316926
  endloop
 endfacet
 facet normal 1 0 0
  outer loop
   vertex 32.600000 9.200000 18.400000
   vertex 32.600000 15.265981 25.316926
   vertex 32.600000 14.800605 25.698851
  endloop
 endfacet
 facet normal 0 0.582477 0.812847
  outer loop
   vertex -32.600000 14.800605 25.698851
   vertex -32.600000 14.311246 26.049520
   vertex 32.600000 14.311246 26.049520
  endloop
 endfacet
 facet normal -0 0.582477 0.812847
  outer loop
   vertex -32.600000 14.800605 25.698851
   vertex 32.600000 14.311246 26.049520
   vertex 32.600000 14.800605 25.698851
  endloop
 endfacet
 facet normal -1 0 0
  outer loop
   vertex -32.600000 9.200000 18.400000
   vertex -32.600000 14.311246 26.049520
   vertex -32.600000 14.800605 25.698851
  endloop
 endfacet
 facet normal 1 0 0
  outer loop
   vertex 32.600000 9.200000 18.400000
   vertex 32.600000 14.800605 25.698851
   vertex 32.600000 14.311246 26.049520
  endloop
 endfacet
 facet normal 0 0.528069 0.849202
  outer loop
   vertex -32.600000 14.311246 26.049520
   vertex -32.600000 13.800000 26.367434
   vertex 32.600000 13.800000 26.367434
  endloop
 endfacet
 facet normal -0 0.528069 0.849202
  outer loop
   vertex -32.600000 14.311246 26.049520
   vertex 32.600000 13.800000 26.367434
   vertex 32.600000 14.311246 26.049520
  endloop
 endfacet
 facet normal -1 0 0
  outer loop
   vertex -32.600000 9.200000 18.400000
   vertex -32.600000 13.800000 26.367434
   vertex -32.600000 14.311246 26.049520
  endloop
 endfacet
 facet normal 1 0 0
  outer loop
   vertex 32.600000 9.200000 18.400000
   vertex 32.600000 14.311246 26.049520
   vertex 32.600000 13.800000 26.367434
  endloop
 endfacet
 facet normal 0 0.471396 0.881922
  outer loop
   vertex -32.600000 13.800000 26.367434
   vertex -32.600000 13.269056 26.651229
   vertex 32.600000 13.269056 26.651229
  endloop
 endfacet
 facet normal -0 0.471396 0.881922
  outer loop
   vertex -32.600000 13.800000 26.367434
   vertex 32.600000 13.269056 26.651229
   vertex 32.600000 13.800000 26.367434
  endloop
 endfacet
 facet normal -1 0 0
  outer loop
   vertex -32.600000 9.200000 18.400000
   vertex -32.600000 13.269056 26.651229
   vertex -32.600000 13.800000 26.367434
  endloop
 endfacet
 facet normal 1 0 0
  outer loop
   vertex 32.600000 9.200000 18.400000
   vertex 32.600000 13.800000 26.367434
   vertex 32.600000 13.269056 26.651229
  endloop
 endfacet
 facet normal 0 0.412708 0.910863
  outer loop
   vertex -32.600000 13.269056 26.651229
   vertex -32.600000 12.720688 26.899692
   vertex 32.600000 12.720688 26.899692
  endloop
 endfacet
 facet normal -0 0.412708 0.910863
  outer loop
   vertex -32.600000 13.269056 26.651229
   vertex 32.600000 12.720688 26.899692
   vertex 32.600000 13.269056 26.651229
  endloop
 endfacet
 facet normal -1 0 0
  outer loop
   vertex -32.600000 9.200000 18.400000
   vertex -32.600000 12.720688 26.899692
   vertex -32.600000 13.269056 26.651229
  endloop
 endfacet
 facet normal 1 0 0
  outer loop
   vertex 32.600000 9.200000 18.400000
   vertex 32.600000 13.269056 26.651229
   vertex 32.600000 12.720688 26.899692
  endloop
 endfacet
 facet normal 0 0.352249 0.935906
  outer loop
   vertex -32.600000 12.720688 26.899692
   vertex -32.600000 12.157243 27.111757
   vertex 32.600000 12.157243 27.111757
  endloop
 endfacet
 facet normal -0 0.352249 0.935906
  outer loop
   vertex -32.600000 12.720688 26.899692
   vertex 32.600000 12.157243 27.111757
   vertex 32.600000 12.720688 26.899692
  endloop
 endfacet
 facet normal -1 0 0
  outer loop
   vertex -32.600000 9.200000 18.400000
   vertex -32.600000 12.157243 27.111757
   vertex -32.600000 12.720688 26.899692
  endloop
 endfacet
 facet normal 1 0 0
  outer loop
   vertex 32.600000 9.200000 18.400000
   vertex 32.600000 12.720688 26.899692
   vertex 32.600000 12.157243 27.111757
  endloop
 endfacet
 facet normal 0 0.290286 0.95694
  outer loop
   vertex -32.600000 12.157243 27.111757
   vertex -32.600000 11.581135 27.286518
   vertex 32.600000 11.581135 27.286518
  endloop
 endfacet
 facet normal -0 0.290286 0.95694
  outer loop
   vertex -32.600000 12.157243 27.111757
   vertex 32.600000 11.581135 27.286518
   vertex 32.600000 12.157243 27.111757
  endloop
 endfacet
 facet normal -1 0 0
  outer loop
   vertex -32.600000 9.200000 18.400000
   vertex -32.600000 11.581135 27.286518
   vertex -32.600000 12.157243 27.111757
  endloop
 endfacet
 facet normal 1 0 0
  outer loop
   vertex 32.600000 9.200000 18.400000
   vertex 32.600000 12.157243 27.111757
   vertex 32.600000 11.581135 27.286518
  endloop
 endfacet
 facet normal 0 0.227076 0.973877
  outer loop
   vertex -32.600000 11.581135 27.286518
   vertex -32.600000 10.994831 27.423225
   vertex 32.600000 10.994831 27.423225
  endloop
 endfacet
 facet normal -0 0.227076 0.973877
  outer loop
   vertex -32.600000 11.581135 27.286518
   vertex 32.600000 10.994831 27.423225
   vertex 32.600000 11.581135 27.286518
  endloop
 endfacet
 facet normal -1 0 0
  outer loop
   vertex -32.600000 9.200000 18.400000
   vertex -32.600000 10.994831 27.423225
   vertex -32.600000 11.581135 27.286518
  endloop
 endfacet
 facet normal 1 0 0
  outer loop
   vertex 32.600000 9.200000 18.400000
   vertex 32.600000 11.581135 27.286518
   vertex 32.600000 10.994831 27.423225
  endloop
 endfacet
 facet normal 0 0.162895 0.986643
  outer loop
   vertex -32.600000 10.994831 27.423225
   vertex -32.600000 10.400841 27.521293
   vertex 32.600000 10.400841 27.521293
  endloop
 endfacet
 facet normal -0 0.162895 0.986643
  outer loop
   vertex -32.600000 10.994831 27.423225
   vertex 32.600000 10.400841 27.521293
   vertex 32.600000 10.994831 27.423225
  endloop
 endfacet
 facet normal -1 0 0
  outer loop
   vertex -32.600000 9.200000 18.400000
   vertex -32.600000 10.400841 27.521293
   vertex -32.600000 10.994831 27.423225
  endloop
 endfacet
 facet normal 1 0 0
  outer loop
   vertex 32.600000 9.200000 18.400000
   vertex 32.600000 10.994831 27.423225
   vertex 32.600000 10.400841 27.521293
  endloop
 endfacet
 facet normal 0 0.0980166 0.995185
  outer loop
   vertex -32.600000 10.400841 27.521293
   vertex -32.600000 9.801709 27.580302
   vertex 32.600000 9.801709 27.580302
  endloop
 endfacet
 facet normal -0 0.0980166 0.995185
  outer loop
   vertex -32.600000 10.400841 27.521293
   vertex 32.600000 9.801709 27.580302
   vertex 32.600000 10.400841 27.521293
  endloop
 endfacet
 facet normal -1 0 0
  outer loop
   vertex -32.600000 9.200000 18.400000
   vertex -32.600000 9.801709 27.580302
   vertex -32.600000 10.400841 27.521293
  endloop
 endfacet
 facet normal 1 0 0
  outer loop
   vertex 32.600000 9.200000 18.400000
   vertex 32.600000 10.400841 27.521293
   vertex 32.600000 9.801709 27.580302
  endloop
 endfacet
 facet normal 0 0.0327192 0.999465
  outer loop
   vertex -32.600000 9.801709 27.580302
   vertex -32.600000 9.200000 27.600000
   vertex 32.600000 9.200000 27.600000
  endloop
 endfacet
 facet normal -0 0.0327192 0.999465
  outer loop
   vertex -32.600000 9.801709 27.580302
   vertex 32.600000 9.200000 27.600000
   vertex 32.600000 9.801709 27.580302
  endloop
 endfacet
 facet normal -1 0 0
  outer loop
   vertex -32.600000 9.200000 18.400000
   vertex -32.600000 9.200000 27.600000
   vertex -32.600000 9.801709 27.580302
  endloop
 endfacet
 facet normal 1 0 0
  outer loop
   vertex 32.600000 9.200000 18.400000
   vertex 32.600000 9.801709 27.580302
   vertex 32.600000 9.200000 27.600000
  endloop
 endfacet
 facet normal 0 -0.0327192 0.999465
  outer loop
   vertex -32.600000 9.200000 27.600000
   vertex -32.600000 8.598291 27.580302
   vertex 32.600000 8.598291 27.580302
  endloop
 endfacet
 facet normal 0 -0.0327192 0.999465
  outer loop
   vertex -32.600000 9.200000 27.600000
   vertex 32.600000 8.598291 27.580302
   vertex 32.600000 9.200000 27.600000
  endloop
 endfacet
 facet normal -1 0 0
  outer loop
   vertex -32.600000 9.200000 18.400000
   vertex -32.600000 8.598291 27.580302
   vertex -32.600000 9.200000 27.600000
  endloop
 endfacet
 facet normal 1 0 -0
  outer loop
   vertex 32.600000 9.200000 18.400000
   vertex 32.600000 9.200000 27.600000
   vertex 32.600000 8.598291 27.580302
  endloop
 endfacet
 facet normal 0 -0.0980166 0.995185
  outer loop
   vertex -32.600000 8.598291 27.580302
   vertex -32.600000 7.999159 27.521293
   vertex 32.600000 7.999159 27.521293
  endloop
 endfacet
 facet normal 0 -0.0980166 0.995185
  outer loop
   vertex -32.600000 8.598291 27.580302
   vertex 32.600000 7.999159 27.521293
   vertex 32.600000 8.598291 27.580302
  endloop
 endfacet
 facet normal -1 0 0
  outer loop
   vertex -32.600000 9.200000 18.400000
   vertex -32.600000 7.999159 27.521293
   vertex -32.600000 8.598291 27.580302
  endloop
 endfacet
 facet normal 1 0 0
  outer loop
   vertex 32.600000 9.200000 18.400000
   vertex 32.600000 8.598291 27.580302
   vertex 32.600000 7.999159 27.521293
  endloop
 endfacet
 facet normal 0 -0.162895 0.986643
  outer loop
   vertex -32.600000 7.999159 27.521293
   vertex -32.600000 7.405169 27.423225
   vertex 32.600000 7.405169 27.423225
  endloop
 endfacet
 facet normal 0 -0.162895 0.986643
  outer loop
   vertex -32.600000 7.999159 27.521293
   vertex 32.600000 7.405169 27.423225
   vertex 32.600000 7.999159 27.521293
  endloop
 endfacet
 facet normal -1 0 0
  outer loop
   vertex -32.600000 9.200000 18.400000
   vertex -32.600000 7.405169 27.423225
   vertex -32.600000 7.999159 27.521293
  endloop
 endfacet
 facet normal 1 0 0
  outer loop
   vertex 32.600000 9.200000 18.400000
   vertex 32.600000 7.999159 27.521293
   vertex 32.600000 7.405169 27.423225
  endloop
 endfacet
 facet normal 0 -0.227076 0.973877
  outer loop
   vertex -32.600000 7.405169 27.423225
   vertex -32.600000 6.818865 27.286518
   vertex 32.600000 6.818865 27.286518
  endloop
 endfacet
 facet normal 0 -0.227076 0.973877
  outer loop
   vertex -32.600000 7.405169 27.423225
   vertex 32.600000 6.818865 27.286518
   vertex 32.600000 7.405169 27.423225
  endloop
 endfacet
 facet normal -1 0 0
  outer loop
   vertex -32.600000 9.200000 18.400000
   vertex -32.600000 6.818865 27.286518
   vertex -32.600000 7.405169 27.423225
  endloop
 endfacet
 facet normal 1 0 0
  outer loop
   vertex 32.600000 9.200000 18.400000
   vertex 32.600000 7.405169 27.423225
   vertex 32.600000 6.818865 27.286518
  endloop
 endfacet
 facet normal 0 -0.290286 0.95694
  outer loop
   vertex -32.600000 6.818865 27.286518
   vertex -32.600000 6.242757 27.111757
   vertex 32.600000 6.242757 27.111757
  endloop
 endfacet
 facet normal 0 -0.290286 0.95694
  outer loop
   vertex -32.600000 6.818865 27.286518
   vertex 32.600000 6.242757 27.111757
   vertex 32.600000 6.818865 27.286518
  endloop
 endfacet
 facet normal -1 0 0
  outer loop
   vertex -32.600000 9.200000 18.400000
   vertex -32.600000 6.242757 27.111757
   vertex -32.600000 6.818865 27.286518
  endloop
 endfacet
 facet normal 1 0 0
  outer loop
   vertex 32.600000 9.200000 18.400000
   vertex 32.600000 6.818865 27.286518
   vertex 32.600000 6.242757 27.111757
  endloop
 endfacet
 facet normal 0 -0.352249 0.935906
  outer loop
   vertex -32.600000 6.242757 27.111757
   vertex -32.600000 5.679312 26.899692
   vertex 32.600000 5.679312 26.899692
  endloop
 endfacet
 facet normal 0 -0.352249 0.935906
  outer loop
   vertex -32.600000 6.242757 27.111757
   vertex 32.600000 5.679312 26.899692
   vertex 32.600000 6.242757 27.111757
  endloop
 endfacet
 facet normal -1 0 0
  outer loop
   vertex -32.600000 9.200000 18.400000
   vertex -32.600000 5.679312 26.899692
   vertex -32.600000 6.242757 27.111757
  endloop
 endfacet
 facet normal 1 0 0
  outer loop
   vertex 32.600000 9.200000 18.400000
   vertex 32.600000 6.242757 27.111757
   vertex 32.600000 5.679312 26.899692
  endloop
 endfacet
 facet normal 0 -0.412708 0.910863
  outer loop
   vertex -32.600000 5.679312 26.899692
   vertex -32.600000 5.130944 26.651229
   vertex 32.600000 5.130944 26.651229
  endloop
 endfacet
 facet normal 0 -0.412708 0.910863
  outer loop
   vertex -32.600000 5.679312 26.899692
   vertex 32.600000 5.130944 26.651229
   vertex 32.600000 5.679312 26.899692
  endloop
 endfacet
 facet normal -1 0 0
  outer loop
   vertex -32.600000 9.200000 18.400000
   vertex -32.600000 5.130944 26.651229
   vertex -32.600000 5.679312 26.899692
  endloop
 endfacet
 facet normal 1 0 0
  outer loop
   vertex 32.600000 9.200000 18.400000
   vertex 32.600000 5.679312 26.899692
   vertex 32.600000 5.130944 26.651229
  endloop
 endfacet
 facet normal 0 -0.471396 0.881922
  outer loop
   vertex -32.600000 5.130944 26.651229
   vertex -32.600000 4.600000 26.367434
   vertex 32.600000 4.600000 26.367434
  endloop
 endfacet
 facet normal 0 -0.471396 0.881922
  outer loop
   vertex -32.600000 5.130944 26.651229
   vertex 32.600000 4.600000 26.367434
   vertex 32.600000 5.130944 26.651229
  endloop
 endfacet
 facet normal -1 0 0
  outer loop
   vertex -32.600000 9.200000 18.400000
   vertex -32.600000 4.600000 26.367434
   vertex -32.600000 5.130944 26.651229
  endloop
 endfacet
 facet normal 1 0 0
  outer loop
   vertex 32.600000 9.200000 18.400000
   vertex 32.600000 5.130944 26.651229
   vertex 32.600000 4.600000 26.367434
  endloop
 endfacet
 facet normal 0 -0.528069 0.849202
  outer loop
   vertex -32.600000 4.600000 26.367434
   vertex -32.600000 4.088754 26.049520
   vertex 32.600000 4.088754 26.049520
  endloop
 endfacet
 facet normal 0 -0.528069 0.849202
  outer loop
   vertex -32.600000 4.600000 26.367434
   vertex 32.600000 4.088754 26.049520
   vertex 32.600000 4.600000 26.367434
  endloop
 endfacet
 facet normal -1 0 0
  outer loop
   vertex -32.600000 9.200000 18.400000
   vertex -32.600000 4.088754 26.049520
   vertex -32.600000 4.600000 26.367434
  endloop
 endfacet
 facet normal 1 0 0
  outer loop
   vertex 32.600000 9.200000 18.400000
   vertex 32.600000 4.600000 26.367434
   vertex 32.600000 4.088754 26.049520
  endloop
 endfacet
 facet normal 0 -0.582477 0.812847
  outer loop
   vertex -32.600000 4.088754 26.049520
   vertex -32.600000 3.599395 25.698851
   vertex 32.600000 3.599395 25.698851
  endloop
 endfacet
 facet normal 0 -0.582477 0.812847
  outer loop
   vertex -32.600000 4.088754 26.049520
   vertex 32.600000 3.599395 25.698851
   vertex 32.600000 4.088754 26.049520
  endloop
 endfacet
 facet normal -1 0 0
  outer loop
   vertex -32.600000 9.200000 18.400000
   vertex -32.600000 3.599395 25.698851
   vertex -32.600000 4.088754 26.049520
  endloop
 endfacet
 facet normal 1 0 0
  outer loop
   vertex 32.600000 9.200000 18.400000
   vertex 32.600000 4.088754 26.049520
   vertex 32.600000 3.599395 25.698851
  endloop
 endfacet
 facet normal 0 -0.634394 0.77301
  outer loop
   vertex -32.600000 3.599395 25.698851
   vertex -32.600000 3.134019 25.316926
   vertex 32.600000 3.134019 25.316926
  endloop
 endfacet
 facet normal 0 -0.634394 0.77301
  outer loop
   vertex -32.600000 3.599395 25.698851
   vertex 32.600000 3.134019 25.316926
   vertex 32.600000 3.599395 25.698851
  endloop
 endfacet
 facet normal -1 0 0
  outer loop
   vertex -32.600000 9.200000 18.400000
   vertex -32.600000 3.134019 25.316926
   vertex -32.600000 3.599395 25.698851
  endloop
 endfacet
 facet normal 1 0 0
  outer loop
   vertex 32.600000 9.200000 18.400000
   vertex 32.600000 3.599395 25.698851
   vertex 32.600000 3.134019 25.316926
  endloop
 endfacet
 facet normal 0 -0.683592 0.729864
  outer loop
   vertex -32.600000 3.134019 25.316926
   vertex -32.600000 2.694618 24.905382
   vertex 32.600000 2.694618 24.905382
  endloop
 endfacet
 facet normal 0 -0.683592 0.729864
  outer loop
   vertex -32.600000 3.134019 25.316926
   vertex 32.600000 2.694618 24.905382
   vertex 32.600000 3.134019 25.316926
  endloop
 endfacet
 facet normal -1 0 0
  outer loop
   vertex -32.600000 9.200000 18.400000
   vertex -32.600000 2.694618 24.905382
   vertex -32.600000 3.134019 25.316926
  endloop
 endfacet
 facet normal 1 0 0
  outer loop
   vertex 32.600000 9.200000 18.400000
   vertex 32.600000 3.134019 25.316926
   vertex 32.600000 2.694618 24.905382
  endloop
 endfacet
 facet normal 0 -0.729864 0.683592
  outer loop
   vertex -32.600000 2.694618 24.905382
   vertex -32.600000 2.283074 24.465981
   vertex 32.600000 2.283074 24.465981
  endloop
 endfacet
 facet normal 0 -0.729864 0.683592
  outer loop
   vertex -32.600000 2.694618 24.905382
   vertex 32.600000 2.283074 24.465981
   vertex 32.600000 2.694618 24.905382
  endloop
 endfacet
 facet normal -1 0 0
  outer loop
   vertex -32.600000 9.200000 18.400000
   vertex -32.600000 2.283074 24.465981
   vertex -32.600000 2.694618 24.905382
  endloop
 endfacet
 facet normal 1 0 0
  outer loop
   vertex 32.600000 9.200000 18.400000
   vertex 32.600000 2.694618 24.905382
   vertex 32.600000 2.283074 24.465981
  endloop
 endfacet
 facet normal 0 -0.77301 0.634394
  outer loop
   vertex -32.600000 2.283074 24.465981
   vertex -32.600000 1.901149 24.000605
   vertex 32.600000 1.901149 24.000605
  endloop
 endfacet
 facet normal 0 -0.77301 0.634394
  outer loop
   vertex -32.600000 2.283074 24.465981
   vertex 32.600000 1.901149 24.000605
   vertex 32.600000 2.283074 24.465981
  endloop
 endfacet
 facet normal -1 0 0
  outer loop
   vertex -32.600000 9.200000 18.400000
   vertex -32.600000 1.901149 24.000605
   vertex -32.600000 2.283074 24.465981
  endloop
 endfacet
 facet normal 1 0 0
  outer loop
   vertex 32.600000 9.200000 18.400000
   vertex 32.600000 2.283074 24.465981
   vertex 32.600000 1.901149 24.000605
  endloop
 endfacet
 facet normal 0 -0.812847 0.582477
  outer loop
   vertex -32.600000 1.901149 24.000605
   vertex -32.600000 1.550480 23.511246
   vertex 32.600000 1.550480 23.511246
  endloop
 endfacet
 facet normal 0 -0.812847 0.582477
  outer loop
   vertex -32.600000 1.901149 24.000605
   vertex 32.600000 1.550480 23.511246
   vertex 32.600000 1.901149 24.000605
  endloop
 endfacet
 facet normal -1 0 0
  outer loop
   vertex -32.600000 9.200000 18.400000
   vertex -32.600000 1.550480 23.511246
   vertex -32.600000 1.901149 24.000605
  endloop
 endfacet
 facet normal 1 0 0
  outer loop
   vertex 32.600000 9.200000 18.400000
   vertex 32.600000 1.901149 24.000605
   vertex 32.600000 1.550480 23.511246
  endloop
 endfacet
 facet normal 0 -0.849202 0.528069
  outer loop
   vertex -32.600000 1.550480 23.511246
   vertex -32.600000 1.232566 23.000000
   vertex 32.600000 1.232566 23.000000
  endloop
 endfacet
 facet normal 0 -0.849202 0.528069
  outer loop
   vertex -32.600000 1.550480 23.511246
   vertex 32.600000 1.232566 23.000000
   vertex 32.600000 1.550480 23.511246
  endloop
 endfacet
 facet normal -1 0 0
  outer loop
   vertex -32.600000 9.200000 18.400000
   vertex -32.600000 1.232566 23.000000
   vertex -32.600000 1.550480 23.511246
  endloop
 endfacet
 facet normal 1 0 0
  outer loop
   vertex 32.600000 9.200000 18.400000
   vertex 32.600000 1.550480 23.511246
   vertex 32.600000 1.232566 23.000000
  endloop
 endfacet
 facet normal 0 -0.881922 0.471396
  outer loop
   vertex -32.600000 1.232566 23.000000
   vertex -32.600000 0.948771 22.469056
   vertex 32.600000 0.948771 22.469056
  endloop
 endfacet
 facet normal 0 -0.881922 0.471396
  outer loop
   vertex -32.600000 1.232566 23.000000
   vertex 32.600000 0.948771 22.469056
   vertex 32.600000 1.232566 23.000000
  endloop
 endfacet
 facet normal -1 0 0
  outer loop
   vertex -32.600000 9.200000 18.400000
   vertex -32.600000 0.948771 22.469056
   vertex -32.600000 1.232566 23.000000
  endloop
 endfacet
 facet normal 1 0 0
  outer loop
   vertex 32.600000 9.200000 18.400000
   vertex 32.600000 1.232566 23.000000
   vertex 32.600000 0.948771 22.469056
  endloop
 endfacet
 facet normal 0 -0.910863 0.412708
  outer loop
   vertex -32.600000 0.948771 22.469056
   vertex -32.600000 0.700308 21.920688
   vertex 32.600000 0.700308 21.920688
  endloop
 endfacet
 facet normal 0 -0.910863 0.412708
  outer loop
   vertex -32.600000 0.948771 22.469056
   vertex 32.600000 0.700308 21.920688
   vertex 32.600000 0.948771 22.469056
  endloop
 endfacet
 facet normal -1 0 0
  outer loop
   vertex -32.600000 9.200000 18.400000
   vertex -32.600000 0.700308 21.920688
   vertex -32.600000 0.948771 22.469056
  endloop
 endfacet
 facet normal 1 0 0
  outer loop
   vertex 32.600000 9.200000 18.400000
   vertex 32.600000 0.948771 22.469056
   vertex 32.600000 0.700308 21.920688
  endloop
 endfacet
 facet normal 0 -0.935906 0.352249
  outer loop
   vertex -32.600000 0.700308 21.920688
   vertex -32.600000 0.488243 21.357243
   vertex 32.600000 0.488243 21.357243
  endloop
 endfacet
 facet normal 0 -0.935906 0.352249
  outer loop
   vertex -32.600000 0.700308 21.920688
   vertex 32.600000 0.488243 21.357243
   vertex 32.600000 0.700308 21.920688
  endloop
 endfacet
 facet normal -1 0 0
  outer loop
   vertex -32.600000 9.200000 18.400000
   vertex -32.600000 0.488243 21.357243
   vertex -32.600000 0.700308 21.920688
  endloop
 endfacet
 facet normal 1 0 0
  outer loop
   vertex 32.600000 9.200000 18.400000
   vertex 32.600000 0.700308 21.920688
   vertex 32.600000 0.488243 21.357243
  endloop
 endfacet
 facet normal 0 -0.95694 0.290286
  outer loop
   vertex -32.600000 0.488243 21.357243
   vertex -32.600000 0.313482 20.781135
   vertex 32.600000 0.313482 20.781135
  endloop
 endfacet
 facet normal 0 -0.95694 0.290286
  outer loop
   vertex -32.600000 0.488243 21.357243
   vertex 32.600000 0.313482 20.781135
   vertex 32.600000 0.488243 21.357243
  endloop
 endfacet
 facet normal -1 0 0
  outer loop
   vertex -32.600000 9.200000 18.400000
   vertex -32.600000 0.313482 20.781135
   vertex -32.600000 0.488243 21.357243
  endloop
 endfacet
 facet normal 1 0 0
  outer loop
   vertex 32.600000 9.200000 18.400000
   vertex 32.600000 0.488243 21.357243
   vertex 32.600000 0.313482 20.781135
  endloop
 endfacet
 facet normal 0 -0.973877 0.227076
  outer loop
   vertex -32.600000 0.313482 20.781135
   vertex -32.600000 0.176775 20.194831
   vertex 32.600000 0.176775 20.194831
  endloop
 endfacet
 facet normal 0 -0.973877 0.227076
  outer loop
   vertex -32.600000 0.313482 20.781135
   vertex 32.600000 0.176775 20.194831
   vertex 32.600000 0.313482 20.781135
  endloop
 endfacet
 facet normal -1 0 0
  outer loop
   vertex -32.600000 9.200000 18.400000
   vertex -32.600000 0.176775 20.194831
   vertex -32.600000 0.313482 20.781135
  endloop
 endfacet
 facet normal 1 0 0
  outer loop
   vertex 32.600000 9.200000 18.400000
   vertex 32.600000 0.313482 20.781135
   vertex 32.600000 0.176775 20.194831
  endloop
 endfacet
 facet normal 0 -0.986643 0.162895
  outer loop
   vertex -32.600000 0.176775 20.194831
   vertex -32.600000 0.078707 19.600841
   vertex 32.600000 0.078707 19.600841
  endloop
 endfacet
 facet normal 0 -0.986643 0.162895
  outer loop
   vertex -32.600000 0.176775 20.194831
   vertex 32.600000 0.078707 19.600841
   vertex 32.600000 0.176775 20.194831
  endloop
 endfacet
 facet normal -1 0 0
  outer loop
   vertex -32.600000 9.200000 18.400000
   vertex -32.600000 0.078707 19.600841
   vertex -32.600000 0.176775 20.194831
  endloop
 endfacet
 facet normal 1 0 0
  outer loop
   vertex 32.600000 9.200000 18.400000
   vertex 32.600000 0.176775 20.194831
   vertex 32.600000 0.078707 19.600841
  endloop
 endfacet
 facet normal 0 -0.995185 0.0980166
  outer loop
   vertex -32.600000 0.078707 19.600841
   vertex -32.600000 0.019698 19.001709
   vertex 32.600000 0.019698 19.001709
  endloop
 endfacet
 facet normal 0 -0.995185 0.0980166
  outer loop
   vertex -32.600000 0.078707 19.600841
   vertex 32.600000 0.019698 19.001709
   vertex 32.600000 0.078707 19.600841
  endloop
 endfacet
 facet normal -1 0 0
  outer loop
   vertex -32.600000 9.200000 18.400000
   vertex -32.600000 0.019698 19.001709
   vertex -32.600000 0.078707 19.600841
  endloop
 endfacet
 facet normal 1 0 0
  outer loop
   vertex 32.600000 9.200000 18.400000
   vertex 32.600000 0.078707 19.600841
   vertex 32.600000 0.019698 19.001709
  endloop
 endfacet
 facet normal 0 -0.999465 0.0327192
  outer loop
   vertex -32.600000 0.019698 19.001709
   vertex -32.600000 0.000000 18.400000
   vertex 32.600000 0.000000 18.400000
  endloop
 endfacet
 facet normal 0 -0.999465 0.0327192
  outer loop
   vertex -32.600000 0.019698 19.001709
   vertex 32.600000 0.000000 18.400000
   vertex 32.600000 0.019698 19.001709
  endloop
 endfacet
 facet normal -1 0 0
  outer loop
   vertex -32.600000 9.200000 18.400000
   vertex -32.600000 0.000000 18.400000
   vertex -32.600000 0.019698 19.001709
  endloop
 endfacet
 facet normal 1 0 0
  outer loop
   vertex 32.600000 9.200000 18.400000
   vertex 32.600000 0.019698 19.001709
   vertex 32.600000 0.000000 18.400000
  endloop
 endfacet
 facet normal 0 -0.999465 -0.0327192
  outer loop
   vertex -32.600000 0.000000 18.400000
   vertex -32.600000 0.019698 17.798291
   vertex 32.600000 0.019698 17.798291
  endloop
 endfacet
 facet normal 0 -0.999465 -0.0327192
  outer loop
   vertex -32.600000 0.000000 18.400000
   vertex 32.600000 0.019698 17.798291
   vertex 32.600000 0.000000 18.400000
  endloop
 endfacet
 facet normal -1 -0 0
  outer loop
   vertex -32.600000 9.200000 18.400000
   vertex -32.600000 0.019698 17.798291
   vertex -32.600000 0.000000 18.400000
  endloop
 endfacet
 facet normal 1 0 0
  outer loop
   vertex 32.600000 9.200000 18.400000
   vertex 32.600000 0.000000 18.400000
   vertex 32.600000 0.019698 17.798291
  endloop
 endfacet
 facet normal 0 -0.995185 -0.0980166
  outer loop
   vertex -32.600000 0.019698 17.798291
   vertex -32.600000 0.078707 17.199159
   vertex 32.600000 0.078707 17.199159
  endloop
 endfacet
 facet normal 0 -0.995185 -0.0980166
  outer loop
   vertex -32.600000 0.019698 17.798291
   vertex 32.600000 0.078707 17.199159
   vertex 32.600000 0.019698 17.798291
  endloop
 endfacet
 facet normal -1 0 0
  outer loop
   vertex -32.600000 9.200000 18.400000
   vertex -32.600000 0.078707 17.199159
   vertex -32.600000 0.019698 17.798291
  endloop
 endfacet
 facet normal 1 0 0
  outer loop
   vertex 32.600000 9.200000 18.400000
   vertex 32.600000 0.019698 17.798291
   vertex 32.600000 0.078707 17.199159
  endloop
 endfacet
 facet normal 0 -0.986643 -0.162895
  outer loop
   vertex -32.600000 0.078707 17.199159
   vertex -32.600000 0.176775 16.605169
   vertex 32.600000 0.176775 16.605169
  endloop
 endfacet
 facet normal 0 -0.986643 -0.162895
  outer loop
   vertex -32.600000 0.078707 17.199159
   vertex 32.600000 0.176775 16.605169
   vertex 32.600000 0.078707 17.199159
  endloop
 endfacet
 facet normal -1 0 0
  outer loop
   vertex -32.600000 9.200000 18.400000
   vertex -32.600000 0.176775 16.605169
   vertex -32.600000 0.078707 17.199159
  endloop
 endfacet
 facet normal 1 0 0
  outer loop
   vertex 32.600000 9.200000 18.400000
   vertex 32.600000 0.078707 17.199159
   vertex 32.600000 0.176775 16.605169
  endloop
 endfacet
 facet normal 0 -0.973877 -0.227076
  outer loop
   vertex -32.600000 0.176775 16.605169
   vertex -32.600000 0.313482 16.018865
   vertex 32.600000 0.313482 16.018865
  endloop
 endfacet
 facet normal 0 -0.973877 -0.227076
  outer loop
   vertex -32.600000 0.176775 16.605169
   vertex 32.600000 0.313482 16.018865
   vertex 32.600000 0.176775 16.605169
  endloop
 endfacet
 facet normal -1 0 0
  outer loop
   vertex -32.600000 9.200000 18.400000
   vertex -32.600000 0.313482 16.018865
   vertex -32.600000 0.176775 16.605169
  endloop
 endfacet
 facet normal 1 0 0
  outer loop
   vertex 32.600000 9.200000 18.400000
   vertex 32.600000 0.176775 16.605169
   vertex 32.600000 0.313482 16.018865
  endloop
 endfacet
 facet normal 0 -0.95694 -0.290286
  outer loop
   vertex -32.600000 0.313482 16.018865
   vertex -32.600000 0.488243 15.442757
   vertex 32.600000 0.488243 15.442757
  endloop
 endfacet
 facet normal 0 -0.95694 -0.290286
  outer loop
   vertex -32.600000 0.313482 16.018865
   vertex 32.600000 0.488243 15.442757
   vertex 32.600000 0.313482 16.018865
  endloop
 endfacet
 facet normal -1 0 0
  outer loop
   vertex -32.600000 9.200000 18.400000
   vertex -32.600000 0.488243 15.442757
   vertex -32.600000 0.313482 16.018865
  endloop
 endfacet
 facet normal 1 0 0
  outer loop
   vertex 32.600000 9.200000 18.400000
   vertex 32.600000 0.313482 16.018865
   vertex 32.600000 0.488243 15.442757
  endloop
 endfacet
 facet normal 0 -0.935906 -0.352249
  outer loop
   vertex -32.600000 0.488243 15.442757
   vertex -32.600000 0.700308 14.879312
   vertex 32.600000 0.700308 14.879312
  endloop
 endfacet
 facet normal 0 -0.935906 -0.352249
  outer loop
   vertex -32.600000 0.488243 15.442757
   vertex 32.600000 0.700308 14.879312
   vertex 32.600000 0.488243 15.442757
  endloop
 endfacet
 facet normal -1 0 0
  outer loop
   vertex -32.600000 9.200000 18.400000
   vertex -32.600000 0.700308 14.879312
   vertex -32.600000 0.488243 15.442757
  endloop
 endfacet
 facet normal 1 0 0
  outer loop
   vertex 32.600000 9.200000 18.400000
   vertex 32.600000 0.488243 15.442757
   vertex 32.600000 0.700308 14.879312
  endloop
 endfacet
 facet normal 0 -0.910863 -0.412708
  outer loop
   vertex -32.600000 0.700308 14.879312
   vertex -32.600000 0.948771 14.330944
   vertex 32.600000 0.948771 14.330944
  endloop
 endfacet
 facet normal 0 -0.910863 -0.412708
  outer loop
   vertex -32.600000 0.700308 14.879312
   vertex 32.600000 0.948771 14.330944
   vertex 32.600000 0.700308 14.879312
  endloop
 endfacet
 facet normal -1 0 0
  outer loop
   vertex -32.600000 9.200000 18.400000
   vertex -32.600000 0.948771 14.330944
   vertex -32.600000 0.700308 14.879312
  endloop
 endfacet
 facet normal 1 0 0
  outer loop
   vertex 32.600000 9.200000 18.400000
   vertex 32.600000 0.700308 14.879312
   vertex 32.600000 0.948771 14.330944
  endloop
 endfacet
 facet normal 0 -0.881922 -0.471396
  outer loop
   vertex -32.600000 0.948771 14.330944
   vertex -32.600000 1.232566 13.800000
   vertex 32.600000 1.232566 13.800000
  endloop
 endfacet
 facet normal 0 -0.881922 -0.471396
  outer loop
   vertex -32.600000 0.948771 14.330944
   vertex 32.600000 1.232566 13.800000
   vertex 32.600000 0.948771 14.330944
  endloop
 endfacet
 facet normal -1 0 0
  outer loop
   vertex -32.600000 9.200000 18.400000
   vertex -32.600000 1.232566 13.800000
   vertex -32.600000 0.948771 14.330944
  endloop
 endfacet
 facet normal 1 0 0
  outer loop
   vertex 32.600000 9.200000 18.400000
   vertex 32.600000 0.948771 14.330944
   vertex 32.600000 1.232566 13.800000
  endloop
 endfacet
 facet normal 0 -0.849202 -0.528069
  outer loop
   vertex -32.600000 1.232566 13.800000
   vertex -32.600000 1.550480 13.288754
   vertex 32.600000 1.550480 13.288754
  endloop
 endfacet
 facet normal 0 -0.849202 -0.528069
  outer loop
   vertex -32.600000 1.232566 13.800000
   vertex 32.600000 1.550480 13.288754
   vertex 32.600000 1.232566 13.800000
  endloop
 endfacet
 facet normal -1 0 0
  outer loop
   vertex -32.600000 9.200000 18.400000
   vertex -32.600000 1.550480 13.288754
   vertex -32.600000 1.232566 13.800000
  endloop
 endfacet
 facet normal 1 0 0
  outer loop
   vertex 32.600000 9.200000 18.400000
   vertex 32.600000 1.232566 13.800000
   vertex 32.600000 1.550480 13.288754
  endloop
 endfacet
 facet normal 0 -0.812847 -0.582477
  outer loop
   vertex -32.600000 1.550480 13.288754
   vertex -32.600000 1.901149 12.799395
   vertex 32.600000 1.901149 12.799395
  endloop
 endfacet
 facet normal 0 -0.812847 -0.582477
  outer loop
   vertex -32.600000 1.550480 13.288754
   vertex 32.600000 1.901149 12.799395
   vertex 32.600000 1.550480 13.288754
  endloop
 endfacet
 facet normal -1 0 0
  outer loop
   vertex -32.600000 9.200000 18.400000
   vertex -32.600000 1.901149 12.799395
   vertex -32.600000 1.550480 13.288754
  endloop
 endfacet
 facet normal 1 0 0
  outer loop
   vertex 32.600000 9.200000 18.400000
   vertex 32.600000 1.550480 13.288754
   vertex 32.600000 1.901149 12.799395
  endloop
 endfacet
 facet normal 0 -0.77301 -0.634394
  outer loop
   vertex -32.600000 1.901149 12.799395
   vertex -32.600000 2.283074 12.334019
   vertex 32.600000 2.283074 12.334019
  endloop
 endfacet
 facet normal 0 -0.77301 -0.634394
  outer loop
   vertex -32.600000 1.901149 12.799395
   vertex 32.600000 2.283074 12.334019
   vertex 32.600000 1.901149 12.799395
  endloop
 endfacet
 facet normal -1 0 0
  outer loop
   vertex -32.600000 9.200000 18.400000
   vertex -32.600000 2.283074 12.334019
   vertex -32.600000 1.901149 12.799395
  endloop
 endfacet
 facet normal 1 0 0
  outer loop
   vertex 32.600000 9.200000 18.400000
   vertex 32.600000 1.901149 12.799395
   vertex 32.600000 2.283074 12.334019
  endloop
 endfacet
 facet normal 0 -0.729864 -0.683592
  outer loop
   vertex -32.600000 2.283074 12.334019
   vertex -32.600000 2.694618 11.894618
   vertex 32.600000 2.694618 11.894618
  endloop
 endfacet
 facet normal 0 -0.729864 -0.683592
  outer loop
   vertex -32.600000 2.283074 12.334019
   vertex 32.600000 2.694618 11.894618
   vertex 32.600000 2.283074 12.334019
  endloop
 endfacet
 facet normal -1 0 0
  outer loop
   vertex -32.600000 9.200000 18.400000
   vertex -32.600000 2.694618 11.894618
   vertex -32.600000 2.283074 12.334019
  endloop
 endfacet
 facet normal 1 0 0
  outer loop
   vertex 32.600000 9.200000 18.400000
   vertex 32.600000 2.283074 12.334019
   vertex 32.600000 2.694618 11.894618
  endloop
 endfacet
 facet normal 0 -0.683592 -0.729864
  outer loop
   vertex -32.600000 2.694618 11.894618
   vertex -32.600000 3.134019 11.483074
   vertex 32.600000 3.134019 11.483074
  endloop
 endfacet
 facet normal 0 -0.683592 -0.729864
  outer loop
   vertex -32.600000 2.694618 11.894618
   vertex 32.600000 3.134019 11.483074
   vertex 32.600000 2.694618 11.894618
  endloop
 endfacet
 facet normal -1 0 0
  outer loop
   vertex -32.600000 9.200000 18.400000
   vertex -32.600000 3.134019 11.483074
   vertex -32.600000 2.694618 11.894618
  endloop
 endfacet
 facet normal 1 0 0
  outer loop
   vertex 32.600000 9.200000 18.400000
   vertex 32.600000 2.694618 11.894618
   vertex 32.600000 3.134019 11.483074
  endloop
 endfacet
 facet normal 0 -0.634394 -0.77301
  outer loop
   vertex -32.600000 3.134019 11.483074
   vertex -32.600000 3.599395 11.101149
   vertex 32.600000 3.599395 11.101149
  endloop
 endfacet
 facet normal 0 -0.634394 -0.77301
  outer loop
   vertex -32.600000 3.134019 11.483074
   vertex 32.600000 3.599395 11.101149
   vertex 32.600000 3.134019 11.483074
  endloop
 endfacet
 facet normal -1 0 0
  outer loop
   vertex -32.600000 9.200000 18.400000
   vertex -32.600000 3.599395 11.101149
   vertex -32.600000 3.134019 11.483074
  endloop
 endfacet
 facet normal 1 0 0
  outer loop
   vertex 32.600000 9.200000 18.400000
   vertex 32.600000 3.134019 11.483074
   vertex 32.600000 3.599395 11.101149
  endloop
 endfacet
 facet normal 0 -0.582477 -0.812847
  outer loop
   vertex -32.600000 3.599395 11.101149
   vertex -32.600000 4.088754 10.750480
   vertex 32.600000 4.088754 10.750480
  endloop
 endfacet
 facet normal 0 -0.582477 -0.812847
  outer loop
   vertex -32.600000 3.599395 11.101149
   vertex 32.600000 4.088754 10.750480
   vertex 32.600000 3.599395 11.101149
  endloop
 endfacet
 facet normal -1 0 0
  outer loop
   vertex -32.600000 9.200000 18.400000
   vertex -32.600000 4.088754 10.750480
   vertex -32.600000 3.599395 11.101149
  endloop
 endfacet
 facet normal 1 0 0
  outer loop
   vertex 32.600000 9.200000 18.400000
   vertex 32.600000 3.599395 11.101149
   vertex 32.600000 4.088754 10.750480
  endloop
 endfacet
 facet normal 0 -0.528069 -0.849202
  outer loop
   vertex -32.600000 4.088754 10.750480
   vertex -32.600000 4.600000 10.432566
   vertex 32.600000 4.600000 10.432566
  endloop
 endfacet
 facet normal 0 -0.528069 -0.849202
  outer loop
   vertex -32.600000 4.088754 10.750480
   vertex 32.600000 4.600000 10.432566
   vertex 32.600000 4.088754 10.750480
  endloop
 endfacet
 facet normal -1 0 0
  outer loop
   vertex -32.600000 9.200000 18.400000
   vertex -32.600000 4.600000 10.432566
   vertex -32.600000 4.088754 10.750480
  endloop
 endfacet
 facet normal 1 0 0
  outer loop
   vertex 32.600000 9.200000 18.400000
   vertex 32.600000 4.088754 10.750480
   vertex 32.600000 4.600000 10.432566
  endloop
 endfacet
 facet normal 0 -0.471396 -0.881922
  outer loop
   vertex -32.600000 4.600000 10.432566
   vertex -32.600000 5.130944 10.148771
   vertex 32.600000 5.130944 10.148771
  endloop
 endfacet
 facet normal 0 -0.471396 -0.881922
  outer loop
   vertex -32.600000 4.600000 10.432566
   vertex 32.600000 5.130944 10.148771
   vertex 32.600000 4.600000 10.432566
  endloop
 endfacet
 facet normal -1 0 0
  outer loop
   vertex -32.600000 9.200000 18.400000
   vertex -32.600000 5.130944 10.148771
   vertex -32.600000 4.600000 10.432566
  endloop
 endfacet
 facet normal 1 0 0
  outer loop
   vertex 32.600000 9.200000 18.400000
   vertex 32.600000 4.600000 10.432566
   vertex 32.600000 5.130944 10.148771
  endloop
 endfacet
 facet normal 0 -0.412708 -0.910863
  outer loop
   vertex -32.600000 5.130944 10.148771
   vertex -32.600000 5.679312 9.900308
   vertex 32.600000 5.679312 9.900308
  endloop
 endfacet
 facet normal 0 -0.412708 -0.910863
  outer loop
   vertex -32.600000 5.130944 10.148771
   vertex 32.600000 5.679312 9.900308
   vertex 32.600000 5.130944 10.148771
  endloop
 endfacet
 facet normal -1 0 0
  outer loop
   vertex -32.600000 9.200000 18.400000
   vertex -32.600000 5.679312 9.900308
   vertex -32.600000 5.130944 10.148771
  endloop
 endfacet
 facet normal 1 0 0
  outer loop
   vertex 32.600000 9.200000 18.400000
   vertex 32.600000 5.130944 10.148771
   vertex 32.600000 5.679312 9.900308
  endloop
 endfacet
 facet normal 0 -0.352249 -0.935906
  outer loop
   vertex -32.600000 5.679312 9.900308
   vertex -32.600000 6.242757 9.688243
   vertex 32.600000 6.242757 9.688243
  endloop
 endfacet
 facet normal 0 -0.352249 -0.935906
  outer loop
   vertex -32.600000 5.679312 9.900308
   vertex 32.600000 6.242757 9.688243
   vertex 32.600000 5.679312 9.900308
  endloop
 endfacet
 facet normal -1 0 0
  outer loop
   vertex -32.600000 9.200000 18.400000
   vertex -32.600000 6.242757 9.688243
   vertex -32.600000 5.679312 9.900308
  endloop
 endfacet
 facet normal 1 0 0
  outer loop
   vertex 32.600000 9.200000 18.400000
   vertex 32.600000 5.679312 9.900308
   vertex 32.600000 6.242757 9.688243
  endloop
 endfacet
 facet normal 0 -0.290286 -0.95694
  outer loop
   vertex -32.600000 6.242757 9.688243
   vertex -32.600000 6.818865 9.513482
   vertex 32.600000 6.818865 9.513482
  endloop
 endfacet
 facet normal 0 -0.290286 -0.95694
  outer loop
   vertex -32.600000 6.242757 9.688243
   vertex 32.600000 6.818865 9.513482
   vertex 32.600000 6.242757 9.688243
  endloop
 endfacet
 facet normal -1 0 0
  outer loop
   vertex -32.600000 9.200000 18.400000
   vertex -32.600000 6.818865 9.513482
   vertex -32.600000 6.242757 9.688243
  endloop
 endfacet
 facet normal 1 0 0
  outer loop
   vertex 32.600000 9.200000 18.400000
   vertex 32.600000 6.242757 9.688243
   vertex 32.600000 6.818865 9.513482
  endloop
 endfacet
 facet normal 0 -0.227076 -0.973877
  outer loop
   vertex -32.600000 6.818865 9.513482
   vertex -32.600000 7.405169 9.376775
   vertex 32.600000 7.405169 9.376775
  endloop
 endfacet
 facet normal 0 -0.227076 -0.973877
  outer loop
   vertex -32.600000 6.818865 9.513482
   vertex 32.600000 7.405169 9.376775
   vertex 32.600000 6.818865 9.513482
  endloop
 endfacet
 facet normal -1 0 0
  outer loop
   vertex -32.600000 9.200000 18.400000
   vertex -32.600000 7.405169 9.376775
   vertex -32.600000 6.818865 9.513482
  endloop
 endfacet
 facet normal 1 0 0
  outer loop
   vertex 32.600000 9.200000 18.400000
   vertex 32.600000 6.818865 9.513482
   vertex 32.600000 7.405169 9.376775
  endloop
 endfacet
 facet normal 0 -0.162895 -0.986643
  outer loop
   vertex -32.600000 7.405169 9.376775
   vertex -32.600000 7.999159 9.278707
   vertex 32.600000 7.999159 9.278707
  endloop
 endfacet
 facet normal 0 -0.162895 -0.986643
  outer loop
   vertex -32.600000 7.405169 9.376775
   vertex 32.600000 7.999159 9.278707
   vertex 32.600000 7.405169 9.376775
  endloop
 endfacet
 facet normal -1 0 0
  outer loop
   vertex -32.600000 9.200000 18.400000
   vertex -32.600000 7.999159 9.278707
   vertex -32.600000 7.405169 9.376775
  endloop
 endfacet
 facet normal 1 0 0
  outer loop
   vertex 32.600000 9.200000 18.400000
   vertex 32.600000 7.405169 9.376775
   vertex 32.600000 7.999159 9.278707
  endloop
 endfacet
 facet normal 0 -0.0980166 -0.995185
  outer loop
   vertex -32.600000 7.999159 9.278707
   vertex -32.600000 8.598291 9.219698
   vertex 32.600000 8.598291 9.219698
  endloop
 endfacet
 facet normal 0 -0.0980166 -0.995185
  outer loop
   vertex -32.600000 7.999159 9.278707
   vertex 32.600000 8.598291 9.219698
   vertex 32.600000 7.999159 9.278707
  endloop
 endfacet
 facet normal -1 0 0
  outer loop
   vertex -32.600000 9.200000 18.400000
   vertex -32.600000 8.598291 9.219698
   vertex -32.600000 7.999159 9.278707
  endloop
 endfacet
 facet normal 1 0 0
  outer loop
   vertex 32.600000 9.200000 18.400000
   vertex 32.600000 7.999159 9.278707
   vertex 32.600000 8.598291 9.219698
  endloop
 endfacet
 facet normal 0 -0.0327192 -0.999465
  outer loop
   vertex -32.600000 8.598291 9.219698
   vertex -32.600000 9.200000 9.200000
   vertex 32.600000 9.200000 9.200000
  endloop
 endfacet
 facet normal 0 -0.0327192 -0.999465
  outer loop
   vertex -32.600000 8.598291 9.219698
   vertex 32.600000 9.200000 9.200000
   vertex 32.600000 8.598291 9.219698
  endloop
 endfacet
 facet normal -1 0 -0
  outer loop
   vertex -32.600000 9.200000 18.400000
   vertex -32.600000 9.200000 9.200000
   vertex -32.600000 8.598291 9.219698
  endloop
 endfacet
 facet normal 1 0 0
  outer loop
   vertex 32.600000 9.200000 18.400000
   vertex 32.600000 8.598291 9.219698
   vertex 32.600000 9.200000 9.200000
  endloop
 endfacet
 facet normal 0 0.0327192 -0.999465
  outer loop
   vertex -32.600000 9.200000 9.200000
   vertex -32.600000 9.801709 9.219698
   vertex 32.600000 9.801709 9.219698
  endloop
 endfacet
 facet normal 0 0.0327192 -0.999465
  outer loop
   vertex -32.600000 9.200000 9.200000
   vertex 32.600000 9.801709 9.219698
   vertex 32.600000 9.200000 9.200000
  endloop
 endfacet
 facet normal -1 0 0
  outer loop
   vertex -32.600000 9.200000 18.400000
   vertex -32.600000 9.801709 9.219698
   vertex -32.600000 9.200000 9.200000
  endloop
 endfacet
 facet normal 1 0 0
  outer loop
   vertex 32.600000 9.200000 18.400000
   vertex 32.600000 9.200000 9.200000
   vertex 32.600000 9.801709 9.219698
  endloop
 endfacet
 facet normal 0 0.0980166 -0.995185
  outer loop
   vertex -32.600000 9.801709 9.219698
   vertex -32.600000 10.400841 9.278707
   vertex 32.600000 10.400841 9.278707
  endloop
 endfacet
 facet normal 0 0.0980166 -0.995185
  outer loop
   vertex -32.600000 9.801709 9.219698
   vertex 32.600000 10.400841 9.278707
   vertex 32.600000 9.801709 9.219698
  endloop
 endfacet
 facet normal -1 0 0
  outer loop
   vertex -32.600000 9.200000 18.400000
   vertex -32.600000 10.400841 9.278707
   vertex -32.600000 9.801709 9.219698
  endloop
 endfacet
 facet normal 1 0 0
  outer loop
   vertex 32.600000 9.200000 18.400000
   vertex 32.600000 9.801709 9.219698
   vertex 32.600000 10.400841 9.278707
  endloop
 endfacet
 facet normal 0 0.162895 -0.986643
  outer loop
   vertex -32.600000 10.400841 9.278707
   vertex -32.600000 10.994831 9.376775
   vertex 32.600000 10.994831 9.376775
  endloop
 endfacet
 facet normal 0 0.162895 -0.986643
  outer loop
   vertex -32.600000 10.400841 9.278707
   vertex 32.600000 10.994831 9.376775
   vertex 32.600000 10.400841 9.278707
  endloop
 endfacet
 facet normal -1 0 0
  outer loop
   vertex -32.600000 9.200000 18.400000
   vertex -32.600000 10.994831 9.376775
   vertex -32.600000 10.400841 9.278707
  endloop
 endfacet
 facet normal 1 0 0
  outer loop
   vertex 32.600000 9.200000 18.400000
   vertex 32.600000 10.400841 9.278707
   vertex 32.600000 10.994831 9.376775
  endloop
 endfacet
 facet normal 0 0.227076 -0.973877
  outer loop
   vertex -32.600000 10.994831 9.376775
   vertex -32.600000 11.581135 9.513482
   vertex 32.600000 11.581135 9.513482
  endloop
 endfacet
 facet normal 0 0.227076 -0.973877
  outer loop
   vertex -32.600000 10.994831 9.376775
   vertex 32.600000 11.581135 9.513482
   vertex 32.600000 10.994831 9.376775
  endloop
 endfacet
 facet normal -1 0 0
  outer loop
   vertex -32.600000 9.200000 18.400000
   vertex -32.600000 11.581135 9.513482
   vertex -32.600000 10.994831 9.376775
  endloop
 endfacet
 facet normal 1 0 0
  outer loop
   vertex 32.600000 9.200000 18.400000
   vertex 32.600000 10.994831 9.376775
   vertex 32.600000 11.581135 9.513482
  endloop
 endfacet
 facet normal 0 0.290286 -0.95694
  outer loop
   vertex -32.600000 11.581135 9.513482
   vertex -32.600000 12.157243 9.688243
   vertex 32.600000 12.157243 9.688243
  endloop
 endfacet
 facet normal 0 0.290286 -0.95694
  outer loop
   vertex -32.600000 11.581135 9.513482
   vertex 32.600000 12.157243 9.688243
   vertex 32.600000 11.581135 9.513482
  endloop
 endfacet
 facet normal -1 0 0
  outer loop
   vertex -32.600000 9.200000 18.400000
   vertex -32.600000 12.157243 9.688243
   vertex -32.600000 11.581135 9.513482
  endloop
 endfacet
 facet normal 1 0 0
  outer loop
   vertex 32.600000 9.200000 18.400000
   vertex 32.600000 11.581135 9.513482
   vertex 32.600000 12.157243 9.688243
  endloop
 endfacet
 facet normal 0 0.352249 -0.935906
  outer loop
   vertex -32.600000 12.157243 9.688243
   vertex -32.600000 12.720688 9.900308
   vertex 32.600000 12.720688 9.900308
  endloop
 endfacet
 facet normal 0 0.352249 -0.935906
  outer loop
   vertex -32.600000 12.157243 9.688243
   vertex 32.600000 12.720688 9.900308
   vertex 32.600000 12.157243 9.688243
  endloop
 endfacet
 facet normal -1 0 0
  outer loop
   vertex -32.600000 9.200000 18.400000
   vertex -32.600000 12.720688 9.900308
   vertex -32.600000 12.157243 9.688243
  endloop
 endfacet
 facet normal 1 0 0
  outer loop
   vertex 32.600000 9.200000 18.400000
   vertex 32.600000 12.157243 9.688243
   vertex 32.600000 12.720688 9.900308
  endloop
 endfacet
 facet normal 0 0.412708 -0.910863
  outer loop
   vertex -32.600000 12.720688 9.900308
   vertex -32.600000 13.269056 10.148771
   vertex 32.600000 13.269056 10.148771
  endloop
 endfacet
 facet normal 0 0.412708 -0.910863
  outer loop
   vertex -32.600000 12.720688 9.900308
   vertex 32.600000 13.269056 10.148771
   vertex 32.600000 12.720688 9.900308
  endloop
 endfacet
 facet normal -1 0 0
  outer loop
   vertex -32.600000 9.200000 18.400000
   vertex -32.600000 13.269056 10.148771
   vertex -32.600000 12.720688 9.900308
  endloop
 endfacet
 facet normal 1 0 0
  outer loop
   vertex 32.600000 9.200000 18.400000
   vertex 32.600000 12.720688 9.900308
   vertex 32.600000 13.269056 10.148771
  endloop
 endfacet
 facet normal 0 0.471396 -0.881922
  outer loop
   vertex -32.600000 13.269056 10.148771
   vertex -32.600000 13.800000 10.432566
   vertex 32.600000 13.800000 10.432566
  endloop
 endfacet
 facet normal 0 0.471396 -0.881922
  outer loop
   vertex -32.600000 13.269056 10.148771
   vertex 32.600000 13.800000 10.432566
   vertex 32.600000 13.269056 10.148771
  endloop
 endfacet
 facet normal -1 0 0
  outer loop
   vertex -32.600000 9.200000 18.400000
   vertex -32.600000 13.800000 10.432566
   vertex -32.600000 13.269056 10.148771
  endloop
 endfacet
 facet normal 1 0 0
  outer loop
   vertex 32.600000 9.200000 18.400000
   vertex 32.600000 13.269056 10.148771
   vertex 32.600000 13.800000 10.432566
  endloop
 endfacet
 facet normal 0 0.528069 -0.849202
  outer loop
   vertex -32.600000 13.800000 10.432566
   vertex -32.600000 14.311246 10.750480
   vertex 32.600000 14.311246 10.750480
  endloop
 endfacet
 facet normal 0 0.528069 -0.849202
  outer loop
   vertex -32.600000 13.800000 10.432566
   vertex 32.600000 14.311246 10.750480
   vertex 32.600000 13.800000 10.432566
  endloop
 endfacet
 facet normal -1 0 0
  outer loop
   vertex -32.600000 9.200000 18.400000
   vertex -32.600000 14.311246 10.750480
   vertex -32.600000 13.800000 10.432566
  endloop
 endfacet
 facet normal 1 0 0
  outer loop
   vertex 32.600000 9.200000 18.400000
   vertex 32.600000 13.800000 10.432566
   vertex 32.600000 14.311246 10.750480
  endloop
 endfacet
 facet normal 0 0.582477 -0.812847
  outer loop
   vertex -32.600000 14.311246 10.750480
   vertex -32.600000 14.800605 11.101149
   vertex 32.600000 14.800605 11.101149
  endloop
 endfacet
 facet normal 0 0.582477 -0.812847
  outer loop
   vertex -32.600000 14.311246 10.750480
   vertex 32.600000 14.800605 11.101149
   vertex 32.600000 14.311246 10.750480
  endloop
 endfacet
 facet normal -1 0 0
  outer loop
   vertex -32.600000 9.200000 18.400000
   vertex -32.600000 14.800605 11.101149
   vertex -32.600000 14.311246 10.750480
  endloop
 endfacet
 facet normal 1 0 0
  outer loop
   vertex 32.600000 9.200000 18.400000
   vertex 32.600000 14.311246 10.750480
   vertex 32.600000 14.800605 11.101149
  endloop
 endfacet
 facet normal 0 0.634394 -0.77301
  outer loop
   vertex -32.600000 14.800605 11.101149
   vertex -32.600000 15.265981 11.483074
   vertex 32.600000 15.265981 11.483074
  endloop
 endfacet
 facet normal 0 0.634394 -0.77301
  outer loop
   vertex -32.600000 14.800605 11.101149
   vertex 32.600000 15.265981 11.483074
   vertex 32.600000 14.800605 11.101149
  endloop
 endfacet
 facet normal -1 0 0
  outer loop
   vertex -32.600000 9.200000 18.400000
   vertex -32.600000 15.265981 11.483074
   vertex -32.600000 14.800605 11.101149
  endloop
 endfacet
 facet normal 1 0 0
  outer loop
   vertex 32.600000 9.200000 18.400000
   vertex 32.600000 14.800605 11.101149
   vertex 32.600000 15.265981 11.483074
  endloop
 endfacet
 facet normal 0 0.683592 -0.729864
  outer loop
   vertex -32.600000 15.265981 11.483074
   vertex -32.600000 15.705382 11.894618
   vertex 32.600000 15.705382 11.894618
  endloop
 endfacet
 facet normal 0 0.683592 -0.729864
  outer loop
   vertex -32.600000 15.265981 11.483074
   vertex 32.600000 15.705382 11.894618
   vertex 32.600000 15.265981 11.483074
  endloop
 endfacet
 facet normal -1 0 0
  outer loop
   vertex -32.600000 9.200000 18.400000
   vertex -32.600000 15.705382 11.894618
   vertex -32.600000 15.265981 11.483074
  endloop
 endfacet
 facet normal 1 0 0
  outer loop
   vertex 32.600000 9.200000 18.400000
   vertex 32.600000 15.265981 11.483074
   vertex 32.600000 15.705382 11.894618
  endloop
 endfacet
 facet normal 0 0.729864 -0.683592
  outer loop
   vertex -32.600000 15.705382 11.894618
   vertex -32.600000 16.116926 12.334019
   vertex 32.600000 16.116926 12.334019
  endloop
 endfacet
 facet normal 0 0.729864 -0.683592
  outer loop
   vertex -32.600000 15.705382 11.894618
   vertex 32.600000 16.116926 12.334019
   vertex 32.600000 15.705382 11.894618
  endloop
 endfacet
 facet normal -1 0 0
  outer loop
   vertex -32.600000 9.200000 18.400000
   vertex -32.600000 16.116926 12.334019
   vertex -32.600000 15.705382 11.894618
  endloop
 endfacet
 facet normal 1 0 0
  outer loop
   vertex 32.600000 9.200000 18.400000
   vertex 32.600000 15.705382 11.894618
   vertex 32.600000 16.116926 12.334019
  endloop
 endfacet
 facet normal 0 0.77301 -0.634394
  outer loop
   vertex -32.600000 16.116926 12.334019
   vertex -32.600000 16.498851 12.799395
   vertex 32.600000 16.498851 12.799395
  endloop
 endfacet
 facet normal 0 0.77301 -0.634394
  outer loop
   vertex -32.600000 16.116926 12.334019
   vertex 32.600000 16.498851 12.799395
   vertex 32.600000 16.116926 12.334019
  endloop
 endfacet
 facet normal -1 0 0
  outer loop
   vertex -32.600000 9.200000 18.400000
   vertex -32.600000 16.498851 12.799395
   vertex -32.600000 16.116926 12.334019
  endloop
 endfacet
 facet normal 1 0 0
  outer loop
   vertex 32.600000 9.200000 18.400000
   vertex 32.600000 16.116926 12.334019
   vertex 32.600000 16.498851 12.799395
  endloop
 endfacet
 facet normal 0 0.812847 -0.582477
  outer loop
   vertex -32.600000 16.498851 12.799395
   vertex -32.600000 16.849520 13.288754
   vertex 32.600000 16.849520 13.288754
  endloop
 endfacet
 facet normal 0 0.812847 -0.582477
  outer loop
   vertex -32.600000 16.498851 12.799395
   vertex 32.600000 16.849520 13.288754
   vertex 32.600000 16.498851 12.799395
  endloop
 endfacet
 facet normal -1 0 0
  outer loop
   vertex -32.600000 9.200000 18.400000
   vertex -32.600000 16.849520 13.288754
   vertex -32.600000 16.498851 12.799395
  endloop
 endfacet
 facet normal 1 0 0
  outer loop
   vertex 32.600000 9.200000 18.400000
   vertex 32.600000 16.498851 12.799395
   vertex 32.600000 16.849520 13.288754
  endloop
 endfacet
 facet normal 0 0.849202 -0.528069
  outer loop
   vertex -32.600000 16.849520 13.288754
   vertex -32.600000 17.167434 13.800000
   vertex 32.600000 17.167434 13.800000
  endloop
 endfacet
 facet normal 0 0.849202 -0.528069
  outer loop
   vertex -32.600000 16.849520 13.288754
   vertex 32.600000 17.167434 13.800000
   vertex 32.600000 16.849520 13.288754
  endloop
 endfacet
 facet normal -1 0 0
  outer loop
   vertex -32.600000 9.200000 18.400000
   vertex -32.600000 17.167434 13.800000
   vertex -32.600000 16.849520 13.288754
  endloop
 endfacet
 facet normal 1 0 0
  outer loop
   vertex 32.600000 9.200000 18.400000
   vertex 32.600000 16.849520 13.288754
   vertex 32.600000 17.167434 13.800000
  endloop
 endfacet
 facet normal 0 0.881922 -0.471396
  outer loop
   vertex -32.600000 17.167434 13.800000
   vertex -32.600000 17.451229 14.330944
   vertex 32.600000 17.451229 14.330944
  endloop
 endfacet
 facet normal 0 0.881922 -0.471396
  outer loop
   vertex -32.600000 17.167434 13.800000
   vertex 32.600000 17.451229 14.330944
   vertex 32.600000 17.167434 13.800000
  endloop
 endfacet
 facet normal -1 0 0
  outer loop
   vertex -32.600000 9.200000 18.400000
   vertex -32.600000 17.451229 14.330944
   vertex -32.600000 17.167434 13.800000
  endloop
 endfacet
 facet normal 1 0 0
  outer loop
   vertex 32.600000 9.200000 18.400000
   vertex 32.600000 17.167434 13.800000
   vertex 32.600000 17.451229 14.330944
  endloop
 endfacet
 facet normal 0 0.910863 -0.412708
  outer loop
   vertex -32.600000 17.451229 14.330944
   vertex -32.600000 17.699692 14.879312
   vertex 32.600000 17.699692 14.879312
  endloop
 endfacet
 facet normal 0 0.910863 -0.412708
  outer loop
   vertex -32.600000 17.451229 14.330944
   vertex 32.600000 17.699692 14.879312
   vertex 32.600000 17.451229 14.330944
  endloop
 endfacet
 facet normal -1 0 0
  outer loop
   vertex -32.600000 9.200000 18.400000
   vertex -32.600000 17.699692 14.879312
   vertex -32.600000 17.451229 14.330944
  endloop
 endfacet
 facet normal 1 0 0
  outer loop
   vertex 32.600000 9.200000 18.400000
   vertex 32.600000 17.451229 14.330944
   vertex 32.600000 17.699692 14.879312
  endloop
 endfacet
 facet normal 0 0.935906 -0.352249
  outer loop
   vertex -32.600000 17.699692 14.879312
   vertex -32.600000 17.911757 15.442757
   vertex 32.600000 17.911757 15.442757
  endloop
 endfacet
 facet normal 0 0.935906 -0.352249
  outer loop
   vertex -32.600000 17.699692 14.879312
   vertex 32.600000 17.911757 15.442757
   vertex 32.600000 17.699692 14.879312
  endloop
 endfacet
 facet normal -1 0 0
  outer loop
   vertex -32.600000 9.200000 18.400000
   vertex -32.600000 17.911757 15.442757
   vertex -32.600000 17.699692 14.879312
  endloop
 endfacet
 facet normal 1 0 0
  outer loop
   vertex 32.600000 9.200000 18.400000
   vertex 32.600000 17.699692 14.879312
   vertex 32.600000 17.911757 15.442757
  endloop
 endfacet
 facet normal 0 0.95694 -0.290286
  outer loop
   vertex -32.600000 17.911757 15.442757
   vertex -32.600000 18.086518 16.018865
   vertex 32.600000 18.086518 16.018865
  endloop
 endfacet
 facet normal 0 0.95694 -0.290286
  outer loop
   vertex -32.600000 17.911757 15.442757
   vertex 32.600000 18.086518 16.018865
   vertex 32.600000 17.911757 15.442757
  endloop
 endfacet
 facet normal -1 0 0
  outer loop
   vertex -32.600000 9.200000 18.400000
   vertex -32.600000 18.086518 16.018865
   vertex -32.600000 17.911757 15.442757
  endloop
 endfacet
 facet normal 1 0 0
  outer loop
   vertex 32.600000 9.200000 18.400000
   vertex 32.600000 17.911757 15.442757
   vertex 32.600000 18.086518 16.018865
  endloop
 endfacet
 facet normal 0 0.973877 -0.227076
  outer loop
   vertex -32.600000 18.086518 16.018865
   vertex -32.600000 18.223225 16.605169
   vertex 32.600000 18.223225 16.605169
  endloop
 endfacet
 facet normal 0 0.973877 -0.227076
  outer loop
   vertex -32.600000 18.086518 16.018865
   vertex 32.600000 18.223225 16.605169
   vertex 32.600000 18.086518 16.018865
  endloop
 endfacet
 facet normal -1 0 0
  outer loop
   vertex -32.600000 9.200000 18.400000
   vertex -32.600000 18.223225 16.605169
   vertex -32.600000 18.086518 16.018865
  endloop
 endfacet
 facet normal 1 0 0
  outer loop
   vertex 32.600000 9.200000 18.400000
   vertex 32.600000 18.086518 16.018865
   vertex 32.600000 18.223225 16.605169
  endloop
 endfacet
 facet normal 0 0.986643 -0.162895
  outer loop
   vertex -32.600000 18.223225 16.605169
   vertex -32.600000 18.321293 17.199159
   vertex 32.600000 18.321293 17.199159
  endloop
 endfacet
 facet normal 0 0.986643 -0.162895
  outer loop
   vertex -32.600000 18.223225 16.605169
   vertex 32.600000 18.321293 17.199159
   vertex 32.600000 18.223225 16.605169
  endloop
 endfacet
 facet normal -1 0 0
  outer loop
   vertex -32.600000 9.200000 18.400000
   vertex -32.600000 18.321293 17.199159
   vertex -32.600000 18.223225 16.605169
  endloop
 endfacet
 facet normal 1 0 0
  outer loop
   vertex 32.600000 9.200000 18.400000
   vertex 32.600000 18.223225 16.605169
   vertex 32.600000 18.321293 17.199159
  endloop
 endfacet
 facet normal 0 0.995185 -0.0980166
  outer loop
   vertex -32.600000 18.321293 17.199159
   vertex -32.600000 18.380302 17.798291
   vertex 32.600000 18.380302 17.798291
  endloop
 endfacet
 facet normal 0 0.995185 -0.0980166
  outer loop
   vertex -32.600000 18.321293 17.199159
   vertex 32.600000 18.380302 17.798291
   vertex 32.600000 18.321293 17.199159
  endloop
 endfacet
 facet normal -1 0 0
  outer loop
   vertex -32.600000 9.200000 18.400000
   vertex -32.600000 18.380302 17.798291
   vertex -32.600000 18.321293 17.199159
  endloop
 endfacet
 facet normal 1 0 0
  outer loop
   vertex 32.600000 9.200000 18.400000
   vertex 32.600000 18.321293 17.199159
   vertex 32.600000 18.380302 17.798291
  endloop
 endfacet
 facet normal 0 0.999465 -0.0327192
  outer loop
   vertex -32.600000 18.380302 17.798291
   vertex -32.600000 18.400000 18.400000
   vertex 32.600000 18.400000 18.400000
  endloop
 endfacet
 facet normal 0 0.999465 -0.0327192
  outer loop
   vertex -32.600000 18.380302 17.798291
   vertex 32.600000 18.400000 18.400000
   vertex 32.600000 18.380302 17.798291
  endloop
 endfacet
 facet normal -1 0 0
  outer loop
   vertex -32.600000 9.200000 18.400000
   vertex -32.600000 18.400000 18.400000
   vertex -32.600000 18.380302 17.798291
  endloop
 endfacet
 facet normal 1 -0 0
  outer loop
   vertex 32.600000 9.200000 18.400000
   vertex 32.600000 18.380302 17.798291
   vertex 32.600000 18.400000 18.400000
  endloop
 endfacet
 facet normal 0 0 -1
  outer loop
   vertex -48.350000 -21.950000 -20.300000
   vertex 48.350000 -20.810000 -20.300000
   vertex 48.350000 -21.950000 -20.300000
  endloop
 endfacet
 facet normal 0 0 -1
  outer loop
   vertex -48.350000 -21.950000 -20.300000
   vertex -48.350000 -20.810000 -20.300000
   vertex 48.350000 -20.810000 -20.300000
  endloop
 endfacet
 facet normal 0 0 1
  outer loop
   vertex -48.350000 -21.950000 20.300000
   vertex 48.350000 -21.950000 20.300000
   vertex 48.350000 -20.810000 20.300000
  endloop
 endfacet
 facet normal 0 0 1
  outer loop
   vertex -48.350000 -21.950000 20.300000
   vertex 48.350000 -20.810000 20.300000
   vertex -48.350000 -20.810000 20.300000
  endloop
 endfacet
 facet normal 0 -1 0
  outer loop
   vertex -48.350000 -21.950000 -20.300000
   vertex 48.350000 -21.950000 -20.300000
   vertex 48.350000 -21.950000 20.300000
  endloop
 endfacet
 facet normal 0 -1 0
  outer loop
   vertex -48.350000 -21.950000 -20.300000
   vertex 48.350000 -21.950000 20.300000
   vertex -48.350000 -21.950000 20.300000
  endloop
 endfacet
 facet normal 1 0 0
  outer loop
   vertex 48.350000 -21.950000 -20.300000
   vertex 48.350000 -20.810000 -20.300000
   vertex 48.350000 -20.810000 20.300000
  endloop
 endfacet
 facet normal 1 0 0
  outer loop
   vertex 48.350000 -21.950000 -20.300000
   vertex 48.350000 -20.810000 20.300000
   vertex 48.350000 -21.950000 20.300000
  endloop
 endfacet
 facet normal 0 1 0
  outer loop
   vertex 48.350000 -20.810000 -20.300000
   vertex -48.350000 -20.810000 -20.300000
   vertex -48.350000 -20.810000 20.300000
  endloop
 endfacet
 facet normal 0 1 -0
  outer loop
   vertex 48.350000 -20.810000 -20.300000
   vertex -48.350000 -20.810000 20.300000
   vertex 48.350000 -20.810000 20.300000
  endloop
 endfacet
 facet normal -1 0 0
  outer loop
   vertex -48.350000 -20.810000 -20.300000
   vertex -48.350000 -21.950000 -20.300000
   vertex -48.350000 -21.950000 20.300000
  endloop
 endfacet
 facet normal -1 0 0
  outer loop
   vertex -48.350000 -20.810000 -20.300000
   vertex -48.350000 -21.950000 20.300000
   vertex -48.350000 -20.810000 20.300000
  endloop
 endfacet
 facet normal 0 0 -1
  outer loop
   vertex -26.650000 20.810000 -10.400000
   vertex 26.650000 21.950000 -10.400000
   vertex 26.650000 20.810000 -10.400000
  endloop
 endfacet
 facet normal 0 0 -1
  outer loop
   vertex -26.650000 20.810000 -10.400000
   vertex -26.650000 21.950000 -10.400000
   vertex 26.650000 21.950000 -10.400000
  endloop
 endfacet
 facet normal 0 0 1
  outer loop
   vertex -26.650000 20.810000 10.400000
   vertex 26.650000 20.810000 10.400000
   vertex 26.650000 21.950000 10.400000
  endloop
 endfacet
 facet normal 0 0 1
  outer loop
   vertex -26.650000 20.810000 10.400000
   vertex 26.650000 21.950000 10.400000
   vertex -26.650000 21.950000 10.400000
  endloop
 endfacet
 facet normal 0 -1 0
  outer loop
   vertex -26.650000 20.810000 -10.400000
   vertex 26.650000 20.810000 -10.400000
   vertex 26.650000 20.810000 10.400000
  endloop
 endfacet
 facet normal 0 -1 0
  outer loop
   vertex -26.650000 20.810000 -10.400000
   vertex 26.650000 20.810000 10.400000
   vertex -26.650000 20.810000 10.400000
  endloop
 endfacet
 facet normal 1 0 0
  outer loop
   vertex 26.650000 20.810000 -10.400000
   vertex 26.650000 21.950000 -10.400000
   vertex 26.650000 21.950000 10.400000
  endloop
 endfacet
 facet normal 1 0 0
  outer loop
   vertex 26.650000 20.810000 -10.400000
   vertex 26.650000 21.950000 10.400000
   vertex 26.650000 20.810000 10.400000
  endloop
 endfacet
 facet normal 0 1 0
  outer loop
   vertex 26.650000 21.950000 -10.400000
   vertex -26.650000 21.950000 -10.400000
   vertex -26.650000 21.950000 10.400000
  endloop
 endfacet
 facet normal 0 1 -0
  outer loop
   vertex 26.650000 21.950000 -10.400000
   vertex -26.650000 21.950000 10.400000
   vertex 26.650000 21.950000 10.400000
  endloop
 endfacet
 facet normal -1 0 0
  outer loop
   vertex -26.650000 21.950000 -10.400000
   vertex -26.650000 20.810000 -10.400000
   vertex -26.650000 20.810000 10.400000
  endloop
 endfacet
 facet normal -1 0 0
  outer loop
   vertex -26.650000 21.950000 -10.400000
   vertex -26.650000 20.810000 10.400000
   vertex -26.650000 21.950000 10.400000
  endloop
 endfacet
 facet normal 0 0 -1
  outer loop
   vertex 5.000000 21.380000 4.250000
   vertex 11.000000 25.380000 4.250000
   vertex 11.000000 21.380000 4.250000
  endloop
 endfacet
 facet normal 0 0 -1
  outer loop
   vertex 5.000000 21.380000 4.250000
   vertex 5.000000 25.380000 4.250000
   vertex 11.000000 25.380000 4.250000
  endloop
 endfacet
 facet normal 0 0 1
  outer loop
   vertex 5.000000 21.380000 7.750000
   vertex 11.000000 21.380000 7.750000
   vertex 11.000000 25.380000 7.750000
  endloop
 endfacet
 facet normal 0 0 1
  outer loop
   vertex 5.000000 21.380000 7.750000
   vertex 11.000000 25.380000 7.750000
   vertex 5.000000 25.380000 7.750000
  endloop
 endfacet
 facet normal 0 -1 0
  outer loop
   vertex 5.000000 21.380000 4.250000
   vertex 11.000000 21.380000 4.250000
   vertex 11.000000 21.380000 7.750000
  endloop
 endfacet
 facet normal 0 -1 0
  outer loop
   vertex 5.000000 21.380000 4.250000
   vertex 11.000000 21.380000 7.750000
   vertex 5.000000 21.380000 7.750000
  endloop
 endfacet
 facet normal 1 0 0
  outer loop
   vertex 11.000000 21.380000 4.250000
   vertex 11.000000 25.380000 4.250000
   vertex 11.000000 25.380000 7.750000
  endloop
 endfacet
 facet normal 1 0 0
  outer loop
   vertex 11.000000 21.380000 4.250000
   vertex 11.000000 25.380000 7.750000
   vertex 11.000000 21.380000 7.750000
  endloop
 endfacet
 facet normal 0 1 0
  outer loop
   vertex 11.000000 25.380000 4.250000
   vertex 5.000000 25.380000 4.250000
   vertex 5.000000 25.380000 7.750000
  endloop
 endfacet
 facet normal 0 1 -0
  outer loop
   vertex 11.000000 25.380000 4.250000
   vertex 5.000000 25.380000 7.750000
   vertex 11.000000 25.380000 7.750000
  endloop
 endfacet
 facet normal -1 0 0
  outer loop
   vertex 5.000000 25.380000 4.250000
   vertex 5.000000 21.380000 4.250000
   vertex 5.000000 21.380000 7.750000
  endloop
 endfacet
 facet normal -1 0 0
  outer loop
   vertex 5.000000 25.380000 4.250000
   vertex 5.000000 21.380000 7.750000
   vertex 5.000000 25.380000 7.750000
  endloop
 endfacet
 facet normal -0.980785 0 -0.19509
  outer loop
   vertex -10.500000 21.380000 -6.000000
   vertex -10.614181 21.380000 -5.425975
   vertex -10.614181 23.780000 -5.425975
  endloop
 endfacet
 facet normal -0.980785 0 -0.19509
  outer loop
   vertex -10.500000 21.380000 -6.000000
   vertex -10.614181 23.780000 -5.425975
   vertex -10.500000 23.780000 -6.000000
  endloop
 endfacet
 facet normal 0 1 0
  outer loop
   vertex -12.000000 21.380000 -6.000000
   vertex -10.614181 21.380000 -5.425975
   vertex -10.500000 21.380000 -6.000000
  endloop
 endfacet
 facet normal 0 -1 0
  outer loop
   vertex -12.000000 23.780000 -6.000000
   vertex -10.500000 23.780000 -6.000000
   vertex -10.614181 23.780000 -5.425975
  endloop
 endfacet
 facet normal -0.83147 0 -0.55557
  outer loop
   vertex -10.614181 21.380000 -5.425975
   vertex -10.939340 21.380000 -4.939340
   vertex -10.939340 23.780000 -4.939340
  endloop
 endfacet
 facet normal -0.83147 0 -0.55557
  outer loop
   vertex -10.614181 21.380000 -5.425975
   vertex -10.939340 23.780000 -4.939340
   vertex -10.614181 23.780000 -5.425975
  endloop
 endfacet
 facet normal 0 1 0
  outer loop
   vertex -12.000000 21.380000 -6.000000
   vertex -10.939340 21.380000 -4.939340
   vertex -10.614181 21.380000 -5.425975
  endloop
 endfacet
 facet normal 0 -1 0
  outer loop
   vertex -12.000000 23.780000 -6.000000
   vertex -10.614181 23.780000 -5.425975
   vertex -10.939340 23.780000 -4.939340
  endloop
 endfacet
 facet normal -0.55557 0 -0.83147
  outer loop
   vertex -10.939340 21.380000 -4.939340
   vertex -11.425975 21.380000 -4.614181
   vertex -11.425975 23.780000 -4.614181
  endloop
 endfacet
 facet normal -0.55557 0 -0.83147
  outer loop
   vertex -10.939340 21.380000 -4.939340
   vertex -11.425975 23.780000 -4.614181
   vertex -10.939340 23.780000 -4.939340
  endloop
 endfacet
 facet normal 0 1 0
  outer loop
   vertex -12.000000 21.380000 -6.000000
   vertex -11.425975 21.380000 -4.614181
   vertex -10.939340 21.380000 -4.939340
  endloop
 endfacet
 facet normal 0 -1 0
  outer loop
   vertex -12.000000 23.780000 -6.000000
   vertex -10.939340 23.780000 -4.939340
   vertex -11.425975 23.780000 -4.614181
  endloop
 endfacet
 facet normal -0.19509 0 -0.980785
  outer loop
   vertex -11.425975 21.380000 -4.614181
   vertex -12.000000 21.380000 -4.500000
   vertex -12.000000 23.780000 -4.500000
  endloop
 endfacet
 facet normal -0.19509 0 -0.980785
  outer loop
   vertex -11.425975 21.380000 -4.614181
   vertex -12.000000 23.780000 -4.500000
   vertex -11.425975 23.780000 -4.614181
  endloop
 endfacet
 facet normal 0 1 0
  outer loop
   vertex -12.000000 21.380000 -6.000000
   vertex -12.000000 21.380000 -4.500000
   vertex -11.425975 21.380000 -4.614181
  endloop
 endfacet
 facet normal 0 -1 0
  outer loop
   vertex -12.000000 23.780000 -6.000000
   vertex -11.425975 23.780000 -4.614181
   vertex -12.000000 23.780000 -4.500000
  endloop
 endfacet
 facet normal 0.19509 0 -0.980785
  outer loop
   vertex -12.000000 21.380000 -4.500000
   vertex -12.574025 21.380000 -4.614181
   vertex -12.574025 23.780000 -4.614181
  endloop
 endfacet
 facet normal 0.19509 0 -0.980785
  outer loop
   vertex -12.000000 21.380000 -4.500000
   vertex -12.574025 23.780000 -4.614181
   vertex -12.000000 23.780000 -4.500000
  endloop
 endfacet
 facet normal 0 1 -0
  outer loop
   vertex -12.000000 21.380000 -6.000000
   vertex -12.574025 21.380000 -4.614181
   vertex -12.000000 21.380000 -4.500000
  endloop
 endfacet
 facet normal 0 -1 0
  outer loop
   vertex -12.000000 23.780000 -6.000000
   vertex -12.000000 23.780000 -4.500000
   vertex -12.574025 23.780000 -4.614181
  endloop
 endfacet
 facet normal 0.55557 0 -0.83147
  outer loop
   vertex -12.574025 21.380000 -4.614181
   vertex -13.060660 21.380000 -4.939340
   vertex -13.060660 23.780000 -4.939340
  endloop
 endfacet
 facet normal 0.55557 0 -0.83147
  outer loop
   vertex -12.574025 21.380000 -4.614181
   vertex -13.060660 23.780000 -4.939340
   vertex -12.574025 23.780000 -4.614181
  endloop
 endfacet
 facet normal 0 1 0
  outer loop
   vertex -12.000000 21.380000 -6.000000
   vertex -13.060660 21.380000 -4.939340
   vertex -12.574025 21.380000 -4.614181
  endloop
 endfacet
 facet normal 0 -1 0
  outer loop
   vertex -12.000000 23.780000 -6.000000
   vertex -12.574025 23.780000 -4.614181
   vertex -13.060660 23.780000 -4.939340
  endloop
 endfacet
 facet normal 0.83147 0 -0.55557
  outer loop
   vertex -13.060660 21.380000 -4.939340
   vertex -13.385819 21.380000 -5.425975
   vertex -13.385819 23.780000 -5.425975
  endloop
 endfacet
 facet normal 0.83147 0 -0.55557
  outer loop
   vertex -13.060660 21.380000 -4.939340
   vertex -13.385819 23.780000 -5.425975
   vertex -13.060660 23.780000 -4.939340
  endloop
 endfacet
 facet normal 0 1 0
  outer loop
   vertex -12.000000 21.380000 -6.000000
   vertex -13.385819 21.380000 -5.425975
   vertex -13.060660 21.380000 -4.939340
  endloop
 endfacet
 facet normal 0 -1 0
  outer loop
   vertex -12.000000 23.780000 -6.000000
   vertex -13.060660 23.780000 -4.939340
   vertex -13.385819 23.780000 -5.425975
  endloop
 endfacet
 facet normal 0.980785 0 -0.19509
  outer loop
   vertex -13.385819 21.380000 -5.425975
   vertex -13.500000 21.380000 -6.000000
   vertex -13.500000 23.780000 -6.000000
  endloop
 endfacet
 facet normal 0.980785 0 -0.19509
  outer loop
   vertex -13.385819 21.380000 -5.425975
   vertex -13.500000 23.780000 -6.000000
   vertex -13.385819 23.780000 -5.425975
  endloop
 endfacet
 facet normal 0 1 0
  outer loop
   vertex -12.000000 21.380000 -6.000000
   vertex -13.500000 21.380000 -6.000000
   vertex -13.385819 21.380000 -5.425975
  endloop
 endfacet
 facet normal 0 -1 0
  outer loop
   vertex -12.000000 23.780000 -6.000000
   vertex -13.385819 23.780000 -5.425975
   vertex -13.500000 23.780000 -6.000000
  endloop
 endfacet
 facet normal 0.980785 0 0.19509
  outer loop
   vertex -13.500000 21.380000 -6.000000
   vertex -13.385819 21.380000 -6.574025
   vertex -13.385819 23.780000 -6.574025
  endloop
 endfacet
 facet normal 0.980785 -0 0.19509
  outer loop
   vertex -13.500000 21.380000 -6.000000
   vertex -13.385819 23.780000 -6.574025
   vertex -13.500000 23.780000 -6.000000
  endloop
 endfacet
 facet normal 0 1 0
  outer loop
   vertex -12.000000 21.380000 -6.000000
   vertex -13.385819 21.380000 -6.574025
   vertex -13.500000 21.380000 -6.000000
  endloop
 endfacet
 facet normal -0 -1 0
  outer loop
   vertex -12.000000 23.780000 -6.000000
   vertex -13.500000 23.780000 -6.000000
   vertex -13.385819 23.780000 -6.574025
  endloop
 endfacet
 facet normal 0.83147 0 0.55557
  outer loop
   vertex -13.385819 21.380000 -6.574025
   vertex -13.060660 21.380000 -7.060660
   vertex -13.060660 23.780000 -7.060660
  endloop
 endfacet
 facet normal 0.83147 -0 0.55557
  outer loop
   vertex -13.385819 21.380000 -6.574025
   vertex -13.060660 23.780000 -7.060660
   vertex -13.385819 23.780000 -6.574025
  endloop
 endfacet
 facet normal 0 1 0
  outer loop
   vertex -12.000000 21.380000 -6.000000
   vertex -13.060660 21.380000 -7.060660
   vertex -13.385819 21.380000 -6.574025
  endloop
 endfacet
 facet normal 0 -1 0
  outer loop
   vertex -12.000000 23.780000 -6.000000
   vertex -13.385819 23.780000 -6.574025
   vertex -13.060660 23.780000 -7.060660
  endloop
 endfacet
 facet normal 0.55557 0 0.83147
  outer loop
   vertex -13.060660 21.380000 -7.060660
   vertex -12.574025 21.380000 -7.385819
   vertex -12.574025 23.780000 -7.385819
  endloop
 endfacet
 facet normal 0.55557 -0 0.83147
  outer loop
   vertex -13.060660 21.380000 -7.060660
   vertex -12.574025 23.780000 -7.385819
   vertex -13.060660 23.780000 -7.060660
  endloop
 endfacet
 facet normal 0 1 0
  outer loop
   vertex -12.000000 21.380000 -6.000000
   vertex -12.574025 21.380000 -7.385819
   vertex -13.060660 21.380000 -7.060660
  endloop
 endfacet
 facet normal 0 -1 0
  outer loop
   vertex -12.000000 23.780000 -6.000000
   vertex -13.060660 23.780000 -7.060660
   vertex -12.574025 23.780000 -7.385819
  endloop
 endfacet
 facet normal 0.19509 0 0.980785
  outer loop
   vertex -12.574025 21.380000 -7.385819
   vertex -12.000000 21.380000 -7.500000
   vertex -12.000000 23.780000 -7.500000
  endloop
 endfacet
 facet normal 0.19509 -0 0.980785
  outer loop
   vertex -12.574025 21.380000 -7.385819
   vertex -12.000000 23.780000 -7.500000
   vertex -12.574025 23.780000 -7.385819
  endloop
 endfacet
 facet normal 0 1 0
  outer loop
   vertex -12.000000 21.380000 -6.000000
   vertex -12.000000 21.380000 -7.500000
   vertex -12.574025 21.380000 -7.385819
  endloop
 endfacet
 facet normal 0 -1 -0
  outer loop
   vertex -12.000000 23.780000 -6.000000
   vertex -12.574025 23.780000 -7.385819
   vertex -12.000000 23.780000 -7.500000
  endloop
 endfacet
 facet normal -0.19509 0 0.980785
  outer loop
   vertex -12.000000 21.380000 -7.500000
   vertex -11.425975 21.380000 -7.385819
   vertex -11.425975 23.780000 -7.385819
  endloop
 endfacet
 facet normal -0.19509 0 0.980785
  outer loop
   vertex -12.000000 21.380000 -7.500000
   vertex -11.425975 23.780000 -7.385819
   vertex -12.000000 23.780000 -7.500000
  endloop
 endfacet
 facet normal 0 1 0
  outer loop
   vertex -12.000000 21.380000 -6.000000
   vertex -11.425975 21.380000 -7.385819
   vertex -12.000000 21.380000 -7.500000
  endloop
 endfacet
 facet normal 0 -1 0
  outer loop
   vertex -12.000000 23.780000 -6.000000
   vertex -12.000000 23.780000 -7.500000
   vertex -11.425975 23.780000 -7.385819
  endloop
 endfacet
 facet normal -0.55557 0 0.83147
  outer loop
   vertex -11.425975 21.380000 -7.385819
   vertex -10.939340 21.380000 -7.060660
   vertex -10.939340 23.780000 -7.060660
  endloop
 endfacet
 facet normal -0.55557 0 0.83147
  outer loop
   vertex -11.425975 21.380000 -7.385819
   vertex -10.939340 23.780000 -7.060660
   vertex -11.425975 23.780000 -7.385819
  endloop
 endfacet
 facet normal 0 1 0
  outer loop
   vertex -12.000000 21.380000 -6.000000
   vertex -10.939340 21.380000 -7.060660
   vertex -11.425975 21.380000 -7.385819
  endloop
 endfacet
 facet normal 0 -1 0
  outer loop
   vertex -12.000000 23.780000 -6.000000
   vertex -11.425975 23.780000 -7.385819
   vertex -10.939340 23.780000 -7.060660
  endloop
 endfacet
 facet normal -0.83147 0 0.55557
  outer loop
   vertex -10.939340 21.380000 -7.060660
   vertex -10.614181 21.380000 -6.574025
   vertex -10.614181 23.780000 -6.574025
  endloop
 endfacet
 facet normal -0.83147 0 0.55557
  outer loop
   vertex -10.939340 21.380000 -7.060660
   vertex -10.614181 23.780000 -6.574025
   vertex -10.939340 23.780000 -7.060660
  endloop
 endfacet
 facet normal 0 1 0
  outer loop
   vertex -12.000000 21.380000 -6.000000
   vertex -10.614181 21.380000 -6.574025
   vertex -10.939340 21.380000 -7.060660
  endloop
 endfacet
 facet normal 0 -1 0
  outer loop
   vertex -12.000000 23.780000 -6.000000
   vertex -10.939340 23.780000 -7.060660
   vertex -10.614181 23.780000 -6.574025
  endloop
 endfacet
 facet normal -0.980785 0 0.19509
  outer loop
   vertex -10.614181 21.380000 -6.574025
   vertex -10.500000 21.380000 -6.000000
   vertex -10.500000 23.780000 -6.000000
  endloop
 endfacet
 facet normal -0.980785 0 0.19509
  outer loop
   vertex -10.614181 21.380000 -6.574025
   vertex -10.500000 23.780000 -6.000000
   vertex -10.614181 23.780000 -6.574025
  endloop
 endfacet
 facet normal -0 1 0
  outer loop
   vertex -12.000000 21.380000 -6.000000
   vertex -10.500000 21.380000 -6.000000
   vertex -10.614181 21.380000 -6.574025
  endloop
 endfacet
 facet normal 0 -1 0
  outer loop
   vertex -12.000000 23.780000 -6.000000
   vertex -10.614181 23.780000 -6.574025
   vertex -10.500000 23.780000 -6.000000
  endloop
 endfacet
 facet normal -0.980785 0 -0.19509
  outer loop
   vertex -2.500000 21.380000 -6.000000
   vertex -2.614181 21.380000 -5.425975
   vertex -2.614181 23.780000 -5.425975
  endloop
 endfacet
 facet normal -0.980785 0 -0.19509
  outer loop
   vertex -2.500000 21.380000 -6.000000
   vertex -2.614181 23.780000 -5.425975
   vertex -2.500000 23.780000 -6.000000
  endloop
 endfacet
 facet normal 0 1 0
  outer loop
   vertex -4.000000 21.380000 -6.000000
   vertex -2.614181 21.380000 -5.425975
   vertex -2.500000 21.380000 -6.000000
  endloop
 endfacet
 facet normal 0 -1 0
  outer loop
   vertex -4.000000 23.780000 -6.000000
   vertex -2.500000 23.780000 -6.000000
   vertex -2.614181 23.780000 -5.425975
  endloop
 endfacet
 facet normal -0.83147 0 -0.55557
  outer loop
   vertex -2.614181 21.380000 -5.425975
   vertex -2.939340 21.380000 -4.939340
   vertex -2.939340 23.780000 -4.939340
  endloop
 endfacet
 facet normal -0.83147 0 -0.55557
  outer loop
   vertex -2.614181 21.380000 -5.425975
   vertex -2.939340 23.780000 -4.939340
   vertex -2.614181 23.780000 -5.425975
  endloop
 endfacet
 facet normal 0 1 0
  outer loop
   vertex -4.000000 21.380000 -6.000000
   vertex -2.939340 21.380000 -4.939340
   vertex -2.614181 21.380000 -5.425975
  endloop
 endfacet
 facet normal 0 -1 0
  outer loop
   vertex -4.000000 23.780000 -6.000000
   vertex -2.614181 23.780000 -5.425975
   vertex -2.939340 23.780000 -4.939340
  endloop
 endfacet
 facet normal -0.55557 0 -0.83147
  outer loop
   vertex -2.939340 21.380000 -4.939340
   vertex -3.425975 21.380000 -4.614181
   vertex -3.425975 23.780000 -4.614181
  endloop
 endfacet
 facet normal -0.55557 0 -0.83147
  outer loop
   vertex -2.939340 21.380000 -4.939340
   vertex -3.425975 23.780000 -4.614181
   vertex -2.939340 23.780000 -4.939340
  endloop
 endfacet
 facet normal 0 1 0
  outer loop
   vertex -4.000000 21.380000 -6.000000
   vertex -3.425975 21.380000 -4.614181
   vertex -2.939340 21.380000 -4.939340
  endloop
 endfacet
 facet normal 0 -1 0
  outer loop
   vertex -4.000000 23.780000 -6.000000
   vertex -2.939340 23.780000 -4.939340
   vertex -3.425975 23.780000 -4.614181
  endloop
 endfacet
 facet normal -0.19509 0 -0.980785
  outer loop
   vertex -3.425975 21.380000 -4.614181
   vertex -4.000000 21.380000 -4.500000
   vertex -4.000000 23.780000 -4.500000
  endloop
 endfacet
 facet normal -0.19509 0 -0.980785
  outer loop
   vertex -3.425975 21.380000 -4.614181
   vertex -4.000000 23.780000 -4.500000
   vertex -3.425975 23.780000 -4.614181
  endloop
 endfacet
 facet normal 0 1 0
  outer loop
   vertex -4.000000 21.380000 -6.000000
   vertex -4.000000 21.380000 -4.500000
   vertex -3.425975 21.380000 -4.614181
  endloop
 endfacet
 facet normal 0 -1 0
  outer loop
   vertex -4.000000 23.780000 -6.000000
   vertex -3.425975 23.780000 -4.614181
   vertex -4.000000 23.780000 -4.500000
  endloop
 endfacet
 facet normal 0.19509 0 -0.980785
  outer loop
   vertex -4.000000 21.380000 -4.500000
   vertex -4.574025 21.380000 -4.614181
   vertex -4.574025 23.780000 -4.614181
  endloop
 endfacet
 facet normal 0.19509 0 -0.980785
  outer loop
   vertex -4.000000 21.380000 -4.500000
   vertex -4.574025 23.780000 -4.614181
   vertex -4.000000 23.780000 -4.500000
  endloop
 endfacet
 facet normal 0 1 -0
  outer loop
   vertex -4.000000 21.380000 -6.000000
   vertex -4.574025 21.380000 -4.614181
   vertex -4.000000 21.380000 -4.500000
  endloop
 endfacet
 facet normal 0 -1 0
  outer loop
   vertex -4.000000 23.780000 -6.000000
   vertex -4.000000 23.780000 -4.500000
   vertex -4.574025 23.780000 -4.614181
  endloop
 endfacet
 facet normal 0.55557 0 -0.83147
  outer loop
   vertex -4.574025 21.380000 -4.614181
   vertex -5.060660 21.380000 -4.939340
   vertex -5.060660 23.780000 -4.939340
  endloop
 endfacet
 facet normal 0.55557 0 -0.83147
  outer loop
   vertex -4.574025 21.380000 -4.614181
   vertex -5.060660 23.780000 -4.939340
   vertex -4.574025 23.780000 -4.614181
  endloop
 endfacet
 facet normal 0 1 0
  outer loop
   vertex -4.000000 21.380000 -6.000000
   vertex -5.060660 21.380000 -4.939340
   vertex -4.574025 21.380000 -4.614181
  endloop
 endfacet
 facet normal 0 -1 0
  outer loop
   vertex -4.000000 23.780000 -6.000000
   vertex -4.574025 23.780000 -4.614181
   vertex -5.060660 23.780000 -4.939340
  endloop
 endfacet
 facet normal 0.83147 0 -0.55557
  outer loop
   vertex -5.060660 21.380000 -4.939340
   vertex -5.385819 21.380000 -5.425975
   vertex -5.385819 23.780000 -5.425975
  endloop
 endfacet
 facet normal 0.83147 0 -0.55557
  outer loop
   vertex -5.060660 21.380000 -4.939340
   vertex -5.385819 23.780000 -5.425975
   vertex -5.060660 23.780000 -4.939340
  endloop
 endfacet
 facet normal 0 1 0
  outer loop
   vertex -4.000000 21.380000 -6.000000
   vertex -5.385819 21.380000 -5.425975
   vertex -5.060660 21.380000 -4.939340
  endloop
 endfacet
 facet normal 0 -1 0
  outer loop
   vertex -4.000000 23.780000 -6.000000
   vertex -5.060660 23.780000 -4.939340
   vertex -5.385819 23.780000 -5.425975
  endloop
 endfacet
 facet normal 0.980785 0 -0.19509
  outer loop
   vertex -5.385819 21.380000 -5.425975
   vertex -5.500000 21.380000 -6.000000
   vertex -5.500000 23.780000 -6.000000
  endloop
 endfacet
 facet normal 0.980785 0 -0.19509
  outer loop
   vertex -5.385819 21.380000 -5.425975
   vertex -5.500000 23.780000 -6.000000
   vertex -5.385819 23.780000 -5.425975
  endloop
 endfacet
 facet normal 0 1 0
  outer loop
   vertex -4.000000 21.380000 -6.000000
   vertex -5.500000 21.380000 -6.000000
   vertex -5.385819 21.380000 -5.425975
  endloop
 endfacet
 facet normal 0 -1 0
  outer loop
   vertex -4.000000 23.780000 -6.000000
   vertex -5.385819 23.780000 -5.425975
   vertex -5.500000 23.780000 -6.000000
  endloop
 endfacet
 facet normal 0.980785 0 0.19509
  outer loop
   vertex -5.500000 21.380000 -6.000000
   vertex -5.385819 21.380000 -6.574025
   vertex -5.385819 23.780000 -6.574025
  endloop
 endfacet
 facet normal 0.980785 -0 0.19509
  outer loop
   vertex -5.500000 21.380000 -6.000000
   vertex -5.385819 23.780000 -6.574025
   vertex -5.500000 23.780000 -6.000000
  endloop
 endfacet
 facet normal 0 1 0
  outer loop
   vertex -4.000000 21.380000 -6.000000
   vertex -5.385819 21.380000 -6.574025
   vertex -5.500000 21.380000 -6.000000
  endloop
 endfacet
 facet normal -0 -1 0
  outer loop
   vertex -4.000000 23.780000 -6.000000
   vertex -5.500000 23.780000 -6.000000
   vertex -5.385819 23.780000 -6.574025
  endloop
 endfacet
 facet normal 0.83147 0 0.55557
  outer loop
   vertex -5.385819 21.380000 -6.574025
   vertex -5.060660 21.380000 -7.060660
   vertex -5.060660 23.780000 -7.060660
  endloop
 endfacet
 facet normal 0.83147 -0 0.55557
  outer loop
   vertex -5.385819 21.380000 -6.574025
   vertex -5.060660 23.780000 -7.060660
   vertex -5.385819 23.780000 -6.574025
  endloop
 endfacet
 facet normal 0 1 0
  outer loop
   vertex -4.000000 21.380000 -6.000000
   vertex -5.060660 21.380000 -7.060660
   vertex -5.385819 21.380000 -6.574025
  endloop
 endfacet
 facet normal 0 -1 0
  outer loop
   vertex -4.000000 23.780000 -6.000000
   vertex -5.385819 23.780000 -6.574025
   vertex -5.060660 23.780000 -7.060660
  endloop
 endfacet
 facet normal 0.55557 0 0.83147
  outer loop
   vertex -5.060660 21.380000 -7.060660
   vertex -4.574025 21.380000 -7.385819
   vertex -4.574025 23.780000 -7.385819
  endloop
 endfacet
 facet normal 0.55557 -0 0.83147
  outer loop
   vertex -5.060660 21.380000 -7.060660
   vertex -4.574025 23.780000 -7.385819
   vertex -5.060660 23.780000 -7.060660
  endloop
 endfacet
 facet normal 0 1 0
  outer loop
   vertex -4.000000 21.380000 -6.000000
   vertex -4.574025 21.380000 -7.385819
   vertex -5.060660 21.380000 -7.060660
  endloop
 endfacet
 facet normal 0 -1 0
  outer loop
   vertex -4.000000 23.780000 -6.000000
   vertex -5.060660 23.780000 -7.060660
   vertex -4.574025 23.780000 -7.385819
  endloop
 endfacet
 facet normal 0.19509 0 0.980785
  outer loop
   vertex -4.574025 21.380000 -7.385819
   vertex -4.000000 21.380000 -7.500000
   vertex -4.000000 23.780000 -7.500000
  endloop
 endfacet
 facet normal 0.19509 -0 0.980785
  outer loop
   vertex -4.574025 21.380000 -7.385819
   vertex -4.000000 23.780000 -7.500000
   vertex -4.574025 23.780000 -7.385819
  endloop
 endfacet
 facet normal 0 1 0
  outer loop
   vertex -4.000000 21.380000 -6.000000
   vertex -4.000000 21.380000 -7.500000
   vertex -4.574025 21.380000 -7.385819
  endloop
 endfacet
 facet normal 0 -1 -0
  outer loop
   vertex -4.000000 23.780000 -6.000000
   vertex -4.574025 23.780000 -7.385819
   vertex -4.000000 23.780000 -7.500000
  endloop
 endfacet
 facet normal -0.19509 0 0.980785
  outer loop
   vertex -4.000000 21.380000 -7.500000
   vertex -3.425975 21.380000 -7.385819
   vertex -3.425975 23.780000 -7.385819
  endloop
 endfacet
 facet normal -0.19509 0 0.980785
  outer loop
   vertex -4.000000 21.380000 -7.500000
   vertex -3.425975 23.780000 -7.385819
   vertex -4.000000 23.780000 -7.500000
  endloop
 endfacet
 facet normal 0 1 0
  outer loop
   vertex -4.000000 21.380000 -6.000000
   vertex -3.425975 21.380000 -7.385819
   vertex -4.000000 21.380000 -7.500000
  endloop
 endfacet
 facet normal 0 -1 0
  outer loop
   vertex -4.000000 23.780000 -6.000000
   vertex -4.000000 23.780000 -7.500000
   vertex -3.425975 23.780000 -7.385819
  endloop
 endfacet
 facet normal -0.55557 0 0.83147
  outer loop
   vertex -3.425975 21.380000 -7.385819
   vertex -2.939340 21.380000 -7.060660
   vertex -2.939340 23.780000 -7.060660
  endloop
 endfacet
 facet normal -0.55557 0 0.83147
  outer loop
   vertex -3.425975 21.380000 -7.385819
   vertex -2.939340 23.780000 -7.060660
   vertex -3.425975 23.780000 -7.385819
  endloop
 endfacet
 facet normal 0 1 0
  outer loop
   vertex -4.000000 21.380000 -6.000000
   vertex -2.939340 21.380000 -7.060660
   vertex -3.425975 21.380000 -7.385819
  endloop
 endfacet
 facet normal 0 -1 0
  outer loop
   vertex -4.000000 23.780000 -6.000000
   vertex -3.425975 23.780000 -7.385819
   vertex -2.939340 23.780000 -7.060660
  endloop
 endfacet
 facet normal -0.83147 0 0.55557
  outer loop
   vertex -2.939340 21.380000 -7.060660
   vertex -2.614181 21.380000 -6.574025
   vertex -2.614181 23.780000 -6.574025
  endloop
 endfacet
 facet normal -0.83147 0 0.55557
  outer loop
   vertex -2.939340 21.380000 -7.060660
   vertex -2.614181 23.780000 -6.574025
   vertex -2.939340 23.780000 -7.060660
  endloop
 endfacet
 facet normal 0 1 0
  outer loop
   vertex -4.000000 21.380000 -6.000000
   vertex -2.614181 21.380000 -6.574025
   vertex -2.939340 21.380000 -7.060660
  endloop
 endfacet
 facet normal 0 -1 0
  outer loop
   vertex -4.000000 23.780000 -6.000000
   vertex -2.939340 23.780000 -7.060660
   vertex -2.614181 23.780000 -6.574025
  endloop
 endfacet
 facet normal -0.980785 0 0.19509
  outer loop
   vertex -2.614181 21.380000 -6.574025
   vertex -2.500000 21.380000 -6.000000
   vertex -2.500000 23.780000 -6.000000
  endloop
 endfacet
 facet normal -0.980785 0 0.19509
  outer loop
   vertex -2.614181 21.380000 -6.574025
   vertex -2.500000 23.780000 -6.000000
   vertex -2.614181 23.780000 -6.574025
  endloop
 endfacet
 facet normal -0 1 0
  outer loop
   vertex -4.000000 21.380000 -6.000000
   vertex -2.500000 21.380000 -6.000000
   vertex -2.614181 21.380000 -6.574025
  endloop
 endfacet
 facet normal 0 -1 0
  outer loop
   vertex -4.000000 23.780000 -6.000000
   vertex -2.614181 23.780000 -6.574025
   vertex -2.500000 23.780000 -6.000000
  endloop
 endfacet
 facet normal -0.980785 0 -0.19509
  outer loop
   vertex 5.500000 21.380000 -6.000000
   vertex 5.385819 21.380000 -5.425975
   vertex 5.385819 23.780000 -5.425975
  endloop
 endfacet
 facet normal -0.980785 0 -0.19509
  outer loop
   vertex 5.500000 21.380000 -6.000000
   vertex 5.385819 23.780000 -5.425975
   vertex 5.500000 23.780000 -6.000000
  endloop
 endfacet
 facet normal 0 1 0
  outer loop
   vertex 4.000000 21.380000 -6.000000
   vertex 5.385819 21.380000 -5.425975
   vertex 5.500000 21.380000 -6.000000
  endloop
 endfacet
 facet normal 0 -1 0
  outer loop
   vertex 4.000000 23.780000 -6.000000
   vertex 5.500000 23.780000 -6.000000
   vertex 5.385819 23.780000 -5.425975
  endloop
 endfacet
 facet normal -0.83147 0 -0.55557
  outer loop
   vertex 5.385819 21.380000 -5.425975
   vertex 5.060660 21.380000 -4.939340
   vertex 5.060660 23.780000 -4.939340
  endloop
 endfacet
 facet normal -0.83147 0 -0.55557
  outer loop
   vertex 5.385819 21.380000 -5.425975
   vertex 5.060660 23.780000 -4.939340
   vertex 5.385819 23.780000 -5.425975
  endloop
 endfacet
 facet normal 0 1 0
  outer loop
   vertex 4.000000 21.380000 -6.000000
   vertex 5.060660 21.380000 -4.939340
   vertex 5.385819 21.380000 -5.425975
  endloop
 endfacet
 facet normal 0 -1 0
  outer loop
   vertex 4.000000 23.780000 -6.000000
   vertex 5.385819 23.780000 -5.425975
   vertex 5.060660 23.780000 -4.939340
  endloop
 endfacet
 facet normal -0.55557 0 -0.83147
  outer loop
   vertex 5.060660 21.380000 -4.939340
   vertex 4.574025 21.380000 -4.614181
   vertex 4.574025 23.780000 -4.614181
  endloop
 endfacet
 facet normal -0.55557 0 -0.83147
  outer loop
   vertex 5.060660 21.380000 -4.939340
   vertex 4.574025 23.780000 -4.614181
   vertex 5.060660 23.780000 -4.939340
  endloop
 endfacet
 facet normal 0 1 0
  outer loop
   vertex 4.000000 21.380000 -6.000000
   vertex 4.574025 21.380000 -4.614181
   vertex 5.060660 21.380000 -4.939340
  endloop
 endfacet
 facet normal 0 -1 0
  outer loop
   vertex 4.000000 23.780000 -6.000000
   vertex 5.060660 23.780000 -4.939340
   vertex 4.574025 23.780000 -4.614181
  endloop
 endfacet
 facet normal -0.19509 0 -0.980785
  outer loop
   vertex 4.574025 21.380000 -4.614181
   vertex 4.000000 21.380000 -4.500000
   vertex 4.000000 23.780000 -4.500000
  endloop
 endfacet
 facet normal -0.19509 0 -0.980785
  outer loop
   vertex 4.574025 21.380000 -4.614181
   vertex 4.000000 23.780000 -4.500000
   vertex 4.574025 23.780000 -4.614181
  endloop
 endfacet
 facet normal 0 1 0
  outer loop
   vertex 4.000000 21.380000 -6.000000
   vertex 4.000000 21.380000 -4.500000
   vertex 4.574025 21.380000 -4.614181
  endloop
 endfacet
 facet normal 0 -1 0
  outer loop
   vertex 4.000000 23.780000 -6.000000
   vertex 4.574025 23.780000 -4.614181
   vertex 4.000000 23.780000 -4.500000
  endloop
 endfacet
 facet normal 0.19509 0 -0.980785
  outer loop
   vertex 4.000000 21.380000 -4.500000
   vertex 3.425975 21.380000 -4.614181
   vertex 3.425975 23.780000 -4.614181
  endloop
 endfacet
 facet normal 0.19509 0 -0.980785
  outer loop
   vertex 4.000000 21.380000 -4.500000
   vertex 3.425975 23.780000 -4.614181
   vertex 4.000000 23.780000 -4.500000
  endloop
 endfacet
 facet normal 0 1 -0
  outer loop
   vertex 4.000000 21.380000 -6.000000
   vertex 3.425975 21.380000 -4.614181
   vertex 4.000000 21.380000 -4.500000
  endloop
 endfacet
 facet normal 0 -1 0
  outer loop
   vertex 4.000000 23.780000 -6.000000
   vertex 4.000000 23.780000 -4.500000
   vertex 3.425975 23.780000 -4.614181
  endloop
 endfacet
 facet normal 0.55557 0 -0.83147
  outer loop
   vertex 3.425975 21.380000 -4.614181
   vertex 2.939340 21.380000 -4.939340
   vertex 2.939340 23.780000 -4.939340
  endloop
 endfacet
 facet normal 0.55557 0 -0.83147
  outer loop
   vertex 3.425975 21.380000 -4.614181
   vertex 2.939340 23.780000 -4.939340
   vertex 3.425975 23.780000 -4.614181
  endloop
 endfacet
 facet normal 0 1 0
  outer loop
   vertex 4.000000 21.380000 -6.000000
   vertex 2.939340 21.380000 -4.939340
   vertex 3.425975 21.380000 -4.614181
  endloop
 endfacet
 facet normal 0 -1 0
  outer loop
   vertex 4.000000 23.780000 -6.000000
   vertex 3.425975 23.780000 -4.614181
   vertex 2.939340 23.780000 -4.939340
  endloop
 endfacet
 facet normal 0.83147 0 -0.55557
  outer loop
   vertex 2.939340 21.380000 -4.939340
   vertex 2.614181 21.380000 -5.425975
   vertex 2.614181 23.780000 -5.425975
  endloop
 endfacet
 facet normal 0.83147 0 -0.55557
  outer loop
   vertex 2.939340 21.380000 -4.939340
   vertex 2.614181 23.780000 -5.425975
   vertex 2.939340 23.780000 -4.939340
  endloop
 endfacet
 facet normal 0 1 0
  outer loop
   vertex 4.000000 21.380000 -6.000000
   vertex 2.614181 21.380000 -5.425975
   vertex 2.939340 21.380000 -4.939340
  endloop
 endfacet
 facet normal 0 -1 0
  outer loop
   vertex 4.000000 23.780000 -6.000000
   vertex 2.939340 23.780000 -4.939340
   vertex 2.614181 23.780000 -5.425975
  endloop
 endfacet
 facet normal 0.980785 0 -0.19509
  outer loop
   vertex 2.614181 21.380000 -5.425975
   vertex 2.500000 21.380000 -6.000000
   vertex 2.500000 23.780000 -6.000000
  endloop
 endfacet
 facet normal 0.980785 0 -0.19509
  outer loop
   vertex 2.614181 21.380000 -5.425975
   vertex 2.500000 23.780000 -6.000000
   vertex 2.614181 23.780000 -5.425975
  endloop
 endfacet
 facet normal 0 1 0
  outer loop
   vertex 4.000000 21.380000 -6.000000
   vertex 2.500000 21.380000 -6.000000
   vertex 2.614181 21.380000 -5.425975
  endloop
 endfacet
 facet normal 0 -1 0
  outer loop
   vertex 4.000000 23.780000 -6.000000
   vertex 2.614181 23.780000 -5.425975
   vertex 2.500000 23.780000 -6.000000
  endloop
 endfacet
 facet normal 0.980785 0 0.19509
  outer loop
   vertex 2.500000 21.380000 -6.000000
   vertex 2.614181 21.380000 -6.574025
   vertex 2.614181 23.780000 -6.574025
  endloop
 endfacet
 facet normal 0.980785 -0 0.19509
  outer loop
   vertex 2.500000 21.380000 -6.000000
   vertex 2.614181 23.780000 -6.574025
   vertex 2.500000 23.780000 -6.000000
  endloop
 endfacet
 facet normal 0 1 0
  outer loop
   vertex 4.000000 21.380000 -6.000000
   vertex 2.614181 21.380000 -6.574025
   vertex 2.500000 21.380000 -6.000000
  endloop
 endfacet
 facet normal -0 -1 0
  outer loop
   vertex 4.000000 23.780000 -6.000000
   vertex 2.500000 23.780000 -6.000000
   vertex 2.614181 23.780000 -6.574025
  endloop
 endfacet
 facet normal 0.83147 0 0.55557
  outer loop
   vertex 2.614181 21.380000 -6.574025
   vertex 2.939340 21.380000 -7.060660
   vertex 2.939340 23.780000 -7.060660
  endloop
 endfacet
 facet normal 0.83147 -0 0.55557
  outer loop
   vertex 2.614181 21.380000 -6.574025
   vertex 2.939340 23.780000 -7.060660
   vertex 2.614181 23.780000 -6.574025
  endloop
 endfacet
 facet normal 0 1 0
  outer loop
   vertex 4.000000 21.380000 -6.000000
   vertex 2.939340 21.380000 -7.060660
   vertex 2.614181 21.380000 -6.574025
  endloop
 endfacet
 facet normal 0 -1 0
  outer loop
   vertex 4.000000 23.780000 -6.000000
   vertex 2.614181 23.780000 -6.574025
   vertex 2.939340 23.780000 -7.060660
  endloop
 endfacet
 facet normal 0.55557 0 0.83147
  outer loop
   vertex 2.939340 21.380000 -7.060660
   vertex 3.425975 21.380000 -7.385819
   vertex 3.425975 23.780000 -7.385819
  endloop
 endfacet
 facet normal 0.55557 -0 0.83147
  outer loop
   vertex 2.939340 21.380000 -7.060660
   vertex 3.425975 23.780000 -7.385819
   vertex 2.939340 23.780000 -7.060660
  endloop
 endfacet
 facet normal 0 1 0
  outer loop
   vertex 4.000000 21.380000 -6.000000
   vertex 3.425975 21.380000 -7.385819
   vertex 2.939340 21.380000 -7.060660
  endloop
 endfacet
 facet normal 0 -1 0
  outer loop
   vertex 4.000000 23.780000 -6.000000
   vertex 2.939340 23.780000 -7.060660
   vertex 3.425975 23.780000 -7.385819
  endloop
 endfacet
 facet normal 0.19509 0 0.980785
  outer loop
   vertex 3.425975 21.380000 -7.385819
   vertex 4.000000 21.380000 -7.500000
   vertex 4.000000 23.780000 -7.500000
  endloop
 endfacet
 facet normal 0.19509 -0 0.980785
  outer loop
   vertex 3.425975 21.380000 -7.385819
   vertex 4.000000 23.780000 -7.500000
   vertex 3.425975 23.780000 -7.385819
  endloop
 endfacet
 facet normal 0 1 0
  outer loop
   vertex 4.000000 21.380000 -6.000000
   vertex 4.000000 21.380000 -7.500000
   vertex 3.425975 21.380000 -7.385819
  endloop
 endfacet
 facet normal 0 -1 0
  outer loop
   vertex 4.000000 23.780000 -6.000000
   vertex 3.425975 23.780000 -7.385819
   vertex 4.000000 23.780000 -7.500000
  endloop
 endfacet
 facet normal -0.19509 0 0.980785
  outer loop
   vertex 4.000000 21.380000 -7.500000
   vertex 4.574025 21.380000 -7.385819
   vertex 4.574025 23.780000 -7.385819
  endloop
 endfacet
 facet normal -0.19509 0 0.980785
  outer loop
   vertex 4.000000 21.380000 -7.500000
   vertex 4.574025 23.780000 -7.385819
   vertex 4.000000 23.780000 -7.500000
  endloop
 endfacet
 facet normal 0 1 0
  outer loop
   vertex 4.000000 21.380000 -6.000000
   vertex 4.574025 21.380000 -7.385819
   vertex 4.000000 21.380000 -7.500000
  endloop
 endfacet
 facet normal 0 -1 -0
  outer loop
   vertex 4.000000 23.780000 -6.000000
   vertex 4.000000 23.780000 -7.500000
   vertex 4.574025 23.780000 -7.385819
  endloop
 endfacet
 facet normal -0.55557 0 0.83147
  outer loop
   vertex 4.574025 21.380000 -7.385819
   vertex 5.060660 21.380000 -7.060660
   vertex 5.060660 23.780000 -7.060660
  endloop
 endfacet
 facet normal -0.55557 0 0.83147
  outer loop
   vertex 4.574025 21.380000 -7.385819
   vertex 5.060660 23.780000 -7.060660
   vertex 4.574025 23.780000 -7.385819
  endloop
 endfacet
 facet normal 0 1 0
  outer loop
   vertex 4.000000 21.380000 -6.000000
   vertex 5.060660 21.380000 -7.060660
   vertex 4.574025 21.380000 -7.385819
  endloop
 endfacet
 facet normal 0 -1 0
  outer loop
   vertex 4.000000 23.780000 -6.000000
   vertex 4.574025 23.780000 -7.385819
   vertex 5.060660 23.780000 -7.060660
  endloop
 endfacet
 facet normal -0.83147 0 0.55557
  outer loop
   vertex 5.060660 21.380000 -7.060660
   vertex 5.385819 21.380000 -6.574025
   vertex 5.385819 23.780000 -6.574025
  endloop
 endfacet
 facet normal -0.83147 0 0.55557
  outer loop
   vertex 5.060660 21.380000 -7.060660
   vertex 5.385819 23.780000 -6.574025
   vertex 5.060660 23.780000 -7.060660
  endloop
 endfacet
 facet normal 0 1 0
  outer loop
   vertex 4.000000 21.380000 -6.000000
   vertex 5.385819 21.380000 -6.574025
   vertex 5.060660 21.380000 -7.060660
  endloop
 endfacet
 facet normal 0 -1 0
  outer loop
   vertex 4.000000 23.780000 -6.000000
   vertex 5.060660 23.780000 -7.060660
   vertex 5.385819 23.780000 -6.574025
  endloop
 endfacet
 facet normal -0.980785 0 0.19509
  outer loop
   vertex 5.385819 21.380000 -6.574025
   vertex 5.500000 21.380000 -6.000000
   vertex 5.500000 23.780000 -6.000000
  endloop
 endfacet
 facet normal -0.980785 0 0.19509
  outer loop
   vertex 5.385819 21.380000 -6.574025
   vertex 5.500000 23.780000 -6.000000
   vertex 5.385819 23.780000 -6.574025
  endloop
 endfacet
 facet normal -0 1 0
  outer loop
   vertex 4.000000 21.380000 -6.000000
   vertex 5.500000 21.380000 -6.000000
   vertex 5.385819 21.380000 -6.574025
  endloop
 endfacet
 facet normal 0 -1 0
  outer loop
   vertex 4.000000 23.780000 -6.000000
   vertex 5.385819 23.780000 -6.574025
   vertex 5.500000 23.780000 -6.000000
  endloop
 endfacet
 facet normal -0.980785 0 -0.19509
  outer loop
   vertex 13.500000 21.380000 -6.000000
   vertex 13.385819 21.380000 -5.425975
   vertex 13.385819 23.780000 -5.425975
  endloop
 endfacet
 facet normal -0.980785 0 -0.19509
  outer loop
   vertex 13.500000 21.380000 -6.000000
   vertex 13.385819 23.780000 -5.425975
   vertex 13.500000 23.780000 -6.000000
  endloop
 endfacet
 facet normal 0 1 0
  outer loop
   vertex 12.000000 21.380000 -6.000000
   vertex 13.385819 21.380000 -5.425975
   vertex 13.500000 21.380000 -6.000000
  endloop
 endfacet
 facet normal 0 -1 0
  outer loop
   vertex 12.000000 23.780000 -6.000000
   vertex 13.500000 23.780000 -6.000000
   vertex 13.385819 23.780000 -5.425975
  endloop
 endfacet
 facet normal -0.83147 0 -0.55557
  outer loop
   vertex 13.385819 21.380000 -5.425975
   vertex 13.060660 21.380000 -4.939340
   vertex 13.060660 23.780000 -4.939340
  endloop
 endfacet
 facet normal -0.83147 0 -0.55557
  outer loop
   vertex 13.385819 21.380000 -5.425975
   vertex 13.060660 23.780000 -4.939340
   vertex 13.385819 23.780000 -5.425975
  endloop
 endfacet
 facet normal 0 1 0
  outer loop
   vertex 12.000000 21.380000 -6.000000
   vertex 13.060660 21.380000 -4.939340
   vertex 13.385819 21.380000 -5.425975
  endloop
 endfacet
 facet normal 0 -1 0
  outer loop
   vertex 12.000000 23.780000 -6.000000
   vertex 13.385819 23.780000 -5.425975
   vertex 13.060660 23.780000 -4.939340
  endloop
 endfacet
 facet normal -0.55557 0 -0.83147
  outer loop
   vertex 13.060660 21.380000 -4.939340
   vertex 12.574025 21.380000 -4.614181
   vertex 12.574025 23.780000 -4.614181
  endloop
 endfacet
 facet normal -0.55557 0 -0.83147
  outer loop
   vertex 13.060660 21.380000 -4.939340
   vertex 12.574025 23.780000 -4.614181
   vertex 13.060660 23.780000 -4.939340
  endloop
 endfacet
 facet normal 0 1 0
  outer loop
   vertex 12.000000 21.380000 -6.000000
   vertex 12.574025 21.380000 -4.614181
   vertex 13.060660 21.380000 -4.939340
  endloop
 endfacet
 facet normal 0 -1 0
  outer loop
   vertex 12.000000 23.780000 -6.000000
   vertex 13.060660 23.780000 -4.939340
   vertex 12.574025 23.780000 -4.614181
  endloop
 endfacet
 facet normal -0.19509 0 -0.980785
  outer loop
   vertex 12.574025 21.380000 -4.614181
   vertex 12.000000 21.380000 -4.500000
   vertex 12.000000 23.780000 -4.500000
  endloop
 endfacet
 facet normal -0.19509 0 -0.980785
  outer loop
   vertex 12.574025 21.380000 -4.614181
   vertex 12.000000 23.780000 -4.500000
   vertex 12.574025 23.780000 -4.614181
  endloop
 endfacet
 facet normal 0 1 0
  outer loop
   vertex 12.000000 21.380000 -6.000000
   vertex 12.000000 21.380000 -4.500000
   vertex 12.574025 21.380000 -4.614181
  endloop
 endfacet
 facet normal 0 -1 0
  outer loop
   vertex 12.000000 23.780000 -6.000000
   vertex 12.574025 23.780000 -4.614181
   vertex 12.000000 23.780000 -4.500000
  endloop
 endfacet
 facet normal 0.19509 0 -0.980785
  outer loop
   vertex 12.000000 21.380000 -4.500000
   vertex 11.425975 21.380000 -4.614181
   vertex 11.425975 23.780000 -4.614181
  endloop
 endfacet
 facet normal 0.19509 0 -0.980785
  outer loop
   vertex 12.000000 21.380000 -4.500000
   vertex 11.425975 23.780000 -4.614181
   vertex 12.000000 23.780000 -4.500000
  endloop
 endfacet
 facet normal 0 1 -0
  outer loop
   vertex 12.000000 21.380000 -6.000000
   vertex 11.425975 21.380000 -4.614181
   vertex 12.000000 21.380000 -4.500000
  endloop
 endfacet
 facet normal 0 -1 0
  outer loop
   vertex 12.000000 23.780000 -6.000000
   vertex 12.000000 23.780000 -4.500000
   vertex 11.425975 23.780000 -4.614181
  endloop
 endfacet
 facet normal 0.55557 0 -0.83147
  outer loop
   vertex 11.425975 21.380000 -4.614181
   vertex 10.939340 21.380000 -4.939340
   vertex 10.939340 23.780000 -4.939340
  endloop
 endfacet
 facet normal 0.55557 0 -0.83147
  outer loop
   vertex 11.425975 21.380000 -4.614181
   vertex 10.939340 23.780000 -4.939340
   vertex 11.425975 23.780000 -4.614181
  endloop
 endfacet
 facet normal 0 1 0
  outer loop
   vertex 12.000000 21.380000 -6.000000
   vertex 10.939340 21.380000 -4.939340
   vertex 11.425975 21.380000 -4.614181
  endloop
 endfacet
 facet normal 0 -1 0
  outer loop
   vertex 12.000000 23.780000 -6.000000
   vertex 11.425975 23.780000 -4.614181
   vertex 10.939340 23.780000 -4.939340
  endloop
 endfacet
 facet normal 0.83147 0 -0.55557
  outer loop
   vertex 10.939340 21.380000 -4.939340
   vertex 10.614181 21.380000 -5.425975
   vertex 10.614181 23.780000 -5.425975
  endloop
 endfacet
 facet normal 0.83147 0 -0.55557
  outer loop
   vertex 10.939340 21.380000 -4.939340
   vertex 10.614181 23.780000 -5.425975
   vertex 10.939340 23.780000 -4.939340
  endloop
 endfacet
 facet normal 0 1 0
  outer loop
   vertex 12.000000 21.380000 -6.000000
   vertex 10.614181 21.380000 -5.425975
   vertex 10.939340 21.380000 -4.939340
  endloop
 endfacet
 facet normal 0 -1 0
  outer loop
   vertex 12.000000 23.780000 -6.000000
   vertex 10.939340 23.780000 -4.939340
   vertex 10.614181 23.780000 -5.425975
  endloop
 endfacet
 facet normal 0.980785 0 -0.19509
  outer loop
   vertex 10.614181 21.380000 -5.425975
   vertex 10.500000 21.380000 -6.000000
   vertex 10.500000 23.780000 -6.000000
  endloop
 endfacet
 facet normal 0.980785 0 -0.19509
  outer loop
   vertex 10.614181 21.380000 -5.425975
   vertex 10.500000 23.780000 -6.000000
   vertex 10.614181 23.780000 -5.425975
  endloop
 endfacet
 facet normal 0 1 0
  outer loop
   vertex 12.000000 21.380000 -6.000000
   vertex 10.500000 21.380000 -6.000000
   vertex 10.614181 21.380000 -5.425975
  endloop
 endfacet
 facet normal 0 -1 0
  outer loop
   vertex 12.000000 23.780000 -6.000000
   vertex 10.614181 23.780000 -5.425975
   vertex 10.500000 23.780000 -6.000000
  endloop
 endfacet
 facet normal 0.980785 0 0.19509
  outer loop
   vertex 10.500000 21.380000 -6.000000
   vertex 10.614181 21.380000 -6.574025
   vertex 10.614181 23.780000 -6.574025
  endloop
 endfacet
 facet normal 0.980785 -0 0.19509
  outer loop
   vertex 10.500000 21.380000 -6.000000
   vertex 10.614181 23.780000 -6.574025
   vertex 10.500000 23.780000 -6.000000
  endloop
 endfacet
 facet normal 0 1 0
  outer loop
   vertex 12.000000 21.380000 -6.000000
   vertex 10.614181 21.380000 -6.574025
   vertex 10.500000 21.380000 -6.000000
  endloop
 endfacet
 facet normal -0 -1 0
  outer loop
   vertex 12.000000 23.780000 -6.000000
   vertex 10.500000 23.780000 -6.000000
   vertex 10.614181 23.780000 -6.574025
  endloop
 endfacet
 facet normal 0.83147 0 0.55557
  outer loop
   vertex 10.614181 21.380000 -6.574025
   vertex 10.939340 21.380000 -7.060660
   vertex 10.939340 23.780000 -7.060660
  endloop
 endfacet
 facet normal 0.83147 -0 0.55557
  outer loop
   vertex 10.614181 21.380000 -6.574025
   vertex 10.939340 23.780000 -7.060660
   vertex 10.614181 23.780000 -6.574025
  endloop
 endfacet
 facet normal 0 1 0
  outer loop
   vertex 12.000000 21.380000 -6.000000
   vertex 10.939340 21.380000 -7.060660
   vertex 10.614181 21.380000 -6.574025
  endloop
 endfacet
 facet normal 0 -1 0
  outer loop
   vertex 12.000000 23.780000 -6.000000
   vertex 10.614181 23.780000 -6.574025
   vertex 10.939340 23.780000 -7.060660
  endloop
 endfacet
 facet normal 0.55557 0 0.83147
  outer loop
   vertex 10.939340 21.380000 -7.060660
   vertex 11.425975 21.380000 -7.385819
   vertex 11.425975 23.780000 -7.385819
  endloop
 endfacet
 facet normal 0.55557 -0 0.83147
  outer loop
   vertex 10.939340 21.380000 -7.060660
   vertex 11.425975 23.780000 -7.385819
   vertex 10.939340 23.780000 -7.060660
  endloop
 endfacet
 facet normal 0 1 0
  outer loop
   vertex 12.000000 21.380000 -6.000000
   vertex 11.425975 21.380000 -7.385819
   vertex 10.939340 21.380000 -7.060660
  endloop
 endfacet
 facet normal 0 -1 0
  outer loop
   vertex 12.000000 23.780000 -6.000000
   vertex 10.939340 23.780000 -7.060660
   vertex 11.425975 23.780000 -7.385819
  endloop
 endfacet
 facet normal 0.19509 0 0.980785
  outer loop
   vertex 11.425975 21.380000 -7.385819
   vertex 12.000000 21.380000 -7.500000
   vertex 12.000000 23.780000 -7.500000
  endloop
 endfacet
 facet normal 0.19509 -0 0.980785
  outer loop
   vertex 11.425975 21.380000 -7.385819
   vertex 12.000000 23.780000 -7.500000
   vertex 11.425975 23.780000 -7.385819
  endloop
 endfacet
 facet normal 0 1 0
  outer loop
   vertex 12.000000 21.380000 -6.000000
   vertex 12.000000 21.380000 -7.500000
   vertex 11.425975 21.380000 -7.385819
  endloop
 endfacet
 facet normal 0 -1 -0
  outer loop
   vertex 12.000000 23.780000 -6.000000
   vertex 11.425975 23.780000 -7.385819
   vertex 12.000000 23.780000 -7.500000
  endloop
 endfacet
 facet normal -0.19509 0 0.980785
  outer loop
   vertex 12.000000 21.380000 -7.500000
   vertex 12.574025 21.380000 -7.385819
   vertex 12.574025 23.780000 -7.385819
  endloop
 endfacet
 facet normal -0.19509 0 0.980785
  outer loop
   vertex 12.000000 21.380000 -7.500000
   vertex 12.574025 23.780000 -7.385819
   vertex 12.000000 23.780000 -7.500000
  endloop
 endfacet
 facet normal 0 1 0
  outer loop
   vertex 12.000000 21.380000 -6.000000
   vertex 12.574025 21.380000 -7.385819
   vertex 12.000000 21.380000 -7.500000
  endloop
 endfacet
 facet normal 0 -1 0
  outer loop
   vertex 12.000000 23.780000 -6.000000
   vertex 12.000000 23.780000 -7.500000
   vertex 12.574025 23.780000 -7.385819
  endloop
 endfacet
 facet normal -0.55557 0 0.83147
  outer loop
   vertex 12.574025 21.380000 -7.385819
   vertex 13.060660 21.380000 -7.060660
   vertex 13.060660 23.780000 -7.060660
  endloop
 endfacet
 facet normal -0.55557 0 0.83147
  outer loop
   vertex 12.574025 21.380000 -7.385819
   vertex 13.060660 23.780000 -7.060660
   vertex 12.574025 23.780000 -7.385819
  endloop
 endfacet
 facet normal 0 1 0
  outer loop
   vertex 12.000000 21.380000 -6.000000
   vertex 13.060660 21.380000 -7.060660
   vertex 12.574025 21.380000 -7.385819
  endloop
 endfacet
 facet normal 0 -1 0
  outer loop
   vertex 12.000000 23.780000 -6.000000
   vertex 12.574025 23.780000 -7.385819
   vertex 13.060660 23.780000 -7.060660
  endloop
 endfacet
 facet normal -0.83147 0 0.55557
  outer loop
   vertex 13.060660 21.380000 -7.060660
   vertex 13.385819 21.380000 -6.574025
   vertex 13.385819 23.780000 -6.574025
  endloop
 endfacet
 facet normal -0.83147 0 0.55557
  outer loop
   vertex 13.060660 21.380000 -7.060660
   vertex 13.385819 23.780000 -6.574025
   vertex 13.060660 23.780000 -7.060660
  endloop
 endfacet
 facet normal 0 1 0
  outer loop
   vertex 12.000000 21.380000 -6.000000
   vertex 13.385819 21.380000 -6.574025
   vertex 13.060660 21.380000 -7.060660
  endloop
 endfacet
 facet normal 0 -1 0
  outer loop
   vertex 12.000000 23.780000 -6.000000
   vertex 13.060660 23.780000 -7.060660
   vertex 13.385819 23.780000 -6.574025
  endloop
 endfacet
 facet normal -0.980785 0 0.19509
  outer loop
   vertex 13.385819 21.380000 -6.574025
   vertex 13.500000 21.380000 -6.000000
   vertex 13.500000 23.780000 -6.000000
  endloop
 endfacet
 facet normal -0.980785 0 0.19509
  outer loop
   vertex 13.385819 21.380000 -6.574025
   vertex 13.500000 23.780000 -6.000000
   vertex 13.385819 23.780000 -6.574025
  endloop
 endfacet
 facet normal -0 1 0
  outer loop
   vertex 12.000000 21.380000 -6.000000
   vertex 13.500000 21.380000 -6.000000
   vertex 13.385819 21.380000 -6.574025
  endloop
 endfacet
 facet normal 0 -1 0
  outer loop
   vertex 12.000000 23.780000 -6.000000
   vertex 13.385819 23.780000 -6.574025
   vertex 13.500000 23.780000 -6.000000
  endloop
 endfacet
 facet normal 0 0 -1
  outer loop
   vertex -7.000000 -29.950000 -5.000000
   vertex 7.000000 -21.950000 -5.000000
   vertex 7.000000 -29.950000 -5.000000
  endloop
 endfacet
 facet normal 0 0 -1
  outer loop
   vertex -7.000000 -29.950000 -5.000000
   vertex -7.000000 -21.950000 -5.000000
   vertex 7.000000 -21.950000 -5.000000
  endloop
 endfacet
 facet normal 0 0 1
  outer loop
   vertex -7.000000 -29.950000 5.000000
   vertex 7.000000 -29.950000 5.000000
   vertex 7.000000 -21.950000 5.000000
  endloop
 endfacet
 facet normal 0 0 1
  outer loop
   vertex -7.000000 -29.950000 5.000000
   vertex 7.000000 -21.950000 5.000000
   vertex -7.000000 -21.950000 5.000000
  endloop
 endfacet
 facet normal 0 -1 0
  outer loop
   vertex -7.000000 -29.950000 -5.000000
   vertex 7.000000 -29.950000 -5.000000
   vertex 7.000000 -29.950000 5.000000
  endloop
 endfacet
 facet normal 0 -1 0
  outer loop
   vertex -7.000000 -29.950000 -5.000000
   vertex 7.000000 -29.950000 5.000000
   vertex -7.000000 -29.950000 5.000000
  endloop
 endfacet
 facet normal 0 1 0
  outer loop
   vertex -7.000000 -21.950000 -5.000000
   vertex -7.000000 -21.950000 5.000000
   vertex 7.000000 -21.950000 5.000000
  endloop
 endfacet
 facet normal 0 1 0
  outer loop
   vertex -7.000000 -21.950000 -5.000000
   vertex 7.000000 -21.950000 5.000000
   vertex 7.000000 -21.950000 -5.000000
  endloop
 endfacet
 facet normal -1 0 0
  outer loop
   vertex -7.000000 -29.950000 -5.000000
   vertex -7.000000 -29.950000 5.000000
   vertex -7.000000 -21.950000 5.000000
  endloop
 endfacet
 facet normal -1 0 0
  outer loop
   vertex -7.000000 -29.950000 -5.000000
   vertex -7.000000 -21.950000 5.000000
   vertex -7.000000 -21.950000 -5.000000
  endloop
 endfacet
 facet normal 1 0 0
  outer loop
   vertex 7.000000 -29.950000 -5.000000
   vertex 7.000000 -21.950000 -5.000000
   vertex 7.000000 -21.950000 5.000000
  endloop
 endfacet
 facet normal 1 0 0
  outer loop
   vertex 7.000000 -29.950000 -5.000000
   vertex 7.000000 -21.950000 5.000000
   vertex 7.000000 -29.950000 5.000000
  endloop
 endfacet
endsolid step02_reference_features
