solid step01_cells
 facet normal 0 0.99946459 0.032719083
  outer loop
   vertex -32.500000 0.000000 -18.300000
   vertex -32.500000 -0.019591 -17.701561
   vertex 32.500000 -0.019591 -17.701561
  endloop
 endfacet
 facet normal -0 0.99946459 0.032719083
  outer loop
   vertex -32.500000 0.000000 -18.300000
   vertex 32.500000 -0.019591 -17.701561
   vertex 32.500000 0.000000 -18.300000
  endloop
 endfacet
 facet normal -1 0 0
  outer loop
   vertex -32.500000 -9.150000 -18.300000
   vertex -32.500000 -0.019591 -17.701561
   vertex -32.500000 0.000000 -18.300000
  endloop
 endfacet
 facet normal 1 0 0
  outer loop
   vertex 32.500000 -9.150000 -18.300000
   vertex 32.500000 0.000000 -18.300000
   vertex 32.500000 -0.019591 -17.701561
  endloop
 endfacet
 facet normal 0 0.99518473 0.09801714
  outer loop
   vertex -32.500000 -0.019591 -17.701561
   vertex -32.500000 -0.078280 -17.105685
   vertex 32.500000 -0.078280 -17.105685
  endloop
 endfacet
 facet normal -0 0.99518473 0.09801714
  outer loop
   vertex -32.500000 -0.019591 -17.701561
   vertex 32.500000 -0.078280 -17.105685
   vertex 32.500000 -0.019591 -17.701561
  endloop
 endfacet
 facet normal -1 0 0
  outer loop
   vertex -32.500000 -9.150000 -18.300000
   vertex -32.500000 -0.078280 -17.105685
   vertex -32.500000 -0.019591 -17.701561
  endloop
 endfacet
 facet normal 1 0 0
  outer loop
   vertex 32.500000 -9.150000 -18.300000
   vertex 32.500000 -0.019591 -17.701561
   vertex 32.500000 -0.078280 -17.105685
  endloop
 endfacet
 facet normal 0 0.98664333 0.16289547
  outer loop
   vertex -32.500000 -0.078280 -17.105685
   vertex -32.500000 -0.175815 -16.514924
   vertex 32.500000 -0.175815 -16.514924
  endloop
 endfacet
 facet normal -0 0.98664333 0.16289547
  outer loop
   vertex -32.500000 -0.078280 -17.105685
   vertex 32.500000 -0.175815 -16.514924
   vertex 32.500000 -0.078280 -17.105685
  endloop
 endfacet
 facet normal -1 0 0
  outer loop
   vertex -32.500000 -9.150000 -18.300000
   vertex -32.500000 -0.175815 -16.514924
   vertex -32.500000 -0.078280 -17.105685
  endloop
 endfacet
 facet normal 1 0 0
  outer loop
   vertex 32.500000 -9.150000 -18.300000
   vertex 32.500000 -0.078280 -17.105685
   vertex 32.500000 -0.175815 -16.514924
  endloop
 endfacet
 facet normal 0 0.97387698 0.22707626
  outer loop
   vertex -32.500000 -0.175815 -16.514924
   vertex -32.500000 -0.311779 -15.931806
   vertex 32.500000 -0.311779 -15.931806
  endloop
 endfacet
 facet normal -0 0.97387698 0.22707626
  outer loop
   vertex -32.500000 -0.175815 -16.514924
   vertex 32.500000 -0.311779 -15.931806
   vertex 32.500000 -0.175815 -16.514924
  endloop
 endfacet
 facet normal -1 0 0
  outer loop
   vertex -32.500000 -9.150000 -18.300000
   vertex -32.500000 -0.311779 -15.931806
   vertex -32.500000 -0.175815 -16.514924
  endloop
 endfacet
 facet normal 1 0 0
  outer loop
   vertex 32.500000 -9.150000 -18.300000
   vertex 32.500000 -0.175815 -16.514924
   vertex 32.500000 -0.311779 -15.931806
  endloop
 endfacet
 facet normal 0 0.95694034 0.29028468
  outer loop
   vertex -32.500000 -0.311779 -15.931806
   vertex -32.500000 -0.485589 -15.358829
   vertex 32.500000 -0.485589 -15.358829
  endloop
 endfacet
 facet normal -0 0.95694034 0.29028468
  outer loop
   vertex -32.500000 -0.311779 -15.931806
   vertex 32.500000 -0.485589 -15.358829
   vertex 32.500000 -0.311779 -15.931806
  endloop
 endfacet
 facet normal -1 0 0
  outer loop
   vertex -32.500000 -9.150000 -18.300000
   vertex -32.500000 -0.485589 -15.358829
   vertex -32.500000 -0.311779 -15.931806
  endloop
 endfacet
 facet normal 1 0 0
  outer loop
   vertex 32.500000 -9.150000 -18.300000
   vertex 32.500000 -0.311779 -15.931806
   vertex 32.500000 -0.485589 -15.358829
  endloop
 endfacet
 facet normal 0 0.93590593 0.35225005
  outer loop
   vertex -32.500000 -0.485589 -15.358829
   vertex -32.500000 -0.696502 -14.798447
   vertex 32.500000 -0.696502 -14.798447
  endloop
 endfacet
 facet normal -0 0.93590593 0.35225005
  outer loop
   vertex -32.500000 -0.485589 -15.358829
   vertex 32.500000 -0.696502 -14.798447
   vertex 32.500000 -0.485589 -15.358829
  endloop
 endfacet
 facet normal -1 0 0
  outer loop
   vertex -32.500000 -9.150000 -18.300000
   vertex -32.500000 -0.696502 -14.798447
   vertex -32.500000 -0.485589 -15.358829
  endloop
 endfacet
 facet normal 1 0 0
  outer loop
   vertex 32.500000 -9.150000 -18.300000
   vertex 32.500000 -0.485589 -15.358829
   vertex 32.500000 -0.696502 -14.798447
  endloop
 endfacet
 facet normal 0 0.91086382 0.41270703
  outer loop
   vertex -32.500000 -0.696502 -14.798447
   vertex -32.500000 -0.943614 -14.253058
   vertex 32.500000 -0.943614 -14.253058
  endloop
 endfacet
 facet normal -0 0.91086382 0.41270703
  outer loop
   vertex -32.500000 -0.696502 -14.798447
   vertex 32.500000 -0.943614 -14.253058
   vertex 32.500000 -0.696502 -14.798447
  endloop
 endfacet
 facet normal -1 0 0
  outer loop
   vertex -32.500000 -9.150000 -18.300000
   vertex -32.500000 -0.943614 -14.253058
   vertex -32.500000 -0.696502 -14.798447
  endloop
 endfacet
 facet normal 1 0 0
  outer loop
   vertex 32.500000 -9.150000 -18.300000
   vertex 32.500000 -0.696502 -14.798447
   vertex 32.500000 -0.943614 -14.253058
  endloop
 endfacet
 facet normal 0 0.88192126 0.47139674
  outer loop
   vertex -32.500000 -0.943614 -14.253058
   vertex -32.500000 -1.225868 -13.725000
   vertex 32.500000 -1.225868 -13.725000
  endloop
 endfacet
 facet normal -0 0.88192126 0.47139674
  outer loop
   vertex -32.500000 -0.943614 -14.253058
   vertex 32.500000 -1.225868 -13.725000
   vertex 32.500000 -0.943614 -14.253058
  endloop
 endfacet
 facet normal -1 0 0
  outer loop
   vertex -32.500000 -9.150000 -18.300000
   vertex -32.500000 -1.225868 -13.725000
   vertex -32.500000 -0.943614 -14.253058
  endloop
 endfacet
 facet normal 1 0 0
  outer loop
   vertex 32.500000 -9.150000 -18.300000
   vertex 32.500000 -0.943614 -14.253058
   vertex 32.500000 -1.225868 -13.725000
  endloop
 endfacet
 facet normal 0 0.84920218 0.52806785
  outer loop
   vertex -32.500000 -1.225868 -13.725000
   vertex -32.500000 -1.542053 -13.216532
   vertex 32.500000 -1.542053 -13.216532
  endloop
 endfacet
 facet normal -0 0.84920218 0.52806785
  outer loop
   vertex -32.500000 -1.225868 -13.725000
   vertex 32.500000 -1.542053 -13.216532
   vertex 32.500000 -1.225868 -13.725000
  endloop
 endfacet
 facet normal -1 0 0
  outer loop
   vertex -32.500000 -9.150000 -18.300000
   vertex -32.500000 -1.542053 -13.216532
   vertex -32.500000 -1.225868 -13.725000
  endloop
 endfacet
 facet normal 1 0 0
  outer loop
   vertex 32.500000 -9.150000 -18.300000
   vertex 32.500000 -1.225868 -13.725000
   vertex 32.500000 -1.542053 -13.216532
  endloop
 endfacet
 facet normal 0 0.81284668 0.5824777
  outer loop
   vertex -32.500000 -1.542053 -13.216532
   vertex -32.500000 -1.890817 -12.729833
   vertex 32.500000 -1.890817 -12.729833
  endloop
 endfacet
 facet normal -0 0.81284668 0.5824777
  outer loop
   vertex -32.500000 -1.542053 -13.216532
   vertex 32.500000 -1.890817 -12.729833
   vertex 32.500000 -1.542053 -13.216532
  endloop
 endfacet
 facet normal -1 0 0
  outer loop
   vertex -32.500000 -9.150000 -18.300000
   vertex -32.500000 -1.890817 -12.729833
   vertex -32.500000 -1.542053 -13.216532
  endloop
 endfacet
 facet normal 1 0 0
  outer loop
   vertex 32.500000 -9.150000 -18.300000
   vertex 32.500000 -1.542053 -13.216532
   vertex 32.500000 -1.890817 -12.729833
  endloop
 endfacet
 facet normal 0 0.77301045 0.63439328
  outer loop
   vertex -32.500000 -1.890817 -12.729833
   vertex -32.500000 -2.270666 -12.266986
   vertex 32.500000 -2.270666 -12.266986
  endloop
 endfacet
 facet normal -0 0.77301045 0.63439328
  outer loop
   vertex -32.500000 -1.890817 -12.729833
   vertex 32.500000 -2.270666 -12.266986
   vertex 32.500000 -1.890817 -12.729833
  endloop
 endfacet
 facet normal -1 0 0
  outer loop
   vertex -32.500000 -9.150000 -18.300000
   vertex -32.500000 -2.270666 -12.266986
   vertex -32.500000 -1.890817 -12.729833
  endloop
 endfacet
 facet normal 1 0 0
  outer loop
   vertex 32.500000 -9.150000 -18.300000
   vertex 32.500000 -1.890817 -12.729833
   vertex 32.500000 -2.270666 -12.266986
  endloop
 endfacet
 facet normal 0 0.72986407 0.6835923
  outer loop
   vertex -32.500000 -2.270666 -12.266986
   vertex -32.500000 -2.679973 -11.829973
   vertex 32.500000 -2.679973 -11.829973
  endloop
 endfacet
 facet normal -0 0.72986407 0.6835923
  outer loop
   vertex -32.500000 -2.270666 -12.266986
   vertex 32.500000 -2.679973 -11.829973
   vertex 32.500000 -2.270666 -12.266986
  endloop
 endfacet
 facet normal -1 0 0
  outer loop
   vertex -32.500000 -9.150000 -18.300000
   vertex -32.500000 -2.679973 -11.829973
   vertex -32.500000 -2.270666 -12.266986
  endloop
 endfacet
 facet normal 1 0 0
  outer loop
   vertex 32.500000 -9.150000 -18.300000
   vertex 32.500000 -2.270666 -12.266986
   vertex 32.500000 -2.679973 -11.829973
  endloop
 endfacet
 facet normal 0 0.6835923 0.72986407
  outer loop
   vertex -32.500000 -2.679973 -11.829973
   vertex -32.500000 -3.116986 -11.420666
   vertex 32.500000 -3.116986 -11.420666
  endloop
 endfacet
 facet normal -0 0.6835923 0.72986407
  outer loop
   vertex -32.500000 -2.679973 -11.829973
   vertex 32.500000 -3.116986 -11.420666
   vertex 32.500000 -2.679973 -11.829973
  endloop
 endfacet
 facet normal -1 0 0
  outer loop
   vertex -32.500000 -9.150000 -18.300000
   vertex -32.500000 -3.116986 -11.420666
   vertex -32.500000 -2.679973 -11.829973
  endloop
 endfacet
 facet normal 1 0 0
  outer loop
   vertex 32.500000 -9.150000 -18.300000
   vertex 32.500000 -2.679973 -11.829973
   vertex 32.500000 -3.116986 -11.420666
  endloop
 endfacet
 facet normal 0 0.63439328 0.77301045
  outer loop
   vertex -32.500000 -3.116986 -11.420666
   vertex -32.500000 -3.579833 -11.040817
   vertex 32.500000 -3.579833 -11.040817
  endloop
 endfacet
 facet normal -0 0.63439328 0.77301045
  outer loop
   vertex -32.500000 -3.116986 -11.420666
   vertex 32.500000 -3.579833 -11.040817
   vertex 32.500000 -3.116986 -11.420666
  endloop
 endfacet
 facet normal -1 0 0
  outer loop
   vertex -32.500000 -9.150000 -18.300000
   vertex -32.500000 -3.579833 -11.040817
   vertex -32.500000 -3.116986 -11.420666
  endloop
 endfacet
 facet normal 1 0 0
  outer loop
   vertex 32.500000 -9.150000 -18.300000
   vertex 32.500000 -3.116986 -11.420666
   vertex 32.500000 -3.579833 -11.040817
  endloop
 endfacet
 facet normal 0 0.5824777 0.81284668
  outer loop
   vertex -32.500000 -3.579833 -11.040817
   vertex -32.500000 -4.066532 -10.692053
   vertex 32.500000 -4.066532 -10.692053
  endloop
 endfacet
 facet normal -0 0.5824777 0.81284668
  outer loop
   vertex -32.500000 -3.579833 -11.040817
   vertex 32.500000 -4.066532 -10.692053
   vertex 32.500000 -3.579833 -11.040817
  endloop
 endfacet
 facet normal -1 0 0
  outer loop
   vertex -32.500000 -9.150000 -18.300000
   vertex -32.500000 -4.066532 -10.692053
   vertex -32.500000 -3.579833 -11.040817
  endloop
 endfacet
 facet normal 1 0 0
  outer loop
   vertex 32.500000 -9.150000 -18.300000
   vertex 32.500000 -3.579833 -11.040817
   vertex 32.500000 -4.066532 -10.692053
  endloop
 endfacet
 facet normal 0 0.52806785 0.84920218
  outer loop
   vertex -32.500000 -4.066532 -10.692053
   vertex -32.500000 -4.575000 -10.375868
   vertex 32.500000 -4.575000 -10.375868
  endloop
 endfacet
 facet normal -0 0.52806785 0.84920218
  outer loop
   vertex -32.500000 -4.066532 -10.692053
   vertex 32.500000 -4.575000 -10.375868
   vertex 32.500000 -4.066532 -10.692053
  endloop
 endfacet
 facet normal -1 0 0
  outer loop
   vertex -32.500000 -9.150000 -18.300000
   vertex -32.500000 -4.575000 -10.375868
   vertex -32.500000 -4.066532 -10.692053
  endloop
 endfacet
 facet normal 1 0 0
  outer loop
   vertex 32.500000 -9.150000 -18.300000
   vertex 32.500000 -4.066532 -10.692053
   vertex 32.500000 -4.575000 -10.375868
  endloop
 endfacet
 facet normal 0 0.47139674 0.88192126
  outer loop
   vertex -32.500000 -4.575000 -10.375868
   vertex -32.500000 -5.103058 -10.093614
   vertex 32.500000 -5.103058 -10.093614
  endloop
 endfacet
 facet normal -0 0.47139674 0.88192126
  outer loop
   vertex -32.500000 -4.575000 -10.375868
   vertex 32.500000 -5.103058 -10.093614
   vertex 32.500000 -4.575000 -10.375868
  endloop
 endfacet
 facet normal -1 0 0
  outer loop
   vertex -32.500000 -9.150000 -18.300000
   vertex -32.500000 -5.103058 -10.093614
   vertex -32.500000 -4.575000 -10.375868
  endloop
 endfacet
 facet normal 1 0 0
  outer loop
   vertex 32.500000 -9.150000 -18.300000
   vertex 32.500000 -4.575000 -10.375868
   vertex 32.500000 -5.103058 -10.093614
  endloop
 endfacet
 facet normal 0 0.41270703 0.91086382
  outer loop
   vertex -32.500000 -5.103058 -10.093614
   vertex -32.500000 -5.648447 -9.846502
   vertex 32.500000 -5.648447 -9.846502
  endloop
 endfacet
 facet normal -0 0.41270703 0.91086382
  outer loop
   vertex -32.500000 -5.103058 -10.093614
   vertex 32.500000 -5.648447 -9.846502
   vertex 32.500000 -5.103058 -10.093614
  endloop
 endfacet
 facet normal -1 0 0
  outer loop
   vertex -32.500000 -9.150000 -18.300000
   vertex -32.500000 -5.648447 -9.846502
   vertex -32.500000 -5.103058 -10.093614
  endloop
 endfacet
 facet normal 1 0 0
  outer loop
   vertex 32.500000 -9.150000 -18.300000
   vertex 32.500000 -5.103058 -10.093614
   vertex 32.500000 -5.648447 -9.846502
  endloop
 endfacet
 facet normal 0 0.35225005 0.93590593
  outer loop
   vertex -32.500000 -5.648447 -9.846502
   vertex -32.500000 -6.208829 -9.635589
   vertex 32.500000 -6.208829 -9.635589
  endloop
 endfacet
 facet normal -0 0.35225005 0.93590593
  outer loop
   vertex -32.500000 -5.648447 -9.846502
   vertex 32.500000 -6.208829 -9.635589
   vertex 32.500000 -5.648447 -9.846502
  endloop
 endfacet
 facet normal -1 0 0
  outer loop
   vertex -32.500000 -9.150000 -18.300000
   vertex -32.500000 -6.208829 -9.635589
   vertex -32.500000 -5.648447 -9.846502
  endloop
 endfacet
 facet normal 1 0 0
  outer loop
   vertex 32.500000 -9.150000 -18.300000
   vertex 32.500000 -5.648447 -9.846502
   vertex 32.500000 -6.208829 -9.635589
  endloop
 endfacet
 facet normal 0 0.29028468 0.95694034
  outer loop
   vertex -32.500000 -6.208829 -9.635589
   vertex -32.500000 -6.781806 -9.461779
   vertex 32.500000 -6.781806 -9.461779
  endloop
 endfacet
 facet normal -0 0.29028468 0.95694034
  outer loop
   vertex -32.500000 -6.208829 -9.635589
   vertex 32.500000 -6.781806 -9.461779
   vertex 32.500000 -6.208829 -9.635589
  endloop
 endfacet
 facet normal -1 0 0
  outer loop
   vertex -32.500000 -9.150000 -18.300000
   vertex -32.500000 -6.781806 -9.461779
   vertex -32.500000 -6.208829 -9.635589
  endloop
 endfacet
 facet normal 1 0 0
  outer loop
   vertex 32.500000 -9.150000 -18.300000
   vertex 32.500000 -6.208829 -9.635589
   vertex 32.500000 -6.781806 -9.461779
  endloop
 endfacet
 facet normal 0 0.22707626 0.97387698
  outer loop
   vertex -32.500000 -6.781806 -9.461779
   vertex -32.500000 -7.364924 -9.325815
   vertex 32.500000 -7.364924 -9.325815
  endloop
 endfacet
 facet normal -0 0.22707626 0.97387698
  outer loop
   vertex -32.500000 -6.781806 -9.461779
   vertex 32.500000 -7.364924 -9.325815
   vertex 32.500000 -6.781806 -9.461779
  endloop
 endfacet
 facet normal -1 0 0
  outer loop
   vertex -32.500000 -9.150000 -18.300000
   vertex -32.500000 -7.364924 -9.325815
   vertex -32.500000 -6.781806 -9.461779
  endloop
 endfacet
 facet normal 1 0 0
  outer loop
   vertex 32.500000 -9.150000 -18.300000
   vertex 32.500000 -6.781806 -9.461779
   vertex 32.500000 -7.364924 -9.325815
  endloop
 endfacet
 facet normal 0 0.16289547 0.98664333
  outer loop
   vertex -32.500000 -7.364924 -9.325815
   vertex -32.500000 -7.955685 -9.228280
   vertex 32.500000 -7.955685 -9.228280
  endloop
 endfacet
 facet normal -0 0.16289547 0.98664333
  outer loop
   vertex -32.500000 -7.364924 -9.325815
   vertex 32.500000 -7.955685 -9.228280
   vertex 32.500000 -7.364924 -9.325815
  endloop
 endfacet
 facet normal -1 0 0
  outer loop
   vertex -32.500000 -9.150000 -18.300000
   vertex -32.500000 -7.955685 -9.228280
   vertex -32.500000 -7.364924 -9.325815
  endloop
 endfacet
 facet normal 1 0 0
  outer loop
   vertex 32.500000 -9.150000 -18.300000
   vertex 32.500000 -7.364924 -9.325815
   vertex 32.500000 -7.955685 -9.228280
  endloop
 endfacet
 facet normal 0 0.09801714 0.99518473
  outer loop
   vertex -32.500000 -7.955685 -9.228280
   vertex -32.500000 -8.551561 -9.169591
   vertex 32.500000 -8.551561 -9.169591
  endloop
 endfacet
 facet normal -0 0.09801714 0.99518473
  outer loop
   vertex -32.500000 -7.955685 -9.228280
   vertex 32.500000 -8.551561 -9.169591
   vertex 32.500000 -7.955685 -9.228280
  endloop
 endfacet
 facet normal -1 0 0
  outer loop
   vertex -32.500000 -9.150000 -18.300000
   vertex -32.500000 -8.551561 -9.169591
   vertex -32.500000 -7.955685 -9.228280
  endloop
 endfacet
 facet normal 1 0 0
  outer loop
   vertex 32.500000 -9.150000 -18.300000
   vertex 32.500000 -7.955685 -9.228280
   vertex 32.500000 -8.551561 -9.169591
  endloop
 endfacet
 facet normal 0 0.032719083 0.99946459
  outer loop
   vertex -32.500000 -8.551561 -9.169591
   vertex -32.500000 -9.150000 -9.150000
   vertex 32.500000 -9.150000 -9.150000
  endloop
 endfacet
 facet normal -0 0.032719083 0.99946459
  outer loop
   vertex -32.500000 -8.551561 -9.169591
   vertex 32.500000 -9.150000 -9.150000
   vertex 32.500000 -8.551561 -9.169591
  endloop
 endfacet
 facet normal -1 0 0
  outer loop
   vertex -32.500000 -9.150000 -18.300000
   vertex -32.500000 -9.150000 -9.150000
   vertex -32.500000 -8.551561 -9.169591
  endloop
 endfacet
 facet normal 1 0 0
  outer loop
   vertex 32.500000 -9.150000 -18.300000
   vertex 32.500000 -8.551561 -9.169591
   vertex 32.500000 -9.150000 -9.150000
  endloop
 endfacet
 facet normal 0 -0.032719083 0.99946459
  outer loop
   vertex -32.500000 -9.150000 -9.150000
   vertex -32.500000 -9.748439 -9.169591
   vertex 32.500000 -9.748439 -9.169591
  endloop
 endfacet
 facet normal 0 -0.032719083 0.99946459
  outer loop
   vertex -32.500000 -9.150000 -9.150000
   vertex 32.500000 -9.748439 -9.169591
   vertex 32.500000 -9.150000 -9.150000
  endloop
 endfacet
 facet normal -1 0 0
  outer loop
   vertex -32.500000 -9.150000 -18.300000
   vertex -32.500000 -9.748439 -9.169591
   vertex -32.500000 -9.150000 -9.150000
  endloop
 endfacet
 facet normal 1 0 -0
  outer loop
   vertex 32.500000 -9.150000 -18.300000
   vertex 32.500000 -9.150000 -9.150000
   vertex 32.500000 -9.748439 -9.169591
  endloop
 endfacet
 facet normal 0 -0.09801714 0.99518473
  outer loop
   vertex -32.500000 -9.748439 -9.169591
   vertex -32.500000 -10.344315 -9.228280
   vertex 32.500000 -10.344315 -9.228280
  endloop
 endfacet
 facet normal 0 -0.09801714 0.99518473
  outer loop
   vertex -32.500000 -9.748439 -9.169591
   vertex 32.500000 -10.344315 -9.228280
   vertex 32.500000 -9.748439 -9.169591
  endloop
 endfacet
 facet normal -1 0 0
  outer loop
   vertex -32.500000 -9.150000 -18.300000
   vertex -32.500000 -10.344315 -9.228280
   vertex -32.500000 -9.748439 -9.169591
  endloop
 endfacet
 facet normal 1 0 0
  outer loop
   vertex 32.500000 -9.150000 -18.300000
   vertex 32.500000 -9.748439 -9.169591
   vertex 32.500000 -10.344315 -9.228280
  endloop
 endfacet
 facet normal 0 -0.16289547 0.98664333
  outer loop
   vertex -32.500000 -10.344315 -9.228280
   vertex -32.500000 -10.935076 -9.325815
   vertex 32.500000 -10.935076 -9.325815
  endloop
 endfacet
 facet normal 0 -0.16289547 0.98664333
  outer loop
   vertex -32.500000 -10.344315 -9.228280
   vertex 32.500000 -10.935076 -9.325815
   vertex 32.500000 -10.344315 -9.228280
  endloop
 endfacet
 facet normal -1 0 0
  outer loop
   vertex -32.500000 -9.150000 -18.300000
   vertex -32.500000 -10.935076 -9.325815
   vertex -32.500000 -10.344315 -9.228280
  endloop
 endfacet
 facet normal 1 0 0
  outer loop
   vertex 32.500000 -9.150000 -18.300000
   vertex 32.500000 -10.344315 -9.228280
   vertex 32.500000 -10.935076 -9.325815
  endloop
 endfacet
 facet normal 0 -0.22707626 0.97387698
  outer loop
   vertex -32.500000 -10.935076 -9.325815
   vertex -32.500000 -11.518194 -9.461779
   vertex 32.500000 -11.518194 -9.461779
  endloop
 endfacet
 facet normal 0 -0.22707626 0.97387698
  outer loop
   vertex -32.500000 -10.935076 -9.325815
   vertex 32.500000 -11.518194 -9.461779
   vertex 32.500000 -10.935076 -9.325815
  endloop
 endfacet
 facet normal -1 0 0
  outer loop
   vertex -32.500000 -9.150000 -18.300000
   vertex -32.500000 -11.518194 -9.461779
   vertex -32.500000 -10.935076 -9.325815
  endloop
 endfacet
 facet normal 1 0 0
  outer loop
   vertex 32.500000 -9.150000 -18.300000
   vertex 32.500000 -10.935076 -9.325815
   vertex 32.500000 -11.518194 -9.461779
  endloop
 endfacet
 facet normal 0 -0.29028468 0.95694034
  outer loop
   vertex -32.500000 -11.518194 -9.461779
   vertex -32.500000 -12.091171 -9.635589
   vertex 32.500000 -12.091171 -9.635589
  endloop
 endfacet
 facet normal 0 -0.29028468 0.95694034
  outer loop
   vertex -32.500000 -11.518194 -9.461779
   vertex 32.500000 -12.091171 -9.635589
   vertex 32.500000 -11.518194 -9.461779
  endloop
 endfacet
 facet normal -1 0 0
  outer loop
   vertex -32.500000 -9.150000 -18.300000
   vertex -32.500000 -12.091171 -9.635589
   vertex -32.500000 -11.518194 -9.461779
  endloop
 endfacet
 facet normal 1 0 0
  outer loop
   vertex 32.500000 -9.150000 -18.300000
   vertex 32.500000 -11.518194 -9.461779
   vertex 32.500000 -12.091171 -9.635589
  endloop
 endfacet
 facet normal 0 -0.35225005 0.93590593
  outer loop
   vertex -32.500000 -12.091171 -9.635589
   vertex -32.500000 -12.651553 -9.846502
   vertex 32.500000 -12.651553 -9.846502
  endloop
 endfacet
 facet normal 0 -0.35225005 0.93590593
  outer loop
   vertex -32.500000 -12.091171 -9.635589
   vertex 32.500000 -12.651553 -9.846502
   vertex 32.500000 -12.091171 -9.635589
  endloop
 endfacet
 facet normal -1 0 0
  outer loop
   vertex -32.500000 -9.150000 -18.300000
   vertex -32.500000 -12.651553 -9.846502
   vertex -32.500000 -12.091171 -9.635589
  endloop
 endfacet
 facet normal 1 0 0
  outer loop
   vertex 32.500000 -9.150000 -18.300000
   vertex 32.500000 -12.091171 -9.635589
   vertex 32.500000 -12.651553 -9.846502
  endloop
 endfacet
 facet normal 0 -0.41270703 0.91086382
  outer loop
   vertex -32.500000 -12.651553 -9.846502
   vertex -32.500000 -13.196942 -10.093614
   vertex 32.500000 -13.196942 -10.093614
  endloop
 endfacet
 facet normal 0 -0.41270703 0.91086382
  outer loop
   vertex -32.500000 -12.651553 -9.846502
   vertex 32.500000 -13.196942 -10.093614
   vertex 32.500000 -12.651553 -9.846502
  endloop
 endfacet
 facet normal -1 0 0
  outer loop
   vertex -32.500000 -9.150000 -18.300000
   vertex -32.500000 -13.196942 -10.093614
   vertex -32.500000 -12.651553 -9.846502
  endloop
 endfacet
 facet normal 1 0 0
  outer loop
   vertex 32.500000 -9.150000 -18.300000
   vertex 32.500000 -12.651553 -9.846502
   vertex 32.500000 -13.196942 -10.093614
  endloop
 endfacet
 facet normal 0 -0.47139674 0.88192126
  outer loop
   vertex -32.500000 -13.196942 -10.093614
   vertex -32.500000 -13.725000 -10.375868
   vertex 32.500000 -13.725000 -10.375868
  endloop
 endfacet
 facet normal 0 -0.47139674 0.88192126
  outer loop
   vertex -32.500000 -13.196942 -10.093614
   vertex 32.500000 -13.725000 -10.375868
   vertex 32.500000 -13.196942 -10.093614
  endloop
 endfacet
 facet normal -1 0 0
  outer loop
   vertex -32.500000 -9.150000 -18.300000
   vertex -32.500000 -13.725000 -10.375868
   vertex -32.500000 -13.196942 -10.093614
  endloop
 endfacet
 facet normal 1 0 0
  outer loop
   vertex 32.500000 -9.150000 -18.300000
   vertex 32.500000 -13.196942 -10.093614
   vertex 32.500000 -13.725000 -10.375868
  endloop
 endfacet
 facet normal 0 -0.52806785 0.84920218
  outer loop
   vertex -32.500000 -13.725000 -10.375868
   vertex -32.500000 -14.233468 -10.692053
   vertex 32.500000 -14.233468 -10.692053
  endloop
 endfacet
 facet normal 0 -0.52806785 0.84920218
  outer loop
   vertex -32.500000 -13.725000 -10.375868
   vertex 32.500000 -14.233468 -10.692053
   vertex 32.500000 -13.725000 -10.375868
  endloop
 endfacet
 facet normal -1 0 0
  outer loop
   vertex -32.500000 -9.150000 -18.300000
   vertex -32.500000 -14.233468 -10.692053
   vertex -32.500000 -13.725000 -10.375868
  endloop
 endfacet
 facet normal 1 0 0
  outer loop
   vertex 32.500000 -9.150000 -18.300000
   vertex 32.500000 -13.725000 -10.375868
   vertex 32.500000 -14.233468 -10.692053
  endloop
 endfacet
 facet normal 0 -0.5824777 0.81284668
  outer loop
   vertex -32.500000 -14.233468 -10.692053
   vertex -32.500000 -14.720167 -11.040817
   vertex 32.500000 -14.720167 -11.040817
  endloop
 endfacet
 facet normal 0 -0.5824777 0.81284668
  outer loop
   vertex -32.500000 -14.233468 -10.692053
   vertex 32.500000 -14.720167 -11.040817
   vertex 32.500000 -14.233468 -10.692053
  endloop
 endfacet
 facet normal -1 0 0
  outer loop
   vertex -32.500000 -9.150000 -18.300000
   vertex -32.500000 -14.720167 -11.040817
   vertex -32.500000 -14.233468 -10.692053
  endloop
 endfacet
 facet normal 1 0 0
  outer loop
   vertex 32.500000 -9.150000 -18.300000
   vertex 32.500000 -14.233468 -10.692053
   vertex 32.500000 -14.720167 -11.040817
  endloop
 endfacet
 facet normal 0 -0.63439328 0.77301045
  outer loop
   vertex -32.500000 -14.720167 -11.040817
   vertex -32.500000 -15.183014 -11.420666
   vertex 32.500000 -15.183014 -11.420666
  endloop
 endfacet
 facet normal 0 -0.63439328 0.77301045
  outer loop
   vertex -32.500000 -14.720167 -11.040817
   vertex 32.500000 -15.183014 -11.420666
   vertex 32.500000 -14.720167 -11.040817
  endloop
 endfacet
 facet normal -1 0 0
  outer loop
   vertex -32.500000 -9.150000 -18.300000
   vertex -32.500000 -15.183014 -11.420666
   vertex -32.500000 -14.720167 -11.040817
  endloop
 endfacet
 facet normal 1 0 0
  outer loop
   vertex 32.500000 -9.150000 -18.300000
   vertex 32.500000 -14.720167 -11.040817
   vertex 32.500000 -15.183014 -11.420666
  endloop
 endfacet
 facet normal 0 -0.6835923 0.72986407
  outer loop
   vertex -32.500000 -15.183014 -11.420666
   vertex -32.500000 -15.620027 -11.829973
   vertex 32.500000 -15.620027 -11.829973
  endloop
 endfacet
 facet normal 0 -0.6835923 0.72986407
  outer loop
   vertex -32.500000 -15.183014 -11.420666
   vertex 32.500000 -15.620027 -11.829973
   vertex 32.500000 -15.183014 -11.420666
  endloop
 endfacet
 facet normal -1 0 0
  outer loop
   vertex -32.500000 -9.150000 -18.300000
   vertex -32.500000 -15.620027 -11.829973
   vertex -32.500000 -15.183014 -11.420666
  endloop
 endfacet
 facet normal 1 0 0
  outer loop
   vertex 32.500000 -9.150000 -18.300000
   vertex 32.500000 -15.183014 -11.420666
   vertex 32.500000 -15.620027 -11.829973
  endloop
 endfacet
 facet normal 0 -0.72986407 0.6835923
  outer loop
   vertex -32.500000 -15.620027 -11.829973
   vertex -32.500000 -16.029334 -12.266986
   vertex 32.500000 -16.029334 -12.266986
  endloop
 endfacet
 facet normal 0 -0.72986407 0.6835923
  outer loop
   vertex -32.500000 -15.620027 -11.829973
   vertex 32.500000 -16.029334 -12.266986
   vertex 32.500000 -15.620027 -11.829973
  endloop
 endfacet
 facet normal -1 0 0
  outer loop
   vertex -32.500000 -9.150000 -18.300000
   vertex -32.500000 -16.029334 -12.266986
   vertex -32.500000 -15.620027 -11.829973
  endloop
 endfacet
 facet normal 1 0 0
  outer loop
   vertex 32.500000 -9.150000 -18.300000
   vertex 32.500000 -15.620027 -11.829973
   vertex 32.500000 -16.029334 -12.266986
  endloop
 endfacet
 facet normal 0 -0.77301045 0.63439328
  outer loop
   vertex -32.500000 -16.029334 -12.266986
   vertex -32.500000 -16.409183 -12.729833
   vertex 32.500000 -16.409183 -12.729833
  endloop
 endfacet
 facet normal 0 -0.77301045 0.63439328
  outer loop
   vertex -32.500000 -16.029334 -12.266986
   vertex 32.500000 -16.409183 -12.729833
   vertex 32.500000 -16.029334 -12.266986
  endloop
 endfacet
 facet normal -1 0 0
  outer loop
   vertex -32.500000 -9.150000 -18.300000
   vertex -32.500000 -16.409183 -12.729833
   vertex -32.500000 -16.029334 -12.266986
  endloop
 endfacet
 facet normal 1 0 0
  outer loop
   vertex 32.500000 -9.150000 -18.300000
   vertex 32.500000 -16.029334 -12.266986
   vertex 32.500000 -16.409183 -12.729833
  endloop
 endfacet
 facet normal 0 -0.81284668 0.5824777
  outer loop
   vertex -32.500000 -16.409183 -12.729833
   vertex -32.500000 -16.757947 -13.216532
   vertex 32.500000 -16.757947 -13.216532
  endloop
 endfacet
 facet normal 0 -0.81284668 0.5824777
  outer loop
   vertex -32.500000 -16.409183 -12.729833
   vertex 32.500000 -16.757947 -13.216532
   vertex 32.500000 -16.409183 -12.729833
  endloop
 endfacet
 facet normal -1 0 0
  outer loop
   vertex -32.500000 -9.150000 -18.300000
   vertex -32.500000 -16.757947 -13.216532
   vertex -32.500000 -16.409183 -12.729833
  endloop
 endfacet
 facet normal 1 0 0
  outer loop
   vertex 32.500000 -9.150000 -18.300000
   vertex 32.500000 -16.409183 -12.729833
   vertex 32.500000 -16.757947 -13.216532
  endloop
 endfacet
 facet normal 0 -0.84920218 0.52806785
  outer loop
   vertex -32.500000 -16.757947 -13.216532
   vertex -32.500000 -17.074132 -13.725000
   vertex 32.500000 -17.074132 -13.725000
  endloop
 endfacet
 facet normal 0 -0.84920218 0.52806785
  outer loop
   vertex -32.500000 -16.757947 -13.216532
   vertex 32.500000 -17.074132 -13.725000
   vertex 32.500000 -16.757947 -13.216532
  endloop
 endfacet
 facet normal -1 0 0
  outer loop
   vertex -32.500000 -9.150000 -18.300000
   vertex -32.500000 -17.074132 -13.725000
   vertex -32.500000 -16.757947 -13.216532
  endloop
 endfacet
 facet normal 1 0 0
  outer loop
   vertex 32.500000 -9.150000 -18.300000
   vertex 32.500000 -16.757947 -13.216532
   vertex 32.500000 -17.074132 -13.725000
  endloop
 endfacet
 facet normal 0 -0.88192126 0.47139674
  outer loop
   vertex -32.500000 -17.074132 -13.725000
   vertex -32.500000 -17.356386 -14.253058
   vertex 32.500000 -17.356386 -14.253058
  endloop
 endfacet
 facet normal 0 -0.88192126 0.47139674
  outer loop
   vertex -32.500000 -17.074132 -13.725000
   vertex 32.500000 -17.356386 -14.253058
   vertex 32.500000 -17.074132 -13.725000
  endloop
 endfacet
 facet normal -1 0 0
  outer loop
   vertex -32.500000 -9.150000 -18.300000
   vertex -32.500000 -17.356386 -14.253058
   vertex -32.500000 -17.074132 -13.725000
  endloop
 endfacet
 facet normal 1 0 0
  outer loop
   vertex 32.500000 -9.150000 -18.300000
   vertex 32.500000 -17.074132 -13.725000
   vertex 32.500000 -17.356386 -14.253058
  endloop
 endfacet
 facet normal 0 -0.91086382 0.41270703
  outer loop
   vertex -32.500000 -17.356386 -14.253058
   vertex -32.500000 -17.603498 -14.798447
   vertex 32.500000 -17.603498 -14.798447
  endloop
 endfacet
 facet normal 0 -0.91086382 0.41270703
  outer loop
   vertex -32.500000 -17.356386 -14.253058
   vertex 32.500000 -17.603498 -14.798447
   vertex 32.500000 -17.356386 -14.253058
  endloop
 endfacet
 facet normal -1 0 0
  outer loop
   vertex -32.500000 -9.150000 -18.300000
   vertex -32.500000 -17.603498 -14.798447
   vertex -32.500000 -17.356386 -14.253058
  endloop
 endfacet
 facet normal 1 0 0
  outer loop
   vertex 32.500000 -9.150000 -18.300000
   vertex 32.500000 -17.356386 -14.253058
   vertex 32.500000 -17.603498 -14.798447
  endloop
 endfacet
 facet normal 0 -0.93590593 0.35225005
  outer loop
   vertex -32.500000 -17.603498 -14.798447
   vertex -32.500000 -17.814411 -15.358829
   vertex 32.500000 -17.814411 -15.358829
  endloop
 endfacet
 facet normal 0 -0.93590593 0.35225005
  outer loop
   vertex -32.500000 -17.603498 -14.798447
   vertex 32.500000 -17.814411 -15.358829
   vertex 32.500000 -17.603498 -14.798447
  endloop
 endfacet
 facet normal -1 0 0
  outer loop
   vertex -32.500000 -9.150000 -18.300000
   vertex -32.500000 -17.814411 -15.358829
   vertex -32.500000 -17.603498 -14.798447
  endloop
 endfacet
 facet normal 1 0 0
  outer loop
   vertex 32.500000 -9.150000 -18.300000
   vertex 32.500000 -17.603498 -14.798447
   vertex 32.500000 -17.814411 -15.358829
  endloop
 endfacet
 facet normal 0 -0.95694034 0.29028468
  outer loop
   vertex -32.500000 -17.814411 -15.358829
   vertex -32.500000 -17.988221 -15.931806
   vertex 32.500000 -17.988221 -15.931806
  endloop
 endfacet
 facet normal 0 -0.95694034 0.29028468
  outer loop
   vertex -32.500000 -17.814411 -15.358829
   vertex 32.500000 -17.988221 -15.931806
   vertex 32.500000 -17.814411 -15.358829
  endloop
 endfacet
 facet normal -1 0 0
  outer loop
   vertex -32.500000 -9.150000 -18.300000
   vertex -32.500000 -17.988221 -15.931806
   vertex -32.500000 -17.814411 -15.358829
  endloop
 endfacet
 facet normal 1 0 0
  outer loop
   vertex 32.500000 -9.150000 -18.300000
   vertex 32.500000 -17.814411 -15.358829
   vertex 32.500000 -17.988221 -15.931806
  endloop
 endfacet
 facet normal 0 -0.97387698 0.22707626
  outer loop
   vertex -32.500000 -17.988221 -15.931806
   vertex -32.500000 -18.124185 -16.514924
   vertex 32.500000 -18.124185 -16.514924
  endloop
 endfacet
 facet normal 0 -0.97387698 0.22707626
  outer loop
   vertex -32.500000 -17.988221 -15.931806
   vertex 32.500000 -18.124185 -16.514924
   vertex 32.500000 -17.988221 -15.931806
  endloop
 endfacet
 facet normal -1 0 0
  outer loop
   vertex -32.500000 -9.150000 -18.300000
   vertex -32.500000 -18.124185 -16.514924
   vertex -32.500000 -17.988221 -15.931806
  endloop
 endfacet
 facet normal 1 0 0
  outer loop
   vertex 32.500000 -9.150000 -18.300000
   vertex 32.500000 -17.988221 -15.931806
   vertex 32.500000 -18.124185 -16.514924
  endloop
 endfacet
 facet normal 0 -0.98664333 0.16289547
  outer loop
   vertex -32.500000 -18.124185 -16.514924
   vertex -32.500000 -18.221720 -17.105685
   vertex 32.500000 -18.221720 -17.105685
  endloop
 endfacet
 facet normal 0 -0.98664333 0.16289547
  outer loop
   vertex -32.500000 -18.124185 -16.514924
   vertex 32.500000 -18.221720 -17.105685
   vertex 32.500000 -18.124185 -16.514924
  endloop
 endfacet
 facet normal -1 0 0
  outer loop
   vertex -32.500000 -9.150000 -18.300000
   vertex -32.500000 -18.221720 -17.105685
   vertex -32.500000 -18.124185 -16.514924
  endloop
 endfacet
 facet normal 1 0 0
  outer loop
   vertex 32.500000 -9.150000 -18.300000
   vertex 32.500000 -18.124185 -16.514924
   vertex 32.500000 -18.221720 -17.105685
  endloop
 endfacet
 facet normal 0 -0.99518473 0.09801714
  outer loop
   vertex -32.500000 -18.221720 -17.105685
   vertex -32.500000 -18.280409 -17.701561
   vertex 32.500000 -18.280409 -17.701561
  endloop
 endfacet
 facet normal 0 -0.99518473 0.09801714
  outer loop
   vertex -32.500000 -18.221720 -17.105685
   vertex 32.500000 -18.280409 -17.701561
   vertex 32.500000 -18.221720 -17.105685
  endloop
 endfacet
 facet normal -1 0 0
  outer loop
   vertex -32.500000 -9.150000 -18.300000
   vertex -32.500000 -18.280409 -17.701561
   vertex -32.500000 -18.221720 -17.105685
  endloop
 endfacet
 facet normal 1 0 0
  outer loop
   vertex 32.500000 -9.150000 -18.300000
   vertex 32.500000 -18.221720 -17.105685
   vertex 32.500000 -18.280409 -17.701561
  endloop
 endfacet
 facet normal 0 -0.99946459 0.032719083
  outer loop
   vertex -32.500000 -18.280409 -17.701561
   vertex -32.500000 -18.300000 -18.300000
   vertex 32.500000 -18.300000 -18.300000
  endloop
 endfacet
 facet normal 0 -0.99946459 0.032719083
  outer loop
   vertex -32.500000 -18.280409 -17.701561
   vertex 32.500000 -18.300000 -18.300000
   vertex 32.500000 -18.280409 -17.701561
  endloop
 endfacet
 facet normal -1 0 0
  outer loop
   vertex -32.500000 -9.150000 -18.300000
   vertex -32.500000 -18.300000 -18.300000
   vertex -32.500000 -18.280409 -17.701561
  endloop
 endfacet
 facet normal 1 0 0
  outer loop
   vertex 32.500000 -9.150000 -18.300000
   vertex 32.500000 -18.280409 -17.701561
   vertex 32.500000 -18.300000 -18.300000
  endloop
 endfacet
 facet normal 0 -0.99946459 -0.032719083
  outer loop
   vertex -32.500000 -18.300000 -18.300000
   vertex -32.500000 -18.280409 -18.898439
   vertex 32.500000 -18.280409 -18.898439
  endloop
 endfacet
 facet normal 0 -0.99946459 -0.032719083
  outer loop
   vertex -32.500000 -18.300000 -18.300000
   vertex 32.500000 -18.280409 -18.898439
   vertex 32.500000 -18.300000 -18.300000
  endloop
 endfacet
 facet normal -1 -0 0
  outer loop
   vertex -32.500000 -9.150000 -18.300000
   vertex -32.500000 -18.280409 -18.898439
   vertex -32.500000 -18.300000 -18.300000
  endloop
 endfacet
 facet normal 1 0 0
  outer loop
   vertex 32.500000 -9.150000 -18.300000
   vertex 32.500000 -18.300000 -18.300000
   vertex 32.500000 -18.280409 -18.898439
  endloop
 endfacet
 facet normal 0 -0.99518473 -0.09801714
  outer loop
   vertex -32.500000 -18.280409 -18.898439
   vertex -32.500000 -18.221720 -19.494315
   vertex 32.500000 -18.221720 -19.494315
  endloop
 endfacet
 facet normal 0 -0.99518473 -0.09801714
  outer loop
   vertex -32.500000 -18.280409 -18.898439
   vertex 32.500000 -18.221720 -19.494315
   vertex 32.500000 -18.280409 -18.898439
  endloop
 endfacet
 facet normal -1 0 0
  outer loop
   vertex -32.500000 -9.150000 -18.300000
   vertex -32.500000 -18.221720 -19.494315
   vertex -32.500000 -18.280409 -18.898439
  endloop
 endfacet
 facet normal 1 0 0
  outer loop
   vertex 32.500000 -9.150000 -18.300000
   vertex 32.500000 -18.280409 -18.898439
   vertex 32.500000 -18.221720 -19.494315
  endloop
 endfacet
 facet normal 0 -0.98664333 -0.16289547
  outer loop
   vertex -32.500000 -18.221720 -19.494315
   vertex -32.500000 -18.124185 -20.085076
   vertex 32.500000 -18.124185 -20.085076
  endloop
 endfacet
 facet normal 0 -0.98664333 -0.16289547
  outer loop
   vertex -32.500000 -18.221720 -19.494315
   vertex 32.500000 -18.124185 -20.085076
   vertex 32.500000 -18.221720 -19.494315
  endloop
 endfacet
 facet normal -1 0 0
  outer loop
   vertex -32.500000 -9.150000 -18.300000
   vertex -32.500000 -18.124185 -20.085076
   vertex -32.500000 -18.221720 -19.494315
  endloop
 endfacet
 facet normal 1 0 0
  outer loop
   vertex 32.500000 -9.150000 -18.300000
   vertex 32.500000 -18.221720 -19.494315
   vertex 32.500000 -18.124185 -20.085076
  endloop
 endfacet
 facet normal 0 -0.97387698 -0.22707626
  outer loop
   vertex -32.500000 -18.124185 -20.085076
   vertex -32.500000 -17.988221 -20.668194
   vertex 32.500000 -17.988221 -20.668194
  endloop
 endfacet
 facet normal 0 -0.97387698 -0.22707626
  outer loop
   vertex -32.500000 -18.124185 -20.085076
   vertex 32.500000 -17.988221 -20.668194
   vertex 32.500000 -18.124185 -20.085076
  endloop
 endfacet
 facet normal -1 0 0
  outer loop
   vertex -32.500000 -9.150000 -18.300000
   vertex -32.500000 -17.988221 -20.668194
   vertex -32.500000 -18.124185 -20.085076
  endloop
 endfacet
 facet normal 1 0 0
  outer loop
   vertex 32.500000 -9.150000 -18.300000
   vertex 32.500000 -18.124185 -20.085076
   vertex 32.500000 -17.988221 -20.668194
  endloop
 endfacet
 facet normal 0 -0.95694034 -0.29028468
  outer loop
   vertex -32.500000 -17.988221 -20.668194
   vertex -32.500000 -17.814411 -21.241171
   vertex 32.500000 -17.814411 -21.241171
  endloop
 endfacet
 facet normal 0 -0.95694034 -0.29028468
  outer loop
   vertex -32.500000 -17.988221 -20.668194
   vertex 32.500000 -17.814411 -21.241171
   vertex 32.500000 -17.988221 -20.668194
  endloop
 endfacet
 facet normal -1 0 0
  outer loop
   vertex -32.500000 -9.150000 -18.300000
   vertex -32.500000 -17.814411 -21.241171
   vertex -32.500000 -17.988221 -20.668194
  endloop
 endfacet
 facet normal 1 0 0
  outer loop
   vertex 32.500000 -9.150000 -18.300000
   vertex 32.500000 -17.988221 -20.668194
   vertex 32.500000 -17.814411 -21.241171
  endloop
 endfacet
 facet normal 0 -0.93590593 -0.35225005
  outer loop
   vertex -32.500000 -17.814411 -21.241171
   vertex -32.500000 -17.603498 -21.801553
   vertex 32.500000 -17.603498 -21.801553
  endloop
 endfacet
 facet normal 0 -0.93590593 -0.35225005
  outer loop
   vertex -32.500000 -17.814411 -21.241171
   vertex 32.500000 -17.603498 -21.801553
   vertex 32.500000 -17.814411 -21.241171
  endloop
 endfacet
 facet normal -1 0 0
  outer loop
   vertex -32.500000 -9.150000 -18.300000
   vertex -32.500000 -17.603498 -21.801553
   vertex -32.500000 -17.814411 -21.241171
  endloop
 endfacet
 facet normal 1 0 0
  outer loop
   vertex 32.500000 -9.150000 -18.300000
   vertex 32.500000 -17.814411 -21.241171
   vertex 32.500000 -17.603498 -21.801553
  endloop
 endfacet
 facet normal 0 -0.91086382 -0.41270703
  outer loop
   vertex -32.500000 -17.603498 -21.801553
   vertex -32.500000 -17.356386 -22.346942
   vertex 32.500000 -17.356386 -22.346942
  endloop
 endfacet
 facet normal 0 -0.91086382 -0.41270703
  outer loop
   vertex -32.500000 -17.603498 -21.801553
   vertex 32.500000 -17.356386 -22.346942
   vertex 32.500000 -17.603498 -21.801553
  endloop
 endfacet
 facet normal -1 0 0
  outer loop
   vertex -32.500000 -9.150000 -18.300000
   vertex -32.500000 -17.356386 -22.346942
   vertex -32.500000 -17.603498 -21.801553
  endloop
 endfacet
 facet normal 1 0 0
  outer loop
   vertex 32.500000 -9.150000 -18.300000
   vertex 32.500000 -17.603498 -21.801553
   vertex 32.500000 -17.356386 -22.346942
  endloop
 endfacet
 facet normal 0 -0.88192126 -0.47139674
  outer loop
   vertex -32.500000 -17.356386 -22.346942
   vertex -32.500000 -17.074132 -22.875000
   vertex 32.500000 -17.074132 -22.875000
  endloop
 endfacet
 facet normal 0 -0.88192126 -0.47139674
  outer loop
   vertex -32.500000 -17.356386 -22.346942
   vertex 32.500000 -17.074132 -22.875000
   vertex 32.500000 -17.356386 -22.346942
  endloop
 endfacet
 facet normal -1 0 0
  outer loop
   vertex -32.500000 -9.150000 -18.300000
   vertex -32.500000 -17.074132 -22.875000
   vertex -32.500000 -17.356386 -22.346942
  endloop
 endfacet
 facet normal 1 0 0
  outer loop
   vertex 32.500000 -9.150000 -18.300000
   vertex 32.500000 -17.356386 -22.346942
   vertex 32.500000 -17.074132 -22.875000
  endloop
 endfacet
 facet normal 0 -0.84920218 -0.52806785
  outer loop
   vertex -32.500000 -17.074132 -22.875000
   vertex -32.500000 -16.757947 -23.383468
   vertex 32.500000 -16.757947 -23.383468
  endloop
 endfacet
 facet normal 0 -0.84920218 -0.52806785
  outer loop
   vertex -32.500000 -17.074132 -22.875000
   vertex 32.500000 -16.757947 -23.383468
   vertex 32.500000 -17.074132 -22.875000
  endloop
 endfacet
 facet normal -1 0 0
  outer loop
   vertex -32.500000 -9.150000 -18.300000
   vertex -32.500000 -16.757947 -23.383468
   vertex -32.500000 -17.074132 -22.875000
  endloop
 endfacet
 facet normal 1 0 0
  outer loop
   vertex 32.500000 -9.150000 -18.300000
   vertex 32.500000 -17.074132 -22.875000
   vertex 32.500000 -16.757947 -23.383468
  endloop
 endfacet
 facet normal 0 -0.81284668 -0.5824777
  outer loop
   vertex -32.500000 -16.757947 -23.383468
   vertex -32.500000 -16.409183 -23.870167
   vertex 32.500000 -16.409183 -23.870167
  endloop
 endfacet
 facet normal 0 -0.81284668 -0.5824777
  outer loop
   vertex -32.500000 -16.757947 -23.383468
   vertex 32.500000 -16.409183 -23.870167
   vertex 32.500000 -16.757947 -23.383468
  endloop
 endfacet
 facet normal -1 0 0
  outer loop
   vertex -32.500000 -9.150000 -18.300000
   vertex -32.500000 -16.409183 -23.870167
   vertex -32.500000 -16.757947 -23.383468
  endloop
 endfacet
 facet normal 1 0 0
  outer loop
   vertex 32.500000 -9.150000 -18.300000
   vertex 32.500000 -16.757947 -23.383468
   vertex 32.500000 -16.409183 -23.870167
  endloop
 endfacet
 facet normal 0 -0.77301045 -0.63439328
  outer loop
   vertex -32.500000 -16.409183 -23.870167
   vertex -32.500000 -16.029334 -24.333014
   vertex 32.500000 -16.029334 -24.333014
  endloop
 endfacet
 facet normal 0 -0.77301045 -0.63439328
  outer loop
   vertex -32.500000 -16.409183 -23.870167
   vertex 32.500000 -16.029334 -24.333014
   vertex 32.500000 -16.409183 -23.870167
  endloop
 endfacet
 facet normal -1 0 0
  outer loop
   vertex -32.500000 -9.150000 -18.300000
   vertex -32.500000 -16.029334 -24.333014
   vertex -32.500000 -16.409183 -23.870167
  endloop
 endfacet
 facet normal 1 0 0
  outer loop
   vertex 32.500000 -9.150000 -18.300000
   vertex 32.500000 -16.409183 -23.870167
   vertex 32.500000 -16.029334 -24.333014
  endloop
 endfacet
 facet normal 0 -0.72986407 -0.6835923
  outer loop
   vertex -32.500000 -16.029334 -24.333014
   vertex -32.500000 -15.620027 -24.770027
   vertex 32.500000 -15.620027 -24.770027
  endloop
 endfacet
 facet normal 0 -0.72986407 -0.6835923
  outer loop
   vertex -32.500000 -16.029334 -24.333014
   vertex 32.500000 -15.620027 -24.770027
   vertex 32.500000 -16.029334 -24.333014
  endloop
 endfacet
 facet normal -1 0 0
  outer loop
   vertex -32.500000 -9.150000 -18.300000
   vertex -32.500000 -15.620027 -24.770027
   vertex -32.500000 -16.029334 -24.333014
  endloop
 endfacet
 facet normal 1 0 0
  outer loop
   vertex 32.500000 -9.150000 -18.300000
   vertex 32.500000 -16.029334 -24.333014
   vertex 32.500000 -15.620027 -24.770027
  endloop
 endfacet
 facet normal 0 -0.6835923 -0.72986407
  outer loop
   vertex -32.500000 -15.620027 -24.770027
   vertex -32.500000 -15.183014 -25.179334
   vertex 32.500000 -15.183014 -25.179334
  endloop
 endfacet
 facet normal 0 -0.6835923 -0.72986407
  outer loop
   vertex -32.500000 -15.620027 -24.770027
   vertex 32.500000 -15.183014 -25.179334
   vertex 32.500000 -15.620027 -24.770027
  endloop
 endfacet
 facet normal -1 0 0
  outer loop
   vertex -32.500000 -9.150000 -18.300000
   vertex -32.500000 -15.183014 -25.179334
   vertex -32.500000 -15.620027 -24.770027
  endloop
 endfacet
 facet normal 1 0 0
  outer loop
   vertex 32.500000 -9.150000 -18.300000
   vertex 32.500000 -15.620027 -24.770027
   vertex 32.500000 -15.183014 -25.179334
  endloop
 endfacet
 facet normal 0 -0.63439328 -0.77301045
  outer loop
   vertex -32.500000 -15.183014 -25.179334
   vertex -32.500000 -14.720167 -25.559183
   vertex 32.500000 -14.720167 -25.559183
  endloop
 endfacet
 facet normal 0 -0.63439328 -0.77301045
  outer loop
   vertex -32.500000 -15.183014 -25.179334
   vertex 32.500000 -14.720167 -25.559183
   vertex 32.500000 -15.183014 -25.179334
  endloop
 endfacet
 facet normal -1 0 0
  outer loop
   vertex -32.500000 -9.150000 -18.300000
   vertex -32.500000 -14.720167 -25.559183
   vertex -32.500000 -15.183014 -25.179334
  endloop
 endfacet
 facet normal 1 0 0
  outer loop
   vertex 32.500000 -9.150000 -18.300000
   vertex 32.500000 -15.183014 -25.179334
   vertex 32.500000 -14.720167 -25.559183
  endloop
 endfacet
 facet normal 0 -0.5824777 -0.81284668
  outer loop
   vertex -32.500000 -14.720167 -25.559183
   vertex -32.500000 -14.233468 -25.907947
   vertex 32.500000 -14.233468 -25.907947
  endloop
 endfacet
 facet normal 0 -0.5824777 -0.81284668
  outer loop
   vertex -32.500000 -14.720167 -25.559183
   vertex 32.500000 -14.233468 -25.907947
   vertex 32.500000 -14.720167 -25.559183
  endloop
 endfacet
 facet normal -1 0 0
  outer loop
   vertex -32.500000 -9.150000 -18.300000
   vertex -32.500000 -14.233468 -25.907947
   vertex -32.500000 -14.720167 -25.559183
  endloop
 endfacet
 facet normal 1 0 0
  outer loop
   vertex 32.500000 -9.150000 -18.300000
   vertex 32.500000 -14.720167 -25.559183
   vertex 32.500000 -14.233468 -25.907947
  endloop
 endfacet
 facet normal 0 -0.52806785 -0.84920218
  outer loop
   vertex -32.500000 -14.233468 -25.907947
   vertex -32.500000 -13.725000 -26.224132
   vertex 32.500000 -13.725000 -26.224132
  endloop
 endfacet
 facet normal 0 -0.52806785 -0.84920218
  outer loop
   vertex -32.500000 -14.233468 -25.907947
   vertex 32.500000 -13.725000 -26.224132
   vertex 32.500000 -14.233468 -25.907947
  endloop
 endfacet
 facet normal -1 0 0
  outer loop
   vertex -32.500000 -9.150000 -18.300000
   vertex -32.500000 -13.725000 -26.224132
   vertex -32.500000 -14.233468 -25.907947
  endloop
 endfacet
 facet normal 1 0 0
  outer loop
   vertex 32.500000 -9.150000 -18.300000
   vertex 32.500000 -14.233468 -25.907947
   vertex 32.500000 -13.725000 -26.224132
  endloop
 endfacet
 facet normal 0 -0.47139674 -0.88192126
  outer loop
   vertex -32.500000 -13.725000 -26.224132
   vertex -32.500000 -13.196942 -26.506386
   vertex 32.500000 -13.196942 -26.506386
  endloop
 endfacet
 facet normal 0 -0.47139674 -0.88192126
  outer loop
   vertex -32.500000 -13.725000 -26.224132
   vertex 32.500000 -13.196942 -26.506386
   vertex 32.500000 -13.725000 -26.224132
  endloop
 endfacet
 facet normal -1 0 0
  outer loop
   vertex -32.500000 -9.150000 -18.300000
   vertex -32.500000 -13.196942 -26.506386
   vertex -32.500000 -13.725000 -26.224132
  endloop
 endfacet
 facet normal 1 0 0
  outer loop
   vertex 32.500000 -9.150000 -18.300000
   vertex 32.500000 -13.725000 -26.224132
   vertex 32.500000 -13.196942 -26.506386
  endloop
 endfacet
 facet normal 0 -0.41270703 -0.91086382
  outer loop
   vertex -32.500000 -13.196942 -26.506386
   vertex -32.500000 -12.651553 -26.753498
   vertex 32.500000 -12.651553 -26.753498
  endloop
 endfacet
 facet normal 0 -0.41270703 -0.91086382
  outer loop
   vertex -32.500000 -13.196942 -26.506386
   vertex 32.500000 -12.651553 -26.753498
   vertex 32.500000 -13.196942 -26.506386
  endloop
 endfacet
 facet normal -1 0 0
  outer loop
   vertex -32.500000 -9.150000 -18.300000
   vertex -32.500000 -12.651553 -26.753498
   vertex -32.500000 -13.196942 -26.506386
  endloop
 endfacet
 facet normal 1 0 0
  outer loop
   vertex 32.500000 -9.150000 -18.300000
   vertex 32.500000 -13.196942 -26.506386
   vertex 32.500000 -12.651553 -26.753498
  endloop
 endfacet
 facet normal 0 -0.35225005 -0.93590593
  outer loop
   vertex -32.500000 -12.651553 -26.753498
   vertex -32.500000 -12.091171 -26.964411
   vertex 32.500000 -12.091171 -26.964411
  endloop
 endfacet
 facet normal 0 -0.35225005 -0.93590593
  outer loop
   vertex -32.500000 -12.651553 -26.753498
   vertex 32.500000 -12.091171 -26.964411
   vertex 32.500000 -12.651553 -26.753498
  endloop
 endfacet
 facet normal -1 0 0
  outer loop
   vertex -32.500000 -9.150000 -18.300000
   vertex -32.500000 -12.091171 -26.964411
   vertex -32.500000 -12.651553 -26.753498
  endloop
 endfacet
 facet normal 1 0 0
  outer loop
   vertex 32.500000 -9.150000 -18.300000
   vertex 32.500000 -12.651553 -26.753498
   vertex 32.500000 -12.091171 -26.964411
  endloop
 endfacet
 facet normal 0 -0.29028468 -0.95694034
  outer loop
   vertex -32.500000 -12.091171 -26.964411
   vertex -32.500000 -11.518194 -27.138221
   vertex 32.500000 -11.518194 -27.138221
  endloop
 endfacet
 facet normal 0 -0.29028468 -0.95694034
  outer loop
   vertex -32.500000 -12.091171 -26.964411
   vertex 32.500000 -11.518194 -27.138221
   vertex 32.500000 -12.091171 -26.964411
  endloop
 endfacet
 facet normal -1 0 0
  outer loop
   vertex -32.500000 -9.150000 -18.300000
   vertex -32.500000 -11.518194 -27.138221
   vertex -32.500000 -12.091171 -26.964411
  endloop
 endfacet
 facet normal 1 0 0
  outer loop
   vertex 32.500000 -9.150000 -18.300000
   vertex 32.500000 -12.091171 -26.964411
   vertex 32.500000 -11.518194 -27.138221
  endloop
 endfacet
 facet normal 0 -0.22707626 -0.97387698
  outer loop
   vertex -32.500000 -11.518194 -27.138221
   vertex -32.500000 -10.935076 -27.274185
   vertex 32.500000 -10.935076 -27.274185
  endloop
 endfacet
 facet normal 0 -0.22707626 -0.97387698
  outer loop
   vertex -32.500000 -11.518194 -27.138221
   vertex 32.500000 -10.935076 -27.274185
   vertex 32.500000 -11.518194 -27.138221
  endloop
 endfacet
 facet normal -1 0 0
  outer loop
   vertex -32.500000 -9.150000 -18.300000
   vertex -32.500000 -10.935076 -27.274185
   vertex -32.500000 -11.518194 -27.138221
  endloop
 endfacet
 facet normal 1 0 0
  outer loop
   vertex 32.500000 -9.150000 -18.300000
   vertex 32.500000 -11.518194 -27.138221
   vertex 32.500000 -10.935076 -27.274185
  endloop
 endfacet
 facet normal 0 -0.16289547 -0.98664333
  outer loop
   vertex -32.500000 -10.935076 -27.274185
   vertex -32.500000 -10.344315 -27.371720
   vertex 32.500000 -10.344315 -27.371720
  endloop
 endfacet
 facet normal 0 -0.16289547 -0.98664333
  outer loop
   vertex -32.500000 -10.935076 -27.274185
   vertex 32.500000 -10.344315 -27.371720
   vertex 32.500000 -10.935076 -27.274185
  endloop
 endfacet
 facet normal -1 0 0
  outer loop
   vertex -32.500000 -9.150000 -18.300000
   vertex -32.500000 -10.344315 -27.371720
   vertex -32.500000 -10.935076 -27.274185
  endloop
 endfacet
 facet normal 1 0 0
  outer loop
   vertex 32.500000 -9.150000 -18.300000
   vertex 32.500000 -10.935076 -27.274185
   vertex 32.500000 -10.344315 -27.371720
  endloop
 endfacet
 facet normal 0 -0.09801714 -0.99518473
  outer loop
   vertex -32.500000 -10.344315 -27.371720
   vertex -32.500000 -9.748439 -27.430409
   vertex 32.500000 -9.748439 -27.430409
  endloop
 endfacet
 facet normal 0 -0.09801714 -0.99518473
  outer loop
   vertex -32.500000 -10.344315 -27.371720
   vertex 32.500000 -9.748439 -27.430409
   vertex 32.500000 -10.344315 -27.371720
  endloop
 endfacet
 facet normal -1 0 0
  outer loop
   vertex -32.500000 -9.150000 -18.300000
   vertex -32.500000 -9.748439 -27.430409
   vertex -32.500000 -10.344315 -27.371720
  endloop
 endfacet
 facet normal 1 0 0
  outer loop
   vertex 32.500000 -9.150000 -18.300000
   vertex 32.500000 -10.344315 -27.371720
   vertex 32.500000 -9.748439 -27.430409
  endloop
 endfacet
 facet normal 0 -0.032719083 -0.99946459
  outer loop
   vertex -32.500000 -9.748439 -27.430409
   vertex -32.500000 -9.150000 -27.450000
   vertex 32.500000 -9.150000 -27.450000
  endloop
 endfacet
 facet normal 0 -0.032719083 -0.99946459
  outer loop
   vertex -32.500000 -9.748439 -27.430409
   vertex 32.500000 -9.150000 -27.450000
   vertex 32.500000 -9.748439 -27.430409
  endloop
 endfacet
 facet normal -1 0 0
  outer loop
   vertex -32.500000 -9.150000 -18.300000
   vertex -32.500000 -9.150000 -27.450000
   vertex -32.500000 -9.748439 -27.430409
  endloop
 endfacet
 facet normal 1 0 0
  outer loop
   vertex 32.500000 -9.150000 -18.300000
   vertex 32.500000 -9.748439 -27.430409
   vertex 32.500000 -9.150000 -27.450000
  endloop
 endfacet
 facet normal 0 0.032719083 -0.99946459
  outer loop
   vertex -32.500000 -9.150000 -27.450000
   vertex -32.500000 -8.551561 -27.430409
   vertex 32.500000 -8.551561 -27.430409
  endloop
 endfacet
 facet normal 0 0.032719083 -0.99946459
  outer loop
   vertex -32.500000 -9.150000 -27.450000
   vertex 32.500000 -8.551561 -27.430409
   vertex 32.500000 -9.150000 -27.450000
  endloop
 endfacet
 facet normal -1 0 -0
  outer loop
   vertex -32.500000 -9.150000 -18.300000
   vertex -32.500000 -8.551561 -27.430409
   vertex -32.500000 -9.150000 -27.450000
  endloop
 endfacet
 facet normal 1 0 0
  outer loop
   vertex 32.500000 -9.150000 -18.300000
   vertex 32.500000 -9.150000 -27.450000
   vertex 32.500000 -8.551561 -27.430409
  endloop
 endfacet
 facet normal 0 0.09801714 -0.99518473
  outer loop
   vertex -32.500000 -8.551561 -27.430409
   vertex -32.500000 -7.955685 -27.371720
   vertex 32.500000 -7.955685 -27.371720
  endloop
 endfacet
 facet normal 0 0.09801714 -0.99518473
  outer loop
   vertex -32.500000 -8.551561 -27.430409
   vertex 32.500000 -7.955685 -27.371720
   vertex 32.500000 -8.551561 -27.430409
  endloop
 endfacet
 facet normal -1 0 0
  outer loop
   vertex -32.500000 -9.150000 -18.300000
   vertex -32.500000 -7.955685 -27.371720
   vertex -32.500000 -8.551561 -27.430409
  endloop
 endfacet
 facet normal 1 0 0
  outer loop
   vertex 32.500000 -9.150000 -18.300000
   vertex 32.500000 -8.551561 -27.430409
   vertex 32.500000 -7.955685 -27.371720
  endloop
 endfacet
 facet normal 0 0.16289547 -0.98664333
  outer loop
   vertex -32.500000 -7.955685 -27.371720
   vertex -32.500000 -7.364924 -27.274185
   vertex 32.500000 -7.364924 -27.274185
  endloop
 endfacet
 facet normal 0 0.16289547 -0.98664333
  outer loop
   vertex -32.500000 -7.955685 -27.371720
   vertex 32.500000 -7.364924 -27.274185
   vertex 32.500000 -7.955685 -27.371720
  endloop
 endfacet
 facet normal -1 0 0
  outer loop
   vertex -32.500000 -9.150000 -18.300000
   vertex -32.500000 -7.364924 -27.274185
   vertex -32.500000 -7.955685 -27.371720
  endloop
 endfacet
 facet normal 1 0 0
  outer loop
   vertex 32.500000 -9.150000 -18.300000
   vertex 32.500000 -7.955685 -27.371720
   vertex 32.500000 -7.364924 -27.274185
  endloop
 endfacet
 facet normal 0 0.22707626 -0.97387698
  outer loop
   vertex -32.500000 -7.364924 -27.274185
   vertex -32.500000 -6.781806 -27.138221
   vertex 32.500000 -6.781806 -27.138221
  endloop
 endfacet
 facet normal 0 0.22707626 -0.97387698
  outer loop
   vertex -32.500000 -7.364924 -27.274185
   vertex 32.500000 -6.781806 -27.138221
   vertex 32.500000 -7.364924 -27.274185
  endloop
 endfacet
 facet normal -1 0 0
  outer loop
   vertex -32.500000 -9.150000 -18.300000
   vertex -32.500000 -6.781806 -27.138221
   vertex -32.500000 -7.364924 -27.274185
  endloop
 endfacet
 facet normal 1 0 0
  outer loop
   vertex 32.500000 -9.150000 -18.300000
   vertex 32.500000 -7.364924 -27.274185
   vertex 32.500000 -6.781806 -27.138221
  endloop
 endfacet
 facet normal 0 0.29028468 -0.95694034
  outer loop
   vertex -32.500000 -6.781806 -27.138221
   vertex -32.500000 -6.208829 -26.964411
   vertex 32.500000 -6.208829 -26.964411
  endloop
 endfacet
 facet normal 0 0.29028468 -0.95694034
  outer loop
   vertex -32.500000 -6.781806 -27.138221
   vertex 32.500000 -6.208829 -26.964411
   vertex 32.500000 -6.781806 -27.138221
  endloop
 endfacet
 facet normal -1 0 0
  outer loop
   vertex -32.500000 -9.150000 -18.300000
   vertex -32.500000 -6.208829 -26.964411
   vertex -32.500000 -6.781806 -27.138221
  endloop
 endfacet
 facet normal 1 0 0
  outer loop
   vertex 32.500000 -9.150000 -18.300000
   vertex 32.500000 -6.781806 -27.138221
   vertex 32.500000 -6.208829 -26.964411
  endloop
 endfacet
 facet normal 0 0.35225005 -0.93590593
  outer loop
   vertex -32.500000 -6.208829 -26.964411
   vertex -32.500000 -5.648447 -26.753498
   vertex 32.500000 -5.648447 -26.753498
  endloop
 endfacet
 facet normal 0 0.35225005 -0.93590593
  outer loop
   vertex -32.500000 -6.208829 -26.964411
   vertex 32.500000 -5.648447 -26.753498
   vertex 32.500000 -6.208829 -26.964411
  endloop
 endfacet
 facet normal -1 0 0
  outer loop
   vertex -32.500000 -9.150000 -18.300000
   vertex -32.500000 -5.648447 -26.753498
   vertex -32.500000 -6.208829 -26.964411
  endloop
 endfacet
 facet normal 1 0 0
  outer loop
   vertex 32.500000 -9.150000 -18.300000
   vertex 32.500000 -6.208829 -26.964411
   vertex 32.500000 -5.648447 -26.753498
  endloop
 endfacet
 facet normal 0 0.41270703 -0.91086382
  outer loop
   vertex -32.500000 -5.648447 -26.753498
   vertex -32.500000 -5.103058 -26.506386
   vertex 32.500000 -5.103058 -26.506386
  endloop
 endfacet
 facet normal 0 0.41270703 -0.91086382
  outer loop
   vertex -32.500000 -5.648447 -26.753498
   vertex 32.500000 -5.103058 -26.506386
   vertex 32.500000 -5.648447 -26.753498
  endloop
 endfacet
 facet normal -1 0 0
  outer loop
   vertex -32.500000 -9.150000 -18.300000
   vertex -32.500000 -5.103058 -26.506386
   vertex -32.500000 -5.648447 -26.753498
  endloop
 endfacet
 facet normal 1 0 0
  outer loop
   vertex 32.500000 -9.150000 -18.300000
   vertex 32.500000 -5.648447 -26.753498
   vertex 32.500000 -5.103058 -26.506386
  endloop
 endfacet
 facet normal 0 0.47139674 -0.88192126
  outer loop
   vertex -32.500000 -5.103058 -26.506386
   vertex -32.500000 -4.575000 -26.224132
   vertex 32.500000 -4.575000 -26.224132
  endloop
 endfacet
 facet normal 0 0.47139674 -0.88192126
  outer loop
   vertex -32.500000 -5.103058 -26.506386
   vertex 32.500000 -4.575000 -26.224132
   vertex 32.500000 -5.103058 -26.506386
  endloop
 endfacet
 facet normal -1 0 0
  outer loop
   vertex -32.500000 -9.150000 -18.300000
   vertex -32.500000 -4.575000 -26.224132
   vertex -32.500000 -5.103058 -26.506386
  endloop
 endfacet
 facet normal 1 0 0
  outer loop
   vertex 32.500000 -9.150000 -18.300000
   vertex 32.500000 -5.103058 -26.506386
   vertex 32.500000 -4.575000 -26.224132
  endloop
 endfacet
 facet normal 0 0.52806785 -0.84920218
  outer loop
   vertex -32.500000 -4.575000 -26.224132
   vertex -32.500000 -4.066532 -25.907947
   vertex 32.500000 -4.066532 -25.907947
  endloop
 endfacet
 facet normal 0 0.52806785 -0.84920218
  outer loop
   vertex -32.500000 -4.575000 -26.224132
   vertex 32.500000 -4.066532 -25.907947
   vertex 32.500000 -4.575000 -26.224132
  endloop
 endfacet
 facet normal -1 0 0
  outer loop
   vertex -32.500000 -9.150000 -18.300000
   vertex -32.500000 -4.066532 -25.907947
   vertex -32.500000 -4.575000 -26.224132
  endloop
 endfacet
 facet normal 1 0 0
  outer loop
   vertex 32.500000 -9.150000 -18.300000
   vertex 32.500000 -4.575000 -26.224132
   vertex 32.500000 -4.066532 -25.907947
  endloop
 endfacet
 facet normal 0 0.5824777 -0.81284668
  outer loop
   vertex -32.500000 -4.066532 -25.907947
   vertex -32.500000 -3.579833 -25.559183
   vertex 32.500000 -3.579833 -25.559183
  endloop
 endfacet
 facet normal 0 0.5824777 -0.81284668
  outer loop
   vertex -32.500000 -4.066532 -25.907947
   vertex 32.500000 -3.579833 -25.559183
   vertex 32.500000 -4.066532 -25.907947
  endloop
 endfacet
 facet normal -1 0 0
  outer loop
   vertex -32.500000 -9.150000 -18.300000
   vertex -32.500000 -3.579833 -25.559183
   vertex -32.500000 -4.066532 -25.907947
  endloop
 endfacet
 facet normal 1 0 0
  outer loop
   vertex 32.500000 -9.150000 -18.300000
   vertex 32.500000 -4.066532 -25.907947
   vertex 32.500000 -3.579833 -25.559183
  endloop
 endfacet
 facet normal 0 0.63439328 -0.77301045
  outer loop
   vertex -32.500000 -3.579833 -25.559183
   vertex -32.500000 -3.116986 -25.179334
   vertex 32.500000 -3.116986 -25.179334
  endloop
 endfacet
 facet normal 0 0.63439328 -0.77301045
  outer loop
   vertex -32.500000 -3.579833 -25.559183
   vertex 32.500000 -3.116986 -25.179334
   vertex 32.500000 -3.579833 -25.559183
  endloop
 endfacet
 facet normal -1 0 0
  outer loop
   vertex -32.500000 -9.150000 -18.300000
   vertex -32.500000 -3.116986 -25.179334
   vertex -32.500000 -3.579833 -25.559183
  endloop
 endfacet
 facet normal 1 0 0
  outer loop
   vertex 32.500000 -9.150000 -18.300000
   vertex 32.500000 -3.579833 -25.559183
   vertex 32.500000 -3.116986 -25.179334
  endloop
 endfacet
 facet normal 0 0.6835923 -0.72986407
  outer loop
   vertex -32.500000 -3.116986 -25.179334
   vertex -32.500000 -2.679973 -24.770027
   vertex 32.500000 -2.679973 -24.770027
  endloop
 endfacet
 facet normal 0 0.6835923 -0.72986407
  outer loop
   vertex -32.500000 -3.116986 -25.179334
   vertex 32.500000 -2.679973 -24.770027
   vertex 32.500000 -3.116986 -25.179334
  endloop
 endfacet
 facet normal -1 0 0
  outer loop
   vertex -32.500000 -9.150000 -18.300000
   vertex -32.500000 -2.679973 -24.770027
   vertex -32.500000 -3.116986 -25.179334
  endloop
 endfacet
 facet normal 1 0 0
  outer loop
   vertex 32.500000 -9.150000 -18.300000
   vertex 32.500000 -3.116986 -25.179334
   vertex 32.500000 -2.679973 -24.770027
  endloop
 endfacet
 facet normal 0 0.72986407 -0.6835923
  outer loop
   vertex -32.500000 -2.679973 -24.770027
   vertex -32.500000 -2.270666 -24.333014
   vertex 32.500000 -2.270666 -24.333014
  endloop
 endfacet
 facet normal 0 0.72986407 -0.6835923
  outer loop
   vertex -32.500000 -2.679973 -24.770027
   vertex 32.500000 -2.270666 -24.333014
   vertex 32.500000 -2.679973 -24.770027
  endloop
 endfacet
 facet normal -1 0 0
  outer loop
   vertex -32.500000 -9.150000 -18.300000
   vertex -32.500000 -2.270666 -24.333014
   vertex -32.500000 -2.679973 -24.770027
  endloop
 endfacet
 facet normal 1 0 0
  outer loop
   vertex 32.500000 -9.150000 -18.300000
   vertex 32.500000 -2.679973 -24.770027
   vertex 32.500000 -2.270666 -24.333014
  endloop
 endfacet
 facet normal 0 0.77301045 -0.63439328
  outer loop
   vertex -32.500000 -2.270666 -24.333014
   vertex -32.500000 -1.890817 -23.870167
   vertex 32.500000 -1.890817 -23.870167
  endloop
 endfacet
 facet normal 0 0.77301045 -0.63439328
  outer loop
   vertex -32.500000 -2.270666 -24.333014
   vertex 32.500000 -1.890817 -23.870167
   vertex 32.500000 -2.270666 -24.333014
  endloop
 endfacet
 facet normal -1 0 0
  outer loop
   vertex -32.500000 -9.150000 -18.300000
   vertex -32.500000 -1.890817 -23.870167
   vertex -32.500000 -2.270666 -24.333014
  endloop
 endfacet
 facet normal 1 0 0
  outer loop
   vertex 32.500000 -9.150000 -18.300000
   vertex 32.500000 -2.270666 -24.333014
   vertex 32.500000 -1.890817 -23.870167
  endloop
 endfacet
 facet normal 0 0.81284668 -0.5824777
  outer loop
   vertex -32.500000 -1.890817 -23.870167
   vertex -32.500000 -1.542053 -23.383468
   vertex 32.500000 -1.542053 -23.383468
  endloop
 endfacet
 facet normal 0 0.81284668 -0.5824777
  outer loop
   vertex -32.500000 -1.890817 -23.870167
   vertex 32.500000 -1.542053 -23.383468
   vertex 32.500000 -1.890817 -23.870167
  endloop
 endfacet
 facet normal -1 0 0
  outer loop
   vertex -32.500000 -9.150000 -18.300000
   vertex -32.500000 -1.542053 -23.383468
   vertex -32.500000 -1.890817 -23.870167
  endloop
 endfacet
 facet normal 1 0 0
  outer loop
   vertex 32.500000 -9.150000 -18.300000
   vertex 32.500000 -1.890817 -23.870167
   vertex 32.500000 -1.542053 -23.383468
  endloop
 endfacet
 facet normal 0 0.84920218 -0.52806785
  outer loop
   vertex -32.500000 -1.542053 -23.383468
   vertex -32.500000 -1.225868 -22.875000
   vertex 32.500000 -1.225868 -22.875000
  endloop
 endfacet
 facet normal 0 0.84920218 -0.52806785
  outer loop
   vertex -32.500000 -1.542053 -23.383468
   vertex 32.500000 -1.225868 -22.875000
   vertex 32.500000 -1.542053 -23.383468
  endloop
 endfacet
 facet normal -1 0 0
  outer loop
   vertex -32.500000 -9.150000 -18.300000
   vertex -32.500000 -1.225868 -22.875000
   vertex -32.500000 -1.542053 -23.383468
  endloop
 endfacet
 facet normal 1 0 0
  outer loop
   vertex 32.500000 -9.150000 -18.300000
   vertex 32.500000 -1.542053 -23.383468
   vertex 32.500000 -1.225868 -22.875000
  endloop
 endfacet
 facet normal 0 0.88192126 -0.47139674
  outer loop
   vertex -32.500000 -1.225868 -22.875000
   vertex -32.500000 -0.943614 -22.346942
   vertex 32.500000 -0.943614 -22.346942
  endloop
 endfacet
 facet normal 0 0.88192126 -0.47139674
  outer loop
   vertex -32.500000 -1.225868 -22.875000
   vertex 32.500000 -0.943614 -22.346942
   vertex 32.500000 -1.225868 -22.875000
  endloop
 endfacet
 facet normal -1 0 0
  outer loop
   vertex -32.500000 -9.150000 -18.300000
   vertex -32.500000 -0.943614 -22.346942
   vertex -32.500000 -1.225868 -22.875000
  endloop
 endfacet
 facet normal 1 0 0
  outer loop
   vertex 32.500000 -9.150000 -18.300000
   vertex 32.500000 -1.225868 -22.875000
   vertex 32.500000 -0.943614 -22.346942
  endloop
 endfacet
 facet normal 0 0.91086382 -0.41270703
  outer loop
   vertex -32.500000 -0.943614 -22.346942
   vertex -32.500000 -0.696502 -21.801553
   vertex 32.500000 -0.696502 -21.801553
  endloop
 endfacet
 facet normal 0 0.91086382 -0.41270703
  outer loop
   vertex -32.500000 -0.943614 -22.346942
   vertex 32.500000 -0.696502 -21.801553
   vertex 32.500000 -0.943614 -22.346942
  endloop
 endfacet
 facet normal -1 0 0
  outer loop
   vertex -32.500000 -9.150000 -18.300000
   vertex -32.500000 -0.696502 -21.801553
   vertex -32.500000 -0.943614 -22.346942
  endloop
 endfacet
 facet normal 1 0 0
  outer loop
   vertex 32.500000 -9.150000 -18.300000
   vertex 32.500000 -0.943614 -22.346942
   vertex 32.500000 -0.696502 -21.801553
  endloop
 endfacet
 facet normal 0 0.93590593 -0.35225005
  outer loop
   vertex -32.500000 -0.696502 -21.801553
   vertex -32.500000 -0.485589 -21.241171
   vertex 32.500000 -0.485589 -21.241171
  endloop
 endfacet
 facet normal 0 0.93590593 -0.35225005
  outer loop
   vertex -32.500000 -0.696502 -21.801553
   vertex 32.500000 -0.485589 -21.241171
   vertex 32.500000 -0.696502 -21.801553
  endloop
 endfacet
 facet normal -1 0 0
  outer loop
   vertex -32.500000 -9.150000 -18.300000
   vertex -32.500000 -0.485589 -21.241171
   vertex -32.500000 -0.696502 -21.801553
  endloop
 endfacet
 facet normal 1 0 0
  outer loop
   vertex 32.500000 -9.150000 -18.300000
   vertex 32.500000 -0.696502 -21.801553
   vertex 32.500000 -0.485589 -21.241171
  endloop
 endfacet
 facet normal 0 0.95694034 -0.29028468
  outer loop
   vertex -32.500000 -0.485589 -21.241171
   vertex -32.500000 -0.311779 -20.668194
   vertex 32.500000 -0.311779 -20.668194
  endloop
 endfacet
 facet normal 0 0.95694034 -0.29028468
  outer loop
   vertex -32.500000 -0.485589 -21.241171
   vertex 32.500000 -0.311779 -20.668194
   vertex 32.500000 -0.485589 -21.241171
  endloop
 endfacet
 facet normal -1 0 0
  outer loop
   vertex -32.500000 -9.150000 -18.300000
   vertex -32.500000 -0.311779 -20.668194
   vertex -32.500000 -0.485589 -21.241171
  endloop
 endfacet
 facet normal 1 0 0
  outer loop
   vertex 32.500000 -9.150000 -18.300000
   vertex 32.500000 -0.485589 -21.241171
   vertex 32.500000 -0.311779 -20.668194
  endloop
 endfacet
 facet normal 0 0.97387698 -0.22707626
  outer loop
   vertex -32.500000 -0.311779 -20.668194
   vertex -32.500000 -0.175815 -20.085076
   vertex 32.500000 -0.175815 -20.085076
  endloop
 endfacet
 facet normal 0 0.97387698 -0.22707626
  outer loop
   vertex -32.500000 -0.311779 -20.668194
   vertex 32.500000 -0.175815 -20.085076
   vertex 32.500000 -0.311779 -20.668194
  endloop
 endfacet
 facet normal -1 0 0
  outer loop
   vertex -32.500000 -9.150000 -18.300000
   vertex -32.500000 -0.175815 -20.085076
   vertex -32.500000 -0.311779 -20.668194
  endloop
 endfacet
 facet normal 1 0 0
  outer loop
   vertex 32.500000 -9.150000 -18.300000
   vertex 32.500000 -0.311779 -20.668194
   vertex 32.500000 -0.175815 -20.085076
  endloop
 endfacet
 facet normal 0 0.98664333 -0.16289547
  outer loop
   vertex -32.500000 -0.175815 -20.085076
   vertex -32.500000 -0.078280 -19.494315
   vertex 32.500000 -0.078280 -19.494315
  endloop
 endfacet
 facet normal 0 0.98664333 -0.16289547
  outer loop
   vertex -32.500000 -0.175815 -20.085076
   vertex 32.500000 -0.078280 -19.494315
   vertex 32.500000 -0.175815 -20.085076
  endloop
 endfacet
 facet normal -1 0 0
  outer loop
   vertex -32.500000 -9.150000 -18.300000
   vertex -32.500000 -0.078280 -19.494315
   vertex -32.500000 -0.175815 -20.085076
  endloop
 endfacet
 facet normal 1 0 0
  outer loop
   vertex 32.500000 -9.150000 -18.300000
   vertex 32.500000 -0.175815 -20.085076
   vertex 32.500000 -0.078280 -19.494315
  endloop
 endfacet
 facet normal 0 0.99518473 -0.09801714
  outer loop
   vertex -32.500000 -0.078280 -19.494315
   vertex -32.500000 -0.019591 -18.898439
   vertex 32.500000 -0.019591 -18.898439
  endloop
 endfacet
 facet normal 0 0.99518473 -0.09801714
  outer loop
   vertex -32.500000 -0.078280 -19.494315
   vertex 32.500000 -0.019591 -18.898439
   vertex 32.500000 -0.078280 -19.494315
  endloop
 endfacet
 facet normal -1 0 0
  outer loop
   vertex -32.500000 -9.150000 -18.300000
   vertex -32.500000 -0.019591 -18.898439
   vertex -32.500000 -0.078280 -19.494315
  endloop
 endfacet
 facet normal 1 0 0
  outer loop
   vertex 32.500000 -9.150000 -18.300000
   vertex 32.500000 -0.078280 -19.494315
   vertex 32.500000 -0.019591 -18.898439
  endloop
 endfacet
 facet normal 0 0.99946459 -0.032719083
  outer loop
   vertex -32.500000 -0.019591 -18.898439
   vertex -32.500000 0.000000 -18.300000
   vertex 32.500000 0.000000 -18.300000
  endloop
 endfacet
 facet normal 0 0.99946459 -0.032719083
  outer loop
   vertex -32.500000 -0.019591 -18.898439
   vertex 32.500000 0.000000 -18.300000
   vertex 32.500000 -0.019591 -18.898439
  endloop
 endfacet
 facet normal -1 0 0
  outer loop
   vertex -32.500000 -9.150000 -18.300000
   vertex -32.500000 0.000000 -18.300000
   vertex -32.500000 -0.019591 -18.898439
  endloop
 endfacet
 facet normal 1 0 0
  outer loop
   vertex 32.500000 -9.150000 -18.300000
   vertex 32.500000 -0.019591 -18.898439
   vertex 32.500000 0.000000 -18.300000
  endloop
 endfacet
 facet normal 0 0.99946459 0.032719083
  outer loop
   vertex -32.500000 0.000000 0.000000
   vertex -32.500000 -0.019591 0.598439
   vertex 32.500000 -0.019591 0.598439
  endloop
 endfacet
 facet normal -0 0.99946459 0.032719083
  outer loop
   vertex -32.500000 0.000000 0.000000
   vertex 32.500000 -0.019591 0.598439
   vertex 32.500000 0.000000 0.000000
  endloop
 endfacet
 facet normal -1 0 0
  outer loop
   vertex -32.500000 -9.150000 0.000000
   vertex -32.500000 -0.019591 0.598439
   vertex -32.500000 0.000000 0.000000
  endloop
 endfacet
 facet normal 1 0 0
  outer loop
   vertex 32.500000 -9.150000 0.000000
   vertex 32.500000 0.000000 0.000000
   vertex 32.500000 -0.019591 0.598439
  endloop
 endfacet
 facet normal 0 0.99518473 0.09801714
  outer loop
   vertex -32.500000 -0.019591 0.598439
   vertex -32.500000 -0.078280 1.194315
   vertex 32.500000 -0.078280 1.194315
  endloop
 endfacet
 facet normal -0 0.99518473 0.09801714
  outer loop
   vertex -32.500000 -0.019591 0.598439
   vertex 32.500000 -0.078280 1.194315
   vertex 32.500000 -0.019591 0.598439
  endloop
 endfacet
 facet normal -1 0 0
  outer loop
   vertex -32.500000 -9.150000 0.000000
   vertex -32.500000 -0.078280 1.194315
   vertex -32.500000 -0.019591 0.598439
  endloop
 endfacet
 facet normal 1 0 0
  outer loop
   vertex 32.500000 -9.150000 0.000000
   vertex 32.500000 -0.019591 0.598439
   vertex 32.500000 -0.078280 1.194315
  endloop
 endfacet
 facet normal 0 0.98664333 0.16289547
  outer loop
   vertex -32.500000 -0.078280 1.194315
   vertex -32.500000 -0.175815 1.785076
   vertex 32.500000 -0.175815 1.785076
  endloop
 endfacet
 facet normal -0 0.98664333 0.16289547
  outer loop
   vertex -32.500000 -0.078280 1.194315
   vertex 32.500000 -0.175815 1.785076
   vertex 32.500000 -0.078280 1.194315
  endloop
 endfacet
 facet normal -1 0 0
  outer loop
   vertex -32.500000 -9.150000 0.000000
   vertex -32.500000 -0.175815 1.785076
   vertex -32.500000 -0.078280 1.194315
  endloop
 endfacet
 facet normal 1 0 0
  outer loop
   vertex 32.500000 -9.150000 0.000000
   vertex 32.500000 -0.078280 1.194315
   vertex 32.500000 -0.175815 1.785076
  endloop
 endfacet
 facet normal 0 0.97387698 0.22707626
  outer loop
   vertex -32.500000 -0.175815 1.785076
   vertex -32.500000 -0.311779 2.368194
   vertex 32.500000 -0.311779 2.368194
  endloop
 endfacet
 facet normal -0 0.97387698 0.22707626
  outer loop
   vertex -32.500000 -0.175815 1.785076
   vertex 32.500000 -0.311779 2.368194
   vertex 32.500000 -0.175815 1.785076
  endloop
 endfacet
 facet normal -1 0 0
  outer loop
   vertex -32.500000 -9.150000 0.000000
   vertex -32.500000 -0.311779 2.368194
   vertex -32.500000 -0.175815 1.785076
  endloop
 endfacet
 facet normal 1 0 0
  outer loop
   vertex 32.500000 -9.150000 0.000000
   vertex 32.500000 -0.175815 1.785076
   vertex 32.500000 -0.311779 2.368194
  endloop
 endfacet
 facet normal 0 0.95694034 0.29028468
  outer loop
   vertex -32.500000 -0.311779 2.368194
   vertex -32.500000 -0.485589 2.941171
   vertex 32.500000 -0.485589 2.941171
  endloop
 endfacet
 facet normal -0 0.95694034 0.29028468
  outer loop
   vertex -32.500000 -0.311779 2.368194
   vertex 32.500000 -0.485589 2.941171
   vertex 32.500000 -0.311779 2.368194
  endloop
 endfacet
 facet normal -1 0 0
  outer loop
   vertex -32.500000 -9.150000 0.000000
   vertex -32.500000 -0.485589 2.941171
   vertex -32.500000 -0.311779 2.368194
  endloop
 endfacet
 facet normal 1 0 0
  outer loop
   vertex 32.500000 -9.150000 0.000000
   vertex 32.500000 -0.311779 2.368194
   vertex 32.500000 -0.485589 2.941171
  endloop
 endfacet
 facet normal 0 0.93590593 0.35225005
  outer loop
   vertex -32.500000 -0.485589 2.941171
   vertex -32.500000 -0.696502 3.501553
   vertex 32.500000 -0.696502 3.501553
  endloop
 endfacet
 facet normal -0 0.93590593 0.35225005
  outer loop
   vertex -32.500000 -0.485589 2.941171
   vertex 32.500000 -0.696502 3.501553
   vertex 32.500000 -0.485589 2.941171
  endloop
 endfacet
 facet normal -1 0 0
  outer loop
   vertex -32.500000 -9.150000 0.000000
   vertex -32.500000 -0.696502 3.501553
   vertex -32.500000 -0.485589 2.941171
  endloop
 endfacet
 facet normal 1 0 0
  outer loop
   vertex 32.500000 -9.150000 0.000000
   vertex 32.500000 -0.485589 2.941171
   vertex 32.500000 -0.696502 3.501553
  endloop
 endfacet
 facet normal 0 0.91086382 0.41270703
  outer loop
   vertex -32.500000 -0.696502 3.501553
   vertex -32.500000 -0.943614 4.046942
   vertex 32.500000 -0.943614 4.046942
  endloop
 endfacet
 facet normal -0 0.91086382 0.41270703
  outer loop
   vertex -32.500000 -0.696502 3.501553
   vertex 32.500000 -0.943614 4.046942
   vertex 32.500000 -0.696502 3.501553
  endloop
 endfacet
 facet normal -1 0 0
  outer loop
   vertex -32.500000 -9.150000 0.000000
   vertex -32.500000 -0.943614 4.046942
   vertex -32.500000 -0.696502 3.501553
  endloop
 endfacet
 facet normal 1 0 0
  outer loop
   vertex 32.500000 -9.150000 0.000000
   vertex 32.500000 -0.696502 3.501553
   vertex 32.500000 -0.943614 4.046942
  endloop
 endfacet
 facet normal 0 0.88192126 0.47139674
  outer loop
   vertex -32.500000 -0.943614 4.046942
   vertex -32.500000 -1.225868 4.575000
   vertex 32.500000 -1.225868 4.575000
  endloop
 endfacet
 facet normal -0 0.88192126 0.47139674
  outer loop
   vertex -32.500000 -0.943614 4.046942
   vertex 32.500000 -1.225868 4.575000
   vertex 32.500000 -0.943614 4.046942
  endloop
 endfacet
 facet normal -1 0 0
  outer loop
   vertex -32.500000 -9.150000 0.000000
   vertex -32.500000 -1.225868 4.575000
   vertex -32.500000 -0.943614 4.046942
  endloop
 endfacet
 facet normal 1 0 0
  outer loop
   vertex 32.500000 -9.150000 0.000000
   vertex 32.500000 -0.943614 4.046942
   vertex 32.500000 -1.225868 4.575000
  endloop
 endfacet
 facet normal 0 0.84920218 0.52806785
  outer loop
   vertex -32.500000 -1.225868 4.575000
   vertex -32.500000 -1.542053 5.083468
   vertex 32.500000 -1.542053 5.083468
  endloop
 endfacet
 facet normal -0 0.84920218 0.52806785
  outer loop
   vertex -32.500000 -1.225868 4.575000
   vertex 32.500000 -1.542053 5.083468
   vertex 32.500000 -1.225868 4.575000
  endloop
 endfacet
 facet normal -1 0 0
  outer loop
   vertex -32.500000 -9.150000 0.000000
   vertex -32.500000 -1.542053 5.083468
   vertex -32.500000 -1.225868 4.575000
  endloop
 endfacet
 facet normal 1 0 0
  outer loop
   vertex 32.500000 -9.150000 0.000000
   vertex 32.500000 -1.225868 4.575000
   vertex 32.500000 -1.542053 5.083468
  endloop
 endfacet
 facet normal 0 0.81284668 0.5824777
  outer loop
   vertex -32.500000 -1.542053 5.083468
   vertex -32.500000 -1.890817 5.570167
   vertex 32.500000 -1.890817 5.570167
  endloop
 endfacet
 facet normal -0 0.81284668 0.5824777
  outer loop
   vertex -32.500000 -1.542053 5.083468
   vertex 32.500000 -1.890817 5.570167
   vertex 32.500000 -1.542053 5.083468
  endloop
 endfacet
 facet normal -1 0 0
  outer loop
   vertex -32.500000 -9.150000 0.000000
   vertex -32.500000 -1.890817 5.570167
   vertex -32.500000 -1.542053 5.083468
  endloop
 endfacet
 facet normal 1 0 0
  outer loop
   vertex 32.500000 -9.150000 0.000000
   vertex 32.500000 -1.542053 5.083468
   vertex 32.500000 -1.890817 5.570167
  endloop
 endfacet
 facet normal 0 0.77301045 0.63439328
  outer loop
   vertex -32.500000 -1.890817 5.570167
   vertex -32.500000 -2.270666 6.033014
   vertex 32.500000 -2.270666 6.033014
  endloop
 endfacet
 facet normal -0 0.77301045 0.63439328
  outer loop
   vertex -32.500000 -1.890817 5.570167
   vertex 32.500000 -2.270666 6.033014
   vertex 32.500000 -1.890817 5.570167
  endloop
 endfacet
 facet normal -1 0 0
  outer loop
   vertex -32.500000 -9.150000 0.000000
   vertex -32.500000 -2.270666 6.033014
   vertex -32.500000 -1.890817 5.570167
  endloop
 endfacet
 facet normal 1 0 0
  outer loop
   vertex 32.500000 -9.150000 0.000000
   vertex 32.500000 -1.890817 5.570167
   vertex 32.500000 -2.270666 6.033014
  endloop
 endfacet
 facet normal 0 0.72986407 0.6835923
  outer loop
   vertex -32.500000 -2.270666 6.033014
   vertex -32.500000 -2.679973 6.470027
   vertex 32.500000 -2.679973 6.470027
  endloop
 endfacet
 facet normal -0 0.72986407 0.6835923
  outer loop
   vertex -32.500000 -2.270666 6.033014
   vertex 32.500000 -2.679973 6.470027
   vertex 32.500000 -2.270666 6.033014
  endloop
 endfacet
 facet normal -1 0 0
  outer loop
   vertex -32.500000 -9.150000 0.000000
   vertex -32.500000 -2.679973 6.470027
   vertex -32.500000 -2.270666 6.033014
  endloop
 endfacet
 facet normal 1 0 0
  outer loop
   vertex 32.500000 -9.150000 0.000000
   vertex 32.500000 -2.270666 6.033014
   vertex 32.500000 -2.679973 6.470027
  endloop
 endfacet
 facet normal 0 0.6835923 0.72986407
  outer loop
   vertex -32.500000 -2.679973 6.470027
   vertex -32.500000 -3.116986 6.879334
   vertex 32.500000 -3.116986 6.879334
  endloop
 endfacet
 facet normal -0 0.6835923 0.72986407
  outer loop
   vertex -32.500000 -2.679973 6.470027
   vertex 32.500000 -3.116986 6.879334
   vertex 32.500000 -2.679973 6.470027
  endloop
 endfacet
 facet normal -1 0 0
  outer loop
   vertex -32.500000 -9.150000 0.000000
   vertex -32.500000 -3.116986 6.879334
   vertex -32.500000 -2.679973 6.470027
  endloop
 endfacet
 facet normal 1 0 0
  outer loop
   vertex 32.500000 -9.150000 0.000000
   vertex 32.500000 -2.679973 6.470027
   vertex 32.500000 -3.116986 6.879334
  endloop
 endfacet
 facet normal 0 0.63439328 0.77301045
  outer loop
   vertex -32.500000 -3.116986 6.879334
   vertex -32.500000 -3.579833 7.259183
   vertex 32.500000 -3.579833 7.259183
  endloop
 endfacet
 facet normal -0 0.63439328 0.77301045
  outer loop
   vertex -32.500000 -3.116986 6.879334
   vertex 32.500000 -3.579833 7.259183
   vertex 32.500000 -3.116986 6.879334
  endloop
 endfacet
 facet normal -1 0 0
  outer loop
   vertex -32.500000 -9.150000 0.000000
   vertex -32.500000 -3.579833 7.259183
   vertex -32.500000 -3.116986 6.879334
  endloop
 endfacet
 facet normal 1 0 0
  outer loop
   vertex 32.500000 -9.150000 0.000000
   vertex 32.500000 -3.116986 6.879334
   vertex 32.500000 -3.579833 7.259183
  endloop
 endfacet
 facet normal 0 0.5824777 0.81284668
  outer loop
   vertex -32.500000 -3.579833 7.259183
   vertex -32.500000 -4.066532 7.607947
   vertex 32.500000 -4.066532 7.607947
  endloop
 endfacet
 facet normal -0 0.5824777 0.81284668
  outer loop
   vertex -32.500000 -3.579833 7.259183
   vertex 32.500000 -4.066532 7.607947
   vertex 32.500000 -3.579833 7.259183
  endloop
 endfacet
 facet normal -1 0 0
  outer loop
   vertex -32.500000 -9.150000 0.000000
   vertex -32.500000 -4.066532 7.607947
   vertex -32.500000 -3.579833 7.259183
  endloop
 endfacet
 facet normal 1 0 0
  outer loop
   vertex 32.500000 -9.150000 0.000000
   vertex 32.500000 -3.579833 7.259183
   vertex 32.500000 -4.066532 7.607947
  endloop
 endfacet
 facet normal 0 0.52806785 0.84920218
  outer loop
   vertex -32.500000 -4.066532 7.607947
   vertex -32.500000 -4.575000 7.924132
   vertex 32.500000 -4.575000 7.924132
  endloop
 endfacet
 facet normal -0 0.52806785 0.84920218
  outer loop
   vertex -32.500000 -4.066532 7.607947
   vertex 32.500000 -4.575000 7.924132
   vertex 32.500000 -4.066532 7.607947
  endloop
 endfacet
 facet normal -1 0 0
  outer loop
   vertex -32.500000 -9.150000 0.000000
   vertex -32.500000 -4.575000 7.924132
   vertex -32.500000 -4.066532 7.607947
  endloop
 endfacet
 facet normal 1 0 0
  outer loop
   vertex 32.500000 -9.150000 0.000000
   vertex 32.500000 -4.066532 7.607947
   vertex 32.500000 -4.575000 7.924132
  endloop
 endfacet
 facet normal 0 0.47139674 0.88192126
  outer loop
   vertex -32.500000 -4.575000 7.924132
   vertex -32.500000 -5.103058 8.206386
   vertex 32.500000 -5.103058 8.206386
  endloop
 endfacet
 facet normal -0 0.47139674 0.88192126
  outer loop
   vertex -32.500000 -4.575000 7.924132
   vertex 32.500000 -5.103058 8.206386
   vertex 32.500000 -4.575000 7.924132
  endloop
 endfacet
 facet normal -1 0 0
  outer loop
   vertex -32.500000 -9.150000 0.000000
   vertex -32.500000 -5.103058 8.206386
   vertex -32.500000 -4.575000 7.924132
  endloop
 endfacet
 facet normal 1 0 0
  outer loop
   vertex 32.500000 -9.150000 0.000000
   vertex 32.500000 -4.575000 7.924132
   vertex 32.500000 -5.103058 8.206386
  endloop
 endfacet
 facet normal 0 0.41270703 0.91086382
  outer loop
   vertex -32.500000 -5.103058 8.206386
   vertex -32.500000 -5.648447 8.453498
   vertex 32.500000 -5.648447 8.453498
  endloop
 endfacet
 facet normal -0 0.41270703 0.91086382
  outer loop
   vertex -32.500000 -5.103058 8.206386
   vertex 32.500000 -5.648447 8.453498
   vertex 32.500000 -5.103058 8.206386
  endloop
 endfacet
 facet normal -1 0 0
  outer loop
   vertex -32.500000 -9.150000 0.000000
   vertex -32.500000 -5.648447 8.453498
   vertex -32.500000 -5.103058 8.206386
  endloop
 endfacet
 facet normal 1 0 0
  outer loop
   vertex 32.500000 -9.150000 0.000000
   vertex 32.500000 -5.103058 8.206386
   vertex 32.500000 -5.648447 8.453498
  endloop
 endfacet
 facet normal 0 0.35225005 0.93590593
  outer loop
   vertex -32.500000 -5.648447 8.453498
   vertex -32.500000 -6.208829 8.664411
   vertex 32.500000 -6.208829 8.664411
  endloop
 endfacet
 facet normal -0 0.35225005 0.93590593
  outer loop
   vertex -32.500000 -5.648447 8.453498
   vertex 32.500000 -6.208829 8.664411
   vertex 32.500000 -5.648447 8.453498
  endloop
 endfacet
 facet normal -1 0 0
  outer loop
   vertex -32.500000 -9.150000 0.000000
   vertex -32.500000 -6.208829 8.664411
   vertex -32.500000 -5.648447 8.453498
  endloop
 endfacet
 facet normal 1 0 0
  outer loop
   vertex 32.500000 -9.150000 0.000000
   vertex 32.500000 -5.648447 8.453498
   vertex 32.500000 -6.208829 8.664411
  endloop
 endfacet
 facet normal 0 0.29028468 0.95694034
  outer loop
   vertex -32.500000 -6.208829 8.664411
   vertex -32.500000 -6.781806 8.838221
   vertex 32.500000 -6.781806 8.838221
  endloop
 endfacet
 facet normal -0 0.29028468 0.95694034
  outer loop
   vertex -32.500000 -6.208829 8.664411
   vertex 32.500000 -6.781806 8.838221
   vertex 32.500000 -6.208829 8.664411
  endloop
 endfacet
 facet normal -1 0 0
  outer loop
   vertex -32.500000 -9.150000 0.000000
   vertex -32.500000 -6.781806 8.838221
   vertex -32.500000 -6.208829 8.664411
  endloop
 endfacet
 facet normal 1 0 0
  outer loop
   vertex 32.500000 -9.150000 0.000000
   vertex 32.500000 -6.208829 8.664411
   vertex 32.500000 -6.781806 8.838221
  endloop
 endfacet
 facet normal 0 0.22707626 0.97387698
  outer loop
   vertex -32.500000 -6.781806 8.838221
   vertex -32.500000 -7.364924 8.974185
   vertex 32.500000 -7.364924 8.974185
  endloop
 endfacet
 facet normal -0 0.22707626 0.97387698
  outer loop
   vertex -32.500000 -6.781806 8.838221
   vertex 32.500000 -7.364924 8.974185
   vertex 32.500000 -6.781806 8.838221
  endloop
 endfacet
 facet normal -1 0 0
  outer loop
   vertex -32.500000 -9.150000 0.000000
   vertex -32.500000 -7.364924 8.974185
   vertex -32.500000 -6.781806 8.838221
  endloop
 endfacet
 facet normal 1 0 0
  outer loop
   vertex 32.500000 -9.150000 0.000000
   vertex 32.500000 -6.781806 8.838221
   vertex 32.500000 -7.364924 8.974185
  endloop
 endfacet
 facet normal 0 0.16289547 0.98664333
  outer loop
   vertex -32.500000 -7.364924 8.974185
   vertex -32.500000 -7.955685 9.071720
   vertex 32.500000 -7.955685 9.071720
  endloop
 endfacet
 facet normal -0 0.16289547 0.98664333
  outer loop
   vertex -32.500000 -7.364924 8.974185
   vertex 32.500000 -7.955685 9.071720
   vertex 32.500000 -7.364924 8.974185
  endloop
 endfacet
 facet normal -1 0 0
  outer loop
   vertex -32.500000 -9.150000 0.000000
   vertex -32.500000 -7.955685 9.071720
   vertex -32.500000 -7.364924 8.974185
  endloop
 endfacet
 facet normal 1 0 0
  outer loop
   vertex 32.500000 -9.150000 0.000000
   vertex 32.500000 -7.364924 8.974185
   vertex 32.500000 -7.955685 9.071720
  endloop
 endfacet
 facet normal 0 0.09801714 0.99518473
  outer loop
   vertex -32.500000 -7.955685 9.071720
   vertex -32.500000 -8.551561 9.130409
   vertex 32.500000 -8.551561 9.130409
  endloop
 endfacet
 facet normal -0 0.09801714 0.99518473
  outer loop
   vertex -32.500000 -7.955685 9.071720
   vertex 32.500000 -8.551561 9.130409
   vertex 32.500000 -7.955685 9.071720
  endloop
 endfacet
 facet normal -1 0 0
  outer loop
   vertex -32.500000 -9.150000 0.000000
   vertex -32.500000 -8.551561 9.130409
   vertex -32.500000 -7.955685 9.071720
  endloop
 endfacet
 facet normal 1 0 0
  outer loop
   vertex 32.500000 -9.150000 0.000000
   vertex 32.500000 -7.955685 9.071720
   vertex 32.500000 -8.551561 9.130409
  endloop
 endfacet
 facet normal 0 0.032719083 0.99946459
  outer loop
   vertex -32.500000 -8.551561 9.130409
   vertex -32.500000 -9.150000 9.150000
   vertex 32.500000 -9.150000 9.150000
  endloop
 endfacet
 facet normal -0 0.032719083 0.99946459
  outer loop
   vertex -32.500000 -8.551561 9.130409
   vertex 32.500000 -9.150000 9.150000
   vertex 32.500000 -8.551561 9.130409
  endloop
 endfacet
 facet normal -1 0 0
  outer loop
   vertex -32.500000 -9.150000 0.000000
   vertex -32.500000 -9.150000 9.150000
   vertex -32.500000 -8.551561 9.130409
  endloop
 endfacet
 facet normal 1 0 0
  outer loop
   vertex 32.500000 -9.150000 0.000000
   vertex 32.500000 -8.551561 9.130409
   vertex 32.500000 -9.150000 9.150000
  endloop
 endfacet
 facet normal 0 -0.032719083 0.99946459
  outer loop
   vertex -32.500000 -9.150000 9.150000
   vertex -32.500000 -9.748439 9.130409
   vertex 32.500000 -9.748439 9.130409
  endloop
 endfacet
 facet normal 0 -0.032719083 0.99946459
  outer loop
   vertex -32.500000 -9.150000 9.150000
   vertex 32.500000 -9.748439 9.130409
   vertex 32.500000 -9.150000 9.150000
  endloop
 endfacet
 facet normal -1 0 0
  outer loop
   vertex -32.500000 -9.150000 0.000000
   vertex -32.500000 -9.748439 9.130409
   vertex -32.500000 -9.150000 9.150000
  endloop
 endfacet
 facet normal 1 0 -0
  outer loop
   vertex 32.500000 -9.150000 0.000000
   vertex 32.500000 -9.150000 9.150000
   vertex 32.500000 -9.748439 9.130409
  endloop
 endfacet
 facet normal 0 -0.09801714 0.99518473
  outer loop
   vertex -32.500000 -9.748439 9.130409
   vertex -32.500000 -10.344315 9.071720
   vertex 32.500000 -10.344315 9.071720
  endloop
 endfacet
 facet normal 0 -0.09801714 0.99518473
  outer loop
   vertex -32.500000 -9.748439 9.130409
   vertex 32.500000 -10.344315 9.071720
   vertex 32.500000 -9.748439 9.130409
  endloop
 endfacet
 facet normal -1 0 0
  outer loop
   vertex -32.500000 -9.150000 0.000000
   vertex -32.500000 -10.344315 9.071720
   vertex -32.500000 -9.748439 9.130409
  endloop
 endfacet
 facet normal 1 0 0
  outer loop
   vertex 32.500000 -9.150000 0.000000
   vertex 32.500000 -9.748439 9.130409
   vertex 32.500000 -10.344315 9.071720
  endloop
 endfacet
 facet normal 0 -0.16289547 0.98664333
  outer loop
   vertex -32.500000 -10.344315 9.071720
   vertex -32.500000 -10.935076 8.974185
   vertex 32.500000 -10.935076 8.974185
  endloop
 endfacet
 facet normal 0 -0.16289547 0.98664333
  outer loop
   vertex -32.500000 -10.344315 9.071720
   vertex 32.500000 -10.935076 8.974185
   vertex 32.500000 -10.344315 9.071720
  endloop
 endfacet
 facet normal -1 0 0
  outer loop
   vertex -32.500000 -9.150000 0.000000
   vertex -32.500000 -10.935076 8.974185
   vertex -32.500000 -10.344315 9.071720
  endloop
 endfacet
 facet normal 1 0 0
  outer loop
   vertex 32.500000 -9.150000 0.000000
   vertex 32.500000 -10.344315 9.071720
   vertex 32.500000 -10.935076 8.974185
  endloop
 endfacet
 facet normal 0 -0.22707626 0.97387698
  outer loop
   vertex -32.500000 -10.935076 8.974185
   vertex -32.500000 -11.518194 8.838221
   vertex 32.500000 -11.518194 8.838221
  endloop
 endfacet
 facet normal 0 -0.22707626 0.97387698
  outer loop
   vertex -32.500000 -10.935076 8.974185
   vertex 32.500000 -11.518194 8.838221
   vertex 32.500000 -10.935076 8.974185
  endloop
 endfacet
 facet normal -1 0 0
  outer loop
   vertex -32.500000 -9.150000 0.000000
   vertex -32.500000 -11.518194 8.838221
   vertex -32.500000 -10.935076 8.974185
  endloop
 endfacet
 facet normal 1 0 0
  outer loop
   vertex 32.500000 -9.150000 0.000000
   vertex 32.500000 -10.935076 8.974185
   vertex 32.500000 -11.518194 8.838221
  endloop
 endfacet
 facet normal 0 -0.29028468 0.95694034
  outer loop
   vertex -32.500000 -11.518194 8.838221
   vertex -32.500000 -12.091171 8.664411
   vertex 32.500000 -12.091171 8.664411
  endloop
 endfacet
 facet normal 0 -0.29028468 0.95694034
  outer loop
   vertex -32.500000 -11.518194 8.838221
   vertex 32.500000 -12.091171 8.664411
   vertex 32.500000 -11.518194 8.838221
  endloop
 endfacet
 facet normal -1 0 0
  outer loop
   vertex -32.500000 -9.150000 0.000000
   vertex -32.500000 -12.091171 8.664411
   vertex -32.500000 -11.518194 8.838221
  endloop
 endfacet
 facet normal 1 0 0
  outer loop
   vertex 32.500000 -9.150000 0.000000
   vertex 32.500000 -11.518194 8.838221
   vertex 32.500000 -12.091171 8.664411
  endloop
 endfacet
 facet normal 0 -0.35225005 0.93590593
  outer loop
   vertex -32.500000 -12.091171 8.664411
   vertex -32.500000 -12.651553 8.453498
   vertex 32.500000 -12.651553 8.453498
  endloop
 endfacet
 facet normal 0 -0.35225005 0.93590593
  outer loop
   vertex -32.500000 -12.091171 8.664411
   vertex 32.500000 -12.651553 8.453498
   vertex 32.500000 -12.091171 8.664411
  endloop
 endfacet
 facet normal -1 0 0
  outer loop
   vertex -32.500000 -9.150000 0.000000
   vertex -32.500000 -12.651553 8.453498
   vertex -32.500000 -12.091171 8.664411
  endloop
 endfacet
 facet normal 1 0 0
  outer loop
   vertex 32.500000 -9.150000 0.000000
   vertex 32.500000 -12.091171 8.664411
   vertex 32.500000 -12.651553 8.453498
  endloop
 endfacet
 facet normal 0 -0.41270703 0.91086382
  outer loop
   vertex -32.500000 -12.651553 8.453498
   vertex -32.500000 -13.196942 8.206386
   vertex 32.500000 -13.196942 8.206386
  endloop
 endfacet
 facet normal 0 -0.41270703 0.91086382
  outer loop
   vertex -32.500000 -12.651553 8.453498
   vertex 32.500000 -13.196942 8.206386
   vertex 32.500000 -12.651553 8.453498
  endloop
 endfacet
 facet normal -1 0 0
  outer loop
   vertex -32.500000 -9.150000 0.000000
   vertex -32.500000 -13.196942 8.206386
   vertex -32.500000 -12.651553 8.453498
  endloop
 endfacet
 facet normal 1 0 0
  outer loop
   vertex 32.500000 -9.150000 0.000000
   vertex 32.500000 -12.651553 8.453498
   vertex 32.500000 -13.196942 8.206386
  endloop
 endfacet
 facet normal 0 -0.47139674 0.88192126
  outer loop
   vertex -32.500000 -13.196942 8.206386
   vertex -32.500000 -13.725000 7.924132
   vertex 32.500000 -13.725000 7.924132
  endloop
 endfacet
 facet normal 0 -0.47139674 0.88192126
  outer loop
   vertex -32.500000 -13.196942 8.206386
   vertex 32.500000 -13.725000 7.924132
   vertex 32.500000 -13.196942 8.206386
  endloop
 endfacet
 facet normal -1 0 0
  outer loop
   vertex -32.500000 -9.150000 0.000000
   vertex -32.500000 -13.725000 7.924132
   vertex -32.500000 -13.196942 8.206386
  endloop
 endfacet
 facet normal 1 0 0
  outer loop
   vertex 32.500000 -9.150000 0.000000
   vertex 32.500000 -13.196942 8.206386
   vertex 32.500000 -13.725000 7.924132
  endloop
 endfacet
 facet normal 0 -0.52806785 0.84920218
  outer loop
   vertex -32.500000 -13.725000 7.924132
   vertex -32.500000 -14.233468 7.607947
   vertex 32.500000 -14.233468 7.607947
  endloop
 endfacet
 facet normal 0 -0.52806785 0.84920218
  outer loop
   vertex -32.500000 -13.725000 7.924132
   vertex 32.500000 -14.233468 7.607947
   vertex 32.500000 -13.725000 7.924132
  endloop
 endfacet
 facet normal -1 0 0
  outer loop
   vertex -32.500000 -9.150000 0.000000
   vertex -32.500000 -14.233468 7.607947
   vertex -32.500000 -13.725000 7.924132
  endloop
 endfacet
 facet normal 1 0 0
  outer loop
   vertex 32.500000 -9.150000 0.000000
   vertex 32.500000 -13.725000 7.924132
   vertex 32.500000 -14.233468 7.607947
  endloop
 endfacet
 facet normal 0 -0.5824777 0.81284668
  outer loop
   vertex -32.500000 -14.233468 7.607947
   vertex -32.500000 -14.720167 7.259183
   vertex 32.500000 -14.720167 7.259183
  endloop
 endfacet
 facet normal 0 -0.5824777 0.81284668
  outer loop
   vertex -32.500000 -14.233468 7.607947
   vertex 32.500000 -14.720167 7.259183
   vertex 32.500000 -14.233468 7.607947
  endloop
 endfacet
 facet normal -1 0 0
  outer loop
   vertex -32.500000 -9.150000 0.000000
   vertex -32.500000 -14.720167 7.259183
   vertex -32.500000 -14.233468 7.607947
  endloop
 endfacet
 facet normal 1 0 0
  outer loop
   vertex 32.500000 -9.150000 0.000000
   vertex 32.500000 -14.233468 7.607947
   vertex 32.500000 -14.720167 7.259183
  endloop
 endfacet
 facet normal 0 -0.63439328 0.77301045
  outer loop
   vertex -32.500000 -14.720167 7.259183
   vertex -32.500000 -15.183014 6.879334
   vertex 32.500000 -15.183014 6.879334
  endloop
 endfacet
 facet normal 0 -0.63439328 0.77301045
  outer loop
   vertex -32.500000 -14.720167 7.259183
   vertex 32.500000 -15.183014 6.879334
   vertex 32.500000 -14.720167 7.259183
  endloop
 endfacet
 facet normal -1 0 0
  outer loop
   vertex -32.500000 -9.150000 0.000000
   vertex -32.500000 -15.183014 6.879334
   vertex -32.500000 -14.720167 7.259183
  endloop
 endfacet
 facet normal 1 0 0
  outer loop
   vertex 32.500000 -9.150000 0.000000
   vertex 32.500000 -14.720167 7.259183
   vertex 32.500000 -15.183014 6.879334
  endloop
 endfacet
 facet normal 0 -0.6835923 0.72986407
  outer loop
   vertex -32.500000 -15.183014 6.879334
   vertex -32.500000 -15.620027 6.470027
   vertex 32.500000 -15.620027 6.470027
  endloop
 endfacet
 facet normal 0 -0.6835923 0.72986407
  outer loop
   vertex -32.500000 -15.183014 6.879334
   vertex 32.500000 -15.620027 6.470027
   vertex 32.500000 -15.183014 6.879334
  endloop
 endfacet
 facet normal -1 0 0
  outer loop
   vertex -32.500000 -9.150000 0.000000
   vertex -32.500000 -15.620027 6.470027
   vertex -32.500000 -15.183014 6.879334
  endloop
 endfacet
 facet normal 1 0 0
  outer loop
   vertex 32.500000 -9.150000 0.000000
   vertex 32.500000 -15.183014 6.879334
   vertex 32.500000 -15.620027 6.470027
  endloop
 endfacet
 facet normal 0 -0.72986407 0.6835923
  outer loop
   vertex -32.500000 -15.620027 6.470027
   vertex -32.500000 -16.029334 6.033014
   vertex 32.500000 -16.029334 6.033014
  endloop
 endfacet
 facet normal 0 -0.72986407 0.6835923
  outer loop
   vertex -32.500000 -15.620027 6.470027
   vertex 32.500000 -16.029334 6.033014
   vertex 32.500000 -15.620027 6.470027
  endloop
 endfacet
 facet normal -1 0 0
  outer loop
   vertex -32.500000 -9.150000 0.000000
   vertex -32.500000 -16.029334 6.033014
   vertex -32.500000 -15.620027 6.470027
  endloop
 endfacet
 facet normal 1 0 0
  outer loop
   vertex 32.500000 -9.150000 0.000000
   vertex 32.500000 -15.620027 6.470027
   vertex 32.500000 -16.029334 6.033014
  endloop
 endfacet
 facet normal 0 -0.77301045 0.63439328
  outer loop
   vertex -32.500000 -16.029334 6.033014
   vertex -32.500000 -16.409183 5.570167
   vertex 32.500000 -16.409183 5.570167
  endloop
 endfacet
 facet normal 0 -0.77301045 0.63439328
  outer loop
   vertex -32.500000 -16.029334 6.033014
   vertex 32.500000 -16.409183 5.570167
   vertex 32.500000 -16.029334 6.033014
  endloop
 endfacet
 facet normal -1 0 0
  outer loop
   vertex -32.500000 -9.150000 0.000000
   vertex -32.500000 -16.409183 5.570167
   vertex -32.500000 -16.029334 6.033014
  endloop
 endfacet
 facet normal 1 0 0
  outer loop
   vertex 32.500000 -9.150000 0.000000
   vertex 32.500000 -16.029334 6.033014
   vertex 32.500000 -16.409183 5.570167
  endloop
 endfacet
 facet normal 0 -0.81284668 0.5824777
  outer loop
   vertex -32.500000 -16.409183 5.570167
   vertex -32.500000 -16.757947 5.083468
   vertex 32.500000 -16.757947 5.083468
  endloop
 endfacet
 facet normal 0 -0.81284668 0.5824777
  outer loop
   vertex -32.500000 -16.409183 5.570167
   vertex 32.500000 -16.757947 5.083468
   vertex 32.500000 -16.409183 5.570167
  endloop
 endfacet
 facet normal -1 0 0
  outer loop
   vertex -32.500000 -9.150000 0.000000
   vertex -32.500000 -16.757947 5.083468
   vertex -32.500000 -16.409183 5.570167
  endloop
 endfacet
 facet normal 1 0 0
  outer loop
   vertex 32.500000 -9.150000 0.000000
   vertex 32.500000 -16.409183 5.570167
   vertex 32.500000 -16.757947 5.083468
  endloop
 endfacet
 facet normal 0 -0.84920218 0.52806785
  outer loop
   vertex -32.500000 -16.757947 5.083468
   vertex -32.500000 -17.074132 4.575000
   vertex 32.500000 -17.074132 4.575000
  endloop
 endfacet
 facet normal 0 -0.84920218 0.52806785
  outer loop
   vertex -32.500000 -16.757947 5.083468
   vertex 32.500000 -17.074132 4.575000
   vertex 32.500000 -16.757947 5.083468
  endloop
 endfacet
 facet normal -1 0 0
  outer loop
   vertex -32.500000 -9.150000 0.000000
   vertex -32.500000 -17.074132 4.575000
   vertex -32.500000 -16.757947 5.083468
  endloop
 endfacet
 facet normal 1 0 0
  outer loop
   vertex 32.500000 -9.150000 0.000000
   vertex 32.500000 -16.757947 5.083468
   vertex 32.500000 -17.074132 4.575000
  endloop
 endfacet
 facet normal 0 -0.88192126 0.47139674
  outer loop
   vertex -32.500000 -17.074132 4.575000
   vertex -32.500000 -17.356386 4.046942
   vertex 32.500000 -17.356386 4.046942
  endloop
 endfacet
 facet normal 0 -0.88192126 0.47139674
  outer loop
   vertex -32.500000 -17.074132 4.575000
   vertex 32.500000 -17.356386 4.046942
   vertex 32.500000 -17.074132 4.575000
  endloop
 endfacet
 facet normal -1 0 0
  outer loop
   vertex -32.500000 -9.150000 0.000000
   vertex -32.500000 -17.356386 4.046942
   vertex -32.500000 -17.074132 4.575000
  endloop
 endfacet
 facet normal 1 0 0
  outer loop
   vertex 32.500000 -9.150000 0.000000
   vertex 32.500000 -17.074132 4.575000
   vertex 32.500000 -17.356386 4.046942
  endloop
 endfacet
 facet normal 0 -0.91086382 0.41270703
  outer loop
   vertex -32.500000 -17.356386 4.046942
   vertex -32.500000 -17.603498 3.501553
   vertex 32.500000 -17.603498 3.501553
  endloop
 endfacet
 facet normal 0 -0.91086382 0.41270703
  outer loop
   vertex -32.500000 -17.356386 4.046942
   vertex 32.500000 -17.603498 3.501553
   vertex 32.500000 -17.356386 4.046942
  endloop
 endfacet
 facet normal -1 0 0
  outer loop
   vertex -32.500000 -9.150000 0.000000
   vertex -32.500000 -17.603498 3.501553
   vertex -32.500000 -17.356386 4.046942
  endloop
 endfacet
 facet normal 1 0 0
  outer loop
   vertex 32.500000 -9.150000 0.000000
   vertex 32.500000 -17.356386 4.046942
   vertex 32.500000 -17.603498 3.501553
  endloop
 endfacet
 facet normal 0 -0.93590593 0.35225005
  outer loop
   vertex -32.500000 -17.603498 3.501553
   vertex -32.500000 -17.814411 2.941171
   vertex 32.500000 -17.814411 2.941171
  endloop
 endfacet
 facet normal 0 -0.93590593 0.35225005
  outer loop
   vertex -32.500000 -17.603498 3.501553
   vertex 32.500000 -17.814411 2.941171
   vertex 32.500000 -17.603498 3.501553
  endloop
 endfacet
 facet normal -1 0 0
  outer loop
   vertex -32.500000 -9.150000 0.000000
   vertex -32.500000 -17.814411 2.941171
   vertex -32.500000 -17.603498 3.501553
  endloop
 endfacet
 facet normal 1 0 0
  outer loop
   vertex 32.500000 -9.150000 0.000000
   vertex 32.500000 -17.603498 3.501553
   vertex 32.500000 -17.814411 2.941171
  endloop
 endfacet
 facet normal 0 -0.95694034 0.29028468
  outer loop
   vertex -32.500000 -17.814411 2.941171
   vertex -32.500000 -17.988221 2.368194
   vertex 32.500000 -17.988221 2.368194
  endloop
 endfacet
 facet normal 0 -0.95694034 0.29028468
  outer loop
   vertex -32.500000 -17.814411 2.941171
   vertex 32.500000 -17.988221 2.368194
   vertex 32.500000 -17.814411 2.941171
  endloop
 endfacet
 facet normal -1 0 0
  outer loop
   vertex -32.500000 -9.150000 0.000000
   vertex -32.500000 -17.988221 2.368194
   vertex -32.500000 -17.814411 2.941171
  endloop
 endfacet
 facet normal 1 0 0
  outer loop
   vertex 32.500000 -9.150000 0.000000
   vertex 32.500000 -17.814411 2.941171
   vertex 32.500000 -17.988221 2.368194
  endloop
 endfacet
 facet normal 0 -0.97387698 0.22707626
  outer loop
   vertex -32.500000 -17.988221 2.368194
   vertex -32.500000 -18.124185 1.785076
   vertex 32.500000 -18.124185 1.785076
  endloop
 endfacet
 facet normal 0 -0.97387698 0.22707626
  outer loop
   vertex -32.500000 -17.988221 2.368194
   vertex 32.500000 -18.124185 1.785076
   vertex 32.500000 -17.988221 2.368194
  endloop
 endfacet
 facet normal -1 0 0
  outer loop
   vertex -32.500000 -9.150000 0.000000
   vertex -32.500000 -18.124185 1.785076
   vertex -32.500000 -17.988221 2.368194
  endloop
 endfacet
 facet normal 1 0 0
  outer loop
   vertex 32.500000 -9.150000 0.000000
   vertex 32.500000 -17.988221 2.368194
   vertex 32.500000 -18.124185 1.785076
  endloop
 endfacet
 facet normal 0 -0.98664333 0.16289547
  outer loop
   vertex -32.500000 -18.124185 1.785076
   vertex -32.500000 -18.221720 1.194315
   vertex 32.500000 -18.221720 1.194315
  endloop
 endfacet
 facet normal 0 -0.98664333 0.16289547
  outer loop
   vertex -32.500000 -18.124185 1.785076
   vertex 32.500000 -18.221720 1.194315
   vertex 32.500000 -18.124185 1.785076
  endloop
 endfacet
 facet normal -1 0 0
  outer loop
   vertex -32.500000 -9.150000 0.000000
   vertex -32.500000 -18.221720 1.194315
   vertex -32.500000 -18.124185 1.785076
  endloop
 endfacet
 facet normal 1 0 0
  outer loop
   vertex 32.500000 -9.150000 0.000000
   vertex 32.500000 -18.124185 1.785076
   vertex 32.500000 -18.221720 1.194315
  endloop
 endfacet
 facet normal 0 -0.99518473 0.09801714
  outer loop
   vertex -32.500000 -18.221720 1.194315
   vertex -32.500000 -18.280409 0.598439
   vertex 32.500000 -18.280409 0.598439
  endloop
 endfacet
 facet normal 0 -0.99518473 0.09801714
  outer loop
   vertex -32.500000 -18.221720 1.194315
   vertex 32.500000 -18.280409 0.598439
   vertex 32.500000 -18.221720 1.194315
  endloop
 endfacet
 facet normal -1 0 0
  outer loop
   vertex -32.500000 -9.150000 0.000000
   vertex -32.500000 -18.280409 0.598439
   vertex -32.500000 -18.221720 1.194315
  endloop
 endfacet
 facet normal 1 0 0
  outer loop
   vertex 32.500000 -9.150000 0.000000
   vertex 32.500000 -18.221720 1.194315
   vertex 32.500000 -18.280409 0.598439
  endloop
 endfacet
 facet normal 0 -0.99946459 0.032719083
  outer loop
   vertex -32.500000 -18.280409 0.598439
   vertex -32.500000 -18.300000 0.000000
   vertex 32.500000 -18.300000 0.000000
  endloop
 endfacet
 facet normal 0 -0.99946459 0.032719083
  outer loop
   vertex -32.500000 -18.280409 0.598439
   vertex 32.500000 -18.300000 0.000000
   vertex 32.500000 -18.280409 0.598439
  endloop
 endfacet
 facet normal -1 0 0
  outer loop
   vertex -32.500000 -9.150000 0.000000
   vertex -32.500000 -18.300000 0.000000
   vertex -32.500000 -18.280409 0.598439
  endloop
 endfacet
 facet normal 1 0 0
  outer loop
   vertex 32.500000 -9.150000 0.000000
   vertex 32.500000 -18.280409 0.598439
   vertex 32.500000 -18.300000 0.000000
  endloop
 endfacet
 facet normal 0 -0.99946459 -0.032719083
  outer loop
   vertex -32.500000 -18.300000 0.000000
   vertex -32.500000 -18.280409 -0.598439
   vertex 32.500000 -18.280409 -0.598439
  endloop
 endfacet
 facet normal 0 -0.99946459 -0.032719083
  outer loop
   vertex -32.500000 -18.300000 0.000000
   vertex 32.500000 -18.280409 -0.598439
   vertex 32.500000 -18.300000 0.000000
  endloop
 endfacet
 facet normal -1 -0 0
  outer loop
   vertex -32.500000 -9.150000 0.000000
   vertex -32.500000 -18.280409 -0.598439
   vertex -32.500000 -18.300000 0.000000
  endloop
 endfacet
 facet normal 1 0 0
  outer loop
   vertex 32.500000 -9.150000 0.000000
   vertex 32.500000 -18.300000 0.000000
   vertex 32.500000 -18.280409 -0.598439
  endloop
 endfacet
 facet normal 0 -0.99518473 -0.09801714
  outer loop
   vertex -32.500000 -18.280409 -0.598439
   vertex -32.500000 -18.221720 -1.194315
   vertex 32.500000 -18.221720 -1.194315
  endloop
 endfacet
 facet normal 0 -0.99518473 -0.09801714
  outer loop
   vertex -32.500000 -18.280409 -0.598439
   vertex 32.500000 -18.221720 -1.194315
   vertex 32.500000 -18.280409 -0.598439
  endloop
 endfacet
 facet normal -1 0 0
  outer loop
   vertex -32.500000 -9.150000 0.000000
   vertex -32.500000 -18.221720 -1.194315
   vertex -32.500000 -18.280409 -0.598439
  endloop
 endfacet
 facet normal 1 0 0
  outer loop
   vertex 32.500000 -9.150000 0.000000
   vertex 32.500000 -18.280409 -0.598439
   vertex 32.500000 -18.221720 -1.194315
  endloop
 endfacet
 facet normal 0 -0.98664333 -0.16289547
  outer loop
   vertex -32.500000 -18.221720 -1.194315
   vertex -32.500000 -18.124185 -1.785076
   vertex 32.500000 -18.124185 -1.785076
  endloop
 endfacet
 facet normal 0 -0.98664333 -0.16289547
  outer loop
   vertex -32.500000 -18.221720 -1.194315
   vertex 32.500000 -18.124185 -1.785076
   vertex 32.500000 -18.221720 -1.194315
  endloop
 endfacet
 facet normal -1 0 0
  outer loop
   vertex -32.500000 -9.150000 0.000000
   vertex -32.500000 -18.124185 -1.785076
   vertex -32.500000 -18.221720 -1.194315
  endloop
 endfacet
 facet normal 1 0 0
  outer loop
   vertex 32.500000 -9.150000 0.000000
   vertex 32.500000 -18.221720 -1.194315
   vertex 32.500000 -18.124185 -1.785076
  endloop
 endfacet
 facet normal 0 -0.97387698 -0.22707626
  outer loop
   vertex -32.500000 -18.124185 -1.785076
   vertex -32.500000 -17.988221 -2.368194
   vertex 32.500000 -17.988221 -2.368194
  endloop
 endfacet
 facet normal 0 -0.97387698 -0.22707626
  outer loop
   vertex -32.500000 -18.124185 -1.785076
   vertex 32.500000 -17.988221 -2.368194
   vertex 32.500000 -18.124185 -1.785076
  endloop
 endfacet
 facet normal -1 0 0
  outer loop
   vertex -32.500000 -9.150000 0.000000
   vertex -32.500000 -17.988221 -2.368194
   vertex -32.500000 -18.124185 -1.785076
  endloop
 endfacet
 facet normal 1 0 0
  outer loop
   vertex 32.500000 -9.150000 0.000000
   vertex 32.500000 -18.124185 -1.785076
   vertex 32.500000 -17.988221 -2.368194
  endloop
 endfacet
 facet normal 0 -0.95694034 -0.29028468
  outer loop
   vertex -32.500000 -17.988221 -2.368194
   vertex -32.500000 -17.814411 -2.941171
   vertex 32.500000 -17.814411 -2.941171
  endloop
 endfacet
 facet normal 0 -0.95694034 -0.29028468
  outer loop
   vertex -32.500000 -17.988221 -2.368194
   vertex 32.500000 -17.814411 -2.941171
   vertex 32.500000 -17.988221 -2.368194
  endloop
 endfacet
 facet normal -1 0 0
  outer loop
   vertex -32.500000 -9.150000 0.000000
   vertex -32.500000 -17.814411 -2.941171
   vertex -32.500000 -17.988221 -2.368194
  endloop
 endfacet
 facet normal 1 0 0
  outer loop
   vertex 32.500000 -9.150000 0.000000
   vertex 32.500000 -17.988221 -2.368194
   vertex 32.500000 -17.814411 -2.941171
  endloop
 endfacet
 facet normal 0 -0.93590593 -0.35225005
  outer loop
   vertex -32.500000 -17.814411 -2.941171
   vertex -32.500000 -17.603498 -3.501553
   vertex 32.500000 -17.603498 -3.501553
  endloop
 endfacet
 facet normal 0 -0.93590593 -0.35225005
  outer loop
   vertex -32.500000 -17.814411 -2.941171
   vertex 32.500000 -17.603498 -3.501553
   vertex 32.500000 -17.814411 -2.941171
  endloop
 endfacet
 facet normal -1 0 0
  outer loop
   vertex -32.500000 -9.150000 0.000000
   vertex -32.500000 -17.603498 -3.501553
   vertex -32.500000 -17.814411 -2.941171
  endloop
 endfacet
 facet normal 1 0 0
  outer loop
   vertex 32.500000 -9.150000 0.000000
   vertex 32.500000 -17.814411 -2.941171
   vertex 32.500000 -17.603498 -3.501553
  endloop
 endfacet
 facet normal 0 -0.91086382 -0.41270703
  outer loop
   vertex -32.500000 -17.603498 -3.501553
   vertex -32.500000 -17.356386 -4.046942
   vertex 32.500000 -17.356386 -4.046942
  endloop
 endfacet
 facet normal 0 -0.91086382 -0.41270703
  outer loop
   vertex -32.500000 -17.603498 -3.501553
   vertex 32.500000 -17.356386 -4.046942
   vertex 32.500000 -17.603498 -3.501553
  endloop
 endfacet
 facet normal -1 0 0
  outer loop
   vertex -32.500000 -9.150000 0.000000
   vertex -32.500000 -17.356386 -4.046942
   vertex -32.500000 -17.603498 -3.501553
  endloop
 endfacet
 facet normal 1 0 0
  outer loop
   vertex 32.500000 -9.150000 0.000000
   vertex 32.500000 -17.603498 -3.501553
   vertex 32.500000 -17.356386 -4.046942
  endloop
 endfacet
 facet normal 0 -0.88192126 -0.47139674
  outer loop
   vertex -32.500000 -17.356386 -4.046942
   vertex -32.500000 -17.074132 -4.575000
   vertex 32.500000 -17.074132 -4.575000
  endloop
 endfacet
 facet normal 0 -0.88192126 -0.47139674
  outer loop
   vertex -32.500000 -17.356386 -4.046942
   vertex 32.500000 -17.074132 -4.575000
   vertex 32.500000 -17.356386 -4.046942
  endloop
 endfacet
 facet normal -1 0 0
  outer loop
   vertex -32.500000 -9.150000 0.000000
   vertex -32.500000 -17.074132 -4.575000
   vertex -32.500000 -17.356386 -4.046942
  endloop
 endfacet
 facet normal 1 0 0
  outer loop
   vertex 32.500000 -9.150000 0.000000
   vertex 32.500000 -17.356386 -4.046942
   vertex 32.500000 -17.074132 -4.575000
  endloop
 endfacet
 facet normal 0 -0.84920218 -0.52806785
  outer loop
   vertex -32.500000 -17.074132 -4.575000
   vertex -32.500000 -16.757947 -5.083468
   vertex 32.500000 -16.757947 -5.083468
  endloop
 endfacet
 facet normal 0 -0.84920218 -0.52806785
  outer loop
   vertex -32.500000 -17.074132 -4.575000
   vertex 32.500000 -16.757947 -5.083468
   vertex 32.500000 -17.074132 -4.575000
  endloop
 endfacet
 facet normal -1 0 0
  outer loop
   vertex -32.500000 -9.150000 0.000000
   vertex -32.500000 -16.757947 -5.083468
   vertex -32.500000 -17.074132 -4.575000
  endloop
 endfacet
 facet normal 1 0 0
  outer loop
   vertex 32.500000 -9.150000 0.000000
   vertex 32.500000 -17.074132 -4.575000
   vertex 32.500000 -16.757947 -5.083468
  endloop
 endfacet
 facet normal 0 -0.81284668 -0.5824777
  outer loop
   vertex -32.500000 -16.757947 -5.083468
   vertex -32.500000 -16.409183 -5.570167
   vertex 32.500000 -16.409183 -5.570167
  endloop
 endfacet
 facet normal 0 -0.81284668 -0.5824777
  outer loop
   vertex -32.500000 -16.757947 -5.083468
   vertex 32.500000 -16.409183 -5.570167
   vertex 32.500000 -16.757947 -5.083468
  endloop
 endfacet
 facet normal -1 0 0
  outer loop
   vertex -32.500000 -9.150000 0.000000
   vertex -32.500000 -16.409183 -5.570167
   vertex -32.500000 -16.757947 -5.083468
  endloop
 endfacet
 facet normal 1 0 0
  outer loop
   vertex 32.500000 -9.150000 0.000000
   vertex 32.500000 -16.757947 -5.083468
   vertex 32.500000 -16.409183 -5.570167
  endloop
 endfacet
 facet normal 0 -0.77301045 -0.63439328
  outer loop
   vertex -32.500000 -16.409183 -5.570167
   vertex -32.500000 -16.029334 -6.033014
   vertex 32.500000 -16.029334 -6.033014
  endloop
 endfacet
 facet normal 0 -0.77301045 -0.63439328
  outer loop
   vertex -32.500000 -16.409183 -5.570167
   vertex 32.500000 -16.029334 -6.033014
   vertex 32.500000 -16.409183 -5.570167
  endloop
 endfacet
 facet normal -1 0 0
  outer loop
   vertex -32.500000 -9.150000 0.000000
   vertex -32.500000 -16.029334 -6.033014
   vertex -32.500000 -16.409183 -5.570167
  endloop
 endfacet
 facet normal 1 0 0
  outer loop
   vertex 32.500000 -9.150000 0.000000
   vertex 32.500000 -16.409183 -5.570167
   vertex 32.500000 -16.029334 -6.033014
  endloop
 endfacet
 facet normal 0 -0.72986407 -0.6835923
  outer loop
   vertex -32.500000 -16.029334 -6.033014
   vertex -32.500000 -15.620027 -6.470027
   vertex 32.500000 -15.620027 -6.470027
  endloop
 endfacet
 facet normal 0 -0.72986407 -0.6835923
  outer loop
   vertex -32.500000 -16.029334 -6.033014
   vertex 32.500000 -15.620027 -6.470027
   vertex 32.500000 -16.029334 -6.033014
  endloop
 endfacet
 facet normal -1 0 0
  outer loop
   vertex -32.500000 -9.150000 0.000000
   vertex -32.500000 -15.620027 -6.470027
   vertex -32.500000 -16.029334 -6.033014
  endloop
 endfacet
 facet normal 1 0 0
  outer loop
   vertex 32.500000 -9.150000 0.000000
   vertex 32.500000 -16.029334 -6.033014
   vertex 32.500000 -15.620027 -6.470027
  endloop
 endfacet
 facet normal 0 -0.6835923 -0.72986407
  outer loop
   vertex -32.500000 -15.620027 -6.470027
   vertex -32.500000 -15.183014 -6.879334
   vertex 32.500000 -15.183014 -6.879334
  endloop
 endfacet
 facet normal 0 -0.6835923 -0.72986407
  outer loop
   vertex -32.500000 -15.620027 -6.470027
   vertex 32.500000 -15.183014 -6.879334
   vertex 32.500000 -15.620027 -6.470027
  endloop
 endfacet
 facet normal -1 0 0
  outer loop
   vertex -32.500000 -9.150000 0.000000
   vertex -32.500000 -15.183014 -6.879334
   vertex -32.500000 -15.620027 -6.470027
  endloop
 endfacet
 facet normal 1 0 0
  outer loop
   vertex 32.500000 -9.150000 0.000000
   vertex 32.500000 -15.620027 -6.470027
   vertex 32.500000 -15.183014 -6.879334
  endloop
 endfacet
 facet normal 0 -0.63439328 -0.77301045
  outer loop
   vertex -32.500000 -15.183014 -6.879334
   vertex -32.500000 -14.720167 -7.259183
   vertex 32.500000 -14.720167 -7.259183
  endloop
 endfacet
 facet normal 0 -0.63439328 -0.77301045
  outer loop
   vertex -32.500000 -15.183014 -6.879334
   vertex 32.500000 -14.720167 -7.259183
   vertex 32.500000 -15.183014 -6.879334
  endloop
 endfacet
 facet normal -1 0 0
  outer loop
   vertex -32.500000 -9.150000 0.000000
   vertex -32.500000 -14.720167 -7.259183
   vertex -32.500000 -15.183014 -6.879334
  endloop
 endfacet
 facet normal 1 0 0
  outer loop
   vertex 32.500000 -9.150000 0.000000
   vertex 32.500000 -15.183014 -6.879334
   vertex 32.500000 -14.720167 -7.259183
  endloop
 endfacet
 facet normal 0 -0.5824777 -0.81284668
  outer loop
   vertex -32.500000 -14.720167 -7.259183
   vertex -32.500000 -14.233468 -7.607947
   vertex 32.500000 -14.233468 -7.607947
  endloop
 endfacet
 facet normal 0 -0.5824777 -0.81284668
  outer loop
   vertex -32.500000 -14.720167 -7.259183
   vertex 32.500000 -14.233468 -7.607947
   vertex 32.500000 -14.720167 -7.259183
  endloop
 endfacet
 facet normal -1 0 0
  outer loop
   vertex -32.500000 -9.150000 0.000000
   vertex -32.500000 -14.233468 -7.607947
   vertex -32.500000 -14.720167 -7.259183
  endloop
 endfacet
 facet normal 1 0 0
  outer loop
   vertex 32.500000 -9.150000 0.000000
   vertex 32.500000 -14.720167 -7.259183
   vertex 32.500000 -14.233468 -7.607947
  endloop
 endfacet
 facet normal 0 -0.52806785 -0.84920218
  outer loop
   vertex -32.500000 -14.233468 -7.607947
   vertex -32.500000 -13.725000 -7.924132
   vertex 32.500000 -13.725000 -7.924132
  endloop
 endfacet
 facet normal 0 -0.52806785 -0.84920218
  outer loop
   vertex -32.500000 -14.233468 -7.607947
   vertex 32.500000 -13.725000 -7.924132
   vertex 32.500000 -14.233468 -7.607947
  endloop
 endfacet
 facet normal -1 0 0
  outer loop
   vertex -32.500000 -9.150000 0.000000
   vertex -32.500000 -13.725000 -7.924132
   vertex -32.500000 -14.233468 -7.607947
  endloop
 endfacet
 facet normal 1 0 0
  outer loop
   vertex 32.500000 -9.150000 0.000000
   vertex 32.500000 -14.233468 -7.607947
   vertex 32.500000 -13.725000 -7.924132
  endloop
 endfacet
 facet normal 0 -0.47139674 -0.88192126
  outer loop
   vertex -32.500000 -13.725000 -7.924132
   vertex -32.500000 -13.196942 -8.206386
   vertex 32.500000 -13.196942 -8.206386
  endloop
 endfacet
 facet normal 0 -0.47139674 -0.88192126
  outer loop
   vertex -32.500000 -13.725000 -7.924132
   vertex 32.500000 -13.196942 -8.206386
   vertex 32.500000 -13.725000 -7.924132
  endloop
 endfacet
 facet normal -1 0 0
  outer loop
   vertex -32.500000 -9.150000 0.000000
   vertex -32.500000 -13.196942 -8.206386
   vertex -32.500000 -13.725000 -7.924132
  endloop
 endfacet
 facet normal 1 0 0
  outer loop
   vertex 32.500000 -9.150000 0.000000
   vertex 32.500000 -13.725000 -7.924132
   vertex 32.500000 -13.196942 -8.206386
  endloop
 endfacet
 facet normal 0 -0.41270703 -0.91086382
  outer loop
   vertex -32.500000 -13.196942 -8.206386
   vertex -32.500000 -12.651553 -8.453498
   vertex 32.500000 -12.651553 -8.453498
  endloop
 endfacet
 facet normal 0 -0.41270703 -0.91086382
  outer loop
   vertex -32.500000 -13.196942 -8.206386
   vertex 32.500000 -12.651553 -8.453498
   vertex 32.500000 -13.196942 -8.206386
  endloop
 endfacet
 facet normal -1 0 0
  outer loop
   vertex -32.500000 -9.150000 0.000000
   vertex -32.500000 -12.651553 -8.453498
   vertex -32.500000 -13.196942 -8.206386
  endloop
 endfacet
 facet normal 1 0 0
  outer loop
   vertex 32.500000 -9.150000 0.000000
   vertex 32.500000 -13.196942 -8.206386
   vertex 32.500000 -12.651553 -8.453498
  endloop
 endfacet
 facet normal 0 -0.35225005 -0.93590593
  outer loop
   vertex -32.500000 -12.651553 -8.453498
   vertex -32.500000 -12.091171 -8.664411
   vertex 32.500000 -12.091171 -8.664411
  endloop
 endfacet
 facet normal 0 -0.35225005 -0.93590593
  outer loop
   vertex -32.500000 -12.651553 -8.453498
   vertex 32.500000 -12.091171 -8.664411
   vertex 32.500000 -12.651553 -8.453498
  endloop
 endfacet
 facet normal -1 0 0
  outer loop
   vertex -32.500000 -9.150000 0.000000
   vertex -32.500000 -12.091171 -8.664411
   vertex -32.500000 -12.651553 -8.453498
  endloop
 endfacet
 facet normal 1 0 0
  outer loop
   vertex 32.500000 -9.150000 0.000000
   vertex 32.500000 -12.651553 -8.453498
   vertex 32.500000 -12.091171 -8.664411
  endloop
 endfacet
 facet normal 0 -0.29028468 -0.95694034
  outer loop
   vertex -32.500000 -12.091171 -8.664411
   vertex -32.500000 -11.518194 -8.838221
   vertex 32.500000 -11.518194 -8.838221
  endloop
 endfacet
 facet normal 0 -0.29028468 -0.95694034
  outer loop
   vertex -32.500000 -12.091171 -8.664411
   vertex 32.500000 -11.518194 -8.838221
   vertex 32.500000 -12.091171 -8.664411
  endloop
 endfacet
 facet normal -1 0 0
  outer loop
   vertex -32.500000 -9.150000 0.000000
   vertex -32.500000 -11.518194 -8.838221
   vertex -32.500000 -12.091171 -8.664411
  endloop
 endfacet
 facet normal 1 0 0
  outer loop
   vertex 32.500000 -9.150000 0.000000
   vertex 32.500000 -12.091171 -8.664411
   vertex 32.500000 -11.518194 -8.838221
  endloop
 endfacet
 facet normal 0 -0.22707626 -0.97387698
  outer loop
   vertex -32.500000 -11.518194 -8.838221
   vertex -32.500000 -10.935076 -8.974185
   vertex 32.500000 -10.935076 -8.974185
  endloop
 endfacet
 facet normal 0 -0.22707626 -0.97387698
  outer loop
   vertex -32.500000 -11.518194 -8.838221
   vertex 32.500000 -10.935076 -8.974185
   vertex 32.500000 -11.518194 -8.838221
  endloop
 endfacet
 facet normal -1 0 0
  outer loop
   vertex -32.500000 -9.150000 0.000000
   vertex -32.500000 -10.935076 -8.974185
   vertex -32.500000 -11.518194 -8.838221
  endloop
 endfacet
 facet normal 1 0 0
  outer loop
   vertex 32.500000 -9.150000 0.000000
   vertex 32.500000 -11.518194 -8.838221
   vertex 32.500000 -10.935076 -8.974185
  endloop
 endfacet
 facet normal 0 -0.16289547 -0.98664333
  outer loop
   vertex -32.500000 -10.935076 -8.974185
   vertex -32.500000 -10.344315 -9.071720
   vertex 32.500000 -10.344315 -9.071720
  endloop
 endfacet
 facet normal 0 -0.16289547 -0.98664333
  outer loop
   vertex -32.500000 -10.935076 -8.974185
   vertex 32.500000 -10.344315 -9.071720
   vertex 32.500000 -10.935076 -8.974185
  endloop
 endfacet
 facet normal -1 0 0
  outer loop
   vertex -32.500000 -9.150000 0.000000
   vertex -32.500000 -10.344315 -9.071720
   vertex -32.500000 -10.935076 -8.974185
  endloop
 endfacet
 facet normal 1 0 0
  outer loop
   vertex 32.500000 -9.150000 0.000000
   vertex 32.500000 -10.935076 -8.974185
   vertex 32.500000 -10.344315 -9.071720
  endloop
 endfacet
 facet normal 0 -0.09801714 -0.99518473
  outer loop
   vertex -32.500000 -10.344315 -9.071720
   vertex -32.500000 -9.748439 -9.130409
   vertex 32.500000 -9.748439 -9.130409
  endloop
 endfacet
 facet normal 0 -0.09801714 -0.99518473
  outer loop
   vertex -32.500000 -10.344315 -9.071720
   vertex 32.500000 -9.748439 -9.130409
   vertex 32.500000 -10.344315 -9.071720
  endloop
 endfacet
 facet normal -1 0 0
  outer loop
   vertex -32.500000 -9.150000 0.000000
   vertex -32.500000 -9.748439 -9.130409
   vertex -32.500000 -10.344315 -9.071720
  endloop
 endfacet
 facet normal 1 0 0
  outer loop
   vertex 32.500000 -9.150000 0.000000
   vertex 32.500000 -10.344315 -9.071720
   vertex 32.500000 -9.748439 -9.130409
  endloop
 endfacet
 facet normal 0 -0.032719083 -0.99946459
  outer loop
   vertex -32.500000 -9.748439 -9.130409
   vertex -32.500000 -9.150000 -9.150000
   vertex 32.500000 -9.150000 -9.150000
  endloop
 endfacet
 facet normal 0 -0.032719083 -0.99946459
  outer loop
   vertex -32.500000 -9.748439 -9.130409
   vertex 32.500000 -9.150000 -9.150000
   vertex 32.500000 -9.748439 -9.130409
  endloop
 endfacet
 facet normal -1 0 0
  outer loop
   vertex -32.500000 -9.150000 0.000000
   vertex -32.500000 -9.150000 -9.150000
   vertex -32.500000 -9.748439 -9.130409
  endloop
 endfacet
 facet normal 1 0 0
  outer loop
   vertex 32.500000 -9.150000 0.000000
   vertex 32.500000 -9.748439 -9.130409
   vertex 32.500000 -9.150000 -9.150000
  endloop
 endfacet
 facet normal 0 0.032719083 -0.99946459
  outer loop
   vertex -32.500000 -9.150000 -9.150000
   vertex -32.500000 -8.551561 -9.130409
   vertex 32.500000 -8.551561 -9.130409
  endloop
 endfacet
 facet normal 0 0.032719083 -0.99946459
  outer loop
   vertex -32.500000 -9.150000 -9.150000
   vertex 32.500000 -8.551561 -9.130409
   vertex 32.500000 -9.150000 -9.150000
  endloop
 endfacet
 facet normal -1 0 -0
  outer loop
   vertex -32.500000 -9.150000 0.000000
   vertex -32.500000 -8.551561 -9.130409
   vertex -32.500000 -9.150000 -9.150000
  endloop
 endfacet
 facet normal 1 0 0
  outer loop
   vertex 32.500000 -9.150000 0.000000
   vertex 32.500000 -9.150000 -9.150000
   vertex 32.500000 -8.551561 -9.130409
  endloop
 endfacet
 facet normal 0 0.09801714 -0.99518473
  outer loop
   vertex -32.500000 -8.551561 -9.130409
   vertex -32.500000 -7.955685 -9.071720
   vertex 32.500000 -7.955685 -9.071720
  endloop
 endfacet
 facet normal 0 0.09801714 -0.99518473
  outer loop
   vertex -32.500000 -8.551561 -9.130409
   vertex 32.500000 -7.955685 -9.071720
   vertex 32.500000 -8.551561 -9.130409
  endloop
 endfacet
 facet normal -1 0 0
  outer loop
   vertex -32.500000 -9.150000 0.000000
   vertex -32.500000 -7.955685 -9.071720
   vertex -32.500000 -8.551561 -9.130409
  endloop
 endfacet
 facet normal 1 0 0
  outer loop
   vertex 32.500000 -9.150000 0.000000
   vertex 32.500000 -8.551561 -9.130409
   vertex 32.500000 -7.955685 -9.071720
  endloop
 endfacet
 facet normal 0 0.16289547 -0.98664333
  outer loop
   vertex -32.500000 -7.955685 -9.071720
   vertex -32.500000 -7.364924 -8.974185
   vertex 32.500000 -7.364924 -8.974185
  endloop
 endfacet
 facet normal 0 0.16289547 -0.98664333
  outer loop
   vertex -32.500000 -7.955685 -9.071720
   vertex 32.500000 -7.364924 -8.974185
   vertex 32.500000 -7.955685 -9.071720
  endloop
 endfacet
 facet normal -1 0 0
  outer loop
   vertex -32.500000 -9.150000 0.000000
   vertex -32.500000 -7.364924 -8.974185
   vertex -32.500000 -7.955685 -9.071720
  endloop
 endfacet
 facet normal 1 0 0
  outer loop
   vertex 32.500000 -9.150000 0.000000
   vertex 32.500000 -7.955685 -9.071720
   vertex 32.500000 -7.364924 -8.974185
  endloop
 endfacet
 facet normal 0 0.22707626 -0.97387698
  outer loop
   vertex -32.500000 -7.364924 -8.974185
   vertex -32.500000 -6.781806 -8.838221
   vertex 32.500000 -6.781806 -8.838221
  endloop
 endfacet
 facet normal 0 0.22707626 -0.97387698
  outer loop
   vertex -32.500000 -7.364924 -8.974185
   vertex 32.500000 -6.781806 -8.838221
   vertex 32.500000 -7.364924 -8.974185
  endloop
 endfacet
 facet normal -1 0 0
  outer loop
   vertex -32.500000 -9.150000 0.000000
   vertex -32.500000 -6.781806 -8.838221
   vertex -32.500000 -7.364924 -8.974185
  endloop
 endfacet
 facet normal 1 0 0
  outer loop
   vertex 32.500000 -9.150000 0.000000
   vertex 32.500000 -7.364924 -8.974185
   vertex 32.500000 -6.781806 -8.838221
  endloop
 endfacet
 facet normal 0 0.29028468 -0.95694034
  outer loop
   vertex -32.500000 -6.781806 -8.838221
   vertex -32.500000 -6.208829 -8.664411
   vertex 32.500000 -6.208829 -8.664411
  endloop
 endfacet
 facet normal 0 0.29028468 -0.95694034
  outer loop
   vertex -32.500000 -6.781806 -8.838221
   vertex 32.500000 -6.208829 -8.664411
   vertex 32.500000 -6.781806 -8.838221
  endloop
 endfacet
 facet normal -1 0 0
  outer loop
   vertex -32.500000 -9.150000 0.000000
   vertex -32.500000 -6.208829 -8.664411
   vertex -32.500000 -6.781806 -8.838221
  endloop
 endfacet
 facet normal 1 0 0
  outer loop
   vertex 32.500000 -9.150000 0.000000
   vertex 32.500000 -6.781806 -8.838221
   vertex 32.500000 -6.208829 -8.664411
  endloop
 endfacet
 facet normal 0 0.35225005 -0.93590593
  outer loop
   vertex -32.500000 -6.208829 -8.664411
   vertex -32.500000 -5.648447 -8.453498
   vertex 32.500000 -5.648447 -8.453498
  endloop
 endfacet
 facet normal 0 0.35225005 -0.93590593
  outer loop
   vertex -32.500000 -6.208829 -8.664411
   vertex 32.500000 -5.648447 -8.453498
   vertex 32.500000 -6.208829 -8.664411
  endloop
 endfacet
 facet normal -1 0 0
  outer loop
   vertex -32.500000 -9.150000 0.000000
   vertex -32.500000 -5.648447 -8.453498
   vertex -32.500000 -6.208829 -8.664411
  endloop
 endfacet
 facet normal 1 0 0
  outer loop
   vertex 32.500000 -9.150000 0.000000
   vertex 32.500000 -6.208829 -8.664411
   vertex 32.500000 -5.648447 -8.453498
  endloop
 endfacet
 facet normal 0 0.41270703 -0.91086382
  outer loop
   vertex -32.500000 -5.648447 -8.453498
   vertex -32.500000 -5.103058 -8.206386
   vertex 32.500000 -5.103058 -8.206386
  endloop
 endfacet
 facet normal 0 0.41270703 -0.91086382
  outer loop
   vertex -32.500000 -5.648447 -8.453498
   vertex 32.500000 -5.103058 -8.206386
   vertex 32.500000 -5.648447 -8.453498
  endloop
 endfacet
 facet normal -1 0 0
  outer loop
   vertex -32.500000 -9.150000 0.000000
   vertex -32.500000 -5.103058 -8.206386
   vertex -32.500000 -5.648447 -8.453498
  endloop
 endfacet
 facet normal 1 0 0
  outer loop
   vertex 32.500000 -9.150000 0.000000
   vertex 32.500000 -5.648447 -8.453498
   vertex 32.500000 -5.103058 -8.206386
  endloop
 endfacet
 facet normal 0 0.47139674 -0.88192126
  outer loop
   vertex -32.500000 -5.103058 -8.206386
   vertex -32.500000 -4.575000 -7.924132
   vertex 32.500000 -4.575000 -7.924132
  endloop
 endfacet
 facet normal 0 0.47139674 -0.88192126
  outer loop
   vertex -32.500000 -5.103058 -8.206386
   vertex 32.500000 -4.575000 -7.924132
   vertex 32.500000 -5.103058 -8.206386
  endloop
 endfacet
 facet normal -1 0 0
  outer loop
   vertex -32.500000 -9.150000 0.000000
   vertex -32.500000 -4.575000 -7.924132
   vertex -32.500000 -5.103058 -8.206386
  endloop
 endfacet
 facet normal 1 0 0
  outer loop
   vertex 32.500000 -9.150000 0.000000
   vertex 32.500000 -5.103058 -8.206386
   vertex 32.500000 -4.575000 -7.924132
  endloop
 endfacet
 facet normal 0 0.52806785 -0.84920218
  outer loop
   vertex -32.500000 -4.575000 -7.924132
   vertex -32.500000 -4.066532 -7.607947
   vertex 32.500000 -4.066532 -7.607947
  endloop
 endfacet
 facet normal 0 0.52806785 -0.84920218
  outer loop
   vertex -32.500000 -4.575000 -7.924132
   vertex 32.500000 -4.066532 -7.607947
   vertex 32.500000 -4.575000 -7.924132
  endloop
 endfacet
 facet normal -1 0 0
  outer loop
   vertex -32.500000 -9.150000 0.000000
   vertex -32.500000 -4.066532 -7.607947
   vertex -32.500000 -4.575000 -7.924132
  endloop
 endfacet
 facet normal 1 0 0
  outer loop
   vertex 32.500000 -9.150000 0.000000
   vertex 32.500000 -4.575000 -7.924132
   vertex 32.500000 -4.066532 -7.607947
  endloop
 endfacet
 facet normal 0 0.5824777 -0.81284668
  outer loop
   vertex -32.500000 -4.066532 -7.607947
   vertex -32.500000 -3.579833 -7.259183
   vertex 32.500000 -3.579833 -7.259183
  endloop
 endfacet
 facet normal 0 0.5824777 -0.81284668
  outer loop
   vertex -32.500000 -4.066532 -7.607947
   vertex 32.500000 -3.579833 -7.259183
   vertex 32.500000 -4.066532 -7.607947
  endloop
 endfacet
 facet normal -1 0 0
  outer loop
   vertex -32.500000 -9.150000 0.000000
   vertex -32.500000 -3.579833 -7.259183
   vertex -32.500000 -4.066532 -7.607947
  endloop
 endfacet
 facet normal 1 0 0
  outer loop
   vertex 32.500000 -9.150000 0.000000
   vertex 32.500000 -4.066532 -7.607947
   vertex 32.500000 -3.579833 -7.259183
  endloop
 endfacet
 facet normal 0 0.63439328 -0.77301045
  outer loop
   vertex -32.500000 -3.579833 -7.259183
   vertex -32.500000 -3.116986 -6.879334
   vertex 32.500000 -3.116986 -6.879334
  endloop
 endfacet
 facet normal 0 0.63439328 -0.77301045
  outer loop
   vertex -32.500000 -3.579833 -7.259183
   vertex 32.500000 -3.116986 -6.879334
   vertex 32.500000 -3.579833 -7.259183
  endloop
 endfacet
 facet normal -1 0 0
  outer loop
   vertex -32.500000 -9.150000 0.000000
   vertex -32.500000 -3.116986 -6.879334
   vertex -32.500000 -3.579833 -7.259183
  endloop
 endfacet
 facet normal 1 0 0
  outer loop
   vertex 32.500000 -9.150000 0.000000
   vertex 32.500000 -3.579833 -7.259183
   vertex 32.500000 -3.116986 -6.879334
  endloop
 endfacet
 facet normal 0 0.6835923 -0.72986407
  outer loop
   vertex -32.500000 -3.116986 -6.879334
   vertex -32.500000 -2.679973 -6.470027
   vertex 32.500000 -2.679973 -6.470027
  endloop
 endfacet
 facet normal 0 0.6835923 -0.72986407
  outer loop
   vertex -32.500000 -3.116986 -6.879334
   vertex 32.500000 -2.679973 -6.470027
   vertex 32.500000 -3.116986 -6.879334
  endloop
 endfacet
 facet normal -1 0 0
  outer loop
   vertex -32.500000 -9.150000 0.000000
   vertex -32.500000 -2.679973 -6.470027
   vertex -32.500000 -3.116986 -6.879334
  endloop
 endfacet
 facet normal 1 0 0
  outer loop
   vertex 32.500000 -9.150000 0.000000
   vertex 32.500000 -3.116986 -6.879334
   vertex 32.500000 -2.679973 -6.470027
  endloop
 endfacet
 facet normal 0 0.72986407 -0.6835923
  outer loop
   vertex -32.500000 -2.679973 -6.470027
   vertex -32.500000 -2.270666 -6.033014
   vertex 32.500000 -2.270666 -6.033014
  endloop
 endfacet
 facet normal 0 0.72986407 -0.6835923
  outer loop
   vertex -32.500000 -2.679973 -6.470027
   vertex 32.500000 -2.270666 -6.033014
   vertex 32.500000 -2.679973 -6.470027
  endloop
 endfacet
 facet normal -1 0 0
  outer loop
   vertex -32.500000 -9.150000 0.000000
   vertex -32.500000 -2.270666 -6.033014
   vertex -32.500000 -2.679973 -6.470027
  endloop
 endfacet
 facet normal 1 0 0
  outer loop
   vertex 32.500000 -9.150000 0.000000
   vertex 32.500000 -2.679973 -6.470027
   vertex 32.500000 -2.270666 -6.033014
  endloop
 endfacet
 facet normal 0 0.77301045 -0.63439328
  outer loop
   vertex -32.500000 -2.270666 -6.033014
   vertex -32.500000 -1.890817 -5.570167
   vertex 32.500000 -1.890817 -5.570167
  endloop
 endfacet
 facet normal 0 0.77301045 -0.63439328
  outer loop
   vertex -32.500000 -2.270666 -6.033014
   vertex 32.500000 -1.890817 -5.570167
   vertex 32.500000 -2.270666 -6.033014
  endloop
 endfacet
 facet normal -1 0 0
  outer loop
   vertex -32.500000 -9.150000 0.000000
   vertex -32.500000 -1.890817 -5.570167
   vertex -32.500000 -2.270666 -6.033014
  endloop
 endfacet
 facet normal 1 0 0
  outer loop
   vertex 32.500000 -9.150000 0.000000
   vertex 32.500000 -2.270666 -6.033014
   vertex 32.500000 -1.890817 -5.570167
  endloop
 endfacet
 facet normal 0 0.81284668 -0.5824777
  outer loop
   vertex -32.500000 -1.890817 -5.570167
   vertex -32.500000 -1.542053 -5.083468
   vertex 32.500000 -1.542053 -5.083468
  endloop
 endfacet
 facet normal 0 0.81284668 -0.5824777
  outer loop
   vertex -32.500000 -1.890817 -5.570167
   vertex 32.500000 -1.542053 -5.083468
   vertex 32.500000 -1.890817 -5.570167
  endloop
 endfacet
 facet normal -1 0 0
  outer loop
   vertex -32.500000 -9.150000 0.000000
   vertex -32.500000 -1.542053 -5.083468
   vertex -32.500000 -1.890817 -5.570167
  endloop
 endfacet
 facet normal 1 0 0
  outer loop
   vertex 32.500000 -9.150000 0.000000
   vertex 32.500000 -1.890817 -5.570167
   vertex 32.500000 -1.542053 -5.083468
  endloop
 endfacet
 facet normal 0 0.84920218 -0.52806785
  outer loop
   vertex -32.500000 -1.542053 -5.083468
   vertex -32.500000 -1.225868 -4.575000
   vertex 32.500000 -1.225868 -4.575000
  endloop
 endfacet
 facet normal 0 0.84920218 -0.52806785
  outer loop
   vertex -32.500000 -1.542053 -5.083468
   vertex 32.500000 -1.225868 -4.575000
   vertex 32.500000 -1.542053 -5.083468
  endloop
 endfacet
 facet normal -1 0 0
  outer loop
   vertex -32.500000 -9.150000 0.000000
   vertex -32.500000 -1.225868 -4.575000
   vertex -32.500000 -1.542053 -5.083468
  endloop
 endfacet
 facet normal 1 0 0
  outer loop
   vertex 32.500000 -9.150000 0.000000
   vertex 32.500000 -1.542053 -5.083468
   vertex 32.500000 -1.225868 -4.575000
  endloop
 endfacet
 facet normal 0 0.88192126 -0.47139674
  outer loop
   vertex -32.500000 -1.225868 -4.575000
   vertex -32.500000 -0.943614 -4.046942
   vertex 32.500000 -0.943614 -4.046942
  endloop
 endfacet
 facet normal 0 0.88192126 -0.47139674
  outer loop
   vertex -32.500000 -1.225868 -4.575000
   vertex 32.500000 -0.943614 -4.046942
   vertex 32.500000 -1.225868 -4.575000
  endloop
 endfacet
 facet normal -1 0 0
  outer loop
   vertex -32.500000 -9.150000 0.000000
   vertex -32.500000 -0.943614 -4.046942
   vertex -32.500000 -1.225868 -4.575000
  endloop
 endfacet
 facet normal 1 0 0
  outer loop
   vertex 32.500000 -9.150000 0.000000
   vertex 32.500000 -1.225868 -4.575000
   vertex 32.500000 -0.943614 -4.046942
  endloop
 endfacet
 facet normal 0 0.91086382 -0.41270703
  outer loop
   vertex -32.500000 -0.943614 -4.046942
   vertex -32.500000 -0.696502 -3.501553
   vertex 32.500000 -0.696502 -3.501553
  endloop
 endfacet
 facet normal 0 0.91086382 -0.41270703
  outer loop
   vertex -32.500000 -0.943614 -4.046942
   vertex 32.500000 -0.696502 -3.501553
   vertex 32.500000 -0.943614 -4.046942
  endloop
 endfacet
 facet normal -1 0 0
  outer loop
   vertex -32.500000 -9.150000 0.000000
   vertex -32.500000 -0.696502 -3.501553
   vertex -32.500000 -0.943614 -4.046942
  endloop
 endfacet
 facet normal 1 0 0
  outer loop
   vertex 32.500000 -9.150000 0.000000
   vertex 32.500000 -0.943614 -4.046942
   vertex 32.500000 -0.696502 -3.501553
  endloop
 endfacet
 facet normal 0 0.93590593 -0.35225005
  outer loop
   vertex -32.500000 -0.696502 -3.501553
   vertex -32.500000 -0.485589 -2.941171
   vertex 32.500000 -0.485589 -2.941171
  endloop
 endfacet
 facet normal 0 0.93590593 -0.35225005
  outer loop
   vertex -32.500000 -0.696502 -3.501553
   vertex 32.500000 -0.485589 -2.941171
   vertex 32.500000 -0.696502 -3.501553
  endloop
 endfacet
 facet normal -1 0 0
  outer loop
   vertex -32.500000 -9.150000 0.000000
   vertex -32.500000 -0.485589 -2.941171
   vertex -32.500000 -0.696502 -3.501553
  endloop
 endfacet
 facet normal 1 0 0
  outer loop
   vertex 32.500000 -9.150000 0.000000
   vertex 32.500000 -0.696502 -3.501553
   vertex 32.500000 -0.485589 -2.941171
  endloop
 endfacet
 facet normal 0 0.95694034 -0.29028468
  outer loop
   vertex -32.500000 -0.485589 -2.941171
   vertex -32.500000 -0.311779 -2.368194
   vertex 32.500000 -0.311779 -2.368194
  endloop
 endfacet
 facet normal 0 0.95694034 -0.29028468
  outer loop
   vertex -32.500000 -0.485589 -2.941171
   vertex 32.500000 -0.311779 -2.368194
   vertex 32.500000 -0.485589 -2.941171
  endloop
 endfacet
 facet normal -1 0 0
  outer loop
   vertex -32.500000 -9.150000 0.000000
   vertex -32.500000 -0.311779 -2.368194
   vertex -32.500000 -0.485589 -2.941171
  endloop
 endfacet
 facet normal 1 0 0
  outer loop
   vertex 32.500000 -9.150000 0.000000
   vertex 32.500000 -0.485589 -2.941171
   vertex 32.500000 -0.311779 -2.368194
  endloop
 endfacet
 facet normal 0 0.97387698 -0.22707626
  outer loop
   vertex -32.500000 -0.311779 -2.368194
   vertex -32.500000 -0.175815 -1.785076
   vertex 32.500000 -0.175815 -1.785076
  endloop
 endfacet
 facet normal 0 0.97387698 -0.22707626
  outer loop
   vertex -32.500000 -0.311779 -2.368194
   vertex 32.500000 -0.175815 -1.785076
   vertex 32.500000 -0.311779 -2.368194
  endloop
 endfacet
 facet normal -1 0 0
  outer loop
   vertex -32.500000 -9.150000 0.000000
   vertex -32.500000 -0.175815 -1.785076
   vertex -32.500000 -0.311779 -2.368194
  endloop
 endfacet
 facet normal 1 0 0
  outer loop
   vertex 32.500000 -9.150000 0.000000
   vertex 32.500000 -0.311779 -2.368194
   vertex 32.500000 -0.175815 -1.785076
  endloop
 endfacet
 facet normal 0 0.98664333 -0.16289547
  outer loop
   vertex -32.500000 -0.175815 -1.785076
   vertex -32.500000 -0.078280 -1.194315
   vertex 32.500000 -0.078280 -1.194315
  endloop
 endfacet
 facet normal 0 0.98664333 -0.16289547
  outer loop
   vertex -32.500000 -0.175815 -1.785076
   vertex 32.500000 -0.078280 -1.194315
   vertex 32.500000 -0.175815 -1.785076
  endloop
 endfacet
 facet normal -1 0 0
  outer loop
   vertex -32.500000 -9.150000 0.000000
   vertex -32.500000 -0.078280 -1.194315
   vertex -32.500000 -0.175815 -1.785076
  endloop
 endfacet
 facet normal 1 0 0
  outer loop
   vertex 32.500000 -9.150000 0.000000
   vertex 32.500000 -0.175815 -1.785076
   vertex 32.500000 -0.078280 -1.194315
  endloop
 endfacet
 facet normal 0 0.99518473 -0.09801714
  outer loop
   vertex -32.500000 -0.078280 -1.194315
   vertex -32.500000 -0.019591 -0.598439
   vertex 32.500000 -0.019591 -0.598439
  endloop
 endfacet
 facet normal 0 0.99518473 -0.09801714
  outer loop
   vertex -32.500000 -0.078280 -1.194315
   vertex 32.500000 -0.019591 -0.598439
   vertex 32.500000 -0.078280 -1.194315
  endloop
 endfacet
 facet normal -1 0 0
  outer loop
   vertex -32.500000 -9.150000 0.000000
   vertex -32.500000 -0.019591 -0.598439
   vertex -32.500000 -0.078280 -1.194315
  endloop
 endfacet
 facet normal 1 0 0
  outer loop
   vertex 32.500000 -9.150000 0.000000
   vertex 32.500000 -0.078280 -1.194315
   vertex 32.500000 -0.019591 -0.598439
  endloop
 endfacet
 facet normal 0 0.99946459 -0.032719083
  outer loop
   vertex -32.500000 -0.019591 -0.598439
   vertex -32.500000 0.000000 -0.000000
   vertex 32.500000 0.000000 -0.000000
  endloop
 endfacet
 facet normal 0 0.99946459 -0.032719083
  outer loop
   vertex -32.500000 -0.019591 -0.598439
   vertex 32.500000 0.000000 -0.000000
   vertex 32.500000 -0.019591 -0.598439
  endloop
 endfacet
 facet normal -1 0 0
  outer loop
   vertex -32.500000 -9.150000 0.000000
   vertex -32.500000 0.000000 -0.000000
   vertex -32.500000 -0.019591 -0.598439
  endloop
 endfacet
 facet normal 1 0 0
  outer loop
   vertex 32.500000 -9.150000 0.000000
   vertex 32.500000 -0.019591 -0.598439
   vertex 32.500000 0.000000 -0.000000
  endloop
 endfacet
 facet normal 0 0.99946459 0.032719083
  outer loop
   vertex -32.500000 0.000000 18.300000
   vertex -32.500000 -0.019591 18.898439
   vertex 32.500000 -0.019591 18.898439
  endloop
 endfacet
 facet normal -0 0.99946459 0.032719083
  outer loop
   vertex -32.500000 0.000000 18.300000
   vertex 32.500000 -0.019591 18.898439
   vertex 32.500000 0.000000 18.300000
  endloop
 endfacet
 facet normal -1 0 0
  outer loop
   vertex -32.500000 -9.150000 18.300000
   vertex -32.500000 -0.019591 18.898439
   vertex -32.500000 0.000000 18.300000
  endloop
 endfacet
 facet normal 1 0 0
  outer loop
   vertex 32.500000 -9.150000 18.300000
   vertex 32.500000 0.000000 18.300000
   vertex 32.500000 -0.019591 18.898439
  endloop
 endfacet
 facet normal 0 0.99518473 0.09801714
  outer loop
   vertex -32.500000 -0.019591 18.898439
   vertex -32.500000 -0.078280 19.494315
   vertex 32.500000 -0.078280 19.494315
  endloop
 endfacet
 facet normal -0 0.99518473 0.09801714
  outer loop
   vertex -32.500000 -0.019591 18.898439
   vertex 32.500000 -0.078280 19.494315
   vertex 32.500000 -0.019591 18.898439
  endloop
 endfacet
 facet normal -1 0 0
  outer loop
   vertex -32.500000 -9.150000 18.300000
   vertex -32.500000 -0.078280 19.494315
   vertex -32.500000 -0.019591 18.898439
  endloop
 endfacet
 facet normal 1 0 0
  outer loop
   vertex 32.500000 -9.150000 18.300000
   vertex 32.500000 -0.019591 18.898439
   vertex 32.500000 -0.078280 19.494315
  endloop
 endfacet
 facet normal 0 0.98664333 0.16289547
  outer loop
   vertex -32.500000 -0.078280 19.494315
   vertex -32.500000 -0.175815 20.085076
   vertex 32.500000 -0.175815 20.085076
  endloop
 endfacet
 facet normal -0 0.98664333 0.16289547
  outer loop
   vertex -32.500000 -0.078280 19.494315
   vertex 32.500000 -0.175815 20.085076
   vertex 32.500000 -0.078280 19.494315
  endloop
 endfacet
 facet normal -1 0 0
  outer loop
   vertex -32.500000 -9.150000 18.300000
   vertex -32.500000 -0.175815 20.085076
   vertex -32.500000 -0.078280 19.494315
  endloop
 endfacet
 facet normal 1 0 0
  outer loop
   vertex 32.500000 -9.150000 18.300000
   vertex 32.500000 -0.078280 19.494315
   vertex 32.500000 -0.175815 20.085076
  endloop
 endfacet
 facet normal 0 0.97387698 0.22707626
  outer loop
   vertex -32.500000 -0.175815 20.085076
   vertex -32.500000 -0.311779 20.668194
   vertex 32.500000 -0.311779 20.668194
  endloop
 endfacet
 facet normal -0 0.97387698 0.22707626
  outer loop
   vertex -32.500000 -0.175815 20.085076
   vertex 32.500000 -0.311779 20.668194
   vertex 32.500000 -0.175815 20.085076
  endloop
 endfacet
 facet normal -1 0 0
  outer loop
   vertex -32.500000 -9.150000 18.300000
   vertex -32.500000 -0.311779 20.668194
   vertex -32.500000 -0.175815 20.085076
  endloop
 endfacet
 facet normal 1 0 0
  outer loop
   vertex 32.500000 -9.150000 18.300000
   vertex 32.500000 -0.175815 20.085076
   vertex 32.500000 -0.311779 20.668194
  endloop
 endfacet
 facet normal 0 0.95694034 0.29028468
  outer loop
   vertex -32.500000 -0.311779 20.668194
   vertex -32.500000 -0.485589 21.241171
   vertex 32.500000 -0.485589 21.241171
  endloop
 endfacet
 facet normal -0 0.95694034 0.29028468
  outer loop
   vertex -32.500000 -0.311779 20.668194
   vertex 32.500000 -0.485589 21.241171
   vertex 32.500000 -0.311779 20.668194
  endloop
 endfacet
 facet normal -1 0 0
  outer loop
   vertex -32.500000 -9.150000 18.300000
   vertex -32.500000 -0.485589 21.241171
   vertex -32.500000 -0.311779 20.668194
  endloop
 endfacet
 facet normal 1 0 0
  outer loop
   vertex 32.500000 -9.150000 18.300000
   vertex 32.500000 -0.311779 20.668194
   vertex 32.500000 -0.485589 21.241171
  endloop
 endfacet
 facet normal 0 0.93590593 0.35225005
  outer loop
   vertex -32.500000 -0.485589 21.241171
   vertex -32.500000 -0.696502 21.801553
   vertex 32.500000 -0.696502 21.801553
  endloop
 endfacet
 facet normal -0 0.93590593 0.35225005
  outer loop
   vertex -32.500000 -0.485589 21.241171
   vertex 32.500000 -0.696502 21.801553
   vertex 32.500000 -0.485589 21.241171
  endloop
 endfacet
 facet normal -1 0 0
  outer loop
   vertex -32.500000 -9.150000 18.300000
   vertex -32.500000 -0.696502 21.801553
   vertex -32.500000 -0.485589 21.241171
  endloop
 endfacet
 facet normal 1 0 0
  outer loop
   vertex 32.500000 -9.150000 18.300000
   vertex 32.500000 -0.485589 21.241171
   vertex 32.500000 -0.696502 21.801553
  endloop
 endfacet
 facet normal 0 0.91086382 0.41270703
  outer loop
   vertex -32.500000 -0.696502 21.801553
   vertex -32.500000 -0.943614 22.346942
   vertex 32.500000 -0.943614 22.346942
  endloop
 endfacet
 facet normal -0 0.91086382 0.41270703
  outer loop
   vertex -32.500000 -0.696502 21.801553
   vertex 32.500000 -0.943614 22.346942
   vertex 32.500000 -0.696502 21.801553
  endloop
 endfacet
 facet normal -1 0 0
  outer loop
   vertex -32.500000 -9.150000 18.300000
   vertex -32.500000 -0.943614 22.346942
   vertex -32.500000 -0.696502 21.801553
  endloop
 endfacet
 facet normal 1 0 0
  outer loop
   vertex 32.500000 -9.150000 18.300000
   vertex 32.500000 -0.696502 21.801553
   vertex 32.500000 -0.943614 22.346942
  endloop
 endfacet
 facet normal 0 0.88192126 0.47139674
  outer loop
   vertex -32.500000 -0.943614 22.346942
   vertex -32.500000 -1.225868 22.875000
   vertex 32.500000 -1.225868 22.875000
  endloop
 endfacet
 facet normal -0 0.88192126 0.47139674
  outer loop
   vertex -32.500000 -0.943614 22.346942
   vertex 32.500000 -1.225868 22.875000
   vertex 32.500000 -0.943614 22.346942
  endloop
 endfacet
 facet normal -1 0 0
  outer loop
   vertex -32.500000 -9.150000 18.300000
   vertex -32.500000 -1.225868 22.875000
   vertex -32.500000 -0.943614 22.346942
  endloop
 endfacet
 facet normal 1 0 0
  outer loop
   vertex 32.500000 -9.150000 18.300000
   vertex 32.500000 -0.943614 22.346942
   vertex 32.500000 -1.225868 22.875000
  endloop
 endfacet
 facet normal 0 0.84920218 0.52806785
  outer loop
   vertex -32.500000 -1.225868 22.875000
   vertex -32.500000 -1.542053 23.383468
   vertex 32.500000 -1.542053 23.383468
  endloop
 endfacet
 facet normal -0 0.84920218 0.52806785
  outer loop
   vertex -32.500000 -1.225868 22.875000
   vertex 32.500000 -1.542053 23.383468
   vertex 32.500000 -1.225868 22.875000
  endloop
 endfacet
 facet normal -1 0 0
  outer loop
   vertex -32.500000 -9.150000 18.300000
   vertex -32.500000 -1.542053 23.383468
   vertex -32.500000 -1.225868 22.875000
  endloop
 endfacet
 facet normal 1 0 0
  outer loop
   vertex 32.500000 -9.150000 18.300000
   vertex 32.500000 -1.225868 22.875000
   vertex 32.500000 -1.542053 23.383468
  endloop
 endfacet
 facet normal 0 0.81284668 0.5824777
  outer loop
   vertex -32.500000 -1.542053 23.383468
   vertex -32.500000 -1.890817 23.870167
   vertex 32.500000 -1.890817 23.870167
  endloop
 endfacet
 facet normal -0 0.81284668 0.5824777
  outer loop
   vertex -32.500000 -1.542053 23.383468
   vertex 32.500000 -1.890817 23.870167
   vertex 32.500000 -1.542053 23.383468
  endloop
 endfacet
 facet normal -1 0 0
  outer loop
   vertex -32.500000 -9.150000 18.300000
   vertex -32.500000 -1.890817 23.870167
   vertex -32.500000 -1.542053 23.383468
  endloop
 endfacet
 facet normal 1 0 0
  outer loop
   vertex 32.500000 -9.150000 18.300000
   vertex 32.500000 -1.542053 23.383468
   vertex 32.500000 -1.890817 23.870167
  endloop
 endfacet
 facet normal 0 0.77301045 0.63439328
  outer loop
   vertex -32.500000 -1.890817 23.870167
   vertex -32.500000 -2.270666 24.333014
   vertex 32.500000 -2.270666 24.333014
  endloop
 endfacet
 facet normal -0 0.77301045 0.63439328
  outer loop
   vertex -32.500000 -1.890817 23.870167
   vertex 32.500000 -2.270666 24.333014
   vertex 32.500000 -1.890817 23.870167
  endloop
 endfacet
 facet normal -1 0 0
  outer loop
   vertex -32.500000 -9.150000 18.300000
   vertex -32.500000 -2.270666 24.333014
   vertex -32.500000 -1.890817 23.870167
  endloop
 endfacet
 facet normal 1 0 0
  outer loop
   vertex 32.500000 -9.150000 18.300000
   vertex 32.500000 -1.890817 23.870167
   vertex 32.500000 -2.270666 24.333014
  endloop
 endfacet
 facet normal 0 0.72986407 0.6835923
  outer loop
   vertex -32.500000 -2.270666 24.333014
   vertex -32.500000 -2.679973 24.770027
   vertex 32.500000 -2.679973 24.770027
  endloop
 endfacet
 facet normal -0 0.72986407 0.6835923
  outer loop
   vertex -32.500000 -2.270666 24.333014
   vertex 32.500000 -2.679973 24.770027
   vertex 32.500000 -2.270666 24.333014
  endloop
 endfacet
 facet normal -1 0 0
  outer loop
   vertex -32.500000 -9.150000 18.300000
   vertex -32.500000 -2.679973 24.770027
   vertex -32.500000 -2.270666 24.333014
  endloop
 endfacet
 facet normal 1 0 0
  outer loop
   vertex 32.500000 -9.150000 18.300000
   vertex 32.500000 -2.270666 24.333014
   vertex 32.500000 -2.679973 24.770027
  endloop
 endfacet
 facet normal 0 0.6835923 0.72986407
  outer loop
   vertex -32.500000 -2.679973 24.770027
   vertex -32.500000 -3.116986 25.179334
   vertex 32.500000 -3.116986 25.179334
  endloop
 endfacet
 facet normal -0 0.6835923 0.72986407
  outer loop
   vertex -32.500000 -2.679973 24.770027
   vertex 32.500000 -3.116986 25.179334
   vertex 32.500000 -2.679973 24.770027
  endloop
 endfacet
 facet normal -1 0 0
  outer loop
   vertex -32.500000 -9.150000 18.300000
   vertex -32.500000 -3.116986 25.179334
   vertex -32.500000 -2.679973 24.770027
  endloop
 endfacet
 facet normal 1 0 0
  outer loop
   vertex 32.500000 -9.150000 18.300000
   vertex 32.500000 -2.679973 24.770027
   vertex 32.500000 -3.116986 25.179334
  endloop
 endfacet
 facet normal 0 0.63439328 0.77301045
  outer loop
   vertex -32.500000 -3.116986 25.179334
   vertex -32.500000 -3.579833 25.559183
   vertex 32.500000 -3.579833 25.559183
  endloop
 endfacet
 facet normal -0 0.63439328 0.77301045
  outer loop
   vertex -32.500000 -3.116986 25.179334
   vertex 32.500000 -3.579833 25.559183
   vertex 32.500000 -3.116986 25.179334
  endloop
 endfacet
 facet normal -1 0 0
  outer loop
   vertex -32.500000 -9.150000 18.300000
   vertex -32.500000 -3.579833 25.559183
   vertex -32.500000 -3.116986 25.179334
  endloop
 endfacet
 facet normal 1 0 0
  outer loop
   vertex 32.500000 -9.150000 18.300000
   vertex 32.500000 -3.116986 25.179334
   vertex 32.500000 -3.579833 25.559183
  endloop
 endfacet
 facet normal 0 0.5824777 0.81284668
  outer loop
   vertex -32.500000 -3.579833 25.559183
   vertex -32.500000 -4.066532 25.907947
   vertex 32.500000 -4.066532 25.907947
  endloop
 endfacet
 facet normal -0 0.5824777 0.81284668
  outer loop
   vertex -32.500000 -3.579833 25.559183
   vertex 32.500000 -4.066532 25.907947
   vertex 32.500000 -3.579833 25.559183
  endloop
 endfacet
 facet normal -1 0 0
  outer loop
   vertex -32.500000 -9.150000 18.300000
   vertex -32.500000 -4.066532 25.907947
   vertex -32.500000 -3.579833 25.559183
  endloop
 endfacet
 facet normal 1 0 0
  outer loop
   vertex 32.500000 -9.150000 18.300000
   vertex 32.500000 -3.579833 25.559183
   vertex 32.500000 -4.066532 25.907947
  endloop
 endfacet
 facet normal 0 0.52806785 0.84920218
  outer loop
   vertex -32.500000 -4.066532 25.907947
   vertex -32.500000 -4.575000 26.224132
   vertex 32.500000 -4.575000 26.224132
  endloop
 endfacet
 facet normal -0 0.52806785 0.84920218
  outer loop
   vertex -32.500000 -4.066532 25.907947
   vertex 32.500000 -4.575000 26.224132
   vertex 32.500000 -4.066532 25.907947
  endloop
 endfacet
 facet normal -1 0 0
  outer loop
   vertex -32.500000 -9.150000 18.300000
   vertex -32.500000 -4.575000 26.224132
   vertex -32.500000 -4.066532 25.907947
  endloop
 endfacet
 facet normal 1 0 0
  outer loop
   vertex 32.500000 -9.150000 18.300000
   vertex 32.500000 -4.066532 25.907947
   vertex 32.500000 -4.575000 26.224132
  endloop
 endfacet
 facet normal 0 0.47139674 0.88192126
  outer loop
   vertex -32.500000 -4.575000 26.224132
   vertex -32.500000 -5.103058 26.506386
   vertex 32.500000 -5.103058 26.506386
  endloop
 endfacet
 facet normal -0 0.47139674 0.88192126
  outer loop
   vertex -32.500000 -4.575000 26.224132
   vertex 32.500000 -5.103058 26.506386
   vertex 32.500000 -4.575000 26.224132
  endloop
 endfacet
 facet normal -1 0 0
  outer loop
   vertex -32.500000 -9.150000 18.300000
   vertex -32.500000 -5.103058 26.506386
   vertex -32.500000 -4.575000 26.224132
  endloop
 endfacet
 facet normal 1 0 0
  outer loop
   vertex 32.500000 -9.150000 18.300000
   vertex 32.500000 -4.575000 26.224132
   vertex 32.500000 -5.103058 26.506386
  endloop
 endfacet
 facet normal 0 0.41270703 0.91086382
  outer loop
   vertex -32.500000 -5.103058 26.506386
   vertex -32.500000 -5.648447 26.753498
   vertex 32.500000 -5.648447 26.753498
  endloop
 endfacet
 facet normal -0 0.41270703 0.91086382
  outer loop
   vertex -32.500000 -5.103058 26.506386
   vertex 32.500000 -5.648447 26.753498
   vertex 32.500000 -5.103058 26.506386
  endloop
 endfacet
 facet normal -1 0 0
  outer loop
   vertex -32.500000 -9.150000 18.300000
   vertex -32.500000 -5.648447 26.753498
   vertex -32.500000 -5.103058 26.506386
  endloop
 endfacet
 facet normal 1 0 0
  outer loop
   vertex 32.500000 -9.150000 18.300000
   vertex 32.500000 -5.103058 26.506386
   vertex 32.500000 -5.648447 26.753498
  endloop
 endfacet
 facet normal 0 0.35225005 0.93590593
  outer loop
   vertex -32.500000 -5.648447 26.753498
   vertex -32.500000 -6.208829 26.964411
   vertex 32.500000 -6.208829 26.964411
  endloop
 endfacet
 facet normal -0 0.35225005 0.93590593
  outer loop
   vertex -32.500000 -5.648447 26.753498
   vertex 32.500000 -6.208829 26.964411
   vertex 32.500000 -5.648447 26.753498
  endloop
 endfacet
 facet normal -1 0 0
  outer loop
   vertex -32.500000 -9.150000 18.300000
   vertex -32.500000 -6.208829 26.964411
   vertex -32.500000 -5.648447 26.753498
  endloop
 endfacet
 facet normal 1 0 0
  outer loop
   vertex 32.500000 -9.150000 18.300000
   vertex 32.500000 -5.648447 26.753498
   vertex 32.500000 -6.208829 26.964411
  endloop
 endfacet
 facet normal 0 0.29028468 0.95694034
  outer loop
   vertex -32.500000 -6.208829 26.964411
   vertex -32.500000 -6.781806 27.138221
   vertex 32.500000 -6.781806 27.138221
  endloop
 endfacet
 facet normal -0 0.29028468 0.95694034
  outer loop
   vertex -32.500000 -6.208829 26.964411
   vertex 32.500000 -6.781806 27.138221
   vertex 32.500000 -6.208829 26.964411
  endloop
 endfacet
 facet normal -1 0 0
  outer loop
   vertex -32.500000 -9.150000 18.300000
   vertex -32.500000 -6.781806 27.138221
   vertex -32.500000 -6.208829 26.964411
  endloop
 endfacet
 facet normal 1 0 0
  outer loop
   vertex 32.500000 -9.150000 18.300000
   vertex 32.500000 -6.208829 26.964411
   vertex 32.500000 -6.781806 27.138221
  endloop
 endfacet
 facet normal 0 0.22707626 0.97387698
  outer loop
   vertex -32.500000 -6.781806 27.138221
   vertex -32.500000 -7.364924 27.274185
   vertex 32.500000 -7.364924 27.274185
  endloop
 endfacet
 facet normal -0 0.22707626 0.97387698
  outer loop
   vertex -32.500000 -6.781806 27.138221
   vertex 32.500000 -7.364924 27.274185
   vertex 32.500000 -6.781806 27.138221
  endloop
 endfacet
 facet normal -1 0 0
  outer loop
   vertex -32.500000 -9.150000 18.300000
   vertex -32.500000 -7.364924 27.274185
   vertex -32.500000 -6.781806 27.138221
  endloop
 endfacet
 facet normal 1 0 0
  outer loop
   vertex 32.500000 -9.150000 18.300000
   vertex 32.500000 -6.781806 27.138221
   vertex 32.500000 -7.364924 27.274185
  endloop
 endfacet
 facet normal 0 0.16289547 0.98664333
  outer loop
   vertex -32.500000 -7.364924 27.274185
   vertex -32.500000 -7.955685 27.371720
   vertex 32.500000 -7.955685 27.371720
  endloop
 endfacet
 facet normal -0 0.16289547 0.98664333
  outer loop
   vertex -32.500000 -7.364924 27.274185
   vertex 32.500000 -7.955685 27.371720
   vertex 32.500000 -7.364924 27.274185
  endloop
 endfacet
 facet normal -1 0 0
  outer loop
   vertex -32.500000 -9.150000 18.300000
   vertex -32.500000 -7.955685 27.371720
   vertex -32.500000 -7.364924 27.274185
  endloop
 endfacet
 facet normal 1 0 0
  outer loop
   vertex 32.500000 -9.150000 18.300000
   vertex 32.500000 -7.364924 27.274185
   vertex 32.500000 -7.955685 27.371720
  endloop
 endfacet
 facet normal 0 0.09801714 0.99518473
  outer loop
   vertex -32.500000 -7.955685 27.371720
   vertex -32.500000 -8.551561 27.430409
   vertex 32.500000 -8.551561 27.430409
  endloop
 endfacet
 facet normal -0 0.09801714 0.99518473
  outer loop
   vertex -32.500000 -7.955685 27.371720
   vertex 32.500000 -8.551561 27.430409
   vertex 32.500000 -7.955685 27.371720
  endloop
 endfacet
 facet normal -1 0 0
  outer loop
   vertex -32.500000 -9.150000 18.300000
   vertex -32.500000 -8.551561 27.430409
   vertex -32.500000 -7.955685 27.371720
  endloop
 endfacet
 facet normal 1 0 0
  outer loop
   vertex 32.500000 -9.150000 18.300000
   vertex 32.500000 -7.955685 27.371720
   vertex 32.500000 -8.551561 27.430409
  endloop
 endfacet
 facet normal 0 0.032719083 0.99946459
  outer loop
   vertex -32.500000 -8.551561 27.430409
   vertex -32.500000 -9.150000 27.450000
   vertex 32.500000 -9.150000 27.450000
  endloop
 endfacet
 facet normal -0 0.032719083 0.99946459
  outer loop
   vertex -32.500000 -8.551561 27.430409
   vertex 32.500000 -9.150000 27.450000
   vertex 32.500000 -8.551561 27.430409
  endloop
 endfacet
 facet normal -1 0 0
  outer loop
   vertex -32.500000 -9.150000 18.300000
   vertex -32.500000 -9.150000 27.450000
   vertex -32.500000 -8.551561 27.430409
  endloop
 endfacet
 facet normal 1 0 0
  outer loop
   vertex 32.500000 -9.150000 18.300000
   vertex 32.500000 -8.551561 27.430409
   vertex 32.500000 -9.150000 27.450000
  endloop
 endfacet
 facet normal 0 -0.032719083 0.99946459
  outer loop
   vertex -32.500000 -9.150000 27.450000
   vertex -32.500000 -9.748439 27.430409
   vertex 32.500000 -9.748439 27.430409
  endloop
 endfacet
 facet normal 0 -0.032719083 0.99946459
  outer loop
   vertex -32.500000 -9.150000 27.450000
   vertex 32.500000 -9.748439 27.430409
   vertex 32.500000 -9.150000 27.450000
  endloop
 endfacet
 facet normal -1 0 0
  outer loop
   vertex -32.500000 -9.150000 18.300000
   vertex -32.500000 -9.748439 27.430409
   vertex -32.500000 -9.150000 27.450000
  endloop
 endfacet
 facet normal 1 0 -0
  outer loop
   vertex 32.500000 -9.150000 18.300000
   vertex 32.500000 -9.150000 27.450000
   vertex 32.500000 -9.748439 27.430409
  endloop
 endfacet
 facet normal 0 -0.09801714 0.99518473
  outer loop
   vertex -32.500000 -9.748439 27.430409
   vertex -32.500000 -10.344315 27.371720
   vertex 32.500000 -10.344315 27.371720
  endloop
 endfacet
 facet normal 0 -0.09801714 0.99518473
  outer loop
   vertex -32.500000 -9.748439 27.430409
   vertex 32.500000 -10.344315 27.371720
   vertex 32.500000 -9.748439 27.430409
  endloop
 endfacet
 facet normal -1 0 0
  outer loop
   vertex -32.500000 -9.150000 18.300000
   vertex -32.500000 -10.344315 27.371720
   vertex -32.500000 -9.748439 27.430409
  endloop
 endfacet
 facet normal 1 0 0
  outer loop
   vertex 32.500000 -9.150000 18.300000
   vertex 32.500000 -9.748439 27.430409
   vertex 32.500000 -10.344315 27.371720
  endloop
 endfacet
 facet normal 0 -0.16289547 0.98664333
  outer loop
   vertex -32.500000 -10.344315 27.371720
   vertex -32.500000 -10.935076 27.274185
   vertex 32.500000 -10.935076 27.274185
  endloop
 endfacet
 facet normal 0 -0.16289547 0.98664333
  outer loop
   vertex -32.500000 -10.344315 27.371720
   vertex 32.500000 -10.935076 27.274185
   vertex 32.500000 -10.344315 27.371720
  endloop
 endfacet
 facet normal -1 0 0
  outer loop
   vertex -32.500000 -9.150000 18.300000
   vertex -32.500000 -10.935076 27.274185
   vertex -32.500000 -10.344315 27.371720
  endloop
 endfacet
 facet normal 1 0 0
  outer loop
   vertex 32.500000 -9.150000 18.300000
   vertex 32.500000 -10.344315 27.371720
   vertex 32.500000 -10.935076 27.274185
  endloop
 endfacet
 facet normal 0 -0.22707626 0.97387698
  outer loop
   vertex -32.500000 -10.935076 27.274185
   vertex -32.500000 -11.518194 27.138221
   vertex 32.500000 -11.518194 27.138221
  endloop
 endfacet
 facet normal 0 -0.22707626 0.97387698
  outer loop
   vertex -32.500000 -10.935076 27.274185
   vertex 32.500000 -11.518194 27.138221
   vertex 32.500000 -10.935076 27.274185
  endloop
 endfacet
 facet normal -1 0 0
  outer loop
   vertex -32.500000 -9.150000 18.300000
   vertex -32.500000 -11.518194 27.138221
   vertex -32.500000 -10.935076 27.274185
  endloop
 endfacet
 facet normal 1 0 0
  outer loop
   vertex 32.500000 -9.150000 18.300000
   vertex 32.500000 -10.935076 27.274185
   vertex 32.500000 -11.518194 27.138221
  endloop
 endfacet
 facet normal 0 -0.29028468 0.95694034
  outer loop
   vertex -32.500000 -11.518194 27.138221
   vertex -32.500000 -12.091171 26.964411
   vertex 32.500000 -12.091171 26.964411
  endloop
 endfacet
 facet normal 0 -0.29028468 0.95694034
  outer loop
   vertex -32.500000 -11.518194 27.138221
   vertex 32.500000 -12.091171 26.964411
   vertex 32.500000 -11.518194 27.138221
  endloop
 endfacet
 facet normal -1 0 0
  outer loop
   vertex -32.500000 -9.150000 18.300000
   vertex -32.500000 -12.091171 26.964411
   vertex -32.500000 -11.518194 27.138221
  endloop
 endfacet
 facet normal 1 0 0
  outer loop
   vertex 32.500000 -9.150000 18.300000
   vertex 32.500000 -11.518194 27.138221
   vertex 32.500000 -12.091171 26.964411
  endloop
 endfacet
 facet normal 0 -0.35225005 0.93590593
  outer loop
   vertex -32.500000 -12.091171 26.964411
   vertex -32.500000 -12.651553 26.753498
   vertex 32.500000 -12.651553 26.753498
  endloop
 endfacet
 facet normal 0 -0.35225005 0.93590593
  outer loop
   vertex -32.500000 -12.091171 26.964411
   vertex 32.500000 -12.651553 26.753498
   vertex 32.500000 -12.091171 26.964411
  endloop
 endfacet
 facet normal -1 0 0
  outer loop
   vertex -32.500000 -9.150000 18.300000
   vertex -32.500000 -12.651553 26.753498
   vertex -32.500000 -12.091171 26.964411
  endloop
 endfacet
 facet normal 1 0 0
  outer loop
   vertex 32.500000 -9.150000 18.300000
   vertex 32.500000 -12.091171 26.964411
   vertex 32.500000 -12.651553 26.753498
  endloop
 endfacet
 facet normal 0 -0.41270703 0.91086382
  outer loop
   vertex -32.500000 -12.651553 26.753498
   vertex -32.500000 -13.196942 26.506386
   vertex 32.500000 -13.196942 26.506386
  endloop
 endfacet
 facet normal 0 -0.41270703 0.91086382
  outer loop
   vertex -32.500000 -12.651553 26.753498
   vertex 32.500000 -13.196942 26.506386
   vertex 32.500000 -12.651553 26.753498
  endloop
 endfacet
 facet normal -1 0 0
  outer loop
   vertex -32.500000 -9.150000 18.300000
   vertex -32.500000 -13.196942 26.506386
   vertex -32.500000 -12.651553 26.753498
  endloop
 endfacet
 facet normal 1 0 0
  outer loop
   vertex 32.500000 -9.150000 18.300000
   vertex 32.500000 -12.651553 26.753498
   vertex 32.500000 -13.196942 26.506386
  endloop
 endfacet
 facet normal 0 -0.47139674 0.88192126
  outer loop
   vertex -32.500000 -13.196942 26.506386
   vertex -32.500000 -13.725000 26.224132
   vertex 32.500000 -13.725000 26.224132
  endloop
 endfacet
 facet normal 0 -0.47139674 0.88192126
  outer loop
   vertex -32.500000 -13.196942 26.506386
   vertex 32.500000 -13.725000 26.224132
   vertex 32.500000 -13.196942 26.506386
  endloop
 endfacet
 facet normal -1 0 0
  outer loop
   vertex -32.500000 -9.150000 18.300000
   vertex -32.500000 -13.725000 26.224132
   vertex -32.500000 -13.196942 26.506386
  endloop
 endfacet
 facet normal 1 0 0
  outer loop
   vertex 32.500000 -9.150000 18.300000
   vertex 32.500000 -13.196942 26.506386
   vertex 32.500000 -13.725000 26.224132
  endloop
 endfacet
 facet normal 0 -0.52806785 0.84920218
  outer loop
   vertex -32.500000 -13.725000 26.224132
   vertex -32.500000 -14.233468 25.907947
   vertex 32.500000 -14.233468 25.907947
  endloop
 endfacet
 facet normal 0 -0.52806785 0.84920218
  outer loop
   vertex -32.500000 -13.725000 26.224132
   vertex 32.500000 -14.233468 25.907947
   vertex 32.500000 -13.725000 26.224132
  endloop
 endfacet
 facet normal -1 0 0
  outer loop
   vertex -32.500000 -9.150000 18.300000
   vertex -32.500000 -14.233468 25.907947
   vertex -32.500000 -13.725000 26.224132
  endloop
 endfacet
 facet normal 1 0 0
  outer loop
   vertex 32.500000 -9.150000 18.300000
   vertex 32.500000 -13.725000 26.224132
   vertex 32.500000 -14.233468 25.907947
  endloop
 endfacet
 facet normal 0 -0.5824777 0.81284668
  outer loop
   vertex -32.500000 -14.233468 25.907947
   vertex -32.500000 -14.720167 25.559183
   vertex 32.500000 -14.720167 25.559183
  endloop
 endfacet
 facet normal 0 -0.5824777 0.81284668
  outer loop
   vertex -32.500000 -14.233468 25.907947
   vertex 32.500000 -14.720167 25.559183
   vertex 32.500000 -14.233468 25.907947
  endloop
 endfacet
 facet normal -1 0 0
  outer loop
   vertex -32.500000 -9.150000 18.300000
   vertex -32.500000 -14.720167 25.559183
   vertex -32.500000 -14.233468 25.907947
  endloop
 endfacet
 facet normal 1 0 0
  outer loop
   vertex 32.500000 -9.150000 18.300000
   vertex 32.500000 -14.233468 25.907947
   vertex 32.500000 -14.720167 25.559183
  endloop
 endfacet
 facet normal 0 -0.63439328 0.77301045
  outer loop
   vertex -32.500000 -14.720167 25.559183
   vertex -32.500000 -15.183014 25.179334
   vertex 32.500000 -15.183014 25.179334
  endloop
 endfacet
 facet normal 0 -0.63439328 0.77301045
  outer loop
   vertex -32.500000 -14.720167 25.559183
   vertex 32.500000 -15.183014 25.179334
   vertex 32.500000 -14.720167 25.559183
  endloop
 endfacet
 facet normal -1 0 0
  outer loop
   vertex -32.500000 -9.150000 18.300000
   vertex -32.500000 -15.183014 25.179334
   vertex -32.500000 -14.720167 25.559183
  endloop
 endfacet
 facet normal 1 0 0
  outer loop
   vertex 32.500000 -9.150000 18.300000
   vertex 32.500000 -14.720167 25.559183
   vertex 32.500000 -15.183014 25.179334
  endloop
 endfacet
 facet normal 0 -0.6835923 0.72986407
  outer loop
   vertex -32.500000 -15.183014 25.179334
   vertex -32.500000 -15.620027 24.770027
   vertex 32.500000 -15.620027 24.770027
  endloop
 endfacet
 facet normal 0 -0.6835923 0.72986407
  outer loop
   vertex -32.500000 -15.183014 25.179334
   vertex 32.500000 -15.620027 24.770027
   vertex 32.500000 -15.183014 25.179334
  endloop
 endfacet
 facet normal -1 0 0
  outer loop
   vertex -32.500000 -9.150000 18.300000
   vertex -32.500000 -15.620027 24.770027
   vertex -32.500000 -15.183014 25.179334
  endloop
 endfacet
 facet normal 1 0 0
  outer loop
   vertex 32.500000 -9.150000 18.300000
   vertex 32.500000 -15.183014 25.179334
   vertex 32.500000 -15.620027 24.770027
  endloop
 endfacet
 facet normal 0 -0.72986407 0.6835923
  outer loop
   vertex -32.500000 -15.620027 24.770027
   vertex -32.500000 -16.029334 24.333014
   vertex 32.500000 -16.029334 24.333014
  endloop
 endfacet
 facet normal 0 -0.72986407 0.6835923
  outer loop
   vertex -32.500000 -15.620027 24.770027
   vertex 32.500000 -16.029334 24.333014
   vertex 32.500000 -15.620027 24.770027
  endloop
 endfacet
 facet normal -1 0 0
  outer loop
   vertex -32.500000 -9.150000 18.300000
   vertex -32.500000 -16.029334 24.333014
   vertex -32.500000 -15.620027 24.770027
  endloop
 endfacet
 facet normal 1 0 0
  outer loop
   vertex 32.500000 -9.150000 18.300000
   vertex 32.500000 -15.620027 24.770027
   vertex 32.500000 -16.029334 24.333014
  endloop
 endfacet
 facet normal 0 -0.77301045 0.63439328
  outer loop
   vertex -32.500000 -16.029334 24.333014
   vertex -32.500000 -16.409183 23.870167
   vertex 32.500000 -16.409183 23.870167
  endloop
 endfacet
 facet normal 0 -0.77301045 0.63439328
  outer loop
   vertex -32.500000 -16.029334 24.333014
   vertex 32.500000 -16.409183 23.870167
   vertex 32.500000 -16.029334 24.333014
  endloop
 endfacet
 facet normal -1 0 0
  outer loop
   vertex -32.500000 -9.150000 18.300000
   vertex -32.500000 -16.409183 23.870167
   vertex -32.500000 -16.029334 24.333014
  endloop
 endfacet
 facet normal 1 0 0
  outer loop
   vertex 32.500000 -9.150000 18.300000
   vertex 32.500000 -16.029334 24.333014
   vertex 32.500000 -16.409183 23.870167
  endloop
 endfacet
 facet normal 0 -0.81284668 0.5824777
  outer loop
   vertex -32.500000 -16.409183 23.870167
   vertex -32.500000 -16.757947 23.383468
   vertex 32.500000 -16.757947 23.383468
  endloop
 endfacet
 facet normal 0 -0.81284668 0.5824777
  outer loop
   vertex -32.500000 -16.409183 23.870167
   vertex 32.500000 -16.757947 23.383468
   vertex 32.500000 -16.409183 23.870167
  endloop
 endfacet
 facet normal -1 0 0
  outer loop
   vertex -32.500000 -9.150000 18.300000
   vertex -32.500000 -16.757947 23.383468
   vertex -32.500000 -16.409183 23.870167
  endloop
 endfacet
 facet normal 1 0 0
  outer loop
   vertex 32.500000 -9.150000 18.300000
   vertex 32.500000 -16.409183 23.870167
   vertex 32.500000 -16.757947 23.383468
  endloop
 endfacet
 facet normal 0 -0.84920218 0.52806785
  outer loop
   vertex -32.500000 -16.757947 23.383468
   vertex -32.500000 -17.074132 22.875000
   vertex 32.500000 -17.074132 22.875000
  endloop
 endfacet
 facet normal 0 -0.84920218 0.52806785
  outer loop
   vertex -32.500000 -16.757947 23.383468
   vertex 32.500000 -17.074132 22.875000
   vertex 32.500000 -16.757947 23.383468
  endloop
 endfacet
 facet normal -1 0 0
  outer loop
   vertex -32.500000 -9.150000 18.300000
   vertex -32.500000 -17.074132 22.875000
   vertex -32.500000 -16.757947 23.383468
  endloop
 endfacet
 facet normal 1 0 0
  outer loop
   vertex 32.500000 -9.150000 18.300000
   vertex 32.500000 -16.757947 23.383468
   vertex 32.500000 -17.074132 22.875000
  endloop
 endfacet
 facet normal 0 -0.88192126 0.47139674
  outer loop
   vertex -32.500000 -17.074132 22.875000
   vertex -32.500000 -17.356386 22.346942
   vertex 32.500000 -17.356386 22.346942
  endloop
 endfacet
 facet normal 0 -0.88192126 0.47139674
  outer loop
   vertex -32.500000 -17.074132 22.875000
   vertex 32.500000 -17.356386 22.346942
   vertex 32.500000 -17.074132 22.875000
  endloop
 endfacet
 facet normal -1 0 0
  outer loop
   vertex -32.500000 -9.150000 18.300000
   vertex -32.500000 -17.356386 22.346942
   vertex -32.500000 -17.074132 22.875000
  endloop
 endfacet
 facet normal 1 0 0
  outer loop
   vertex 32.500000 -9.150000 18.300000
   vertex 32.500000 -17.074132 22.875000
   vertex 32.500000 -17.356386 22.346942
  endloop
 endfacet
 facet normal 0 -0.91086382 0.41270703
  outer loop
   vertex -32.500000 -17.356386 22.346942
   vertex -32.500000 -17.603498 21.801553
   vertex 32.500000 -17.603498 21.801553
  endloop
 endfacet
 facet normal 0 -0.91086382 0.41270703
  outer loop
   vertex -32.500000 -17.356386 22.346942
   vertex 32.500000 -17.603498 21.801553
   vertex 32.500000 -17.356386 22.346942
  endloop
 endfacet
 facet normal -1 0 0
  outer loop
   vertex -32.500000 -9.150000 18.300000
   vertex -32.500000 -17.603498 21.801553
   vertex -32.500000 -17.356386 22.346942
  endloop
 endfacet
 facet normal 1 0 0
  outer loop
   vertex 32.500000 -9.150000 18.300000
   vertex 32.500000 -17.356386 22.346942
   vertex 32.500000 -17.603498 21.801553
  endloop
 endfacet
 facet normal 0 -0.93590593 0.35225005
  outer loop
   vertex -32.500000 -17.603498 21.801553
   vertex -32.500000 -17.814411 21.241171
   vertex 32.500000 -17.814411 21.241171
  endloop
 endfacet
 facet normal 0 -0.93590593 0.35225005
  outer loop
   vertex -32.500000 -17.603498 21.801553
   vertex 32.500000 -17.814411 21.241171
   vertex 32.500000 -17.603498 21.801553
  endloop
 endfacet
 facet normal -1 0 0
  outer loop
   vertex -32.500000 -9.150000 18.300000
   vertex -32.500000 -17.814411 21.241171
   vertex -32.500000 -17.603498 21.801553
  endloop
 endfacet
 facet normal 1 0 0
  outer loop
   vertex 32.500000 -9.150000 18.300000
   vertex 32.500000 -17.603498 21.801553
   vertex 32.500000 -17.814411 21.241171
  endloop
 endfacet
 facet normal 0 -0.95694034 0.29028468
  outer loop
   vertex -32.500000 -17.814411 21.241171
   vertex -32.500000 -17.988221 20.668194
   vertex 32.500000 -17.988221 20.668194
  endloop
 endfacet
 facet normal 0 -0.95694034 0.29028468
  outer loop
   vertex -32.500000 -17.814411 21.241171
   vertex 32.500000 -17.988221 20.668194
   vertex 32.500000 -17.814411 21.241171
  endloop
 endfacet
 facet normal -1 0 0
  outer loop
   vertex -32.500000 -9.150000 18.300000
   vertex -32.500000 -17.988221 20.668194
   vertex -32.500000 -17.814411 21.241171
  endloop
 endfacet
 facet normal 1 0 0
  outer loop
   vertex 32.500000 -9.150000 18.300000
   vertex 32.500000 -17.814411 21.241171
   vertex 32.500000 -17.988221 20.668194
  endloop
 endfacet
 facet normal 0 -0.97387698 0.22707626
  outer loop
   vertex -32.500000 -17.988221 20.668194
   vertex -32.500000 -18.124185 20.085076
   vertex 32.500000 -18.124185 20.085076
  endloop
 endfacet
 facet normal 0 -0.97387698 0.22707626
  outer loop
   vertex -32.500000 -17.988221 20.668194
   vertex 32.500000 -18.124185 20.085076
   vertex 32.500000 -17.988221 20.668194
  endloop
 endfacet
 facet normal -1 0 0
  outer loop
   vertex -32.500000 -9.150000 18.300000
   vertex -32.500000 -18.124185 20.085076
   vertex -32.500000 -17.988221 20.668194
  endloop
 endfacet
 facet normal 1 0 0
  outer loop
   vertex 32.500000 -9.150000 18.300000
   vertex 32.500000 -17.988221 20.668194
   vertex 32.500000 -18.124185 20.085076
  endloop
 endfacet
 facet normal 0 -0.98664333 0.16289547
  outer loop
   vertex -32.500000 -18.124185 20.085076
   vertex -32.500000 -18.221720 19.494315
   vertex 32.500000 -18.221720 19.494315
  endloop
 endfacet
 facet normal 0 -0.98664333 0.16289547
  outer loop
   vertex -32.500000 -18.124185 20.085076
   vertex 32.500000 -18.221720 19.494315
   vertex 32.500000 -18.124185 20.085076
  endloop
 endfacet
 facet normal -1 0 0
  outer loop
   vertex -32.500000 -9.150000 18.300000
   vertex -32.500000 -18.221720 19.494315
   vertex -32.500000 -18.124185 20.085076
  endloop
 endfacet
 facet normal 1 0 0
  outer loop
   vertex 32.500000 -9.150000 18.300000
   vertex 32.500000 -18.124185 20.085076
   vertex 32.500000 -18.221720 19.494315
  endloop
 endfacet
 facet normal 0 -0.99518473 0.09801714
  outer loop
   vertex -32.500000 -18.221720 19.494315
   vertex -32.500000 -18.280409 18.898439
   vertex 32.500000 -18.280409 18.898439
  endloop
 endfacet
 facet normal 0 -0.99518473 0.09801714
  outer loop
   vertex -32.500000 -18.221720 19.494315
   vertex 32.500000 -18.280409 18.898439
   vertex 32.500000 -18.221720 19.494315
  endloop
 endfacet
 facet normal -1 0 0
  outer loop
   vertex -32.500000 -9.150000 18.300000
   vertex -32.500000 -18.280409 18.898439
   vertex -32.500000 -18.221720 19.494315
  endloop
 endfacet
 facet normal 1 0 0
  outer loop
   vertex 32.500000 -9.150000 18.300000
   vertex 32.500000 -18.221720 19.494315
   vertex 32.500000 -18.280409 18.898439
  endloop
 endfacet
 facet normal 0 -0.99946459 0.032719083
  outer loop
   vertex -32.500000 -18.280409 18.898439
   vertex -32.500000 -18.300000 18.300000
   vertex 32.500000 -18.300000 18.300000
  endloop
 endfacet
 facet normal 0 -0.99946459 0.032719083
  outer loop
   vertex -32.500000 -18.280409 18.898439
   vertex 32.500000 -18.300000 18.300000
   vertex 32.500000 -18.280409 18.898439
  endloop
 endfacet
 facet normal -1 0 0
  outer loop
   vertex -32.500000 -9.150000 18.300000
   vertex -32.500000 -18.300000 18.300000
   vertex -32.500000 -18.280409 18.898439
  endloop
 endfacet
 facet normal 1 0 0
  outer loop
   vertex 32.500000 -9.150000 18.300000
   vertex 32.500000 -18.280409 18.898439
   vertex 32.500000 -18.300000 18.300000
  endloop
 endfacet
 facet normal 0 -0.99946459 -0.032719083
  outer loop
   vertex -32.500000 -18.300000 18.300000
   vertex -32.500000 -18.280409 17.701561
   vertex 32.500000 -18.280409 17.701561
  endloop
 endfacet
 facet normal 0 -0.99946459 -0.032719083
  outer loop
   vertex -32.500000 -18.300000 18.300000
   vertex 32.500000 -18.280409 17.701561
   vertex 32.500000 -18.300000 18.300000
  endloop
 endfacet
 facet normal -1 -0 0
  outer loop
   vertex -32.500000 -9.150000 18.300000
   vertex -32.500000 -18.280409 17.701561
   vertex -32.500000 -18.300000 18.300000
  endloop
 endfacet
 facet normal 1 0 0
  outer loop
   vertex 32.500000 -9.150000 18.300000
   vertex 32.500000 -18.300000 18.300000
   vertex 32.500000 -18.280409 17.701561
  endloop
 endfacet
 facet normal 0 -0.99518473 -0.09801714
  outer loop
   vertex -32.500000 -18.280409 17.701561
   vertex -32.500000 -18.221720 17.105685
   vertex 32.500000 -18.221720 17.105685
  endloop
 endfacet
 facet normal 0 -0.99518473 -0.09801714
  outer loop
   vertex -32.500000 -18.280409 17.701561
   vertex 32.500000 -18.221720 17.105685
   vertex 32.500000 -18.280409 17.701561
  endloop
 endfacet
 facet normal -1 0 0
  outer loop
   vertex -32.500000 -9.150000 18.300000
   vertex -32.500000 -18.221720 17.105685
   vertex -32.500000 -18.280409 17.701561
  endloop
 endfacet
 facet normal 1 0 0
  outer loop
   vertex 32.500000 -9.150000 18.300000
   vertex 32.500000 -18.280409 17.701561
   vertex 32.500000 -18.221720 17.105685
  endloop
 endfacet
 facet normal 0 -0.98664333 -0.16289547
  outer loop
   vertex -32.500000 -18.221720 17.105685
   vertex -32.500000 -18.124185 16.514924
   vertex 32.500000 -18.124185 16.514924
  endloop
 endfacet
 facet normal 0 -0.98664333 -0.16289547
  outer loop
   vertex -32.500000 -18.221720 17.105685
   vertex 32.500000 -18.124185 16.514924
   vertex 32.500000 -18.221720 17.105685
  endloop
 endfacet
 facet normal -1 0 0
  outer loop
   vertex -32.500000 -9.150000 18.300000
   vertex -32.500000 -18.124185 16.514924
   vertex -32.500000 -18.221720 17.105685
  endloop
 endfacet
 facet normal 1 0 0
  outer loop
   vertex 32.500000 -9.150000 18.300000
   vertex 32.500000 -18.221720 17.105685
   vertex 32.500000 -18.124185 16.514924
  endloop
 endfacet
 facet normal 0 -0.97387698 -0.22707626
  outer loop
   vertex -32.500000 -18.124185 16.514924
   vertex -32.500000 -17.988221 15.931806
   vertex 32.500000 -17.988221 15.931806
  endloop
 endfacet
 facet normal 0 -0.97387698 -0.22707626
  outer loop
   vertex -32.500000 -18.124185 16.514924
   vertex 32.500000 -17.988221 15.931806
   vertex 32.500000 -18.124185 16.514924
  endloop
 endfacet
 facet normal -1 0 0
  outer loop
   vertex -32.500000 -9.150000 18.300000
   vertex -32.500000 -17.988221 15.931806
   vertex -32.500000 -18.124185 16.514924
  endloop
 endfacet
 facet normal 1 0 0
  outer loop
   vertex 32.500000 -9.150000 18.300000
   vertex 32.500000 -18.124185 16.514924
   vertex 32.500000 -17.988221 15.931806
  endloop
 endfacet
 facet normal 0 -0.95694034 -0.29028468
  outer loop
   vertex -32.500000 -17.988221 15.931806
   vertex -32.500000 -17.814411 15.358829
   vertex 32.500000 -17.814411 15.358829
  endloop
 endfacet
 facet normal 0 -0.95694034 -0.29028468
  outer loop
   vertex -32.500000 -17.988221 15.931806
   vertex 32.500000 -17.814411 15.358829
   vertex 32.500000 -17.988221 15.931806
  endloop
 endfacet
 facet normal -1 0 0
  outer loop
   vertex -32.500000 -9.150000 18.300000
   vertex -32.500000 -17.814411 15.358829
   vertex -32.500000 -17.988221 15.931806
  endloop
 endfacet
 facet normal 1 0 0
  outer loop
   vertex 32.500000 -9.150000 18.300000
   vertex 32.500000 -17.988221 15.931806
   vertex 32.500000 -17.814411 15.358829
  endloop
 endfacet
 facet normal 0 -0.93590593 -0.35225005
  outer loop
   vertex -32.500000 -17.814411 15.358829
   vertex -32.500000 -17.603498 14.798447
   vertex 32.500000 -17.603498 14.798447
  endloop
 endfacet
 facet normal 0 -0.93590593 -0.35225005
  outer loop
   vertex -32.500000 -17.814411 15.358829
   vertex 32.500000 -17.603498 14.798447
   vertex 32.500000 -17.814411 15.358829
  endloop
 endfacet
 facet normal -1 0 0
  outer loop
   vertex -32.500000 -9.150000 18.300000
   vertex -32.500000 -17.603498 14.798447
   vertex -32.500000 -17.814411 15.358829
  endloop
 endfacet
 facet normal 1 0 0
  outer loop
   vertex 32.500000 -9.150000 18.300000
   vertex 32.500000 -17.814411 15.358829
   vertex 32.500000 -17.603498 14.798447
  endloop
 endfacet
 facet normal 0 -0.91086382 -0.41270703
  outer loop
   vertex -32.500000 -17.603498 14.798447
   vertex -32.500000 -17.356386 14.253058
   vertex 32.500000 -17.356386 14.253058
  endloop
 endfacet
 facet normal 0 -0.91086382 -0.41270703
  outer loop
   vertex -32.500000 -17.603498 14.798447
   vertex 32.500000 -17.356386 14.253058
   vertex 32.500000 -17.603498 14.798447
  endloop
 endfacet
 facet normal -1 0 0
  outer loop
   vertex -32.500000 -9.150000 18.300000
   vertex -32.500000 -17.356386 14.253058
   vertex -32.500000 -17.603498 14.798447
  endloop
 endfacet
 facet normal 1 0 0
  outer loop
   vertex 32.500000 -9.150000 18.300000
   vertex 32.500000 -17.603498 14.798447
   vertex 32.500000 -17.356386 14.253058
  endloop
 endfacet
 facet normal 0 -0.88192126 -0.47139674
  outer loop
   vertex -32.500000 -17.356386 14.253058
   vertex -32.500000 -17.074132 13.725000
   vertex 32.500000 -17.074132 13.725000
  endloop
 endfacet
 facet normal 0 -0.88192126 -0.47139674
  outer loop
   vertex -32.500000 -17.356386 14.253058
   vertex 32.500000 -17.074132 13.725000
   vertex 32.500000 -17.356386 14.253058
  endloop
 endfacet
 facet normal -1 0 0
  outer loop
   vertex -32.500000 -9.150000 18.300000
   vertex -32.500000 -17.074132 13.725000
   vertex -32.500000 -17.356386 14.253058
  endloop
 endfacet
 facet normal 1 0 0
  outer loop
   vertex 32.500000 -9.150000 18.300000
   vertex 32.500000 -17.356386 14.253058
   vertex 32.500000 -17.074132 13.725000
  endloop
 endfacet
 facet normal 0 -0.84920218 -0.52806785
  outer loop
   vertex -32.500000 -17.074132 13.725000
   vertex -32.500000 -16.757947 13.216532
   vertex 32.500000 -16.757947 13.216532
  endloop
 endfacet
 facet normal 0 -0.84920218 -0.52806785
  outer loop
   vertex -32.500000 -17.074132 13.725000
   vertex 32.500000 -16.757947 13.216532
   vertex 32.500000 -17.074132 13.725000
  endloop
 endfacet
 facet normal -1 0 0
  outer loop
   vertex -32.500000 -9.150000 18.300000
   vertex -32.500000 -16.757947 13.216532
   vertex -32.500000 -17.074132 13.725000
  endloop
 endfacet
 facet normal 1 0 0
  outer loop
   vertex 32.500000 -9.150000 18.300000
   vertex 32.500000 -17.074132 13.725000
   vertex 32.500000 -16.757947 13.216532
  endloop
 endfacet
 facet normal 0 -0.81284668 -0.5824777
  outer loop
   vertex -32.500000 -16.757947 13.216532
   vertex -32.500000 -16.409183 12.729833
   vertex 32.500000 -16.409183 12.729833
  endloop
 endfacet
 facet normal 0 -0.81284668 -0.5824777
  outer loop
   vertex -32.500000 -16.757947 13.216532
   vertex 32.500000 -16.409183 12.729833
   vertex 32.500000 -16.757947 13.216532
  endloop
 endfacet
 facet normal -1 0 0
  outer loop
   vertex -32.500000 -9.150000 18.300000
   vertex -32.500000 -16.409183 12.729833
   vertex -32.500000 -16.757947 13.216532
  endloop
 endfacet
 facet normal 1 0 0
  outer loop
   vertex 32.500000 -9.150000 18.300000
   vertex 32.500000 -16.757947 13.216532
   vertex 32.500000 -16.409183 12.729833
  endloop
 endfacet
 facet normal 0 -0.77301045 -0.63439328
  outer loop
   vertex -32.500000 -16.409183 12.729833
   vertex -32.500000 -16.029334 12.266986
   vertex 32.500000 -16.029334 12.266986
  endloop
 endfacet
 facet normal 0 -0.77301045 -0.63439328
  outer loop
   vertex -32.500000 -16.409183 12.729833
   vertex 32.500000 -16.029334 12.266986
   vertex 32.500000 -16.409183 12.729833
  endloop
 endfacet
 facet normal -1 0 0
  outer loop
   vertex -32.500000 -9.150000 18.300000
   vertex -32.500000 -16.029334 12.266986
   vertex -32.500000 -16.409183 12.729833
  endloop
 endfacet
 facet normal 1 0 0
  outer loop
   vertex 32.500000 -9.150000 18.300000
   vertex 32.500000 -16.409183 12.729833
   vertex 32.500000 -16.029334 12.266986
  endloop
 endfacet
 facet normal 0 -0.72986407 -0.6835923
  outer loop
   vertex -32.500000 -16.029334 12.266986
   vertex -32.500000 -15.620027 11.829973
   vertex 32.500000 -15.620027 11.829973
  endloop
 endfacet
 facet normal 0 -0.72986407 -0.6835923
  outer loop
   vertex -32.500000 -16.029334 12.266986
   vertex 32.500000 -15.620027 11.829973
   vertex 32.500000 -16.029334 12.266986
  endloop
 endfacet
 facet normal -1 0 0
  outer loop
   vertex -32.500000 -9.150000 18.300000
   vertex -32.500000 -15.620027 11.829973
   vertex -32.500000 -16.029334 12.266986
  endloop
 endfacet
 facet normal 1 0 0
  outer loop
   vertex 32.500000 -9.150000 18.300000
   vertex 32.500000 -16.029334 12.266986
   vertex 32.500000 -15.620027 11.829973
  endloop
 endfacet
 facet normal 0 -0.6835923 -0.72986407
  outer loop
   vertex -32.500000 -15.620027 11.829973
   vertex -32.500000 -15.183014 11.420666
   vertex 32.500000 -15.183014 11.420666
  endloop
 endfacet
 facet normal 0 -0.6835923 -0.72986407
  outer loop
   vertex -32.500000 -15.620027 11.829973
   vertex 32.500000 -15.183014 11.420666
   vertex 32.500000 -15.620027 11.829973
  endloop
 endfacet
 facet normal -1 0 0
  outer loop
   vertex -32.500000 -9.150000 18.300000
   vertex -32.500000 -15.183014 11.420666
   vertex -32.500000 -15.620027 11.829973
  endloop
 endfacet
 facet normal 1 0 0
  outer loop
   vertex 32.500000 -9.150000 18.300000
   vertex 32.500000 -15.620027 11.829973
   vertex 32.500000 -15.183014 11.420666
  endloop
 endfacet
 facet normal 0 -0.63439328 -0.77301045
  outer loop
   vertex -32.500000 -15.183014 11.420666
   vertex -32.500000 -14.720167 11.040817
   vertex 32.500000 -14.720167 11.040817
  endloop
 endfacet
 facet normal 0 -0.63439328 -0.77301045
  outer loop
   vertex -32.500000 -15.183014 11.420666
   vertex 32.500000 -14.720167 11.040817
   vertex 32.500000 -15.183014 11.420666
  endloop
 endfacet
 facet normal -1 0 0
  outer loop
   vertex -32.500000 -9.150000 18.300000
   vertex -32.500000 -14.720167 11.040817
   vertex -32.500000 -15.183014 11.420666
  endloop
 endfacet
 facet normal 1 0 0
  outer loop
   vertex 32.500000 -9.150000 18.300000
   vertex 32.500000 -15.183014 11.420666
   vertex 32.500000 -14.720167 11.040817
  endloop
 endfacet
 facet normal 0 -0.5824777 -0.81284668
  outer loop
   vertex -32.500000 -14.720167 11.040817
   vertex -32.500000 -14.233468 10.692053
   vertex 32.500000 -14.233468 10.692053
  endloop
 endfacet
 facet normal 0 -0.5824777 -0.81284668
  outer loop
   vertex -32.500000 -14.720167 11.040817
   vertex 32.500000 -14.233468 10.692053
   vertex 32.500000 -14.720167 11.040817
  endloop
 endfacet
 facet normal -1 0 0
  outer loop
   vertex -32.500000 -9.150000 18.300000
   vertex -32.500000 -14.233468 10.692053
   vertex -32.500000 -14.720167 11.040817
  endloop
 endfacet
 facet normal 1 0 0
  outer loop
   vertex 32.500000 -9.150000 18.300000
   vertex 32.500000 -14.720167 11.040817
   vertex 32.500000 -14.233468 10.692053
  endloop
 endfacet
 facet normal 0 -0.52806785 -0.84920218
  outer loop
   vertex -32.500000 -14.233468 10.692053
   vertex -32.500000 -13.725000 10.375868
   vertex 32.500000 -13.725000 10.375868
  endloop
 endfacet
 facet normal 0 -0.52806785 -0.84920218
  outer loop
   vertex -32.500000 -14.233468 10.692053
   vertex 32.500000 -13.725000 10.375868
   vertex 32.500000 -14.233468 10.692053
  endloop
 endfacet
 facet normal -1 0 0
  outer loop
   vertex -32.500000 -9.150000 18.300000
   vertex -32.500000 -13.725000 10.375868
   vertex -32.500000 -14.233468 10.692053
  endloop
 endfacet
 facet normal 1 0 0
  outer loop
   vertex 32.500000 -9.150000 18.300000
   vertex 32.500000 -14.233468 10.692053
   vertex 32.500000 -13.725000 10.375868
  endloop
 endfacet
 facet normal 0 -0.47139674 -0.88192126
  outer loop
   vertex -32.500000 -13.725000 10.375868
   vertex -32.500000 -13.196942 10.093614
   vertex 32.500000 -13.196942 10.093614
  endloop
 endfacet
 facet normal 0 -0.47139674 -0.88192126
  outer loop
   vertex -32.500000 -13.725000 10.375868
   vertex 32.500000 -13.196942 10.093614
   vertex 32.500000 -13.725000 10.375868
  endloop
 endfacet
 facet normal -1 0 0
  outer loop
   vertex -32.500000 -9.150000 18.300000
   vertex -32.500000 -13.196942 10.093614
   vertex -32.500000 -13.725000 10.375868
  endloop
 endfacet
 facet normal 1 0 0
  outer loop
   vertex 32.500000 -9.150000 18.300000
   vertex 32.500000 -13.725000 10.375868
   vertex 32.500000 -13.196942 10.093614
  endloop
 endfacet
 facet normal 0 -0.41270703 -0.91086382
  outer loop
   vertex -32.500000 -13.196942 10.093614
   vertex -32.500000 -12.651553 9.846502
   vertex 32.500000 -12.651553 9.846502
  endloop
 endfacet
 facet normal 0 -0.41270703 -0.91086382
  outer loop
   vertex -32.500000 -13.196942 10.093614
   vertex 32.500000 -12.651553 9.846502
   vertex 32.500000 -13.196942 10.093614
  endloop
 endfacet
 facet normal -1 0 0
  outer loop
   vertex -32.500000 -9.150000 18.300000
   vertex -32.500000 -12.651553 9.846502
   vertex -32.500000 -13.196942 10.093614
  endloop
 endfacet
 facet normal 1 0 0
  outer loop
   vertex 32.500000 -9.150000 18.300000
   vertex 32.500000 -13.196942 10.093614
   vertex 32.500000 -12.651553 9.846502
  endloop
 endfacet
 facet normal 0 -0.35225005 -0.93590593
  outer loop
   vertex -32.500000 -12.651553 9.846502
   vertex -32.500000 -12.091171 9.635589
   vertex 32.500000 -12.091171 9.635589
  endloop
 endfacet
 facet normal 0 -0.35225005 -0.93590593
  outer loop
   vertex -32.500000 -12.651553 9.846502
   vertex 32.500000 -12.091171 9.635589
   vertex 32.500000 -12.651553 9.846502
  endloop
 endfacet
 facet normal -1 0 0
  outer loop
   vertex -32.500000 -9.150000 18.300000
   vertex -32.500000 -12.091171 9.635589
   vertex -32.500000 -12.651553 9.846502
  endloop
 endfacet
 facet normal 1 0 0
  outer loop
   vertex 32.500000 -9.150000 18.300000
   vertex 32.500000 -12.651553 9.846502
   vertex 32.500000 -12.091171 9.635589
  endloop
 endfacet
 facet normal 0 -0.29028468 -0.95694034
  outer loop
   vertex -32.500000 -12.091171 9.635589
   vertex -32.500000 -11.518194 9.461779
   vertex 32.500000 -11.518194 9.461779
  endloop
 endfacet
 facet normal 0 -0.29028468 -0.95694034
  outer loop
   vertex -32.500000 -12.091171 9.635589
   vertex 32.500000 -11.518194 9.461779
   vertex 32.500000 -12.091171 9.635589
  endloop
 endfacet
 facet normal -1 0 0
  outer loop
   vertex -32.500000 -9.150000 18.300000
   vertex -32.500000 -11.518194 9.461779
   vertex -32.500000 -12.091171 9.635589
  endloop
 endfacet
 facet normal 1 0 0
  outer loop
   vertex 32.500000 -9.150000 18.300000
   vertex 32.500000 -12.091171 9.635589
   vertex 32.500000 -11.518194 9.461779
  endloop
 endfacet
 facet normal 0 -0.22707626 -0.97387698
  outer loop
   vertex -32.500000 -11.518194 9.461779
   vertex -32.500000 -10.935076 9.325815
   vertex 32.500000 -10.935076 9.325815
  endloop
 endfacet
 facet normal 0 -0.22707626 -0.97387698
  outer loop
   vertex -32.500000 -11.518194 9.461779
   vertex 32.500000 -10.935076 9.325815
   vertex 32.500000 -11.518194 9.461779
  endloop
 endfacet
 facet normal -1 0 0
  outer loop
   vertex -32.500000 -9.150000 18.300000
   vertex -32.500000 -10.935076 9.325815
   vertex -32.500000 -11.518194 9.461779
  endloop
 endfacet
 facet normal 1 0 0
  outer loop
   vertex 32.500000 -9.150000 18.300000
   vertex 32.500000 -11.518194 9.461779
   vertex 32.500000 -10.935076 9.325815
  endloop
 endfacet
 facet normal 0 -0.16289547 -0.98664333
  outer loop
   vertex -32.500000 -10.935076 9.325815
   vertex -32.500000 -10.344315 9.228280
   vertex 32.500000 -10.344315 9.228280
  endloop
 endfacet
 facet normal 0 -0.16289547 -0.98664333
  outer loop
   vertex -32.500000 -10.935076 9.325815
   vertex 32.500000 -10.344315 9.228280
   vertex 32.500000 -10.935076 9.325815
  endloop
 endfacet
 facet normal -1 0 0
  outer loop
   vertex -32.500000 -9.150000 18.300000
   vertex -32.500000 -10.344315 9.228280
   vertex -32.500000 -10.935076 9.325815
  endloop
 endfacet
 facet normal 1 0 0
  outer loop
   vertex 32.500000 -9.150000 18.300000
   vertex 32.500000 -10.935076 9.325815
   vertex 32.500000 -10.344315 9.228280
  endloop
 endfacet
 facet normal 0 -0.09801714 -0.99518473
  outer loop
   vertex -32.500000 -10.344315 9.228280
   vertex -32.500000 -9.748439 9.169591
   vertex 32.500000 -9.748439 9.169591
  endloop
 endfacet
 facet normal 0 -0.09801714 -0.99518473
  outer loop
   vertex -32.500000 -10.344315 9.228280
   vertex 32.500000 -9.748439 9.169591
   vertex 32.500000 -10.344315 9.228280
  endloop
 endfacet
 facet normal -1 0 0
  outer loop
   vertex -32.500000 -9.150000 18.300000
   vertex -32.500000 -9.748439 9.169591
   vertex -32.500000 -10.344315 9.228280
  endloop
 endfacet
 facet normal 1 0 0
  outer loop
   vertex 32.500000 -9.150000 18.300000
   vertex 32.500000 -10.344315 9.228280
   vertex 32.500000 -9.748439 9.169591
  endloop
 endfacet
 facet normal 0 -0.032719083 -0.99946459
  outer loop
   vertex -32.500000 -9.748439 9.169591
   vertex -32.500000 -9.150000 9.150000
   vertex 32.500000 -9.150000 9.150000
  endloop
 endfacet
 facet normal 0 -0.032719083 -0.99946459
  outer loop
   vertex -32.500000 -9.748439 9.169591
   vertex 32.500000 -9.150000 9.150000
   vertex 32.500000 -9.748439 9.169591
  endloop
 endfacet
 facet normal -1 0 0
  outer loop
   vertex -32.500000 -9.150000 18.300000
   vertex -32.500000 -9.150000 9.150000
   vertex -32.500000 -9.748439 9.169591
  endloop
 endfacet
 facet normal 1 0 0
  outer loop
   vertex 32.500000 -9.150000 18.300000
   vertex 32.500000 -9.748439 9.169591
   vertex 32.500000 -9.150000 9.150000
  endloop
 endfacet
 facet normal 0 0.032719083 -0.99946459
  outer loop
   vertex -32.500000 -9.150000 9.150000
   vertex -32.500000 -8.551561 9.169591
   vertex 32.500000 -8.551561 9.169591
  endloop
 endfacet
 facet normal 0 0.032719083 -0.99946459
  outer loop
   vertex -32.500000 -9.150000 9.150000
   vertex 32.500000 -8.551561 9.169591
   vertex 32.500000 -9.150000 9.150000
  endloop
 endfacet
 facet normal -1 0 -0
  outer loop
   vertex -32.500000 -9.150000 18.300000
   vertex -32.500000 -8.551561 9.169591
   vertex -32.500000 -9.150000 9.150000
  endloop
 endfacet
 facet normal 1 0 0
  outer loop
   vertex 32.500000 -9.150000 18.300000
   vertex 32.500000 -9.150000 9.150000
   vertex 32.500000 -8.551561 9.169591
  endloop
 endfacet
 facet normal 0 0.09801714 -0.99518473
  outer loop
   vertex -32.500000 -8.551561 9.169591
   vertex -32.500000 -7.955685 9.228280
   vertex 32.500000 -7.955685 9.228280
  endloop
 endfacet
 facet normal 0 0.09801714 -0.99518473
  outer loop
   vertex -32.500000 -8.551561 9.169591
   vertex 32.500000 -7.955685 9.228280
   vertex 32.500000 -8.551561 9.169591
  endloop
 endfacet
 facet normal -1 0 0
  outer loop
   vertex -32.500000 -9.150000 18.300000
   vertex -32.500000 -7.955685 9.228280
   vertex -32.500000 -8.551561 9.169591
  endloop
 endfacet
 facet normal 1 0 0
  outer loop
   vertex 32.500000 -9.150000 18.300000
   vertex 32.500000 -8.551561 9.169591
   vertex 32.500000 -7.955685 9.228280
  endloop
 endfacet
 facet normal 0 0.16289547 -0.98664333
  outer loop
   vertex -32.500000 -7.955685 9.228280
   vertex -32.500000 -7.364924 9.325815
   vertex 32.500000 -7.364924 9.325815
  endloop
 endfacet
 facet normal 0 0.16289547 -0.98664333
  outer loop
   vertex -32.500000 -7.955685 9.228280
   vertex 32.500000 -7.364924 9.325815
   vertex 32.500000 -7.955685 9.228280
  endloop
 endfacet
 facet normal -1 0 0
  outer loop
   vertex -32.500000 -9.150000 18.300000
   vertex -32.500000 -7.364924 9.325815
   vertex -32.500000 -7.955685 9.228280
  endloop
 endfacet
 facet normal 1 0 0
  outer loop
   vertex 32.500000 -9.150000 18.300000
   vertex 32.500000 -7.955685 9.228280
   vertex 32.500000 -7.364924 9.325815
  endloop
 endfacet
 facet normal 0 0.22707626 -0.97387698
  outer loop
   vertex -32.500000 -7.364924 9.325815
   vertex -32.500000 -6.781806 9.461779
   vertex 32.500000 -6.781806 9.461779
  endloop
 endfacet
 facet normal 0 0.22707626 -0.97387698
  outer loop
   vertex -32.500000 -7.364924 9.325815
   vertex 32.500000 -6.781806 9.461779
   vertex 32.500000 -7.364924 9.325815
  endloop
 endfacet
 facet normal -1 0 0
  outer loop
   vertex -32.500000 -9.150000 18.300000
   vertex -32.500000 -6.781806 9.461779
   vertex -32.500000 -7.364924 9.325815
  endloop
 endfacet
 facet normal 1 0 0
  outer loop
   vertex 32.500000 -9.150000 18.300000
   vertex 32.500000 -7.364924 9.325815
   vertex 32.500000 -6.781806 9.461779
  endloop
 endfacet
 facet normal 0 0.29028468 -0.95694034
  outer loop
   vertex -32.500000 -6.781806 9.461779
   vertex -32.500000 -6.208829 9.635589
   vertex 32.500000 -6.208829 9.635589
  endloop
 endfacet
 facet normal 0 0.29028468 -0.95694034
  outer loop
   vertex -32.500000 -6.781806 9.461779
   vertex 32.500000 -6.208829 9.635589
   vertex 32.500000 -6.781806 9.461779
  endloop
 endfacet
 facet normal -1 0 0
  outer loop
   vertex -32.500000 -9.150000 18.300000
   vertex -32.500000 -6.208829 9.635589
   vertex -32.500000 -6.781806 9.461779
  endloop
 endfacet
 facet normal 1 0 0
  outer loop
   vertex 32.500000 -9.150000 18.300000
   vertex 32.500000 -6.781806 9.461779
   vertex 32.500000 -6.208829 9.635589
  endloop
 endfacet
 facet normal 0 0.35225005 -0.93590593
  outer loop
   vertex -32.500000 -6.208829 9.635589
   vertex -32.500000 -5.648447 9.846502
   vertex 32.500000 -5.648447 9.846502
  endloop
 endfacet
 facet normal 0 0.35225005 -0.93590593
  outer loop
   vertex -32.500000 -6.208829 9.635589
   vertex 32.500000 -5.648447 9.846502
   vertex 32.500000 -6.208829 9.635589
  endloop
 endfacet
 facet normal -1 0 0
  outer loop
   vertex -32.500000 -9.150000 18.300000
   vertex -32.500000 -5.648447 9.846502
   vertex -32.500000 -6.208829 9.635589
  endloop
 endfacet
 facet normal 1 0 0
  outer loop
   vertex 32.500000 -9.150000 18.300000
   vertex 32.500000 -6.208829 9.635589
   vertex 32.500000 -5.648447 9.846502
  endloop
 endfacet
 facet normal 0 0.41270703 -0.91086382
  outer loop
   vertex -32.500000 -5.648447 9.846502
   vertex -32.500000 -5.103058 10.093614
   vertex 32.500000 -5.103058 10.093614
  endloop
 endfacet
 facet normal 0 0.41270703 -0.91086382
  outer loop
   vertex -32.500000 -5.648447 9.846502
   vertex 32.500000 -5.103058 10.093614
   vertex 32.500000 -5.648447 9.846502
  endloop
 endfacet
 facet normal -1 0 0
  outer loop
   vertex -32.500000 -9.150000 18.300000
   vertex -32.500000 -5.103058 10.093614
   vertex -32.500000 -5.648447 9.846502
  endloop
 endfacet
 facet normal 1 0 0
  outer loop
   vertex 32.500000 -9.150000 18.300000
   vertex 32.500000 -5.648447 9.846502
   vertex 32.500000 -5.103058 10.093614
  endloop
 endfacet
 facet normal 0 0.47139674 -0.88192126
  outer loop
   vertex -32.500000 -5.103058 10.093614
   vertex -32.500000 -4.575000 10.375868
   vertex 32.500000 -4.575000 10.375868
  endloop
 endfacet
 facet normal 0 0.47139674 -0.88192126
  outer loop
   vertex -32.500000 -5.103058 10.093614
   vertex 32.500000 -4.575000 10.375868
   vertex 32.500000 -5.103058 10.093614
  endloop
 endfacet
 facet normal -1 0 0
  outer loop
   vertex -32.500000 -9.150000 18.300000
   vertex -32.500000 -4.575000 10.375868
   vertex -32.500000 -5.103058 10.093614
  endloop
 endfacet
 facet normal 1 0 0
  outer loop
   vertex 32.500000 -9.150000 18.300000
   vertex 32.500000 -5.103058 10.093614
   vertex 32.500000 -4.575000 10.375868
  endloop
 endfacet
 facet normal 0 0.52806785 -0.84920218
  outer loop
   vertex -32.500000 -4.575000 10.375868
   vertex -32.500000 -4.066532 10.692053
   vertex 32.500000 -4.066532 10.692053
  endloop
 endfacet
 facet normal 0 0.52806785 -0.84920218
  outer loop
   vertex -32.500000 -4.575000 10.375868
   vertex 32.500000 -4.066532 10.692053
   vertex 32.500000 -4.575000 10.375868
  endloop
 endfacet
 facet normal -1 0 0
  outer loop
   vertex -32.500000 -9.150000 18.300000
   vertex -32.500000 -4.066532 10.692053
   vertex -32.500000 -4.575000 10.375868
  endloop
 endfacet
 facet normal 1 0 0
  outer loop
   vertex 32.500000 -9.150000 18.300000
   vertex 32.500000 -4.575000 10.375868
   vertex 32.500000 -4.066532 10.692053
  endloop
 endfacet
 facet normal 0 0.5824777 -0.81284668
  outer loop
   vertex -32.500000 -4.066532 10.692053
   vertex -32.500000 -3.579833 11.040817
   vertex 32.500000 -3.579833 11.040817
  endloop
 endfacet
 facet normal 0 0.5824777 -0.81284668
  outer loop
   vertex -32.500000 -4.066532 10.692053
   vertex 32.500000 -3.579833 11.040817
   vertex 32.500000 -4.066532 10.692053
  endloop
 endfacet
 facet normal -1 0 0
  outer loop
   vertex -32.500000 -9.150000 18.300000
   vertex -32.500000 -3.579833 11.040817
   vertex -32.500000 -4.066532 10.692053
  endloop
 endfacet
 facet normal 1 0 0
  outer loop
   vertex 32.500000 -9.150000 18.300000
   vertex 32.500000 -4.066532 10.692053
   vertex 32.500000 -3.579833 11.040817
  endloop
 endfacet
 facet normal 0 0.63439328 -0.77301045
  outer loop
   vertex -32.500000 -3.579833 11.040817
   vertex -32.500000 -3.116986 11.420666
   vertex 32.500000 -3.116986 11.420666
  endloop
 endfacet
 facet normal 0 0.63439328 -0.77301045
  outer loop
   vertex -32.500000 -3.579833 11.040817
   vertex 32.500000 -3.116986 11.420666
   vertex 32.500000 -3.579833 11.040817
  endloop
 endfacet
 facet normal -1 0 0
  outer loop
   vertex -32.500000 -9.150000 18.300000
   vertex -32.500000 -3.116986 11.420666
   vertex -32.500000 -3.579833 11.040817
  endloop
 endfacet
 facet normal 1 0 0
  outer loop
   vertex 32.500000 -9.150000 18.300000
   vertex 32.500000 -3.579833 11.040817
   vertex 32.500000 -3.116986 11.420666
  endloop
 endfacet
 facet normal 0 0.6835923 -0.72986407
  outer loop
   vertex -32.500000 -3.116986 11.420666
   vertex -32.500000 -2.679973 11.829973
   vertex 32.500000 -2.679973 11.829973
  endloop
 endfacet
 facet normal 0 0.6835923 -0.72986407
  outer loop
   vertex -32.500000 -3.116986 11.420666
   vertex 32.500000 -2.679973 11.829973
   vertex 32.500000 -3.116986 11.420666
  endloop
 endfacet
 facet normal -1 0 0
  outer loop
   vertex -32.500000 -9.150000 18.300000
   vertex -32.500000 -2.679973 11.829973
   vertex -32.500000 -3.116986 11.420666
  endloop
 endfacet
 facet normal 1 0 0
  outer loop
   vertex 32.500000 -9.150000 18.300000
   vertex 32.500000 -3.116986 11.420666
   vertex 32.500000 -2.679973 11.829973
  endloop
 endfacet
 facet normal 0 0.72986407 -0.6835923
  outer loop
   vertex -32.500000 -2.679973 11.829973
   vertex -32.500000 -2.270666 12.266986
   vertex 32.500000 -2.270666 12.266986
  endloop
 endfacet
 facet normal 0 0.72986407 -0.6835923
  outer loop
   vertex -32.500000 -2.679973 11.829973
   vertex 32.500000 -2.270666 12.266986
   vertex 32.500000 -2.679973 11.829973
  endloop
 endfacet
 facet normal -1 0 0
  outer loop
   vertex -32.500000 -9.150000 18.300000
   vertex -32.500000 -2.270666 12.266986
   vertex -32.500000 -2.679973 11.829973
  endloop
 endfacet
 facet normal 1 0 0
  outer loop
   vertex 32.500000 -9.150000 18.300000
   vertex 32.500000 -2.679973 11.829973
   vertex 32.500000 -2.270666 12.266986
  endloop
 endfacet
 facet normal 0 0.77301045 -0.63439328
  outer loop
   vertex -32.500000 -2.270666 12.266986
   vertex -32.500000 -1.890817 12.729833
   vertex 32.500000 -1.890817 12.729833
  endloop
 endfacet
 facet normal 0 0.77301045 -0.63439328
  outer loop
   vertex -32.500000 -2.270666 12.266986
   vertex 32.500000 -1.890817 12.729833
   vertex 32.500000 -2.270666 12.266986
  endloop
 endfacet
 facet normal -1 0 0
  outer loop
   vertex -32.500000 -9.150000 18.300000
   vertex -32.500000 -1.890817 12.729833
   vertex -32.500000 -2.270666 12.266986
  endloop
 endfacet
 facet normal 1 0 0
  outer loop
   vertex 32.500000 -9.150000 18.300000
   vertex 32.500000 -2.270666 12.266986
   vertex 32.500000 -1.890817 12.729833
  endloop
 endfacet
 facet normal 0 0.81284668 -0.5824777
  outer loop
   vertex -32.500000 -1.890817 12.729833
   vertex -32.500000 -1.542053 13.216532
   vertex 32.500000 -1.542053 13.216532
  endloop
 endfacet
 facet normal 0 0.81284668 -0.5824777
  outer loop
   vertex -32.500000 -1.890817 12.729833
   vertex 32.500000 -1.542053 13.216532
   vertex 32.500000 -1.890817 12.729833
  endloop
 endfacet
 facet normal -1 0 0
  outer loop
   vertex -32.500000 -9.150000 18.300000
   vertex -32.500000 -1.542053 13.216532
   vertex -32.500000 -1.890817 12.729833
  endloop
 endfacet
 facet normal 1 0 0
  outer loop
   vertex 32.500000 -9.150000 18.300000
   vertex 32.500000 -1.890817 12.729833
   vertex 32.500000 -1.542053 13.216532
  endloop
 endfacet
 facet normal 0 0.84920218 -0.52806785
  outer loop
   vertex -32.500000 -1.542053 13.216532
   vertex -32.500000 -1.225868 13.725000
   vertex 32.500000 -1.225868 13.725000
  endloop
 endfacet
 facet normal 0 0.84920218 -0.52806785
  outer loop
   vertex -32.500000 -1.542053 13.216532
   vertex 32.500000 -1.225868 13.725000
   vertex 32.500000 -1.542053 13.216532
  endloop
 endfacet
 facet normal -1 0 0
  outer loop
   vertex -32.500000 -9.150000 18.300000
   vertex -32.500000 -1.225868 13.725000
   vertex -32.500000 -1.542053 13.216532
  endloop
 endfacet
 facet normal 1 0 0
  outer loop
   vertex 32.500000 -9.150000 18.300000
   vertex 32.500000 -1.542053 13.216532
   vertex 32.500000 -1.225868 13.725000
  endloop
 endfacet
 facet normal 0 0.88192126 -0.47139674
  outer loop
   vertex -32.500000 -1.225868 13.725000
   vertex -32.500000 -0.943614 14.253058
   vertex 32.500000 -0.943614 14.253058
  endloop
 endfacet
 facet normal 0 0.88192126 -0.47139674
  outer loop
   vertex -32.500000 -1.225868 13.725000
   vertex 32.500000 -0.943614 14.253058
   vertex 32.500000 -1.225868 13.725000
  endloop
 endfacet
 facet normal -1 0 0
  outer loop
   vertex -32.500000 -9.150000 18.300000
   vertex -32.500000 -0.943614 14.253058
   vertex -32.500000 -1.225868 13.725000
  endloop
 endfacet
 facet normal 1 0 0
  outer loop
   vertex 32.500000 -9.150000 18.300000
   vertex 32.500000 -1.225868 13.725000
   vertex 32.500000 -0.943614 14.253058
  endloop
 endfacet
 facet normal 0 0.91086382 -0.41270703
  outer loop
   vertex -32.500000 -0.943614 14.253058
   vertex -32.500000 -0.696502 14.798447
   vertex 32.500000 -0.696502 14.798447
  endloop
 endfacet
 facet normal 0 0.91086382 -0.41270703
  outer loop
   vertex -32.500000 -0.943614 14.253058
   vertex 32.500000 -0.696502 14.798447
   vertex 32.500000 -0.943614 14.253058
  endloop
 endfacet
 facet normal -1 0 0
  outer loop
   vertex -32.500000 -9.150000 18.300000
   vertex -32.500000 -0.696502 14.798447
   vertex -32.500000 -0.943614 14.253058
  endloop
 endfacet
 facet normal 1 0 0
  outer loop
   vertex 32.500000 -9.150000 18.300000
   vertex 32.500000 -0.943614 14.253058
   vertex 32.500000 -0.696502 14.798447
  endloop
 endfacet
 facet normal 0 0.93590593 -0.35225005
  outer loop
   vertex -32.500000 -0.696502 14.798447
   vertex -32.500000 -0.485589 15.358829
   vertex 32.500000 -0.485589 15.358829
  endloop
 endfacet
 facet normal 0 0.93590593 -0.35225005
  outer loop
   vertex -32.500000 -0.696502 14.798447
   vertex 32.500000 -0.485589 15.358829
   vertex 32.500000 -0.696502 14.798447
  endloop
 endfacet
 facet normal -1 0 0
  outer loop
   vertex -32.500000 -9.150000 18.300000
   vertex -32.500000 -0.485589 15.358829
   vertex -32.500000 -0.696502 14.798447
  endloop
 endfacet
 facet normal 1 0 0
  outer loop
   vertex 32.500000 -9.150000 18.300000
   vertex 32.500000 -0.696502 14.798447
   vertex 32.500000 -0.485589 15.358829
  endloop
 endfacet
 facet normal 0 0.95694034 -0.29028468
  outer loop
   vertex -32.500000 -0.485589 15.358829
   vertex -32.500000 -0.311779 15.931806
   vertex 32.500000 -0.311779 15.931806
  endloop
 endfacet
 facet normal 0 0.95694034 -0.29028468
  outer loop
   vertex -32.500000 -0.485589 15.358829
   vertex 32.500000 -0.311779 15.931806
   vertex 32.500000 -0.485589 15.358829
  endloop
 endfacet
 facet normal -1 0 0
  outer loop
   vertex -32.500000 -9.150000 18.300000
   vertex -32.500000 -0.311779 15.931806
   vertex -32.500000 -0.485589 15.358829
  endloop
 endfacet
 facet normal 1 0 0
  outer loop
   vertex 32.500000 -9.150000 18.300000
   vertex 32.500000 -0.485589 15.358829
   vertex 32.500000 -0.311779 15.931806
  endloop
 endfacet
 facet normal 0 0.97387698 -0.22707626
  outer loop
   vertex -32.500000 -0.311779 15.931806
   vertex -32.500000 -0.175815 16.514924
   vertex 32.500000 -0.175815 16.514924
  endloop
 endfacet
 facet normal 0 0.97387698 -0.22707626
  outer loop
   vertex -32.500000 -0.311779 15.931806
   vertex 32.500000 -0.175815 16.514924
   vertex 32.500000 -0.311779 15.931806
  endloop
 endfacet
 facet normal -1 0 0
  outer loop
   vertex -32.500000 -9.150000 18.300000
   vertex -32.500000 -0.175815 16.514924
   vertex -32.500000 -0.311779 15.931806
  endloop
 endfacet
 facet normal 1 0 0
  outer loop
   vertex 32.500000 -9.150000 18.300000
   vertex 32.500000 -0.311779 15.931806
   vertex 32.500000 -0.175815 16.514924
  endloop
 endfacet
 facet normal 0 0.98664333 -0.16289547
  outer loop
   vertex -32.500000 -0.175815 16.514924
   vertex -32.500000 -0.078280 17.105685
   vertex 32.500000 -0.078280 17.105685
  endloop
 endfacet
 facet normal 0 0.98664333 -0.16289547
  outer loop
   vertex -32.500000 -0.175815 16.514924
   vertex 32.500000 -0.078280 17.105685
   vertex 32.500000 -0.175815 16.514924
  endloop
 endfacet
 facet normal -1 0 0
  outer loop
   vertex -32.500000 -9.150000 18.300000
   vertex -32.500000 -0.078280 17.105685
   vertex -32.500000 -0.175815 16.514924
  endloop
 endfacet
 facet normal 1 0 0
  outer loop
   vertex 32.500000 -9.150000 18.300000
   vertex 32.500000 -0.175815 16.514924
   vertex 32.500000 -0.078280 17.105685
  endloop
 endfacet
 facet normal 0 0.99518473 -0.09801714
  outer loop
   vertex -32.500000 -0.078280 17.105685
   vertex -32.500000 -0.019591 17.701561
   vertex 32.500000 -0.019591 17.701561
  endloop
 endfacet
 facet normal 0 0.99518473 -0.09801714
  outer loop
   vertex -32.500000 -0.078280 17.105685
   vertex 32.500000 -0.019591 17.701561
   vertex 32.500000 -0.078280 17.105685
  endloop
 endfacet
 facet normal -1 0 0
  outer loop
   vertex -32.500000 -9.150000 18.300000
   vertex -32.500000 -0.019591 17.701561
   vertex -32.500000 -0.078280 17.105685
  endloop
 endfacet
 facet normal 1 0 0
  outer loop
   vertex 32.500000 -9.150000 18.300000
   vertex 32.500000 -0.078280 17.105685
   vertex 32.500000 -0.019591 17.701561
  endloop
 endfacet
 facet normal 0 0.99946459 -0.032719083
  outer loop
   vertex -32.500000 -0.019591 17.701561
   vertex -32.500000 0.000000 18.300000
   vertex 32.500000 0.000000 18.300000
  endloop
 endfacet
 facet normal 0 0.99946459 -0.032719083
  outer loop
   vertex -32.500000 -0.019591 17.701561
   vertex 32.500000 0.000000 18.300000
   vertex 32.500000 -0.019591 17.701561
  endloop
 endfacet
 facet normal -1 0 0
  outer loop
   vertex -32.500000 -9.150000 18.300000
   vertex -32.500000 0.000000 18.300000
   vertex -32.500000 -0.019591 17.701561
  endloop
 endfacet
 facet normal 1 0 0
  outer loop
   vertex 32.500000 -9.150000 18.300000
   vertex 32.500000 -0.019591 17.701561
   vertex 32.500000 0.000000 18.300000
  endloop
 endfacet
 facet normal 0 0.99946459 0.032719083
  outer loop
   vertex -32.500000 18.300000 -18.300000
   vertex -32.500000 18.280409 -17.701561
   vertex 32.500000 18.280409 -17.701561
  endloop
 endfacet
 facet normal -0 0.99946459 0.032719083
  outer loop
   vertex -32.500000 18.300000 -18.300000
   vertex 32.500000 18.280409 -17.701561
   vertex 32.500000 18.300000 -18.300000
  endloop
 endfacet
 facet normal -1 0 0
  outer loop
   vertex -32.500000 9.150000 -18.300000
   vertex -32.500000 18.280409 -17.701561
   vertex -32.500000 18.300000 -18.300000
  endloop
 endfacet
 facet normal 1 0 0
  outer loop
   vertex 32.500000 9.150000 -18.300000
   vertex 32.500000 18.300000 -18.300000
   vertex 32.500000 18.280409 -17.701561
  endloop
 endfacet
 facet normal 0 0.99518473 0.09801714
  outer loop
   vertex -32.500000 18.280409 -17.701561
   vertex -32.500000 18.221720 -17.105685
   vertex 32.500000 18.221720 -17.105685
  endloop
 endfacet
 facet normal -0 0.99518473 0.09801714
  outer loop
   vertex -32.500000 18.280409 -17.701561
   vertex 32.500000 18.221720 -17.105685
   vertex 32.500000 18.280409 -17.701561
  endloop
 endfacet
 facet normal -1 0 0
  outer loop
   vertex -32.500000 9.150000 -18.300000
   vertex -32.500000 18.221720 -17.105685
   vertex -32.500000 18.280409 -17.701561
  endloop
 endfacet
 facet normal 1 0 0
  outer loop
   vertex 32.500000 9.150000 -18.300000
   vertex 32.500000 18.280409 -17.701561
   vertex 32.500000 18.221720 -17.105685
  endloop
 endfacet
 facet normal 0 0.98664333 0.16289547
  outer loop
   vertex -32.500000 18.221720 -17.105685
   vertex -32.500000 18.124185 -16.514924
   vertex 32.500000 18.124185 -16.514924
  endloop
 endfacet
 facet normal -0 0.98664333 0.16289547
  outer loop
   vertex -32.500000 18.221720 -17.105685
   vertex 32.500000 18.124185 -16.514924
   vertex 32.500000 18.221720 -17.105685
  endloop
 endfacet
 facet normal -1 0 0
  outer loop
   vertex -32.500000 9.150000 -18.300000
   vertex -32.500000 18.124185 -16.514924
   vertex -32.500000 18.221720 -17.105685
  endloop
 endfacet
 facet normal 1 0 0
  outer loop
   vertex 32.500000 9.150000 -18.300000
   vertex 32.500000 18.221720 -17.105685
   vertex 32.500000 18.124185 -16.514924
  endloop
 endfacet
 facet normal 0 0.97387698 0.22707626
  outer loop
   vertex -32.500000 18.124185 -16.514924
   vertex -32.500000 17.988221 -15.931806
   vertex 32.500000 17.988221 -15.931806
  endloop
 endfacet
 facet normal -0 0.97387698 0.22707626
  outer loop
   vertex -32.500000 18.124185 -16.514924
   vertex 32.500000 17.988221 -15.931806
   vertex 32.500000 18.124185 -16.514924
  endloop
 endfacet
 facet normal -1 0 0
  outer loop
   vertex -32.500000 9.150000 -18.300000
   vertex -32.500000 17.988221 -15.931806
   vertex -32.500000 18.124185 -16.514924
  endloop
 endfacet
 facet normal 1 0 0
  outer loop
   vertex 32.500000 9.150000 -18.300000
   vertex 32.500000 18.124185 -16.514924
   vertex 32.500000 17.988221 -15.931806
  endloop
 endfacet
 facet normal 0 0.95694034 0.29028468
  outer loop
   vertex -32.500000 17.988221 -15.931806
   vertex -32.500000 17.814411 -15.358829
   vertex 32.500000 17.814411 -15.358829
  endloop
 endfacet
 facet normal -0 0.95694034 0.29028468
  outer loop
   vertex -32.500000 17.988221 -15.931806
   vertex 32.500000 17.814411 -15.358829
   vertex 32.500000 17.988221 -15.931806
  endloop
 endfacet
 facet normal -1 0 0
  outer loop
   vertex -32.500000 9.150000 -18.300000
   vertex -32.500000 17.814411 -15.358829
   vertex -32.500000 17.988221 -15.931806
  endloop
 endfacet
 facet normal 1 0 0
  outer loop
   vertex 32.500000 9.150000 -18.300000
   vertex 32.500000 17.988221 -15.931806
   vertex 32.500000 17.814411 -15.358829
  endloop
 endfacet
 facet normal 0 0.93590593 0.35225005
  outer loop
   vertex -32.500000 17.814411 -15.358829
   vertex -32.500000 17.603498 -14.798447
   vertex 32.500000 17.603498 -14.798447
  endloop
 endfacet
 facet normal -0 0.93590593 0.35225005
  outer loop
   vertex -32.500000 17.814411 -15.358829
   vertex 32.500000 17.603498 -14.798447
   vertex 32.500000 17.814411 -15.358829
  endloop
 endfacet
 facet normal -1 0 0
  outer loop
   vertex -32.500000 9.150000 -18.300000
   vertex -32.500000 17.603498 -14.798447
   vertex -32.500000 17.814411 -15.358829
  endloop
 endfacet
 facet normal 1 0 0
  outer loop
   vertex 32.500000 9.150000 -18.300000
   vertex 32.500000 17.814411 -15.358829
   vertex 32.500000 17.603498 -14.798447
  endloop
 endfacet
 facet normal 0 0.91086382 0.41270703
  outer loop
   vertex -32.500000 17.603498 -14.798447
   vertex -32.500000 17.356386 -14.253058
   vertex 32.500000 17.356386 -14.253058
  endloop
 endfacet
 facet normal -0 0.91086382 0.41270703
  outer loop
   vertex -32.500000 17.603498 -14.798447
   vertex 32.500000 17.356386 -14.253058
   vertex 32.500000 17.603498 -14.798447
  endloop
 endfacet
 facet normal -1 0 0
  outer loop
   vertex -32.500000 9.150000 -18.300000
   vertex -32.500000 17.356386 -14.253058
   vertex -32.500000 17.603498 -14.798447
  endloop
 endfacet
 facet normal 1 0 0
  outer loop
   vertex 32.500000 9.150000 -18.300000
   vertex 32.500000 17.603498 -14.798447
   vertex 32.500000 17.356386 -14.253058
  endloop
 endfacet
 facet normal 0 0.88192126 0.47139674
  outer loop
   vertex -32.500000 17.356386 -14.253058
   vertex -32.500000 17.074132 -13.725000
   vertex 32.500000 17.074132 -13.725000
  endloop
 endfacet
 facet normal -0 0.88192126 0.47139674
  outer loop
   vertex -32.500000 17.356386 -14.253058
   vertex 32.500000 17.074132 -13.725000
   vertex 32.500000 17.356386 -14.253058
  endloop
 endfacet
 facet normal -1 0 0
  outer loop
   vertex -32.500000 9.150000 -18.300000
   vertex -32.500000 17.074132 -13.725000
   vertex -32.500000 17.356386 -14.253058
  endloop
 endfacet
 facet normal 1 0 0
  outer loop
   vertex 32.500000 9.150000 -18.300000
   vertex 32.500000 17.356386 -14.253058
   vertex 32.500000 17.074132 -13.725000
  endloop
 endfacet
 facet normal 0 0.84920218 0.52806785
  outer loop
   vertex -32.500000 17.074132 -13.725000
   vertex -32.500000 16.757947 -13.216532
   vertex 32.500000 16.757947 -13.216532
  endloop
 endfacet
 facet normal -0 0.84920218 0.52806785
  outer loop
   vertex -32.500000 17.074132 -13.725000
   vertex 32.500000 16.757947 -13.216532
   vertex 32.500000 17.074132 -13.725000
  endloop
 endfacet
 facet normal -1 0 0
  outer loop
   vertex -32.500000 9.150000 -18.300000
   vertex -32.500000 16.757947 -13.216532
   vertex -32.500000 17.074132 -13.725000
  endloop
 endfacet
 facet normal 1 0 0
  outer loop
   vertex 32.500000 9.150000 -18.300000
   vertex 32.500000 17.074132 -13.725000
   vertex 32.500000 16.757947 -13.216532
  endloop
 endfacet
 facet normal 0 0.81284668 0.5824777
  outer loop
   vertex -32.500000 16.757947 -13.216532
   vertex -32.500000 16.409183 -12.729833
   vertex 32.500000 16.409183 -12.729833
  endloop
 endfacet
 facet normal -0 0.81284668 0.5824777
  outer loop
   vertex -32.500000 16.757947 -13.216532
   vertex 32.500000 16.409183 -12.729833
   vertex 32.500000 16.757947 -13.216532
  endloop
 endfacet
 facet normal -1 0 0
  outer loop
   vertex -32.500000 9.150000 -18.300000
   vertex -32.500000 16.409183 -12.729833
   vertex -32.500000 16.757947 -13.216532
  endloop
 endfacet
 facet normal 1 0 0
  outer loop
   vertex 32.500000 9.150000 -18.300000
   vertex 32.500000 16.757947 -13.216532
   vertex 32.500000 16.409183 -12.729833
  endloop
 endfacet
 facet normal 0 0.77301045 0.63439328
  outer loop
   vertex -32.500000 16.409183 -12.729833
   vertex -32.500000 16.029334 -12.266986
   vertex 32.500000 16.029334 -12.266986
  endloop
 endfacet
 facet normal -0 0.77301045 0.63439328
  outer loop
   vertex -32.500000 16.409183 -12.729833
   vertex 32.500000 16.029334 -12.266986
   vertex 32.500000 16.409183 -12.729833
  endloop
 endfacet
 facet normal -1 0 0
  outer loop
   vertex -32.500000 9.150000 -18.300000
   vertex -32.500000 16.029334 -12.266986
   vertex -32.500000 16.409183 -12.729833
  endloop
 endfacet
 facet normal 1 0 0
  outer loop
   vertex 32.500000 9.150000 -18.300000
   vertex 32.500000 16.409183 -12.729833
   vertex 32.500000 16.029334 -12.266986
  endloop
 endfacet
 facet normal 0 0.72986407 0.6835923
  outer loop
   vertex -32.500000 16.029334 -12.266986
   vertex -32.500000 15.620027 -11.829973
   vertex 32.500000 15.620027 -11.829973
  endloop
 endfacet
 facet normal -0 0.72986407 0.6835923
  outer loop
   vertex -32.500000 16.029334 -12.266986
   vertex 32.500000 15.620027 -11.829973
   vertex 32.500000 16.029334 -12.266986
  endloop
 endfacet
 facet normal -1 0 0
  outer loop
   vertex -32.500000 9.150000 -18.300000
   vertex -32.500000 15.620027 -11.829973
   vertex -32.500000 16.029334 -12.266986
  endloop
 endfacet
 facet normal 1 0 0
  outer loop
   vertex 32.500000 9.150000 -18.300000
   vertex 32.500000 16.029334 -12.266986
   vertex 32.500000 15.620027 -11.829973
  endloop
 endfacet
 facet normal 0 0.6835923 0.72986407
  outer loop
   vertex -32.500000 15.620027 -11.829973
   vertex -32.500000 15.183014 -11.420666
   vertex 32.500000 15.183014 -11.420666
  endloop
 endfacet
 facet normal -0 0.6835923 0.72986407
  outer loop
   vertex -32.500000 15.620027 -11.829973
   vertex 32.500000 15.183014 -11.420666
   vertex 32.500000 15.620027 -11.829973
  endloop
 endfacet
 facet normal -1 0 0
  outer loop
   vertex -32.500000 9.150000 -18.300000
   vertex -32.500000 15.183014 -11.420666
   vertex -32.500000 15.620027 -11.829973
  endloop
 endfacet
 facet normal 1 0 0
  outer loop
   vertex 32.500000 9.150000 -18.300000
   vertex 32.500000 15.620027 -11.829973
   vertex 32.500000 15.183014 -11.420666
  endloop
 endfacet
 facet normal 0 0.63439328 0.77301045
  outer loop
   vertex -32.500000 15.183014 -11.420666
   vertex -32.500000 14.720167 -11.040817
   vertex 32.500000 14.720167 -11.040817
  endloop
 endfacet
 facet normal -0 0.63439328 0.77301045
  outer loop
   vertex -32.500000 15.183014 -11.420666
   vertex 32.500000 14.720167 -11.040817
   vertex 32.500000 15.183014 -11.420666
  endloop
 endfacet
 facet normal -1 0 0
  outer loop
   vertex -32.500000 9.150000 -18.300000
   vertex -32.500000 14.720167 -11.040817
   vertex -32.500000 15.183014 -11.420666
  endloop
 endfacet
 facet normal 1 0 0
  outer loop
   vertex 32.500000 9.150000 -18.300000
   vertex 32.500000 15.183014 -11.420666
   vertex 32.500000 14.720167 -11.040817
  endloop
 endfacet
 facet normal 0 0.5824777 0.81284668
  outer loop
   vertex -32.500000 14.720167 -11.040817
   vertex -32.500000 14.233468 -10.692053
   vertex 32.500000 14.233468 -10.692053
  endloop
 endfacet
 facet normal -0 0.5824777 0.81284668
  outer loop
   vertex -32.500000 14.720167 -11.040817
   vertex 32.500000 14.233468 -10.692053
   vertex 32.500000 14.720167 -11.040817
  endloop
 endfacet
 facet normal -1 0 0
  outer loop
   vertex -32.500000 9.150000 -18.300000
   vertex -32.500000 14.233468 -10.692053
   vertex -32.500000 14.720167 -11.040817
  endloop
 endfacet
 facet normal 1 0 0
  outer loop
   vertex 32.500000 9.150000 -18.300000
   vertex 32.500000 14.720167 -11.040817
   vertex 32.500000 14.233468 -10.692053
  endloop
 endfacet
 facet normal 0 0.52806785 0.84920218
  outer loop
   vertex -32.500000 14.233468 -10.692053
   vertex -32.500000 13.725000 -10.375868
   vertex 32.500000 13.725000 -10.375868
  endloop
 endfacet
 facet normal -0 0.52806785 0.84920218
  outer loop
   vertex -32.500000 14.233468 -10.692053
   vertex 32.500000 13.725000 -10.375868
   vertex 32.500000 14.233468 -10.692053
  endloop
 endfacet
 facet normal -1 0 0
  outer loop
   vertex -32.500000 9.150000 -18.300000
   vertex -32.500000 13.725000 -10.375868
   vertex -32.500000 14.233468 -10.692053
  endloop
 endfacet
 facet normal 1 0 0
  outer loop
   vertex 32.500000 9.150000 -18.300000
   vertex 32.500000 14.233468 -10.692053
   vertex 32.500000 13.725000 -10.375868
  endloop
 endfacet
 facet normal 0 0.47139674 0.88192126
  outer loop
   vertex -32.500000 13.725000 -10.375868
   vertex -32.500000 13.196942 -10.093614
   vertex 32.500000 13.196942 -10.093614
  endloop
 endfacet
 facet normal -0 0.47139674 0.88192126
  outer loop
   vertex -32.500000 13.725000 -10.375868
   vertex 32.500000 13.196942 -10.093614
   vertex 32.500000 13.725000 -10.375868
  endloop
 endfacet
 facet normal -1 0 0
  outer loop
   vertex -32.500000 9.150000 -18.300000
   vertex -32.500000 13.196942 -10.093614
   vertex -32.500000 13.725000 -10.375868
  endloop
 endfacet
 facet normal 1 0 0
  outer loop
   vertex 32.500000 9.150000 -18.300000
   vertex 32.500000 13.725000 -10.375868
   vertex 32.500000 13.196942 -10.093614
  endloop
 endfacet
 facet normal 0 0.41270703 0.91086382
  outer loop
   vertex -32.500000 13.196942 -10.093614
   vertex -32.500000 12.651553 -9.846502
   vertex 32.500000 12.651553 -9.846502
  endloop
 endfacet
 facet normal -0 0.41270703 0.91086382
  outer loop
   vertex -32.500000 13.196942 -10.093614
   vertex 32.500000 12.651553 -9.846502
   vertex 32.500000 13.196942 -10.093614
  endloop
 endfacet
 facet normal -1 0 0
  outer loop
   vertex -32.500000 9.150000 -18.300000
   vertex -32.500000 12.651553 -9.846502
   vertex -32.500000 13.196942 -10.093614
  endloop
 endfacet
 facet normal 1 0 0
  outer loop
   vertex 32.500000 9.150000 -18.300000
   vertex 32.500000 13.196942 -10.093614
   vertex 32.500000 12.651553 -9.846502
  endloop
 endfacet
 facet normal 0 0.35225005 0.93590593
  outer loop
   vertex -32.500000 12.651553 -9.846502
   vertex -32.500000 12.091171 -9.635589
   vertex 32.500000 12.091171 -9.635589
  endloop
 endfacet
 facet normal -0 0.35225005 0.93590593
  outer loop
   vertex -32.500000 12.651553 -9.846502
   vertex 32.500000 12.091171 -9.635589
   vertex 32.500000 12.651553 -9.846502
  endloop
 endfacet
 facet normal -1 0 0
  outer loop
   vertex -32.500000 9.150000 -18.300000
   vertex -32.500000 12.091171 -9.635589
   vertex -32.500000 12.651553 -9.846502
  endloop
 endfacet
 facet normal 1 0 0
  outer loop
   vertex 32.500000 9.150000 -18.300000
   vertex 32.500000 12.651553 -9.846502
   vertex 32.500000 12.091171 -9.635589
  endloop
 endfacet
 facet normal 0 0.29028468 0.95694034
  outer loop
   vertex -32.500000 12.091171 -9.635589
   vertex -32.500000 11.518194 -9.461779
   vertex 32.500000 11.518194 -9.461779
  endloop
 endfacet
 facet normal -0 0.29028468 0.95694034
  outer loop
   vertex -32.500000 12.091171 -9.635589
   vertex 32.500000 11.518194 -9.461779
   vertex 32.500000 12.091171 -9.635589
  endloop
 endfacet
 facet normal -1 0 0
  outer loop
   vertex -32.500000 9.150000 -18.300000
   vertex -32.500000 11.518194 -9.461779
   vertex -32.500000 12.091171 -9.635589
  endloop
 endfacet
 facet normal 1 0 0
  outer loop
   vertex 32.500000 9.150000 -18.300000
   vertex 32.500000 12.091171 -9.635589
   vertex 32.500000 11.518194 -9.461779
  endloop
 endfacet
 facet normal 0 0.22707626 0.97387698
  outer loop
   vertex -32.500000 11.518194 -9.461779
   vertex -32.500000 10.935076 -9.325815
   vertex 32.500000 10.935076 -9.325815
  endloop
 endfacet
 facet normal -0 0.22707626 0.97387698
  outer loop
   vertex -32.500000 11.518194 -9.461779
   vertex 32.500000 10.935076 -9.325815
   vertex 32.500000 11.518194 -9.461779
  endloop
 endfacet
 facet normal -1 0 0
  outer loop
   vertex -32.500000 9.150000 -18.300000
   vertex -32.500000 10.935076 -9.325815
   vertex -32.500000 11.518194 -9.461779
  endloop
 endfacet
 facet normal 1 0 0
  outer loop
   vertex 32.500000 9.150000 -18.300000
   vertex 32.500000 11.518194 -9.461779
   vertex 32.500000 10.935076 -9.325815
  endloop
 endfacet
 facet normal 0 0.16289547 0.98664333
  outer loop
   vertex -32.500000 10.935076 -9.325815
   vertex -32.500000 10.344315 -9.228280
   vertex 32.500000 10.344315 -9.228280
  endloop
 endfacet
 facet normal -0 0.16289547 0.98664333
  outer loop
   vertex -32.500000 10.935076 -9.325815
   vertex 32.500000 10.344315 -9.228280
   vertex 32.500000 10.935076 -9.325815
  endloop
 endfacet
 facet normal -1 0 0
  outer loop
   vertex -32.500000 9.150000 -18.300000
   vertex -32.500000 10.344315 -9.228280
   vertex -32.500000 10.935076 -9.325815
  endloop
 endfacet
 facet normal 1 0 0
  outer loop
   vertex 32.500000 9.150000 -18.300000
   vertex 32.500000 10.935076 -9.325815
   vertex 32.500000 10.344315 -9.228280
  endloop
 endfacet
 facet normal 0 0.09801714 0.99518473
  outer loop
   vertex -32.500000 10.344315 -9.228280
   vertex -32.500000 9.748439 -9.169591
   vertex 32.500000 9.748439 -9.169591
  endloop
 endfacet
 facet normal -0 0.09801714 0.99518473
  outer loop
   vertex -32.500000 10.344315 -9.228280
   vertex 32.500000 9.748439 -9.169591
   vertex 32.500000 10.344315 -9.228280
  endloop
 endfacet
 facet normal -1 0 0
  outer loop
   vertex -32.500000 9.150000 -18.300000
   vertex -32.500000 9.748439 -9.169591
   vertex -32.500000 10.344315 -9.228280
  endloop
 endfacet
 facet normal 1 0 0
  outer loop
   vertex 32.500000 9.150000 -18.300000
   vertex 32.500000 10.344315 -9.228280
   vertex 32.500000 9.748439 -9.169591
  endloop
 endfacet
 facet normal 0 0.032719083 0.99946459
  outer loop
   vertex -32.500000 9.748439 -9.169591
   vertex -32.500000 9.150000 -9.150000
   vertex 32.500000 9.150000 -9.150000
  endloop
 endfacet
 facet normal -0 0.032719083 0.99946459
  outer loop
   vertex -32.500000 9.748439 -9.169591
   vertex 32.500000 9.150000 -9.150000
   vertex 32.500000 9.748439 -9.169591
  endloop
 endfacet
 facet normal -1 0 0
  outer loop
   vertex -32.500000 9.150000 -18.300000
   vertex -32.500000 9.150000 -9.150000
   vertex -32.500000 9.748439 -9.169591
  endloop
 endfacet
 facet normal 1 0 0
  outer loop
   vertex 32.500000 9.150000 -18.300000
   vertex 32.500000 9.748439 -9.169591
   vertex 32.500000 9.150000 -9.150000
  endloop
 endfacet
 facet normal 0 -0.032719083 0.99946459
  outer loop
   vertex -32.500000 9.150000 -9.150000
   vertex -32.500000 8.551561 -9.169591
   vertex 32.500000 8.551561 -9.169591
  endloop
 endfacet
 facet normal 0 -0.032719083 0.99946459
  outer loop
   vertex -32.500000 9.150000 -9.150000
   vertex 32.500000 8.551561 -9.169591
   vertex 32.500000 9.150000 -9.150000
  endloop
 endfacet
 facet normal -1 0 0
  outer loop
   vertex -32.500000 9.150000 -18.300000
   vertex -32.500000 8.551561 -9.169591
   vertex -32.500000 9.150000 -9.150000
  endloop
 endfacet
 facet normal 1 0 -0
  outer loop
   vertex 32.500000 9.150000 -18.300000
   vertex 32.500000 9.150000 -9.150000
   vertex 32.500000 8.551561 -9.169591
  endloop
 endfacet
 facet normal 0 -0.09801714 0.99518473
  outer loop
   vertex -32.500000 8.551561 -9.169591
   vertex -32.500000 7.955685 -9.228280
   vertex 32.500000 7.955685 -9.228280
  endloop
 endfacet
 facet normal 0 -0.09801714 0.99518473
  outer loop
   vertex -32.500000 8.551561 -9.169591
   vertex 32.500000 7.955685 -9.228280
   vertex 32.500000 8.551561 -9.169591
  endloop
 endfacet
 facet normal -1 0 0
  outer loop
   vertex -32.500000 9.150000 -18.300000
   vertex -32.500000 7.955685 -9.228280
   vertex -32.500000 8.551561 -9.169591
  endloop
 endfacet
 facet normal 1 0 0
  outer loop
   vertex 32.500000 9.150000 -18.300000
   vertex 32.500000 8.551561 -9.169591
   vertex 32.500000 7.955685 -9.228280
  endloop
 endfacet
 facet normal 0 -0.16289547 0.98664333
  outer loop
   vertex -32.500000 7.955685 -9.228280
   vertex -32.500000 7.364924 -9.325815
   vertex 32.500000 7.364924 -9.325815
  endloop
 endfacet
 facet normal 0 -0.16289547 0.98664333
  outer loop
   vertex -32.500000 7.955685 -9.228280
   vertex 32.500000 7.364924 -9.325815
   vertex 32.500000 7.955685 -9.228280
  endloop
 endfacet
 facet normal -1 0 0
  outer loop
   vertex -32.500000 9.150000 -18.300000
   vertex -32.500000 7.364924 -9.325815
   vertex -32.500000 7.955685 -9.228280
  endloop
 endfacet
 facet normal 1 0 0
  outer loop
   vertex 32.500000 9.150000 -18.300000
   vertex 32.500000 7.955685 -9.228280
   vertex 32.500000 7.364924 -9.325815
  endloop
 endfacet
 facet normal 0 -0.22707626 0.97387698
  outer loop
   vertex -32.500000 7.364924 -9.325815
   vertex -32.500000 6.781806 -9.461779
   vertex 32.500000 6.781806 -9.461779
  endloop
 endfacet
 facet normal 0 -0.22707626 0.97387698
  outer loop
   vertex -32.500000 7.364924 -9.325815
   vertex 32.500000 6.781806 -9.461779
   vertex 32.500000 7.364924 -9.325815
  endloop
 endfacet
 facet normal -1 0 0
  outer loop
   vertex -32.500000 9.150000 -18.300000
   vertex -32.500000 6.781806 -9.461779
   vertex -32.500000 7.364924 -9.325815
  endloop
 endfacet
 facet normal 1 0 0
  outer loop
   vertex 32.500000 9.150000 -18.300000
   vertex 32.500000 7.364924 -9.325815
   vertex 32.500000 6.781806 -9.461779
  endloop
 endfacet
 facet normal 0 -0.29028468 0.95694034
  outer loop
   vertex -32.500000 6.781806 -9.461779
   vertex -32.500000 6.208829 -9.635589
   vertex 32.500000 6.208829 -9.635589
  endloop
 endfacet
 facet normal 0 -0.29028468 0.95694034
  outer loop
   vertex -32.500000 6.781806 -9.461779
   vertex 32.500000 6.208829 -9.635589
   vertex 32.500000 6.781806 -9.461779
  endloop
 endfacet
 facet normal -1 0 0
  outer loop
   vertex -32.500000 9.150000 -18.300000
   vertex -32.500000 6.208829 -9.635589
   vertex -32.500000 6.781806 -9.461779
  endloop
 endfacet
 facet normal 1 0 0
  outer loop
   vertex 32.500000 9.150000 -18.300000
   vertex 32.500000 6.781806 -9.461779
   vertex 32.500000 6.208829 -9.635589
  endloop
 endfacet
 facet normal 0 -0.35225005 0.93590593
  outer loop
   vertex -32.500000 6.208829 -9.635589
   vertex -32.500000 5.648447 -9.846502
   vertex 32.500000 5.648447 -9.846502
  endloop
 endfacet
 facet normal 0 -0.35225005 0.93590593
  outer loop
   vertex -32.500000 6.208829 -9.635589
   vertex 32.500000 5.648447 -9.846502
   vertex 32.500000 6.208829 -9.635589
  endloop
 endfacet
 facet normal -1 0 0
  outer loop
   vertex -32.500000 9.150000 -18.300000
   vertex -32.500000 5.648447 -9.846502
   vertex -32.500000 6.208829 -9.635589
  endloop
 endfacet
 facet normal 1 0 0
  outer loop
   vertex 32.500000 9.150000 -18.300000
   vertex 32.500000 6.208829 -9.635589
   vertex 32.500000 5.648447 -9.846502
  endloop
 endfacet
 facet normal 0 -0.41270703 0.91086382
  outer loop
   vertex -32.500000 5.648447 -9.846502
   vertex -32.500000 5.103058 -10.093614
   vertex 32.500000 5.103058 -10.093614
  endloop
 endfacet
 facet normal 0 -0.41270703 0.91086382
  outer loop
   vertex -32.500000 5.648447 -9.846502
   vertex 32.500000 5.103058 -10.093614
   vertex 32.500000 5.648447 -9.846502
  endloop
 endfacet
 facet normal -1 0 0
  outer loop
   vertex -32.500000 9.150000 -18.300000
   vertex -32.500000 5.103058 -10.093614
   vertex -32.500000 5.648447 -9.846502
  endloop
 endfacet
 facet normal 1 0 0
  outer loop
   vertex 32.500000 9.150000 -18.300000
   vertex 32.500000 5.648447 -9.846502
   vertex 32.500000 5.103058 -10.093614
  endloop
 endfacet
 facet normal 0 -0.47139674 0.88192126
  outer loop
   vertex -32.500000 5.103058 -10.093614
   vertex -32.500000 4.575000 -10.375868
   vertex 32.500000 4.575000 -10.375868
  endloop
 endfacet
 facet normal 0 -0.47139674 0.88192126
  outer loop
   vertex -32.500000 5.103058 -10.093614
   vertex 32.500000 4.575000 -10.375868
   vertex 32.500000 5.103058 -10.093614
  endloop
 endfacet
 facet normal -1 0 0
  outer loop
   vertex -32.500000 9.150000 -18.300000
   vertex -32.500000 4.575000 -10.375868
   vertex -32.500000 5.103058 -10.093614
  endloop
 endfacet
 facet normal 1 0 0
  outer loop
   vertex 32.500000 9.150000 -18.300000
   vertex 32.500000 5.103058 -10.093614
   vertex 32.500000 4.575000 -10.375868
  endloop
 endfacet
 facet normal 0 -0.52806785 0.84920218
  outer loop
   vertex -32.500000 4.575000 -10.375868
   vertex -32.500000 4.066532 -10.692053
   vertex 32.500000 4.066532 -10.692053
  endloop
 endfacet
 facet normal 0 -0.52806785 0.84920218
  outer loop
   vertex -32.500000 4.575000 -10.375868
   vertex 32.500000 4.066532 -10.692053
   vertex 32.500000 4.575000 -10.375868
  endloop
 endfacet
 facet normal -1 0 0
  outer loop
   vertex -32.500000 9.150000 -18.300000
   vertex -32.500000 4.066532 -10.692053
   vertex -32.500000 4.575000 -10.375868
  endloop
 endfacet
 facet normal 1 0 0
  outer loop
   vertex 32.500000 9.150000 -18.300000
   vertex 32.500000 4.575000 -10.375868
   vertex 32.500000 4.066532 -10.692053
  endloop
 endfacet
 facet normal 0 -0.5824777 0.81284668
  outer loop
   vertex -32.500000 4.066532 -10.692053
   vertex -32.500000 3.579833 -11.040817
   vertex 32.500000 3.579833 -11.040817
  endloop
 endfacet
 facet normal 0 -0.5824777 0.81284668
  outer loop
   vertex -32.500000 4.066532 -10.692053
   vertex 32.500000 3.579833 -11.040817
   vertex 32.500000 4.066532 -10.692053
  endloop
 endfacet
 facet normal -1 0 0
  outer loop
   vertex -32.500000 9.150000 -18.300000
   vertex -32.500000 3.579833 -11.040817
   vertex -32.500000 4.066532 -10.692053
  endloop
 endfacet
 facet normal 1 0 0
  outer loop
   vertex 32.500000 9.150000 -18.300000
   vertex 32.500000 4.066532 -10.692053
   vertex 32.500000 3.579833 -11.040817
  endloop
 endfacet
 facet normal 0 -0.63439328 0.77301045
  outer loop
   vertex -32.500000 3.579833 -11.040817
   vertex -32.500000 3.116986 -11.420666
   vertex 32.500000 3.116986 -11.420666
  endloop
 endfacet
 facet normal 0 -0.63439328 0.77301045
  outer loop
   vertex -32.500000 3.579833 -11.040817
   vertex 32.500000 3.116986 -11.420666
   vertex 32.500000 3.579833 -11.040817
  endloop
 endfacet
 facet normal -1 0 0
  outer loop
   vertex -32.500000 9.150000 -18.300000
   vertex -32.500000 3.116986 -11.420666
   vertex -32.500000 3.579833 -11.040817
  endloop
 endfacet
 facet normal 1 0 0
  outer loop
   vertex 32.500000 9.150000 -18.300000
   vertex 32.500000 3.579833 -11.040817
   vertex 32.500000 3.116986 -11.420666
  endloop
 endfacet
 facet normal 0 -0.6835923 0.72986407
  outer loop
   vertex -32.500000 3.116986 -11.420666
   vertex -32.500000 2.679973 -11.829973
   vertex 32.500000 2.679973 -11.829973
  endloop
 endfacet
 facet normal 0 -0.6835923 0.72986407
  outer loop
   vertex -32.500000 3.116986 -11.420666
   vertex 32.500000 2.679973 -11.829973
   vertex 32.500000 3.116986 -11.420666
  endloop
 endfacet
 facet normal -1 0 0
  outer loop
   vertex -32.500000 9.150000 -18.300000
   vertex -32.500000 2.679973 -11.829973
   vertex -32.500000 3.116986 -11.420666
  endloop
 endfacet
 facet normal 1 0 0
  outer loop
   vertex 32.500000 9.150000 -18.300000
   vertex 32.500000 3.116986 -11.420666
   vertex 32.500000 2.679973 -11.829973
  endloop
 endfacet
 facet normal 0 -0.72986407 0.6835923
  outer loop
   vertex -32.500000 2.679973 -11.829973
   vertex -32.500000 2.270666 -12.266986
   vertex 32.500000 2.270666 -12.266986
  endloop
 endfacet
 facet normal 0 -0.72986407 0.6835923
  outer loop
   vertex -32.500000 2.679973 -11.829973
   vertex 32.500000 2.270666 -12.266986
   vertex 32.500000 2.679973 -11.829973
  endloop
 endfacet
 facet normal -1 0 0
  outer loop
   vertex -32.500000 9.150000 -18.300000
   vertex -32.500000 2.270666 -12.266986
   vertex -32.500000 2.679973 -11.829973
  endloop
 endfacet
 facet normal 1 0 0
  outer loop
   vertex 32.500000 9.150000 -18.300000
   vertex 32.500000 2.679973 -11.829973
   vertex 32.500000 2.270666 -12.266986
  endloop
 endfacet
 facet normal 0 -0.77301045 0.63439328
  outer loop
   vertex -32.500000 2.270666 -12.266986
   vertex -32.500000 1.890817 -12.729833
   vertex 32.500000 1.890817 -12.729833
  endloop
 endfacet
 facet normal 0 -0.77301045 0.63439328
  outer loop
   vertex -32.500000 2.270666 -12.266986
   vertex 32.500000 1.890817 -12.729833
   vertex 32.500000 2.270666 -12.266986
  endloop
 endfacet
 facet normal -1 0 0
  outer loop
   vertex -32.500000 9.150000 -18.300000
   vertex -32.500000 1.890817 -12.729833
   vertex -32.500000 2.270666 -12.266986
  endloop
 endfacet
 facet normal 1 0 0
  outer loop
   vertex 32.500000 9.150000 -18.300000
   vertex 32.500000 2.270666 -12.266986
   vertex 32.500000 1.890817 -12.729833
  endloop
 endfacet
 facet normal 0 -0.81284668 0.5824777
  outer loop
   vertex -32.500000 1.890817 -12.729833
   vertex -32.500000 1.542053 -13.216532
   vertex 32.500000 1.542053 -13.216532
  endloop
 endfacet
 facet normal 0 -0.81284668 0.5824777
  outer loop
   vertex -32.500000 1.890817 -12.729833
   vertex 32.500000 1.542053 -13.216532
   vertex 32.500000 1.890817 -12.729833
  endloop
 endfacet
 facet normal -1 0 0
  outer loop
   vertex -32.500000 9.150000 -18.300000
   vertex -32.500000 1.542053 -13.216532
   vertex -32.500000 1.890817 -12.729833
  endloop
 endfacet
 facet normal 1 0 0
  outer loop
   vertex 32.500000 9.150000 -18.300000
   vertex 32.500000 1.890817 -12.729833
   vertex 32.500000 1.542053 -13.216532
  endloop
 endfacet
 facet normal 0 -0.84920218 0.52806785
  outer loop
   vertex -32.500000 1.542053 -13.216532
   vertex -32.500000 1.225868 -13.725000
   vertex 32.500000 1.225868 -13.725000
  endloop
 endfacet
 facet normal 0 -0.84920218 0.52806785
  outer loop
   vertex -32.500000 1.542053 -13.216532
   vertex 32.500000 1.225868 -13.725000
   vertex 32.500000 1.542053 -13.216532
  endloop
 endfacet
 facet normal -1 0 0
  outer loop
   vertex -32.500000 9.150000 -18.300000
   vertex -32.500000 1.225868 -13.725000
   vertex -32.500000 1.542053 -13.216532
  endloop
 endfacet
 facet normal 1 0 0
  outer loop
   vertex 32.500000 9.150000 -18.300000
   vertex 32.500000 1.542053 -13.216532
   vertex 32.500000 1.225868 -13.725000
  endloop
 endfacet
 facet normal 0 -0.88192126 0.47139674
  outer loop
   vertex -32.500000 1.225868 -13.725000
   vertex -32.500000 0.943614 -14.253058
   vertex 32.500000 0.943614 -14.253058
  endloop
 endfacet
 facet normal 0 -0.88192126 0.47139674
  outer loop
   vertex -32.500000 1.225868 -13.725000
   vertex 32.500000 0.943614 -14.253058
   vertex 32.500000 1.225868 -13.725000
  endloop
 endfacet
 facet normal -1 0 0
  outer loop
   vertex -32.500000 9.150000 -18.300000
   vertex -32.500000 0.943614 -14.253058
   vertex -32.500000 1.225868 -13.725000
  endloop
 endfacet
 facet normal 1 0 0
  outer loop
   vertex 32.500000 9.150000 -18.300000
   vertex 32.500000 1.225868 -13.725000
   vertex 32.500000 0.943614 -14.253058
  endloop
 endfacet
 facet normal 0 -0.91086382 0.41270703
  outer loop
   vertex -32.500000 0.943614 -14.253058
   vertex -32.500000 0.696502 -14.798447
   vertex 32.500000 0.696502 -14.798447
  endloop
 endfacet
 facet normal 0 -0.91086382 0.41270703
  outer loop
   vertex -32.500000 0.943614 -14.253058
   vertex 32.500000 0.696502 -14.798447
   vertex 32.500000 0.943614 -14.253058
  endloop
 endfacet
 facet normal -1 0 0
  outer loop
   vertex -32.500000 9.150000 -18.300000
   vertex -32.500000 0.696502 -14.798447
   vertex -32.500000 0.943614 -14.253058
  endloop
 endfacet
 facet normal 1 0 0
  outer loop
   vertex 32.500000 9.150000 -18.300000
   vertex 32.500000 0.943614 -14.253058
   vertex 32.500000 0.696502 -14.798447
  endloop
 endfacet
 facet normal 0 -0.93590593 0.35225005
  outer loop
   vertex -32.500000 0.696502 -14.798447
   vertex -32.500000 0.485589 -15.358829
   vertex 32.500000 0.485589 -15.358829
  endloop
 endfacet
 facet normal 0 -0.93590593 0.35225005
  outer loop
   vertex -32.500000 0.696502 -14.798447
   vertex 32.500000 0.485589 -15.358829
   vertex 32.500000 0.696502 -14.798447
  endloop
 endfacet
 facet normal -1 0 0
  outer loop
   vertex -32.500000 9.150000 -18.300000
   vertex -32.500000 0.485589 -15.358829
   vertex -32.500000 0.696502 -14.798447
  endloop
 endfacet
 facet normal 1 0 0
  outer loop
   vertex 32.500000 9.150000 -18.300000
   vertex 32.500000 0.696502 -14.798447
   vertex 32.500000 0.485589 -15.358829
  endloop
 endfacet
 facet normal 0 -0.95694034 0.29028468
  outer loop
   vertex -32.500000 0.485589 -15.358829
   vertex -32.500000 0.311779 -15.931806
   vertex 32.500000 0.311779 -15.931806
  endloop
 endfacet
 facet normal 0 -0.95694034 0.29028468
  outer loop
   vertex -32.500000 0.485589 -15.358829
   vertex 32.500000 0.311779 -15.931806
   vertex 32.500000 0.485589 -15.358829
  endloop
 endfacet
 facet normal -1 0 0
  outer loop
   vertex -32.500000 9.150000 -18.300000
   vertex -32.500000 0.311779 -15.931806
   vertex -32.500000 0.485589 -15.358829
  endloop
 endfacet
 facet normal 1 0 0
  outer loop
   vertex 32.500000 9.150000 -18.300000
   vertex 32.500000 0.485589 -15.358829
   vertex 32.500000 0.311779 -15.931806
  endloop
 endfacet
 facet normal 0 -0.97387698 0.22707626
  outer loop
   vertex -32.500000 0.311779 -15.931806
   vertex -32.500000 0.175815 -16.514924
   vertex 32.500000 0.175815 -16.514924
  endloop
 endfacet
 facet normal 0 -0.97387698 0.22707626
  outer loop
   vertex -32.500000 0.311779 -15.931806
   vertex 32.500000 0.175815 -16.514924
   vertex 32.500000 0.311779 -15.931806
  endloop
 endfacet
 facet normal -1 0 0
  outer loop
   vertex -32.500000 9.150000 -18.300000
   vertex -32.500000 0.175815 -16.514924
   vertex -32.500000 0.311779 -15.931806
  endloop
 endfacet
 facet normal 1 0 0
  outer loop
   vertex 32.500000 9.150000 -18.300000
   vertex 32.500000 0.311779 -15.931806
   vertex 32.500000 0.175815 -16.514924
  endloop
 endfacet
 facet normal 0 -0.98664333 0.16289547
  outer loop
   vertex -32.500000 0.175815 -16.514924
   vertex -32.500000 0.078280 -17.105685
   vertex 32.500000 0.078280 -17.105685
  endloop
 endfacet
 facet normal 0 -0.98664333 0.16289547
  outer loop
   vertex -32.500000 0.175815 -16.514924
   vertex 32.500000 0.078280 -17.105685
   vertex 32.500000 0.175815 -16.514924
  endloop
 endfacet
 facet normal -1 0 0
  outer loop
   vertex -32.500000 9.150000 -18.300000
   vertex -32.500000 0.078280 -17.105685
   vertex -32.500000 0.175815 -16.514924
  endloop
 endfacet
 facet normal 1 0 0
  outer loop
   vertex 32.500000 9.150000 -18.300000
   vertex 32.500000 0.175815 -16.514924
   vertex 32.500000 0.078280 -17.105685
  endloop
 endfacet
 facet normal 0 -0.99518473 0.09801714
  outer loop
   vertex -32.500000 0.078280 -17.105685
   vertex -32.500000 0.019591 -17.701561
   vertex 32.500000 0.019591 -17.701561
  endloop
 endfacet
 facet normal 0 -0.99518473 0.09801714
  outer loop
   vertex -32.500000 0.078280 -17.105685
   vertex 32.500000 0.019591 -17.701561
   vertex 32.500000 0.078280 -17.105685
  endloop
 endfacet
 facet normal -1 0 0
  outer loop
   vertex -32.500000 9.150000 -18.300000
   vertex -32.500000 0.019591 -17.701561
   vertex -32.500000 0.078280 -17.105685
  endloop
 endfacet
 facet normal 1 0 0
  outer loop
   vertex 32.500000 9.150000 -18.300000
   vertex 32.500000 0.078280 -17.105685
   vertex 32.500000 0.019591 -17.701561
  endloop
 endfacet
 facet normal 0 -0.99946459 0.032719083
  outer loop
   vertex -32.500000 0.019591 -17.701561
   vertex -32.500000 0.000000 -18.300000
   vertex 32.500000 0.000000 -18.300000
  endloop
 endfacet
 facet normal 0 -0.99946459 0.032719083
  outer loop
   vertex -32.500000 0.019591 -17.701561
   vertex 32.500000 0.000000 -18.300000
   vertex 32.500000 0.019591 -17.701561
  endloop
 endfacet
 facet normal -1 0 0
  outer loop
   vertex -32.500000 9.150000 -18.300000
   vertex -32.500000 0.000000 -18.300000
   vertex -32.500000 0.019591 -17.701561
  endloop
 endfacet
 facet normal 1 0 0
  outer loop
   vertex 32.500000 9.150000 -18.300000
   vertex 32.500000 0.019591 -17.701561
   vertex 32.500000 0.000000 -18.300000
  endloop
 endfacet
 facet normal 0 -0.99946459 -0.032719083
  outer loop
   vertex -32.500000 0.000000 -18.300000
   vertex -32.500000 0.019591 -18.898439
   vertex 32.500000 0.019591 -18.898439
  endloop
 endfacet
 facet normal 0 -0.99946459 -0.032719083
  outer loop
   vertex -32.500000 0.000000 -18.300000
   vertex 32.500000 0.019591 -18.898439
   vertex 32.500000 0.000000 -18.300000
  endloop
 endfacet
 facet normal -1 -0 0
  outer loop
   vertex -32.500000 9.150000 -18.300000
   vertex -32.500000 0.019591 -18.898439
   vertex -32.500000 0.000000 -18.300000
  endloop
 endfacet
 facet normal 1 0 0
  outer loop
   vertex 32.500000 9.150000 -18.300000
   vertex 32.500000 0.000000 -18.300000
   vertex 32.500000 0.019591 -18.898439
  endloop
 endfacet
 facet normal 0 -0.99518473 -0.09801714
  outer loop
   vertex -32.500000 0.019591 -18.898439
   vertex -32.500000 0.078280 -19.494315
   vertex 32.500000 0.078280 -19.494315
  endloop
 endfacet
 facet normal 0 -0.99518473 -0.09801714
  outer loop
   vertex -32.500000 0.019591 -18.898439
   vertex 32.500000 0.078280 -19.494315
   vertex 32.500000 0.019591 -18.898439
  endloop
 endfacet
 facet normal -1 0 0
  outer loop
   vertex -32.500000 9.150000 -18.300000
   vertex -32.500000 0.078280 -19.494315
   vertex -32.500000 0.019591 -18.898439
  endloop
 endfacet
 facet normal 1 0 0
  outer loop
   vertex 32.500000 9.150000 -18.300000
   vertex 32.500000 0.019591 -18.898439
   vertex 32.500000 0.078280 -19.494315
  endloop
 endfacet
 facet normal 0 -0.98664333 -0.16289547
  outer loop
   vertex -32.500000 0.078280 -19.494315
   vertex -32.500000 0.175815 -20.085076
   vertex 32.500000 0.175815 -20.085076
  endloop
 endfacet
 facet normal 0 -0.98664333 -0.16289547
  outer loop
   vertex -32.500000 0.078280 -19.494315
   vertex 32.500000 0.175815 -20.085076
   vertex 32.500000 0.078280 -19.494315
  endloop
 endfacet
 facet normal -1 0 0
  outer loop
   vertex -32.500000 9.150000 -18.300000
   vertex -32.500000 0.175815 -20.085076
   vertex -32.500000 0.078280 -19.494315
  endloop
 endfacet
 facet normal 1 0 0
  outer loop
   vertex 32.500000 9.150000 -18.300000
   vertex 32.500000 0.078280 -19.494315
   vertex 32.500000 0.175815 -20.085076
  endloop
 endfacet
 facet normal 0 -0.97387698 -0.22707626
  outer loop
   vertex -32.500000 0.175815 -20.085076
   vertex -32.500000 0.311779 -20.668194
   vertex 32.500000 0.311779 -20.668194
  endloop
 endfacet
 facet normal 0 -0.97387698 -0.22707626
  outer loop
   vertex -32.500000 0.175815 -20.085076
   vertex 32.500000 0.311779 -20.668194
   vertex 32.500000 0.175815 -20.085076
  endloop
 endfacet
 facet normal -1 0 0
  outer loop
   vertex -32.500000 9.150000 -18.300000
   vertex -32.500000 0.311779 -20.668194
   vertex -32.500000 0.175815 -20.085076
  endloop
 endfacet
 facet normal 1 0 0
  outer loop
   vertex 32.500000 9.150000 -18.300000
   vertex 32.500000 0.175815 -20.085076
   vertex 32.500000 0.311779 -20.668194
  endloop
 endfacet
 facet normal 0 -0.95694034 -0.29028468
  outer loop
   vertex -32.500000 0.311779 -20.668194
   vertex -32.500000 0.485589 -21.241171
   vertex 32.500000 0.485589 -21.241171
  endloop
 endfacet
 facet normal 0 -0.95694034 -0.29028468
  outer loop
   vertex -32.500000 0.311779 -20.668194
   vertex 32.500000 0.485589 -21.241171
   vertex 32.500000 0.311779 -20.668194
  endloop
 endfacet
 facet normal -1 0 0
  outer loop
   vertex -32.500000 9.150000 -18.300000
   vertex -32.500000 0.485589 -21.241171
   vertex -32.500000 0.311779 -20.668194
  endloop
 endfacet
 facet normal 1 0 0
  outer loop
   vertex 32.500000 9.150000 -18.300000
   vertex 32.500000 0.311779 -20.668194
   vertex 32.500000 0.485589 -21.241171
  endloop
 endfacet
 facet normal 0 -0.93590593 -0.35225005
  outer loop
   vertex -32.500000 0.485589 -21.241171
   vertex -32.500000 0.696502 -21.801553
   vertex 32.500000 0.696502 -21.801553
  endloop
 endfacet
 facet normal 0 -0.93590593 -0.35225005
  outer loop
   vertex -32.500000 0.485589 -21.241171
   vertex 32.500000 0.696502 -21.801553
   vertex 32.500000 0.485589 -21.241171
  endloop
 endfacet
 facet normal -1 0 0
  outer loop
   vertex -32.500000 9.150000 -18.300000
   vertex -32.500000 0.696502 -21.801553
   vertex -32.500000 0.485589 -21.241171
  endloop
 endfacet
 facet normal 1 0 0
  outer loop
   vertex 32.500000 9.150000 -18.300000
   vertex 32.500000 0.485589 -21.241171
   vertex 32.500000 0.696502 -21.801553
  endloop
 endfacet
 facet normal 0 -0.91086382 -0.41270703
  outer loop
   vertex -32.500000 0.696502 -21.801553
   vertex -32.500000 0.943614 -22.346942
   vertex 32.500000 0.943614 -22.346942
  endloop
 endfacet
 facet normal 0 -0.91086382 -0.41270703
  outer loop
   vertex -32.500000 0.696502 -21.801553
   vertex 32.500000 0.943614 -22.346942
   vertex 32.500000 0.696502 -21.801553
  endloop
 endfacet
 facet normal -1 0 0
  outer loop
   vertex -32.500000 9.150000 -18.300000
   vertex -32.500000 0.943614 -22.346942
   vertex -32.500000 0.696502 -21.801553
  endloop
 endfacet
 facet normal 1 0 0
  outer loop
   vertex 32.500000 9.150000 -18.300000
   vertex 32.500000 0.696502 -21.801553
   vertex 32.500000 0.943614 -22.346942
  endloop
 endfacet
 facet normal 0 -0.88192126 -0.47139674
  outer loop
   vertex -32.500000 0.943614 -22.346942
   vertex -32.500000 1.225868 -22.875000
   vertex 32.500000 1.225868 -22.875000
  endloop
 endfacet
 facet normal 0 -0.88192126 -0.47139674
  outer loop
   vertex -32.500000 0.943614 -22.346942
   vertex 32.500000 1.225868 -22.875000
   vertex 32.500000 0.943614 -22.346942
  endloop
 endfacet
 facet normal -1 0 0
  outer loop
   vertex -32.500000 9.150000 -18.300000
   vertex -32.500000 1.225868 -22.875000
   vertex -32.500000 0.943614 -22.346942
  endloop
 endfacet
 facet normal 1 0 0
  outer loop
   vertex 32.500000 9.150000 -18.300000
   vertex 32.500000 0.943614 -22.346942
   vertex 32.500000 1.225868 -22.875000
  endloop
 endfacet
 facet normal 0 -0.84920218 -0.52806785
  outer loop
   vertex -32.500000 1.225868 -22.875000
   vertex -32.500000 1.542053 -23.383468
   vertex 32.500000 1.542053 -23.383468
  endloop
 endfacet
 facet normal 0 -0.84920218 -0.52806785
  outer loop
   vertex -32.500000 1.225868 -22.875000
   vertex 32.500000 1.542053 -23.383468
   vertex 32.500000 1.225868 -22.875000
  endloop
 endfacet
 facet normal -1 0 0
  outer loop
   vertex -32.500000 9.150000 -18.300000
   vertex -32.500000 1.542053 -23.383468
   vertex -32.500000 1.225868 -22.875000
  endloop
 endfacet
 facet normal 1 0 0
  outer loop
   vertex 32.500000 9.150000 -18.300000
   vertex 32.500000 1.225868 -22.875000
   vertex 32.500000 1.542053 -23.383468
  endloop
 endfacet
 facet normal 0 -0.81284668 -0.5824777
  outer loop
   vertex -32.500000 1.542053 -23.383468
   vertex -32.500000 1.890817 -23.870167
   vertex 32.500000 1.890817 -23.870167
  endloop
 endfacet
 facet normal 0 -0.81284668 -0.5824777
  outer loop
   vertex -32.500000 1.542053 -23.383468
   vertex 32.500000 1.890817 -23.870167
   vertex 32.500000 1.542053 -23.383468
  endloop
 endfacet
 facet normal -1 0 0
  outer loop
   vertex -32.500000 9.150000 -18.300000
   vertex -32.500000 1.890817 -23.870167
   vertex -32.500000 1.542053 -23.383468
  endloop
 endfacet
 facet normal 1 0 0
  outer loop
   vertex 32.500000 9.150000 -18.300000
   vertex 32.500000 1.542053 -23.383468
   vertex 32.500000 1.890817 -23.870167
  endloop
 endfacet
 facet normal 0 -0.77301045 -0.63439328
  outer loop
   vertex -32.500000 1.890817 -23.870167
   vertex -32.500000 2.270666 -24.333014
   vertex 32.500000 2.270666 -24.333014
  endloop
 endfacet
 facet normal 0 -0.77301045 -0.63439328
  outer loop
   vertex -32.500000 1.890817 -23.870167
   vertex 32.500000 2.270666 -24.333014
   vertex 32.500000 1.890817 -23.870167
  endloop
 endfacet
 facet normal -1 0 0
  outer loop
   vertex -32.500000 9.150000 -18.300000
   vertex -32.500000 2.270666 -24.333014
   vertex -32.500000 1.890817 -23.870167
  endloop
 endfacet
 facet normal 1 0 0
  outer loop
   vertex 32.500000 9.150000 -18.300000
   vertex 32.500000 1.890817 -23.870167
   vertex 32.500000 2.270666 -24.333014
  endloop
 endfacet
 facet normal 0 -0.72986407 -0.6835923
  outer loop
   vertex -32.500000 2.270666 -24.333014
   vertex -32.500000 2.679973 -24.770027
   vertex 32.500000 2.679973 -24.770027
  endloop
 endfacet
 facet normal 0 -0.72986407 -0.6835923
  outer loop
   vertex -32.500000 2.270666 -24.333014
   vertex 32.500000 2.679973 -24.770027
   vertex 32.500000 2.270666 -24.333014
  endloop
 endfacet
 facet normal -1 0 0
  outer loop
   vertex -32.500000 9.150000 -18.300000
   vertex -32.500000 2.679973 -24.770027
   vertex -32.500000 2.270666 -24.333014
  endloop
 endfacet
 facet normal 1 0 0
  outer loop
   vertex 32.500000 9.150000 -18.300000
   vertex 32.500000 2.270666 -24.333014
   vertex 32.500000 2.679973 -24.770027
  endloop
 endfacet
 facet normal 0 -0.6835923 -0.72986407
  outer loop
   vertex -32.500000 2.679973 -24.770027
   vertex -32.500000 3.116986 -25.179334
   vertex 32.500000 3.116986 -25.179334
  endloop
 endfacet
 facet normal 0 -0.6835923 -0.72986407
  outer loop
   vertex -32.500000 2.679973 -24.770027
   vertex 32.500000 3.116986 -25.179334
   vertex 32.500000 2.679973 -24.770027
  endloop
 endfacet
 facet normal -1 0 0
  outer loop
   vertex -32.500000 9.150000 -18.300000
   vertex -32.500000 3.116986 -25.179334
   vertex -32.500000 2.679973 -24.770027
  endloop
 endfacet
 facet normal 1 0 0
  outer loop
   vertex 32.500000 9.150000 -18.300000
   vertex 32.500000 2.679973 -24.770027
   vertex 32.500000 3.116986 -25.179334
  endloop
 endfacet
 facet normal 0 -0.63439328 -0.77301045
  outer loop
   vertex -32.500000 3.116986 -25.179334
   vertex -32.500000 3.579833 -25.559183
   vertex 32.500000 3.579833 -25.559183
  endloop
 endfacet
 facet normal 0 -0.63439328 -0.77301045
  outer loop
   vertex -32.500000 3.116986 -25.179334
   vertex 32.500000 3.579833 -25.559183
   vertex 32.500000 3.116986 -25.179334
  endloop
 endfacet
 facet normal -1 0 0
  outer loop
   vertex -32.500000 9.150000 -18.300000
   vertex -32.500000 3.579833 -25.559183
   vertex -32.500000 3.116986 -25.179334
  endloop
 endfacet
 facet normal 1 0 0
  outer loop
   vertex 32.500000 9.150000 -18.300000
   vertex 32.500000 3.116986 -25.179334
   vertex 32.500000 3.579833 -25.559183
  endloop
 endfacet
 facet normal 0 -0.5824777 -0.81284668
  outer loop
   vertex -32.500000 3.579833 -25.559183
   vertex -32.500000 4.066532 -25.907947
   vertex 32.500000 4.066532 -25.907947
  endloop
 endfacet
 facet normal 0 -0.5824777 -0.81284668
  outer loop
   vertex -32.500000 3.579833 -25.559183
   vertex 32.500000 4.066532 -25.907947
   vertex 32.500000 3.579833 -25.559183
  endloop
 endfacet
 facet normal -1 0 0
  outer loop
   vertex -32.500000 9.150000 -18.300000
   vertex -32.500000 4.066532 -25.907947
   vertex -32.500000 3.579833 -25.559183
  endloop
 endfacet
 facet normal 1 0 0
  outer loop
   vertex 32.500000 9.150000 -18.300000
   vertex 32.500000 3.579833 -25.559183
   vertex 32.500000 4.066532 -25.907947
  endloop
 endfacet
 facet normal 0 -0.52806785 -0.84920218
  outer loop
   vertex -32.500000 4.066532 -25.907947
   vertex -32.500000 4.575000 -26.224132
   vertex 32.500000 4.575000 -26.224132
  endloop
 endfacet
 facet normal 0 -0.52806785 -0.84920218
  outer loop
   vertex -32.500000 4.066532 -25.907947
   vertex 32.500000 4.575000 -26.224132
   vertex 32.500000 4.066532 -25.907947
  endloop
 endfacet
 facet normal -1 0 0
  outer loop
   vertex -32.500000 9.150000 -18.300000
   vertex -32.500000 4.575000 -26.224132
   vertex -32.500000 4.066532 -25.907947
  endloop
 endfacet
 facet normal 1 0 0
  outer loop
   vertex 32.500000 9.150000 -18.300000
   vertex 32.500000 4.066532 -25.907947
   vertex 32.500000 4.575000 -26.224132
  endloop
 endfacet
 facet normal 0 -0.47139674 -0.88192126
  outer loop
   vertex -32.500000 4.575000 -26.224132
   vertex -32.500000 5.103058 -26.506386
   vertex 32.500000 5.103058 -26.506386
  endloop
 endfacet
 facet normal 0 -0.47139674 -0.88192126
  outer loop
   vertex -32.500000 4.575000 -26.224132
   vertex 32.500000 5.103058 -26.506386
   vertex 32.500000 4.575000 -26.224132
  endloop
 endfacet
 facet normal -1 0 0
  outer loop
   vertex -32.500000 9.150000 -18.300000
   vertex -32.500000 5.103058 -26.506386
   vertex -32.500000 4.575000 -26.224132
  endloop
 endfacet
 facet normal 1 0 0
  outer loop
   vertex 32.500000 9.150000 -18.300000
   vertex 32.500000 4.575000 -26.224132
   vertex 32.500000 5.103058 -26.506386
  endloop
 endfacet
 facet normal 0 -0.41270703 -0.91086382
  outer loop
   vertex -32.500000 5.103058 -26.506386
   vertex -32.500000 5.648447 -26.753498
   vertex 32.500000 5.648447 -26.753498
  endloop
 endfacet
 facet normal 0 -0.41270703 -0.91086382
  outer loop
   vertex -32.500000 5.103058 -26.506386
   vertex 32.500000 5.648447 -26.753498
   vertex 32.500000 5.103058 -26.506386
  endloop
 endfacet
 facet normal -1 0 0
  outer loop
   vertex -32.500000 9.150000 -18.300000
   vertex -32.500000 5.648447 -26.753498
   vertex -32.500000 5.103058 -26.506386
  endloop
 endfacet
 facet normal 1 0 0
  outer loop
   vertex 32.500000 9.150000 -18.300000
   vertex 32.500000 5.103058 -26.506386
   vertex 32.500000 5.648447 -26.753498
  endloop
 endfacet
 facet normal 0 -0.35225005 -0.93590593
  outer loop
   vertex -32.500000 5.648447 -26.753498
   vertex -32.500000 6.208829 -26.964411
   vertex 32.500000 6.208829 -26.964411
  endloop
 endfacet
 facet normal 0 -0.35225005 -0.93590593
  outer loop
   vertex -32.500000 5.648447 -26.753498
   vertex 32.500000 6.208829 -26.964411
   vertex 32.500000 5.648447 -26.753498
  endloop
 endfacet
 facet normal -1 0 0
  outer loop
   vertex -32.500000 9.150000 -18.300000
   vertex -32.500000 6.208829 -26.964411
   vertex -32.500000 5.648447 -26.753498
  endloop
 endfacet
 facet normal 1 0 0
  outer loop
   vertex 32.500000 9.150000 -18.300000
   vertex 32.500000 5.648447 -26.753498
   vertex 32.500000 6.208829 -26.964411
  endloop
 endfacet
 facet normal 0 -0.29028468 -0.95694034
  outer loop
   vertex -32.500000 6.208829 -26.964411
   vertex -32.500000 6.781806 -27.138221
   vertex 32.500000 6.781806 -27.138221
  endloop
 endfacet
 facet normal 0 -0.29028468 -0.95694034
  outer loop
   vertex -32.500000 6.208829 -26.964411
   vertex 32.500000 6.781806 -27.138221
   vertex 32.500000 6.208829 -26.964411
  endloop
 endfacet
 facet normal -1 0 0
  outer loop
   vertex -32.500000 9.150000 -18.300000
   vertex -32.500000 6.781806 -27.138221
   vertex -32.500000 6.208829 -26.964411
  endloop
 endfacet
 facet normal 1 0 0
  outer loop
   vertex 32.500000 9.150000 -18.300000
   vertex 32.500000 6.208829 -26.964411
   vertex 32.500000 6.781806 -27.138221
  endloop
 endfacet
 facet normal 0 -0.22707626 -0.97387698
  outer loop
   vertex -32.500000 6.781806 -27.138221
   vertex -32.500000 7.364924 -27.274185
   vertex 32.500000 7.364924 -27.274185
  endloop
 endfacet
 facet normal 0 -0.22707626 -0.97387698
  outer loop
   vertex -32.500000 6.781806 -27.138221
   vertex 32.500000 7.364924 -27.274185
   vertex 32.500000 6.781806 -27.138221
  endloop
 endfacet
 facet normal -1 0 0
  outer loop
   vertex -32.500000 9.150000 -18.300000
   vertex -32.500000 7.364924 -27.274185
   vertex -32.500000 6.781806 -27.138221
  endloop
 endfacet
 facet normal 1 0 0
  outer loop
   vertex 32.500000 9.150000 -18.300000
   vertex 32.500000 6.781806 -27.138221
   vertex 32.500000 7.364924 -27.274185
  endloop
 endfacet
 facet normal 0 -0.16289547 -0.98664333
  outer loop
   vertex -32.500000 7.364924 -27.274185
   vertex -32.500000 7.955685 -27.371720
   vertex 32.500000 7.955685 -27.371720
  endloop
 endfacet
 facet normal 0 -0.16289547 -0.98664333
  outer loop
   vertex -32.500000 7.364924 -27.274185
   vertex 32.500000 7.955685 -27.371720
   vertex 32.500000 7.364924 -27.274185
  endloop
 endfacet
 facet normal -1 0 0
  outer loop
   vertex -32.500000 9.150000 -18.300000
   vertex -32.500000 7.955685 -27.371720
   vertex -32.500000 7.364924 -27.274185
  endloop
 endfacet
 facet normal 1 0 0
  outer loop
   vertex 32.500000 9.150000 -18.300000
   vertex 32.500000 7.364924 -27.274185
   vertex 32.500000 7.955685 -27.371720
  endloop
 endfacet
 facet normal 0 -0.09801714 -0.99518473
  outer loop
   vertex -32.500000 7.955685 -27.371720
   vertex -32.500000 8.551561 -27.430409
   vertex 32.500000 8.551561 -27.430409
  endloop
 endfacet
 facet normal 0 -0.09801714 -0.99518473
  outer loop
   vertex -32.500000 7.955685 -27.371720
   vertex 32.500000 8.551561 -27.430409
   vertex 32.500000 7.955685 -27.371720
  endloop
 endfacet
 facet normal -1 0 0
  outer loop
   vertex -32.500000 9.150000 -18.300000
   vertex -32.500000 8.551561 -27.430409
   vertex -32.500000 7.955685 -27.371720
  endloop
 endfacet
 facet normal 1 0 0
  outer loop
   vertex 32.500000 9.150000 -18.300000
   vertex 32.500000 7.955685 -27.371720
   vertex 32.500000 8.551561 -27.430409
  endloop
 endfacet
 facet normal 0 -0.032719083 -0.99946459
  outer loop
   vertex -32.500000 8.551561 -27.430409
   vertex -32.500000 9.150000 -27.450000
   vertex 32.500000 9.150000 -27.450000
  endloop
 endfacet
 facet normal 0 -0.032719083 -0.99946459
  outer loop
   vertex -32.500000 8.551561 -27.430409
   vertex 32.500000 9.150000 -27.450000
   vertex 32.500000 8.551561 -27.430409
  endloop
 endfacet
 facet normal -1 0 0
  outer loop
   vertex -32.500000 9.150000 -18.300000
   vertex -32.500000 9.150000 -27.450000
   vertex -32.500000 8.551561 -27.430409
  endloop
 endfacet
 facet normal 1 0 0
  outer loop
   vertex 32.500000 9.150000 -18.300000
   vertex 32.500000 8.551561 -27.430409
   vertex 32.500000 9.150000 -27.450000
  endloop
 endfacet
 facet normal 0 0.032719083 -0.99946459
  outer loop
   vertex -32.500000 9.150000 -27.450000
   vertex -32.500000 9.748439 -27.430409
   vertex 32.500000 9.748439 -27.430409
  endloop
 endfacet
 facet normal 0 0.032719083 -0.99946459
  outer loop
   vertex -32.500000 9.150000 -27.450000
   vertex 32.500000 9.748439 -27.430409
   vertex 32.500000 9.150000 -27.450000
  endloop
 endfacet
 facet normal -1 0 -0
  outer loop
   vertex -32.500000 9.150000 -18.300000
   vertex -32.500000 9.748439 -27.430409
   vertex -32.500000 9.150000 -27.450000
  endloop
 endfacet
 facet normal 1 0 0
  outer loop
   vertex 32.500000 9.150000 -18.300000
   vertex 32.500000 9.150000 -27.450000
   vertex 32.500000 9.748439 -27.430409
  endloop
 endfacet
 facet normal 0 0.09801714 -0.99518473
  outer loop
   vertex -32.500000 9.748439 -27.430409
   vertex -32.500000 10.344315 -27.371720
   vertex 32.500000 10.344315 -27.371720
  endloop
 endfacet
 facet normal 0 0.09801714 -0.99518473
  outer loop
   vertex -32.500000 9.748439 -27.430409
   vertex 32.500000 10.344315 -27.371720
   vertex 32.500000 9.748439 -27.430409
  endloop
 endfacet
 facet normal -1 0 0
  outer loop
   vertex -32.500000 9.150000 -18.300000
   vertex -32.500000 10.344315 -27.371720
   vertex -32.500000 9.748439 -27.430409
  endloop
 endfacet
 facet normal 1 0 0
  outer loop
   vertex 32.500000 9.150000 -18.300000
   vertex 32.500000 9.748439 -27.430409
   vertex 32.500000 10.344315 -27.371720
  endloop
 endfacet
 facet normal 0 0.16289547 -0.98664333
  outer loop
   vertex -32.500000 10.344315 -27.371720
   vertex -32.500000 10.935076 -27.274185
   vertex 32.500000 10.935076 -27.274185
  endloop
 endfacet
 facet normal 0 0.16289547 -0.98664333
  outer loop
   vertex -32.500000 10.344315 -27.371720
   vertex 32.500000 10.935076 -27.274185
   vertex 32.500000 10.344315 -27.371720
  endloop
 endfacet
 facet normal -1 0 0
  outer loop
   vertex -32.500000 9.150000 -18.300000
   vertex -32.500000 10.935076 -27.274185
   vertex -32.500000 10.344315 -27.371720
  endloop
 endfacet
 facet normal 1 0 0
  outer loop
   vertex 32.500000 9.150000 -18.300000
   vertex 32.500000 10.344315 -27.371720
   vertex 32.500000 10.935076 -27.274185
  endloop
 endfacet
 facet normal 0 0.22707626 -0.97387698
  outer loop
   vertex -32.500000 10.935076 -27.274185
   vertex -32.500000 11.518194 -27.138221
   vertex 32.500000 11.518194 -27.138221
  endloop
 endfacet
 facet normal 0 0.22707626 -0.97387698
  outer loop
   vertex -32.500000 10.935076 -27.274185
   vertex 32.500000 11.518194 -27.138221
   vertex 32.500000 10.935076 -27.274185
  endloop
 endfacet
 facet normal -1 0 0
  outer loop
   vertex -32.500000 9.150000 -18.300000
   vertex -32.500000 11.518194 -27.138221
   vertex -32.500000 10.935076 -27.274185
  endloop
 endfacet
 facet normal 1 0 0
  outer loop
   vertex 32.500000 9.150000 -18.300000
   vertex 32.500000 10.935076 -27.274185
   vertex 32.500000 11.518194 -27.138221
  endloop
 endfacet
 facet normal 0 0.29028468 -0.95694034
  outer loop
   vertex -32.500000 11.518194 -27.138221
   vertex -32.500000 12.091171 -26.964411
   vertex 32.500000 12.091171 -26.964411
  endloop
 endfacet
 facet normal 0 0.29028468 -0.95694034
  outer loop
   vertex -32.500000 11.518194 -27.138221
   vertex 32.500000 12.091171 -26.964411
   vertex 32.500000 11.518194 -27.138221
  endloop
 endfacet
 facet normal -1 0 0
  outer loop
   vertex -32.500000 9.150000 -18.300000
   vertex -32.500000 12.091171 -26.964411
   vertex -32.500000 11.518194 -27.138221
  endloop
 endfacet
 facet normal 1 0 0
  outer loop
   vertex 32.500000 9.150000 -18.300000
   vertex 32.500000 11.518194 -27.138221
   vertex 32.500000 12.091171 -26.964411
  endloop
 endfacet
 facet normal 0 0.35225005 -0.93590593
  outer loop
   vertex -32.500000 12.091171 -26.964411
   vertex -32.500000 12.651553 -26.753498
   vertex 32.500000 12.651553 -26.753498
  endloop
 endfacet
 facet normal 0 0.35225005 -0.93590593
  outer loop
   vertex -32.500000 12.091171 -26.964411
   vertex 32.500000 12.651553 -26.753498
   vertex 32.500000 12.091171 -26.964411
  endloop
 endfacet
 facet normal -1 0 0
  outer loop
   vertex -32.500000 9.150000 -18.300000
   vertex -32.500000 12.651553 -26.753498
   vertex -32.500000 12.091171 -26.964411
  endloop
 endfacet
 facet normal 1 0 0
  outer loop
   vertex 32.500000 9.150000 -18.300000
   vertex 32.500000 12.091171 -26.964411
   vertex 32.500000 12.651553 -26.753498
  endloop
 endfacet
 facet normal 0 0.41270703 -0.91086382
  outer loop
   vertex -32.500000 12.651553 -26.753498
   vertex -32.500000 13.196942 -26.506386
   vertex 32.500000 13.196942 -26.506386
  endloop
 endfacet
 facet normal 0 0.41270703 -0.91086382
  outer loop
   vertex -32.500000 12.651553 -26.753498
   vertex 32.500000 13.196942 -26.506386
   vertex 32.500000 12.651553 -26.753498
  endloop
 endfacet
 facet normal -1 0 0
  outer loop
   vertex -32.500000 9.150000 -18.300000
   vertex -32.500000 13.196942 -26.506386
   vertex -32.500000 12.651553 -26.753498
  endloop
 endfacet
 facet normal 1 0 0
  outer loop
   vertex 32.500000 9.150000 -18.300000
   vertex 32.500000 12.651553 -26.753498
   vertex 32.500000 13.196942 -26.506386
  endloop
 endfacet
 facet normal 0 0.47139674 -0.88192126
  outer loop
   vertex -32.500000 13.196942 -26.506386
   vertex -32.500000 13.725000 -26.224132
   vertex 32.500000 13.725000 -26.224132
  endloop
 endfacet
 facet normal 0 0.47139674 -0.88192126
  outer loop
   vertex -32.500000 13.196942 -26.506386
   vertex 32.500000 13.725000 -26.224132
   vertex 32.500000 13.196942 -26.506386
  endloop
 endfacet
 facet normal -1 0 0
  outer loop
   vertex -32.500000 9.150000 -18.300000
   vertex -32.500000 13.725000 -26.224132
   vertex -32.500000 13.196942 -26.506386
  endloop
 endfacet
 facet normal 1 0 0
  outer loop
   vertex 32.500000 9.150000 -18.300000
   vertex 32.500000 13.196942 -26.506386
   vertex 32.500000 13.725000 -26.224132
  endloop
 endfacet
 facet normal 0 0.52806785 -0.84920218
  outer loop
   vertex -32.500000 13.725000 -26.224132
   vertex -32.500000 14.233468 -25.907947
   vertex 32.500000 14.233468 -25.907947
  endloop
 endfacet
 facet normal 0 0.52806785 -0.84920218
  outer loop
   vertex -32.500000 13.725000 -26.224132
   vertex 32.500000 14.233468 -25.907947
   vertex 32.500000 13.725000 -26.224132
  endloop
 endfacet
 facet normal -1 0 0
  outer loop
   vertex -32.500000 9.150000 -18.300000
   vertex -32.500000 14.233468 -25.907947
   vertex -32.500000 13.725000 -26.224132
  endloop
 endfacet
 facet normal 1 0 0
  outer loop
   vertex 32.500000 9.150000 -18.300000
   vertex 32.500000 13.725000 -26.224132
   vertex 32.500000 14.233468 -25.907947
  endloop
 endfacet
 facet normal 0 0.5824777 -0.81284668
  outer loop
   vertex -32.500000 14.233468 -25.907947
   vertex -32.500000 14.720167 -25.559183
   vertex 32.500000 14.720167 -25.559183
  endloop
 endfacet
 facet normal 0 0.5824777 -0.81284668
  outer loop
   vertex -32.500000 14.233468 -25.907947
   vertex 32.500000 14.720167 -25.559183
   vertex 32.500000 14.233468 -25.907947
  endloop
 endfacet
 facet normal -1 0 0
  outer loop
   vertex -32.500000 9.150000 -18.300000
   vertex -32.500000 14.720167 -25.559183
   vertex -32.500000 14.233468 -25.907947
  endloop
 endfacet
 facet normal 1 0 0
  outer loop
   vertex 32.500000 9.150000 -18.300000
   vertex 32.500000 14.233468 -25.907947
   vertex 32.500000 14.720167 -25.559183
  endloop
 endfacet
 facet normal 0 0.63439328 -0.77301045
  outer loop
   vertex -32.500000 14.720167 -25.559183
   vertex -32.500000 15.183014 -25.179334
   vertex 32.500000 15.183014 -25.179334
  endloop
 endfacet
 facet normal 0 0.63439328 -0.77301045
  outer loop
   vertex -32.500000 14.720167 -25.559183
   vertex 32.500000 15.183014 -25.179334
   vertex 32.500000 14.720167 -25.559183
  endloop
 endfacet
 facet normal -1 0 0
  outer loop
   vertex -32.500000 9.150000 -18.300000
   vertex -32.500000 15.183014 -25.179334
   vertex -32.500000 14.720167 -25.559183
  endloop
 endfacet
 facet normal 1 0 0
  outer loop
   vertex 32.500000 9.150000 -18.300000
   vertex 32.500000 14.720167 -25.559183
   vertex 32.500000 15.183014 -25.179334
  endloop
 endfacet
 facet normal 0 0.6835923 -0.72986407
  outer loop
   vertex -32.500000 15.183014 -25.179334
   vertex -32.500000 15.620027 -24.770027
   vertex 32.500000 15.620027 -24.770027
  endloop
 endfacet
 facet normal 0 0.6835923 -0.72986407
  outer loop
   vertex -32.500000 15.183014 -25.179334
   vertex 32.500000 15.620027 -24.770027
   vertex 32.500000 15.183014 -25.179334
  endloop
 endfacet
 facet normal -1 0 0
  outer loop
   vertex -32.500000 9.150000 -18.300000
   vertex -32.500000 15.620027 -24.770027
   vertex -32.500000 15.183014 -25.179334
  endloop
 endfacet
 facet normal 1 0 0
  outer loop
   vertex 32.500000 9.150000 -18.300000
   vertex 32.500000 15.183014 -25.179334
   vertex 32.500000 15.620027 -24.770027
  endloop
 endfacet
 facet normal 0 0.72986407 -0.6835923
  outer loop
   vertex -32.500000 15.620027 -24.770027
   vertex -32.500000 16.029334 -24.333014
   vertex 32.500000 16.029334 -24.333014
  endloop
 endfacet
 facet normal 0 0.72986407 -0.6835923
  outer loop
   vertex -32.500000 15.620027 -24.770027
   vertex 32.500000 16.029334 -24.333014
   vertex 32.500000 15.620027 -24.770027
  endloop
 endfacet
 facet normal -1 0 0
  outer loop
   vertex -32.500000 9.150000 -18.300000
   vertex -32.500000 16.029334 -24.333014
   vertex -32.500000 15.620027 -24.770027
  endloop
 endfacet
 facet normal 1 0 0
  outer loop
   vertex 32.500000 9.150000 -18.300000
   vertex 32.500000 15.620027 -24.770027
   vertex 32.500000 16.029334 -24.333014
  endloop
 endfacet
 facet normal 0 0.77301045 -0.63439328
  outer loop
   vertex -32.500000 16.029334 -24.333014
   vertex -32.500000 16.409183 -23.870167
   vertex 32.500000 16.409183 -23.870167
  endloop
 endfacet
 facet normal 0 0.77301045 -0.63439328
  outer loop
   vertex -32.500000 16.029334 -24.333014
   vertex 32.500000 16.409183 -23.870167
   vertex 32.500000 16.029334 -24.333014
  endloop
 endfacet
 facet normal -1 0 0
  outer loop
   vertex -32.500000 9.150000 -18.300000
   vertex -32.500000 16.409183 -23.870167
   vertex -32.500000 16.029334 -24.333014
  endloop
 endfacet
 facet normal 1 0 0
  outer loop
   vertex 32.500000 9.150000 -18.300000
   vertex 32.500000 16.029334 -24.333014
   vertex 32.500000 16.409183 -23.870167
  endloop
 endfacet
 facet normal 0 0.81284668 -0.5824777
  outer loop
   vertex -32.500000 16.409183 -23.870167
   vertex -32.500000 16.757947 -23.383468
   vertex 32.500000 16.757947 -23.383468
  endloop
 endfacet
 facet normal 0 0.81284668 -0.5824777
  outer loop
   vertex -32.500000 16.409183 -23.870167
   vertex 32.500000 16.757947 -23.383468
   vertex 32.500000 16.409183 -23.870167
  endloop
 endfacet
 facet normal -1 0 0
  outer loop
   vertex -32.500000 9.150000 -18.300000
   vertex -32.500000 16.757947 -23.383468
   vertex -32.500000 16.409183 -23.870167
  endloop
 endfacet
 facet normal 1 0 0
  outer loop
   vertex 32.500000 9.150000 -18.300000
   vertex 32.500000 16.409183 -23.870167
   vertex 32.500000 16.757947 -23.383468
  endloop
 endfacet
 facet normal 0 0.84920218 -0.52806785
  outer loop
   vertex -32.500000 16.757947 -23.383468
   vertex -32.500000 17.074132 -22.875000
   vertex 32.500000 17.074132 -22.875000
  endloop
 endfacet
 facet normal 0 0.84920218 -0.52806785
  outer loop
   vertex -32.500000 16.757947 -23.383468
   vertex 32.500000 17.074132 -22.875000
   vertex 32.500000 16.757947 -23.383468
  endloop
 endfacet
 facet normal -1 0 0
  outer loop
   vertex -32.500000 9.150000 -18.300000
   vertex -32.500000 17.074132 -22.875000
   vertex -32.500000 16.757947 -23.383468
  endloop
 endfacet
 facet normal 1 0 0
  outer loop
   vertex 32.500000 9.150000 -18.300000
   vertex 32.500000 16.757947 -23.383468
   vertex 32.500000 17.074132 -22.875000
  endloop
 endfacet
 facet normal 0 0.88192126 -0.47139674
  outer loop
   vertex -32.500000 17.074132 -22.875000
   vertex -32.500000 17.356386 -22.346942
   vertex 32.500000 17.356386 -22.346942
  endloop
 endfacet
 facet normal 0 0.88192126 -0.47139674
  outer loop
   vertex -32.500000 17.074132 -22.875000
   vertex 32.500000 17.356386 -22.346942
   vertex 32.500000 17.074132 -22.875000
  endloop
 endfacet
 facet normal -1 0 0
  outer loop
   vertex -32.500000 9.150000 -18.300000
   vertex -32.500000 17.356386 -22.346942
   vertex -32.500000 17.074132 -22.875000
  endloop
 endfacet
 facet normal 1 0 0
  outer loop
   vertex 32.500000 9.150000 -18.300000
   vertex 32.500000 17.074132 -22.875000
   vertex 32.500000 17.356386 -22.346942
  endloop
 endfacet
 facet normal 0 0.91086382 -0.41270703
  outer loop
   vertex -32.500000 17.356386 -22.346942
   vertex -32.500000 17.603498 -21.801553
   vertex 32.500000 17.603498 -21.801553
  endloop
 endfacet
 facet normal 0 0.91086382 -0.41270703
  outer loop
   vertex -32.500000 17.356386 -22.346942
   vertex 32.500000 17.603498 -21.801553
   vertex 32.500000 17.356386 -22.346942
  endloop
 endfacet
 facet normal -1 0 0
  outer loop
   vertex -32.500000 9.150000 -18.300000
   vertex -32.500000 17.603498 -21.801553
   vertex -32.500000 17.356386 -22.346942
  endloop
 endfacet
 facet normal 1 0 0
  outer loop
   vertex 32.500000 9.150000 -18.300000
   vertex 32.500000 17.356386 -22.346942
   vertex 32.500000 17.603498 -21.801553
  endloop
 endfacet
 facet normal 0 0.93590593 -0.35225005
  outer loop
   vertex -32.500000 17.603498 -21.801553
   vertex -32.500000 17.814411 -21.241171
   vertex 32.500000 17.814411 -21.241171
  endloop
 endfacet
 facet normal 0 0.93590593 -0.35225005
  outer loop
   vertex -32.500000 17.603498 -21.801553
   vertex 32.500000 17.814411 -21.241171
   vertex 32.500000 17.603498 -21.801553
  endloop
 endfacet
 facet normal -1 0 0
  outer loop
   vertex -32.500000 9.150000 -18.300000
   vertex -32.500000 17.814411 -21.241171
   vertex -32.500000 17.603498 -21.801553
  endloop
 endfacet
 facet normal 1 0 0
  outer loop
   vertex 32.500000 9.150000 -18.300000
   vertex 32.500000 17.603498 -21.801553
   vertex 32.500000 17.814411 -21.241171
  endloop
 endfacet
 facet normal 0 0.95694034 -0.29028468
  outer loop
   vertex -32.500000 17.814411 -21.241171
   vertex -32.500000 17.988221 -20.668194
   vertex 32.500000 17.988221 -20.668194
  endloop
 endfacet
 facet normal 0 0.95694034 -0.29028468
  outer loop
   vertex -32.500000 17.814411 -21.241171
   vertex 32.500000 17.988221 -20.668194
   vertex 32.500000 17.814411 -21.241171
  endloop
 endfacet
 facet normal -1 0 0
  outer loop
   vertex -32.500000 9.150000 -18.300000
   vertex -32.500000 17.988221 -20.668194
   vertex -32.500000 17.814411 -21.241171
  endloop
 endfacet
 facet normal 1 0 0
  outer loop
   vertex 32.500000 9.150000 -18.300000
   vertex 32.500000 17.814411 -21.241171
   vertex 32.500000 17.988221 -20.668194
  endloop
 endfacet
 facet normal 0 0.97387698 -0.22707626
  outer loop
   vertex -32.500000 17.988221 -20.668194
   vertex -32.500000 18.124185 -20.085076
   vertex 32.500000 18.124185 -20.085076
  endloop
 endfacet
 facet normal 0 0.97387698 -0.22707626
  outer loop
   vertex -32.500000 17.988221 -20.668194
   vertex 32.500000 18.124185 -20.085076
   vertex 32.500000 17.988221 -20.668194
  endloop
 endfacet
 facet normal -1 0 0
  outer loop
   vertex -32.500000 9.150000 -18.300000
   vertex -32.500000 18.124185 -20.085076
   vertex -32.500000 17.988221 -20.668194
  endloop
 endfacet
 facet normal 1 0 0
  outer loop
   vertex 32.500000 9.150000 -18.300000
   vertex 32.500000 17.988221 -20.668194
   vertex 32.500000 18.124185 -20.085076
  endloop
 endfacet
 facet normal 0 0.98664333 -0.16289547
  outer loop
   vertex -32.500000 18.124185 -20.085076
   vertex -32.500000 18.221720 -19.494315
   vertex 32.500000 18.221720 -19.494315
  endloop
 endfacet
 facet normal 0 0.98664333 -0.16289547
  outer loop
   vertex -32.500000 18.124185 -20.085076
   vertex 32.500000 18.221720 -19.494315
   vertex 32.500000 18.124185 -20.085076
  endloop
 endfacet
 facet normal -1 0 0
  outer loop
   vertex -32.500000 9.150000 -18.300000
   vertex -32.500000 18.221720 -19.494315
   vertex -32.500000 18.124185 -20.085076
  endloop
 endfacet
 facet normal 1 0 0
  outer loop
   vertex 32.500000 9.150000 -18.300000
   vertex 32.500000 18.124185 -20.085076
   vertex 32.500000 18.221720 -19.494315
  endloop
 endfacet
 facet normal 0 0.99518473 -0.09801714
  outer loop
   vertex -32.500000 18.221720 -19.494315
   vertex -32.500000 18.280409 -18.898439
   vertex 32.500000 18.280409 -18.898439
  endloop
 endfacet
 facet normal 0 0.99518473 -0.09801714
  outer loop
   vertex -32.500000 18.221720 -19.494315
   vertex 32.500000 18.280409 -18.898439
   vertex 32.500000 18.221720 -19.494315
  endloop
 endfacet
 facet normal -1 0 0
  outer loop
   vertex -32.500000 9.150000 -18.300000
   vertex -32.500000 18.280409 -18.898439
   vertex -32.500000 18.221720 -19.494315
  endloop
 endfacet
 facet normal 1 0 0
  outer loop
   vertex 32.500000 9.150000 -18.300000
   vertex 32.500000 18.221720 -19.494315
   vertex 32.500000 18.280409 -18.898439
  endloop
 endfacet
 facet normal 0 0.99946459 -0.032719083
  outer loop
   vertex -32.500000 18.280409 -18.898439
   vertex -32.500000 18.300000 -18.300000
   vertex 32.500000 18.300000 -18.300000
  endloop
 endfacet
 facet normal 0 0.99946459 -0.032719083
  outer loop
   vertex -32.500000 18.280409 -18.898439
   vertex 32.500000 18.300000 -18.300000
   vertex 32.500000 18.280409 -18.898439
  endloop
 endfacet
 facet normal -1 0 0
  outer loop
   vertex -32.500000 9.150000 -18.300000
   vertex -32.500000 18.300000 -18.300000
   vertex -32.500000 18.280409 -18.898439
  endloop
 endfacet
 facet normal 1 0 0
  outer loop
   vertex 32.500000 9.150000 -18.300000
   vertex 32.500000 18.280409 -18.898439
   vertex 32.500000 18.300000 -18.300000
  endloop
 endfacet
 facet normal 0 0.99946459 0.032719083
  outer loop
   vertex -32.500000 18.300000 0.000000
   vertex -32.500000 18.280409 0.598439
   vertex 32.500000 18.280409 0.598439
  endloop
 endfacet
 facet normal -0 0.99946459 0.032719083
  outer loop
   vertex -32.500000 18.300000 0.000000
   vertex 32.500000 18.280409 0.598439
   vertex 32.500000 18.300000 0.000000
  endloop
 endfacet
 facet normal -1 0 0
  outer loop
   vertex -32.500000 9.150000 0.000000
   vertex -32.500000 18.280409 0.598439
   vertex -32.500000 18.300000 0.000000
  endloop
 endfacet
 facet normal 1 0 0
  outer loop
   vertex 32.500000 9.150000 0.000000
   vertex 32.500000 18.300000 0.000000
   vertex 32.500000 18.280409 0.598439
  endloop
 endfacet
 facet normal 0 0.99518473 0.09801714
  outer loop
   vertex -32.500000 18.280409 0.598439
   vertex -32.500000 18.221720 1.194315
   vertex 32.500000 18.221720 1.194315
  endloop
 endfacet
 facet normal -0 0.99518473 0.09801714
  outer loop
   vertex -32.500000 18.280409 0.598439
   vertex 32.500000 18.221720 1.194315
   vertex 32.500000 18.280409 0.598439
  endloop
 endfacet
 facet normal -1 0 0
  outer loop
   vertex -32.500000 9.150000 0.000000
   vertex -32.500000 18.221720 1.194315
   vertex -32.500000 18.280409 0.598439
  endloop
 endfacet
 facet normal 1 0 0
  outer loop
   vertex 32.500000 9.150000 0.000000
   vertex 32.500000 18.280409 0.598439
   vertex 32.500000 18.221720 1.194315
  endloop
 endfacet
 facet normal 0 0.98664333 0.16289547
  outer loop
   vertex -32.500000 18.221720 1.194315
   vertex -32.500000 18.124185 1.785076
   vertex 32.500000 18.124185 1.785076
  endloop
 endfacet
 facet normal -0 0.98664333 0.16289547
  outer loop
   vertex -32.500000 18.221720 1.194315
   vertex 32.500000 18.124185 1.785076
   vertex 32.500000 18.221720 1.194315
  endloop
 endfacet
 facet normal -1 0 0
  outer loop
   vertex -32.500000 9.150000 0.000000
   vertex -32.500000 18.124185 1.785076
   vertex -32.500000 18.221720 1.194315
  endloop
 endfacet
 facet normal 1 0 0
  outer loop
   vertex 32.500000 9.150000 0.000000
   vertex 32.500000 18.221720 1.194315
   vertex 32.500000 18.124185 1.785076
  endloop
 endfacet
 facet normal 0 0.97387698 0.22707626
  outer loop
   vertex -32.500000 18.124185 1.785076
   vertex -32.500000 17.988221 2.368194
   vertex 32.500000 17.988221 2.368194
  endloop
 endfacet
 facet normal -0 0.97387698 0.22707626
  outer loop
   vertex -32.500000 18.124185 1.785076
   vertex 32.500000 17.988221 2.368194
   vertex 32.500000 18.124185 1.785076
  endloop
 endfacet
 facet normal -1 0 0
  outer loop
   vertex -32.500000 9.150000 0.000000
   vertex -32.500000 17.988221 2.368194
   vertex -32.500000 18.124185 1.785076
  endloop
 endfacet
 facet normal 1 0 0
  outer loop
   vertex 32.500000 9.150000 0.000000
   vertex 32.500000 18.124185 1.785076
   vertex 32.500000 17.988221 2.368194
  endloop
 endfacet
 facet normal 0 0.95694034 0.29028468
  outer loop
   vertex -32.500000 17.988221 2.368194
   vertex -32.500000 17.814411 2.941171
   vertex 32.500000 17.814411 2.941171
  endloop
 endfacet
 facet normal -0 0.95694034 0.29028468
  outer loop
   vertex -32.500000 17.988221 2.368194
   vertex 32.500000 17.814411 2.941171
   vertex 32.500000 17.988221 2.368194
  endloop
 endfacet
 facet normal -1 0 0
  outer loop
   vertex -32.500000 9.150000 0.000000
   vertex -32.500000 17.814411 2.941171
   vertex -32.500000 17.988221 2.368194
  endloop
 endfacet
 facet normal 1 0 0
  outer loop
   vertex 32.500000 9.150000 0.000000
   vertex 32.500000 17.988221 2.368194
   vertex 32.500000 17.814411 2.941171
  endloop
 endfacet
 facet normal 0 0.93590593 0.35225005
  outer loop
   vertex -32.500000 17.814411 2.941171
   vertex -32.500000 17.603498 3.501553
   vertex 32.500000 17.603498 3.501553
  endloop
 endfacet
 facet normal -0 0.93590593 0.35225005
  outer loop
   vertex -32.500000 17.814411 2.941171
   vertex 32.500000 17.603498 3.501553
   vertex 32.500000 17.814411 2.941171
  endloop
 endfacet
 facet normal -1 0 0
  outer loop
   vertex -32.500000 9.150000 0.000000
   vertex -32.500000 17.603498 3.501553
   vertex -32.500000 17.814411 2.941171
  endloop
 endfacet
 facet normal 1 0 0
  outer loop
   vertex 32.500000 9.150000 0.000000
   vertex 32.500000 17.814411 2.941171
   vertex 32.500000 17.603498 3.501553
  endloop
 endfacet
 facet normal 0 0.91086382 0.41270703
  outer loop
   vertex -32.500000 17.603498 3.501553
   vertex -32.500000 17.356386 4.046942
   vertex 32.500000 17.356386 4.046942
  endloop
 endfacet
 facet normal -0 0.91086382 0.41270703
  outer loop
   vertex -32.500000 17.603498 3.501553
   vertex 32.500000 17.356386 4.046942
   vertex 32.500000 17.603498 3.501553
  endloop
 endfacet
 facet normal -1 0 0
  outer loop
   vertex -32.500000 9.150000 0.000000
   vertex -32.500000 17.356386 4.046942
   vertex -32.500000 17.603498 3.501553
  endloop
 endfacet
 facet normal 1 0 0
  outer loop
   vertex 32.500000 9.150000 0.000000
   vertex 32.500000 17.603498 3.501553
   vertex 32.500000 17.356386 4.046942
  endloop
 endfacet
 facet normal 0 0.88192126 0.47139674
  outer loop
   vertex -32.500000 17.356386 4.046942
   vertex -32.500000 17.074132 4.575000
   vertex 32.500000 17.074132 4.575000
  endloop
 endfacet
 facet normal -0 0.88192126 0.47139674
  outer loop
   vertex -32.500000 17.356386 4.046942
   vertex 32.500000 17.074132 4.575000
   vertex 32.500000 17.356386 4.046942
  endloop
 endfacet
 facet normal -1 0 0
  outer loop
   vertex -32.500000 9.150000 0.000000
   vertex -32.500000 17.074132 4.575000
   vertex -32.500000 17.356386 4.046942
  endloop
 endfacet
 facet normal 1 0 0
  outer loop
   vertex 32.500000 9.150000 0.000000
   vertex 32.500000 17.356386 4.046942
   vertex 32.500000 17.074132 4.575000
  endloop
 endfacet
 facet normal 0 0.84920218 0.52806785
  outer loop
   vertex -32.500000 17.074132 4.575000
   vertex -32.500000 16.757947 5.083468
   vertex 32.500000 16.757947 5.083468
  endloop
 endfacet
 facet normal -0 0.84920218 0.52806785
  outer loop
   vertex -32.500000 17.074132 4.575000
   vertex 32.500000 16.757947 5.083468
   vertex 32.500000 17.074132 4.575000
  endloop
 endfacet
 facet normal -1 0 0
  outer loop
   vertex -32.500000 9.150000 0.000000
   vertex -32.500000 16.757947 5.083468
   vertex -32.500000 17.074132 4.575000
  endloop
 endfacet
 facet normal 1 0 0
  outer loop
   vertex 32.500000 9.150000 0.000000
   vertex 32.500000 17.074132 4.575000
   vertex 32.500000 16.757947 5.083468
  endloop
 endfacet
 facet normal 0 0.81284668 0.5824777
  outer loop
   vertex -32.500000 16.757947 5.083468
   vertex -32.500000 16.409183 5.570167
   vertex 32.500000 16.409183 5.570167
  endloop
 endfacet
 facet normal -0 0.81284668 0.5824777
  outer loop
   vertex -32.500000 16.757947 5.083468
   vertex 32.500000 16.409183 5.570167
   vertex 32.500000 16.757947 5.083468
  endloop
 endfacet
 facet normal -1 0 0
  outer loop
   vertex -32.500000 9.150000 0.000000
   vertex -32.500000 16.409183 5.570167
   vertex -32.500000 16.757947 5.083468
  endloop
 endfacet
 facet normal 1 0 0
  outer loop
   vertex 32.500000 9.150000 0.000000
   vertex 32.500000 16.757947 5.083468
   vertex 32.500000 16.409183 5.570167
  endloop
 endfacet
 facet normal 0 0.77301045 0.63439328
  outer loop
   vertex -32.500000 16.409183 5.570167
   vertex -32.500000 16.029334 6.033014
   vertex 32.500000 16.029334 6.033014
  endloop
 endfacet
 facet normal -0 0.77301045 0.63439328
  outer loop
   vertex -32.500000 16.409183 5.570167
   vertex 32.500000 16.029334 6.033014
   vertex 32.500000 16.409183 5.570167
  endloop
 endfacet
 facet normal -1 0 0
  outer loop
   vertex -32.500000 9.150000 0.000000
   vertex -32.500000 16.029334 6.033014
   vertex -32.500000 16.409183 5.570167
  endloop
 endfacet
 facet normal 1 0 0
  outer loop
   vertex 32.500000 9.150000 0.000000
   vertex 32.500000 16.409183 5.570167
   vertex 32.500000 16.029334 6.033014
  endloop
 endfacet
 facet normal 0 0.72986407 0.6835923
  outer loop
   vertex -32.500000 16.029334 6.033014
   vertex -32.500000 15.620027 6.470027
   vertex 32.500000 15.620027 6.470027
  endloop
 endfacet
 facet normal -0 0.72986407 0.6835923
  outer loop
   vertex -32.500000 16.029334 6.033014
   vertex 32.500000 15.620027 6.470027
   vertex 32.500000 16.029334 6.033014
  endloop
 endfacet
 facet normal -1 0 0
  outer loop
   vertex -32.500000 9.150000 0.000000
   vertex -32.500000 15.620027 6.470027
   vertex -32.500000 16.029334 6.033014
  endloop
 endfacet
 facet normal 1 0 0
  outer loop
   vertex 32.500000 9.150000 0.000000
   vertex 32.500000 16.029334 6.033014
   vertex 32.500000 15.620027 6.470027
  endloop
 endfacet
 facet normal 0 0.6835923 0.72986407
  outer loop
   vertex -32.500000 15.620027 6.470027
   vertex -32.500000 15.183014 6.879334
   vertex 32.500000 15.183014 6.879334
  endloop
 endfacet
 facet normal -0 0.6835923 0.72986407
  outer loop
   vertex -32.500000 15.620027 6.470027
   vertex 32.500000 15.183014 6.879334
   vertex 32.500000 15.620027 6.470027
  endloop
 endfacet
 facet normal -1 0 0
  outer loop
   vertex -32.500000 9.150000 0.000000
   vertex -32.500000 15.183014 6.879334
   vertex -32.500000 15.620027 6.470027
  endloop
 endfacet
 facet normal 1 0 0
  outer loop
   vertex 32.500000 9.150000 0.000000
   vertex 32.500000 15.620027 6.470027
   vertex 32.500000 15.183014 6.879334
  endloop
 endfacet
 facet normal 0 0.63439328 0.77301045
  outer loop
   vertex -32.500000 15.183014 6.879334
   vertex -32.500000 14.720167 7.259183
   vertex 32.500000 14.720167 7.259183
  endloop
 endfacet
 facet normal -0 0.63439328 0.77301045
  outer loop
   vertex -32.500000 15.183014 6.879334
   vertex 32.500000 14.720167 7.259183
   vertex 32.500000 15.183014 6.879334
  endloop
 endfacet
 facet normal -1 0 0
  outer loop
   vertex -32.500000 9.150000 0.000000
   vertex -32.500000 14.720167 7.259183
   vertex -32.500000 15.183014 6.879334
  endloop
 endfacet
 facet normal 1 0 0
  outer loop
   vertex 32.500000 9.150000 0.000000
   vertex 32.500000 15.183014 6.879334
   vertex 32.500000 14.720167 7.259183
  endloop
 endfacet
 facet normal 0 0.5824777 0.81284668
  outer loop
   vertex -32.500000 14.720167 7.259183
   vertex -32.500000 14.233468 7.607947
   vertex 32.500000 14.233468 7.607947
  endloop
 endfacet
 facet normal -0 0.5824777 0.81284668
  outer loop
   vertex -32.500000 14.720167 7.259183
   vertex 32.500000 14.233468 7.607947
   vertex 32.500000 14.720167 7.259183
  endloop
 endfacet
 facet normal -1 0 0
  outer loop
   vertex -32.500000 9.150000 0.000000
   vertex -32.500000 14.233468 7.607947
   vertex -32.500000 14.720167 7.259183
  endloop
 endfacet
 facet normal 1 0 0
  outer loop
   vertex 32.500000 9.150000 0.000000
   vertex 32.500000 14.720167 7.259183
   vertex 32.500000 14.233468 7.607947
  endloop
 endfacet
 facet normal 0 0.52806785 0.84920218
  outer loop
   vertex -32.500000 14.233468 7.607947
   vertex -32.500000 13.725000 7.924132
   vertex 32.500000 13.725000 7.924132
  endloop
 endfacet
 facet normal -0 0.52806785 0.84920218
  outer loop
   vertex -32.500000 14.233468 7.607947
   vertex 32.500000 13.725000 7.924132
   vertex 32.500000 14.233468 7.607947
  endloop
 endfacet
 facet normal -1 0 0
  outer loop
   vertex -32.500000 9.150000 0.000000
   vertex -32.500000 13.725000 7.924132
   vertex -32.500000 14.233468 7.607947
  endloop
 endfacet
 facet normal 1 0 0
  outer loop
   vertex 32.500000 9.150000 0.000000
   vertex 32.500000 14.233468 7.607947
   vertex 32.500000 13.725000 7.924132
  endloop
 endfacet
 facet normal 0 0.47139674 0.88192126
  outer loop
   vertex -32.500000 13.725000 7.924132
   vertex -32.500000 13.196942 8.206386
   vertex 32.500000 13.196942 8.206386
  endloop
 endfacet
 facet normal -0 0.47139674 0.88192126
  outer loop
   vertex -32.500000 13.725000 7.924132
   vertex 32.500000 13.196942 8.206386
   vertex 32.500000 13.725000 7.924132
  endloop
 endfacet
 facet normal -1 0 0
  outer loop
   vertex -32.500000 9.150000 0.000000
   vertex -32.500000 13.196942 8.206386
   vertex -32.500000 13.725000 7.924132
  endloop
 endfacet
 facet normal 1 0 0
  outer loop
   vertex 32.500000 9.150000 0.000000
   vertex 32.500000 13.725000 7.924132
   vertex 32.500000 13.196942 8.206386
  endloop
 endfacet
 facet normal 0 0.41270703 0.91086382
  outer loop
   vertex -32.500000 13.196942 8.206386
   vertex -32.500000 12.651553 8.453498
   vertex 32.500000 12.651553 8.453498
  endloop
 endfacet
 facet normal -0 0.41270703 0.91086382
  outer loop
   vertex -32.500000 13.196942 8.206386
   vertex 32.500000 12.651553 8.453498
   vertex 32.500000 13.196942 8.206386
  endloop
 endfacet
 facet normal -1 0 0
  outer loop
   vertex -32.500000 9.150000 0.000000
   vertex -32.500000 12.651553 8.453498
   vertex -32.500000 13.196942 8.206386
  endloop
 endfacet
 facet normal 1 0 0
  outer loop
   vertex 32.500000 9.150000 0.000000
   vertex 32.500000 13.196942 8.206386
   vertex 32.500000 12.651553 8.453498
  endloop
 endfacet
 facet normal 0 0.35225005 0.93590593
  outer loop
   vertex -32.500000 12.651553 8.453498
   vertex -32.500000 12.091171 8.664411
   vertex 32.500000 12.091171 8.664411
  endloop
 endfacet
 facet normal -0 0.35225005 0.93590593
  outer loop
   vertex -32.500000 12.651553 8.453498
   vertex 32.500000 12.091171 8.664411
   vertex 32.500000 12.651553 8.453498
  endloop
 endfacet
 facet normal -1 0 0
  outer loop
   vertex -32.500000 9.150000 0.000000
   vertex -32.500000 12.091171 8.664411
   vertex -32.500000 12.651553 8.453498
  endloop
 endfacet
 facet normal 1 0 0
  outer loop
   vertex 32.500000 9.150000 0.000000
   vertex 32.500000 12.651553 8.453498
   vertex 32.500000 12.091171 8.664411
  endloop
 endfacet
 facet normal 0 0.29028468 0.95694034
  outer loop
   vertex -32.500000 12.091171 8.664411
   vertex -32.500000 11.518194 8.838221
   vertex 32.500000 11.518194 8.838221
  endloop
 endfacet
 facet normal -0 0.29028468 0.95694034
  outer loop
   vertex -32.500000 12.091171 8.664411
   vertex 32.500000 11.518194 8.838221
   vertex 32.500000 12.091171 8.664411
  endloop
 endfacet
 facet normal -1 0 0
  outer loop
   vertex -32.500000 9.150000 0.000000
   vertex -32.500000 11.518194 8.838221
   vertex -32.500000 12.091171 8.664411
  endloop
 endfacet
 facet normal 1 0 0
  outer loop
   vertex 32.500000 9.150000 0.000000
   vertex 32.500000 12.091171 8.664411
   vertex 32.500000 11.518194 8.838221
  endloop
 endfacet
 facet normal 0 0.22707626 0.97387698
  outer loop
   vertex -32.500000 11.518194 8.838221
   vertex -32.500000 10.935076 8.974185
   vertex 32.500000 10.935076 8.974185
  endloop
 endfacet
 facet normal -0 0.22707626 0.97387698
  outer loop
   vertex -32.500000 11.518194 8.838221
   vertex 32.500000 10.935076 8.974185
   vertex 32.500000 11.518194 8.838221
  endloop
 endfacet
 facet normal -1 0 0
  outer loop
   vertex -32.500000 9.150000 0.000000
   vertex -32.500000 10.935076 8.974185
   vertex -32.500000 11.518194 8.838221
  endloop
 endfacet
 facet normal 1 0 0
  outer loop
   vertex 32.500000 9.150000 0.000000
   vertex 32.500000 11.518194 8.838221
   vertex 32.500000 10.935076 8.974185
  endloop
 endfacet
 facet normal 0 0.16289547 0.98664333
  outer loop
   vertex -32.500000 10.935076 8.974185
   vertex -32.500000 10.344315 9.071720
   vertex 32.500000 10.344315 9.071720
  endloop
 endfacet
 facet normal -0 0.16289547 0.98664333
  outer loop
   vertex -32.500000 10.935076 8.974185
   vertex 32.500000 10.344315 9.071720
   vertex 32.500000 10.935076 8.974185
  endloop
 endfacet
 facet normal -1 0 0
  outer loop
   vertex -32.500000 9.150000 0.000000
   vertex -32.500000 10.344315 9.071720
   vertex -32.500000 10.935076 8.974185
  endloop
 endfacet
 facet normal 1 0 0
  outer loop
   vertex 32.500000 9.150000 0.000000
   vertex 32.500000 10.935076 8.974185
   vertex 32.500000 10.344315 9.071720
  endloop
 endfacet
 facet normal 0 0.09801714 0.99518473
  outer loop
   vertex -32.500000 10.344315 9.071720
   vertex -32.500000 9.748439 9.130409
   vertex 32.500000 9.748439 9.130409
  endloop
 endfacet
 facet normal -0 0.09801714 0.99518473
  outer loop
   vertex -32.500000 10.344315 9.071720
   vertex 32.500000 9.748439 9.130409
   vertex 32.500000 10.344315 9.071720
  endloop
 endfacet
 facet normal -1 0 0
  outer loop
   vertex -32.500000 9.150000 0.000000
   vertex -32.500000 9.748439 9.130409
   vertex -32.500000 10.344315 9.071720
  endloop
 endfacet
 facet normal 1 0 0
  outer loop
   vertex 32.500000 9.150000 0.000000
   vertex 32.500000 10.344315 9.071720
   vertex 32.500000 9.748439 9.130409
  endloop
 endfacet
 facet normal 0 0.032719083 0.99946459
  outer loop
   vertex -32.500000 9.748439 9.130409
   vertex -32.500000 9.150000 9.150000
   vertex 32.500000 9.150000 9.150000
  endloop
 endfacet
 facet normal -0 0.032719083 0.99946459
  outer loop
   vertex -32.500000 9.748439 9.130409
   vertex 32.500000 9.150000 9.150000
   vertex 32.500000 9.748439 9.130409
  endloop
 endfacet
 facet normal -1 0 0
  outer loop
   vertex -32.500000 9.150000 0.000000
   vertex -32.500000 9.150000 9.150000
   vertex -32.500000 9.748439 9.130409
  endloop
 endfacet
 facet normal 1 0 0
  outer loop
   vertex 32.500000 9.150000 0.000000
   vertex 32.500000 9.748439 9.130409
   vertex 32.500000 9.150000 9.150000
  endloop
 endfacet
 facet normal 0 -0.032719083 0.99946459
  outer loop
   vertex -32.500000 9.150000 9.150000
   vertex -32.500000 8.551561 9.130409
   vertex 32.500000 8.551561 9.130409
  endloop
 endfacet
 facet normal 0 -0.032719083 0.99946459
  outer loop
   vertex -32.500000 9.150000 9.150000
   vertex 32.500000 8.551561 9.130409
   vertex 32.500000 9.150000 9.150000
  endloop
 endfacet
 facet normal -1 0 0
  outer loop
   vertex -32.500000 9.150000 0.000000
   vertex -32.500000 8.551561 9.130409
   vertex -32.500000 9.150000 9.150000
  endloop
 endfacet
 facet normal 1 0 -0
  outer loop
   vertex 32.500000 9.150000 0.000000
   vertex 32.500000 9.150000 9.150000
   vertex 32.500000 8.551561 9.130409
  endloop
 endfacet
 facet normal 0 -0.09801714 0.99518473
  outer loop
   vertex -32.500000 8.551561 9.130409
   vertex -32.500000 7.955685 9.071720
   vertex 32.500000 7.955685 9.071720
  endloop
 endfacet
 facet normal 0 -0.09801714 0.99518473
  outer loop
   vertex -32.500000 8.551561 9.130409
   vertex 32.500000 7.955685 9.071720
   vertex 32.500000 8.551561 9.130409
  endloop
 endfacet
 facet normal -1 0 0
  outer loop
   vertex -32.500000 9.150000 0.000000
   vertex -32.500000 7.955685 9.071720
   vertex -32.500000 8.551561 9.130409
  endloop
 endfacet
 facet normal 1 0 0
  outer loop
   vertex 32.500000 9.150000 0.000000
   vertex 32.500000 8.551561 9.130409
   vertex 32.500000 7.955685 9.071720
  endloop
 endfacet
 facet normal 0 -0.16289547 0.98664333
  outer loop
   vertex -32.500000 7.955685 9.071720
   vertex -32.500000 7.364924 8.974185
   vertex 32.500000 7.364924 8.974185
  endloop
 endfacet
 facet normal 0 -0.16289547 0.98664333
  outer loop
   vertex -32.500000 7.955685 9.071720
   vertex 32.500000 7.364924 8.974185
   vertex 32.500000 7.955685 9.071720
  endloop
 endfacet
 facet normal -1 0 0
  outer loop
   vertex -32.500000 9.150000 0.000000
   vertex -32.500000 7.364924 8.974185
   vertex -32.500000 7.955685 9.071720
  endloop
 endfacet
 facet normal 1 0 0
  outer loop
   vertex 32.500000 9.150000 0.000000
   vertex 32.500000 7.955685 9.071720
   vertex 32.500000 7.364924 8.974185
  endloop
 endfacet
 facet normal 0 -0.22707626 0.97387698
  outer loop
   vertex -32.500000 7.364924 8.974185
   vertex -32.500000 6.781806 8.838221
   vertex 32.500000 6.781806 8.838221
  endloop
 endfacet
 facet normal 0 -0.22707626 0.97387698
  outer loop
   vertex -32.500000 7.364924 8.974185
   vertex 32.500000 6.781806 8.838221
   vertex 32.500000 7.364924 8.974185
  endloop
 endfacet
 facet normal -1 0 0
  outer loop
   vertex -32.500000 9.150000 0.000000
   vertex -32.500000 6.781806 8.838221
   vertex -32.500000 7.364924 8.974185
  endloop
 endfacet
 facet normal 1 0 0
  outer loop
   vertex 32.500000 9.150000 0.000000
   vertex 32.500000 7.364924 8.974185
   vertex 32.500000 6.781806 8.838221
  endloop
 endfacet
 facet normal 0 -0.29028468 0.95694034
  outer loop
   vertex -32.500000 6.781806 8.838221
   vertex -32.500000 6.208829 8.664411
   vertex 32.500000 6.208829 8.664411
  endloop
 endfacet
 facet normal 0 -0.29028468 0.95694034
  outer loop
   vertex -32.500000 6.781806 8.838221
   vertex 32.500000 6.208829 8.664411
   vertex 32.500000 6.781806 8.838221
  endloop
 endfacet
 facet normal -1 0 0
  outer loop
   vertex -32.500000 9.150000 0.000000
   vertex -32.500000 6.208829 8.664411
   vertex -32.500000 6.781806 8.838221
  endloop
 endfacet
 facet normal 1 0 0
  outer loop
   vertex 32.500000 9.150000 0.000000
   vertex 32.500000 6.781806 8.838221
   vertex 32.500000 6.208829 8.664411
  endloop
 endfacet
 facet normal 0 -0.35225005 0.93590593
  outer loop
   vertex -32.500000 6.208829 8.664411
   vertex -32.500000 5.648447 8.453498
   vertex 32.500000 5.648447 8.453498
  endloop
 endfacet
 facet normal 0 -0.35225005 0.93590593
  outer loop
   vertex -32.500000 6.208829 8.664411
   vertex 32.500000 5.648447 8.453498
   vertex 32.500000 6.208829 8.664411
  endloop
 endfacet
 facet normal -1 0 0
  outer loop
   vertex -32.500000 9.150000 0.000000
   vertex -32.500000 5.648447 8.453498
   vertex -32.500000 6.208829 8.664411
  endloop
 endfacet
 facet normal 1 0 0
  outer loop
   vertex 32.500000 9.150000 0.000000
   vertex 32.500000 6.208829 8.664411
   vertex 32.500000 5.648447 8.453498
  endloop
 endfacet
 facet normal 0 -0.41270703 0.91086382
  outer loop
   vertex -32.500000 5.648447 8.453498
   vertex -32.500000 5.103058 8.206386
   vertex 32.500000 5.103058 8.206386
  endloop
 endfacet
 facet normal 0 -0.41270703 0.91086382
  outer loop
   vertex -32.500000 5.648447 8.453498
   vertex 32.500000 5.103058 8.206386
   vertex 32.500000 5.648447 8.453498
  endloop
 endfacet
 facet normal -1 0 0
  outer loop
   vertex -32.500000 9.150000 0.000000
   vertex -32.500000 5.103058 8.206386
   vertex -32.500000 5.648447 8.453498
  endloop
 endfacet
 facet normal 1 0 0
  outer loop
   vertex 32.500000 9.150000 0.000000
   vertex 32.500000 5.648447 8.453498
   vertex 32.500000 5.103058 8.206386
  endloop
 endfacet
 facet normal 0 -0.47139674 0.88192126
  outer loop
   vertex -32.500000 5.103058 8.206386
   vertex -32.500000 4.575000 7.924132
   vertex 32.500000 4.575000 7.924132
  endloop
 endfacet
 facet normal 0 -0.47139674 0.88192126
  outer loop
   vertex -32.500000 5.103058 8.206386
   vertex 32.500000 4.575000 7.924132
   vertex 32.500000 5.103058 8.206386
  endloop
 endfacet
 facet normal -1 0 0
  outer loop
   vertex -32.500000 9.150000 0.000000
   vertex -32.500000 4.575000 7.924132
   vertex -32.500000 5.103058 8.206386
  endloop
 endfacet
 facet normal 1 0 0
  outer loop
   vertex 32.500000 9.150000 0.000000
   vertex 32.500000 5.103058 8.206386
   vertex 32.500000 4.575000 7.924132
  endloop
 endfacet
 facet normal 0 -0.52806785 0.84920218
  outer loop
   vertex -32.500000 4.575000 7.924132
   vertex -32.500000 4.066532 7.607947
   vertex 32.500000 4.066532 7.607947
  endloop
 endfacet
 facet normal 0 -0.52806785 0.84920218
  outer loop
   vertex -32.500000 4.575000 7.924132
   vertex 32.500000 4.066532 7.607947
   vertex 32.500000 4.575000 7.924132
  endloop
 endfacet
 facet normal -1 0 0
  outer loop
   vertex -32.500000 9.150000 0.000000
   vertex -32.500000 4.066532 7.607947
   vertex -32.500000 4.575000 7.924132
  endloop
 endfacet
 facet normal 1 0 0
  outer loop
   vertex 32.500000 9.150000 0.000000
   vertex 32.500000 4.575000 7.924132
   vertex 32.500000 4.066532 7.607947
  endloop
 endfacet
 facet normal 0 -0.5824777 0.81284668
  outer loop
   vertex -32.500000 4.066532 7.607947
   vertex -32.500000 3.579833 7.259183
   vertex 32.500000 3.579833 7.259183
  endloop
 endfacet
 facet normal 0 -0.5824777 0.81284668
  outer loop
   vertex -32.500000 4.066532 7.607947
   vertex 32.500000 3.579833 7.259183
   vertex 32.500000 4.066532 7.607947
  endloop
 endfacet
 facet normal -1 0 0
  outer loop
   vertex -32.500000 9.150000 0.000000
   vertex -32.500000 3.579833 7.259183
   vertex -32.500000 4.066532 7.607947
  endloop
 endfacet
 facet normal 1 0 0
  outer loop
   vertex 32.500000 9.150000 0.000000
   vertex 32.500000 4.066532 7.607947
   vertex 32.500000 3.579833 7.259183
  endloop
 endfacet
 facet normal 0 -0.63439328 0.77301045
  outer loop
   vertex -32.500000 3.579833 7.259183
   vertex -32.500000 3.116986 6.879334
   vertex 32.500000 3.116986 6.879334
  endloop
 endfacet
 facet normal 0 -0.63439328 0.77301045
  outer loop
   vertex -32.500000 3.579833 7.259183
   vertex 32.500000 3.116986 6.879334
   vertex 32.500000 3.579833 7.259183
  endloop
 endfacet
 facet normal -1 0 0
  outer loop
   vertex -32.500000 9.150000 0.000000
   vertex -32.500000 3.116986 6.879334
   vertex -32.500000 3.579833 7.259183
  endloop
 endfacet
 facet normal 1 0 0
  outer loop
   vertex 32.500000 9.150000 0.000000
   vertex 32.500000 3.579833 7.259183
   vertex 32.500000 3.116986 6.879334
  endloop
 endfacet
 facet normal 0 -0.6835923 0.72986407
  outer loop
   vertex -32.500000 3.116986 6.879334
   vertex -32.500000 2.679973 6.470027
   vertex 32.500000 2.679973 6.470027
  endloop
 endfacet
 facet normal 0 -0.6835923 0.72986407
  outer loop
   vertex -32.500000 3.116986 6.879334
   vertex 32.500000 2.679973 6.470027
   vertex 32.500000 3.116986 6.879334
  endloop
 endfacet
 facet normal -1 0 0
  outer loop
   vertex -32.500000 9.150000 0.000000
   vertex -32.500000 2.679973 6.470027
   vertex -32.500000 3.116986 6.879334
  endloop
 endfacet
 facet normal 1 0 0
  outer loop
   vertex 32.500000 9.150000 0.000000
   vertex 32.500000 3.116986 6.879334
   vertex 32.500000 2.679973 6.470027
  endloop
 endfacet
 facet normal 0 -0.72986407 0.6835923
  outer loop
   vertex -32.500000 2.679973 6.470027
   vertex -32.500000 2.270666 6.033014
   vertex 32.500000 2.270666 6.033014
  endloop
 endfacet
 facet normal 0 -0.72986407 0.6835923
  outer loop
   vertex -32.500000 2.679973 6.470027
   vertex 32.500000 2.270666 6.033014
   vertex 32.500000 2.679973 6.470027
  endloop
 endfacet
 facet normal -1 0 0
  outer loop
   vertex -32.500000 9.150000 0.000000
   vertex -32.500000 2.270666 6.033014
   vertex -32.500000 2.679973 6.470027
  endloop
 endfacet
 facet normal 1 0 0
  outer loop
   vertex 32.500000 9.150000 0.000000
   vertex 32.500000 2.679973 6.470027
   vertex 32.500000 2.270666 6.033014
  endloop
 endfacet
 facet normal 0 -0.77301045 0.63439328
  outer loop
   vertex -32.500000 2.270666 6.033014
   vertex -32.500000 1.890817 5.570167
   vertex 32.500000 1.890817 5.570167
  endloop
 endfacet
 facet normal 0 -0.77301045 0.63439328
  outer loop
   vertex -32.500000 2.270666 6.033014
   vertex 32.500000 1.890817 5.570167
   vertex 32.500000 2.270666 6.033014
  endloop
 endfacet
 facet normal -1 0 0
  outer loop
   vertex -32.500000 9.150000 0.000000
   vertex -32.500000 1.890817 5.570167
   vertex -32.500000 2.270666 6.033014
  endloop
 endfacet
 facet normal 1 0 0
  outer loop
   vertex 32.500000 9.150000 0.000000
   vertex 32.500000 2.270666 6.033014
   vertex 32.500000 1.890817 5.570167
  endloop
 endfacet
 facet normal 0 -0.81284668 0.5824777
  outer loop
   vertex -32.500000 1.890817 5.570167
   vertex -32.500000 1.542053 5.083468
   vertex 32.500000 1.542053 5.083468
  endloop
 endfacet
 facet normal 0 -0.81284668 0.5824777
  outer loop
   vertex -32.500000 1.890817 5.570167
   vertex 32.500000 1.542053 5.083468
   vertex 32.500000 1.890817 5.570167
  endloop
 endfacet
 facet normal -1 0 0
  outer loop
   vertex -32.500000 9.150000 0.000000
   vertex -32.500000 1.542053 5.083468
   vertex -32.500000 1.890817 5.570167
  endloop
 endfacet
 facet normal 1 0 0
  outer loop
   vertex 32.500000 9.150000 0.000000
   vertex 32.500000 1.890817 5.570167
   vertex 32.500000 1.542053 5.083468
  endloop
 endfacet
 facet normal 0 -0.84920218 0.52806785
  outer loop
   vertex -32.500000 1.542053 5.083468
   vertex -32.500000 1.225868 4.575000
   vertex 32.500000 1.225868 4.575000
  endloop
 endfacet
 facet normal 0 -0.84920218 0.52806785
  outer loop
   vertex -32.500000 1.542053 5.083468
   vertex 32.500000 1.225868 4.575000
   vertex 32.500000 1.542053 5.083468
  endloop
 endfacet
 facet normal -1 0 0
  outer loop
   vertex -32.500000 9.150000 0.000000
   vertex -32.500000 1.225868 4.575000
   vertex -32.500000 1.542053 5.083468
  endloop
 endfacet
 facet normal 1 0 0
  outer loop
   vertex 32.500000 9.150000 0.000000
   vertex 32.500000 1.542053 5.083468
   vertex 32.500000 1.225868 4.575000
  endloop
 endfacet
 facet normal 0 -0.88192126 0.47139674
  outer loop
   vertex -32.500000 1.225868 4.575000
   vertex -32.500000 0.943614 4.046942
   vertex 32.500000 0.943614 4.046942
  endloop
 endfacet
 facet normal 0 -0.88192126 0.47139674
  outer loop
   vertex -32.500000 1.225868 4.575000
   vertex 32.500000 0.943614 4.046942
   vertex 32.500000 1.225868 4.575000
  endloop
 endfacet
 facet normal -1 0 0
  outer loop
   vertex -32.500000 9.150000 0.000000
   vertex -32.500000 0.943614 4.046942
   vertex -32.500000 1.225868 4.575000
  endloop
 endfacet
 facet normal 1 0 0
  outer loop
   vertex 32.500000 9.150000 0.000000
   vertex 32.500000 1.225868 4.575000
   vertex 32.500000 0.943614 4.046942
  endloop
 endfacet
 facet normal 0 -0.91086382 0.41270703
  outer loop
   vertex -32.500000 0.943614 4.046942
   vertex -32.500000 0.696502 3.501553
   vertex 32.500000 0.696502 3.501553
  endloop
 endfacet
 facet normal 0 -0.91086382 0.41270703
  outer loop
   vertex -32.500000 0.943614 4.046942
   vertex 32.500000 0.696502 3.501553
   vertex 32.500000 0.943614 4.046942
  endloop
 endfacet
 facet normal -1 0 0
  outer loop
   vertex -32.500000 9.150000 0.000000
   vertex -32.500000 0.696502 3.501553
   vertex -32.500000 0.943614 4.046942
  endloop
 endfacet
 facet normal 1 0 0
  outer loop
   vertex 32.500000 9.150000 0.000000
   vertex 32.500000 0.943614 4.046942
   vertex 32.500000 0.696502 3.501553
  endloop
 endfacet
 facet normal 0 -0.93590593 0.35225005
  outer loop
   vertex -32.500000 0.696502 3.501553
   vertex -32.500000 0.485589 2.941171
   vertex 32.500000 0.485589 2.941171
  endloop
 endfacet
 facet normal 0 -0.93590593 0.35225005
  outer loop
   vertex -32.500000 0.696502 3.501553
   vertex 32.500000 0.485589 2.941171
   vertex 32.500000 0.696502 3.501553
  endloop
 endfacet
 facet normal -1 0 0
  outer loop
   vertex -32.500000 9.150000 0.000000
   vertex -32.500000 0.485589 2.941171
   vertex -32.500000 0.696502 3.501553
  endloop
 endfacet
 facet normal 1 0 0
  outer loop
   vertex 32.500000 9.150000 0.000000
   vertex 32.500000 0.696502 3.501553
   vertex 32.500000 0.485589 2.941171
  endloop
 endfacet
 facet normal 0 -0.95694034 0.29028468
  outer loop
   vertex -32.500000 0.485589 2.941171
   vertex -32.500000 0.311779 2.368194
   vertex 32.500000 0.311779 2.368194
  endloop
 endfacet
 facet normal 0 -0.95694034 0.29028468
  outer loop
   vertex -32.500000 0.485589 2.941171
   vertex 32.500000 0.311779 2.368194
   vertex 32.500000 0.485589 2.941171
  endloop
 endfacet
 facet normal -1 0 0
  outer loop
   vertex -32.500000 9.150000 0.000000
   vertex -32.500000 0.311779 2.368194
   vertex -32.500000 0.485589 2.941171
  endloop
 endfacet
 facet normal 1 0 0
  outer loop
   vertex 32.500000 9.150000 0.000000
   vertex 32.500000 0.485589 2.941171
   vertex 32.500000 0.311779 2.368194
  endloop
 endfacet
 facet normal 0 -0.97387698 0.22707626
  outer loop
   vertex -32.500000 0.311779 2.368194
   vertex -32.500000 0.175815 1.785076
   vertex 32.500000 0.175815 1.785076
  endloop
 endfacet
 facet normal 0 -0.97387698 0.22707626
  outer loop
   vertex -32.500000 0.311779 2.368194
   vertex 32.500000 0.175815 1.785076
   vertex 32.500000 0.311779 2.368194
  endloop
 endfacet
 facet normal -1 0 0
  outer loop
   vertex -32.500000 9.150000 0.000000
   vertex -32.500000 0.175815 1.785076
   vertex -32.500000 0.311779 2.368194
  endloop
 endfacet
 facet normal 1 0 0
  outer loop
   vertex 32.500000 9.150000 0.000000
   vertex 32.500000 0.311779 2.368194
   vertex 32.500000 0.175815 1.785076
  endloop
 endfacet
 facet normal 0 -0.98664333 0.16289547
  outer loop
   vertex -32.500000 0.175815 1.785076
   vertex -32.500000 0.078280 1.194315
   vertex 32.500000 0.078280 1.194315
  endloop
 endfacet
 facet normal 0 -0.98664333 0.16289547
  outer loop
   vertex -32.500000 0.175815 1.785076
   vertex 32.500000 0.078280 1.194315
   vertex 32.500000 0.175815 1.785076
  endloop
 endfacet
 facet normal -1 0 0
  outer loop
   vertex -32.500000 9.150000 0.000000
   vertex -32.500000 0.078280 1.194315
   vertex -32.500000 0.175815 1.785076
  endloop
 endfacet
 facet normal 1 0 0
  outer loop
   vertex 32.500000 9.150000 0.000000
   vertex 32.500000 0.175815 1.785076
   vertex 32.500000 0.078280 1.194315
  endloop
 endfacet
 facet normal 0 -0.99518473 0.09801714
  outer loop
   vertex -32.500000 0.078280 1.194315
   vertex -32.500000 0.019591 0.598439
   vertex 32.500000 0.019591 0.598439
  endloop
 endfacet
 facet normal 0 -0.99518473 0.09801714
  outer loop
   vertex -32.500000 0.078280 1.194315
   vertex 32.500000 0.019591 0.598439
   vertex 32.500000 0.078280 1.194315
  endloop
 endfacet
 facet normal -1 0 0
  outer loop
   vertex -32.500000 9.150000 0.000000
   vertex -32.500000 0.019591 0.598439
   vertex -32.500000 0.078280 1.194315
  endloop
 endfacet
 facet normal 1 0 0
  outer loop
   vertex 32.500000 9.150000 0.000000
   vertex 32.500000 0.078280 1.194315
   vertex 32.500000 0.019591 0.598439
  endloop
 endfacet
 facet normal 0 -0.99946459 0.032719083
  outer loop
   vertex -32.500000 0.019591 0.598439
   vertex -32.500000 0.000000 0.000000
   vertex 32.500000 0.000000 0.000000
  endloop
 endfacet
 facet normal 0 -0.99946459 0.032719083
  outer loop
   vertex -32.500000 0.019591 0.598439
   vertex 32.500000 0.000000 0.000000
   vertex 32.500000 0.019591 0.598439
  endloop
 endfacet
 facet normal -1 0 0
  outer loop
   vertex -32.500000 9.150000 0.000000
   vertex -32.500000 0.000000 0.000000
   vertex -32.500000 0.019591 0.598439
  endloop
 endfacet
 facet normal 1 0 0
  outer loop
   vertex 32.500000 9.150000 0.000000
   vertex 32.500000 0.019591 0.598439
   vertex 32.500000 0.000000 0.000000
  endloop
 endfacet
 facet normal 0 -0.99946459 -0.032719083
  outer loop
   vertex -32.500000 0.000000 0.000000
   vertex -32.500000 0.019591 -0.598439
   vertex 32.500000 0.019591 -0.598439
  endloop
 endfacet
 facet normal 0 -0.99946459 -0.032719083
  outer loop
   vertex -32.500000 0.000000 0.000000
   vertex 32.500000 0.019591 -0.598439
   vertex 32.500000 0.000000 0.000000
  endloop
 endfacet
 facet normal -1 -0 0
  outer loop
   vertex -32.500000 9.150000 0.000000
   vertex -32.500000 0.019591 -0.598439
   vertex -32.500000 0.000000 0.000000
  endloop
 endfacet
 facet normal 1 0 0
  outer loop
   vertex 32.500000 9.150000 0.000000
   vertex 32.500000 0.000000 0.000000
   vertex 32.500000 0.019591 -0.598439
  endloop
 endfacet
 facet normal 0 -0.99518473 -0.09801714
  outer loop
   vertex -32.500000 0.019591 -0.598439
   vertex -32.500000 0.078280 -1.194315
   vertex 32.500000 0.078280 -1.194315
  endloop
 endfacet
 facet normal 0 -0.99518473 -0.09801714
  outer loop
   vertex -32.500000 0.019591 -0.598439
   vertex 32.500000 0.078280 -1.194315
   vertex 32.500000 0.019591 -0.598439
  endloop
 endfacet
 facet normal -1 0 0
  outer loop
   vertex -32.500000 9.150000 0.000000
   vertex -32.500000 0.078280 -1.194315
   vertex -32.500000 0.019591 -0.598439
  endloop
 endfacet
 facet normal 1 0 0
  outer loop
   vertex 32.500000 9.150000 0.000000
   vertex 32.500000 0.019591 -0.598439
   vertex 32.500000 0.078280 -1.194315
  endloop
 endfacet
 facet normal 0 -0.98664333 -0.16289547
  outer loop
   vertex -32.500000 0.078280 -1.194315
   vertex -32.500000 0.175815 -1.785076
   vertex 32.500000 0.175815 -1.785076
  endloop
 endfacet
 facet normal 0 -0.98664333 -0.16289547
  outer loop
   vertex -32.500000 0.078280 -1.194315
   vertex 32.500000 0.175815 -1.785076
   vertex 32.500000 0.078280 -1.194315
  endloop
 endfacet
 facet normal -1 0 0
  outer loop
   vertex -32.500000 9.150000 0.000000
   vertex -32.500000 0.175815 -1.785076
   vertex -32.500000 0.078280 -1.194315
  endloop
 endfacet
 facet normal 1 0 0
  outer loop
   vertex 32.500000 9.150000 0.000000
   vertex 32.500000 0.078280 -1.194315
   vertex 32.500000 0.175815 -1.785076
  endloop
 endfacet
 facet normal 0 -0.97387698 -0.22707626
  outer loop
   vertex -32.500000 0.175815 -1.785076
   vertex -32.500000 0.311779 -2.368194
   vertex 32.500000 0.311779 -2.368194
  endloop
 endfacet
 facet normal 0 -0.97387698 -0.22707626
  outer loop
   vertex -32.500000 0.175815 -1.785076
   vertex 32.500000 0.311779 -2.368194
   vertex 32.500000 0.175815 -1.785076
  endloop
 endfacet
 facet normal -1 0 0
  outer loop
   vertex -32.500000 9.150000 0.000000
   vertex -32.500000 0.311779 -2.368194
   vertex -32.500000 0.175815 -1.785076
  endloop
 endfacet
 facet normal 1 0 0
  outer loop
   vertex 32.500000 9.150000 0.000000
   vertex 32.500000 0.175815 -1.785076
   vertex 32.500000 0.311779 -2.368194
  endloop
 endfacet
 facet normal 0 -0.95694034 -0.29028468
  outer loop
   vertex -32.500000 0.311779 -2.368194
   vertex -32.500000 0.485589 -2.941171
   vertex 32.500000 0.485589 -2.941171
  endloop
 endfacet
 facet normal 0 -0.95694034 -0.29028468
  outer loop
   vertex -32.500000 0.311779 -2.368194
   vertex 32.500000 0.485589 -2.941171
   vertex 32.500000 0.311779 -2.368194
  endloop
 endfacet
 facet normal -1 0 0
  outer loop
   vertex -32.500000 9.150000 0.000000
   vertex -32.500000 0.485589 -2.941171
   vertex -32.500000 0.311779 -2.368194
  endloop
 endfacet
 facet normal 1 0 0
  outer loop
   vertex 32.500000 9.150000 0.000000
   vertex 32.500000 0.311779 -2.368194
   vertex 32.500000 0.485589 -2.941171
  endloop
 endfacet
 facet normal 0 -0.93590593 -0.35225005
  outer loop
   vertex -32.500000 0.485589 -2.941171
   vertex -32.500000 0.696502 -3.501553
   vertex 32.500000 0.696502 -3.501553
  endloop
 endfacet
 facet normal 0 -0.93590593 -0.35225005
  outer loop
   vertex -32.500000 0.485589 -2.941171
   vertex 32.500000 0.696502 -3.501553
   vertex 32.500000 0.485589 -2.941171
  endloop
 endfacet
 facet normal -1 0 0
  outer loop
   vertex -32.500000 9.150000 0.000000
   vertex -32.500000 0.696502 -3.501553
   vertex -32.500000 0.485589 -2.941171
  endloop
 endfacet
 facet normal 1 0 0
  outer loop
   vertex 32.500000 9.150000 0.000000
   vertex 32.500000 0.485589 -2.941171
   vertex 32.500000 0.696502 -3.501553
  endloop
 endfacet
 facet normal 0 -0.91086382 -0.41270703
  outer loop
   vertex -32.500000 0.696502 -3.501553
   vertex -32.500000 0.943614 -4.046942
   vertex 32.500000 0.943614 -4.046942
  endloop
 endfacet
 facet normal 0 -0.91086382 -0.41270703
  outer loop
   vertex -32.500000 0.696502 -3.501553
   vertex 32.500000 0.943614 -4.046942
   vertex 32.500000 0.696502 -3.501553
  endloop
 endfacet
 facet normal -1 0 0
  outer loop
   vertex -32.500000 9.150000 0.000000
   vertex -32.500000 0.943614 -4.046942
   vertex -32.500000 0.696502 -3.501553
  endloop
 endfacet
 facet normal 1 0 0
  outer loop
   vertex 32.500000 9.150000 0.000000
   vertex 32.500000 0.696502 -3.501553
   vertex 32.500000 0.943614 -4.046942
  endloop
 endfacet
 facet normal 0 -0.88192126 -0.47139674
  outer loop
   vertex -32.500000 0.943614 -4.046942
   vertex -32.500000 1.225868 -4.575000
   vertex 32.500000 1.225868 -4.575000
  endloop
 endfacet
 facet normal 0 -0.88192126 -0.47139674
  outer loop
   vertex -32.500000 0.943614 -4.046942
   vertex 32.500000 1.225868 -4.575000
   vertex 32.500000 0.943614 -4.046942
  endloop
 endfacet
 facet normal -1 0 0
  outer loop
   vertex -32.500000 9.150000 0.000000
   vertex -32.500000 1.225868 -4.575000
   vertex -32.500000 0.943614 -4.046942
  endloop
 endfacet
 facet normal 1 0 0
  outer loop
   vertex 32.500000 9.150000 0.000000
   vertex 32.500000 0.943614 -4.046942
   vertex 32.500000 1.225868 -4.575000
  endloop
 endfacet
 facet normal 0 -0.84920218 -0.52806785
  outer loop
   vertex -32.500000 1.225868 -4.575000
   vertex -32.500000 1.542053 -5.083468
   vertex 32.500000 1.542053 -5.083468
  endloop
 endfacet
 facet normal 0 -0.84920218 -0.52806785
  outer loop
   vertex -32.500000 1.225868 -4.575000
   vertex 32.500000 1.542053 -5.083468
   vertex 32.500000 1.225868 -4.575000
  endloop
 endfacet
 facet normal -1 0 0
  outer loop
   vertex -32.500000 9.150000 0.000000
   vertex -32.500000 1.542053 -5.083468
   vertex -32.500000 1.225868 -4.575000
  endloop
 endfacet
 facet normal 1 0 0
  outer loop
   vertex 32.500000 9.150000 0.000000
   vertex 32.500000 1.225868 -4.575000
   vertex 32.500000 1.542053 -5.083468
  endloop
 endfacet
 facet normal 0 -0.81284668 -0.5824777
  outer loop
   vertex -32.500000 1.542053 -5.083468
   vertex -32.500000 1.890817 -5.570167
   vertex 32.500000 1.890817 -5.570167
  endloop
 endfacet
 facet normal 0 -0.81284668 -0.5824777
  outer loop
   vertex -32.500000 1.542053 -5.083468
   vertex 32.500000 1.890817 -5.570167
   vertex 32.500000 1.542053 -5.083468
  endloop
 endfacet
 facet normal -1 0 0
  outer loop
   vertex -32.500000 9.150000 0.000000
   vertex -32.500000 1.890817 -5.570167
   vertex -32.500000 1.542053 -5.083468
  endloop
 endfacet
 facet normal 1 0 0
  outer loop
   vertex 32.500000 9.150000 0.000000
   vertex 32.500000 1.542053 -5.083468
   vertex 32.500000 1.890817 -5.570167
  endloop
 endfacet
 facet normal 0 -0.77301045 -0.63439328
  outer loop
   vertex -32.500000 1.890817 -5.570167
   vertex -32.500000 2.270666 -6.033014
   vertex 32.500000 2.270666 -6.033014
  endloop
 endfacet
 facet normal 0 -0.77301045 -0.63439328
  outer loop
   vertex -32.500000 1.890817 -5.570167
   vertex 32.500000 2.270666 -6.033014
   vertex 32.500000 1.890817 -5.570167
  endloop
 endfacet
 facet normal -1 0 0
  outer loop
   vertex -32.500000 9.150000 0.000000
   vertex -32.500000 2.270666 -6.033014
   vertex -32.500000 1.890817 -5.570167
  endloop
 endfacet
 facet normal 1 0 0
  outer loop
   vertex 32.500000 9.150000 0.000000
   vertex 32.500000 1.890817 -5.570167
   vertex 32.500000 2.270666 -6.033014
  endloop
 endfacet
 facet normal 0 -0.72986407 -0.6835923
  outer loop
   vertex -32.500000 2.270666 -6.033014
   vertex -32.500000 2.679973 -6.470027
   vertex 32.500000 2.679973 -6.470027
  endloop
 endfacet
 facet normal 0 -0.72986407 -0.6835923
  outer loop
   vertex -32.500000 2.270666 -6.033014
   vertex 32.500000 2.679973 -6.470027
   vertex 32.500000 2.270666 -6.033014
  endloop
 endfacet
 facet normal -1 0 0
  outer loop
   vertex -32.500000 9.150000 0.000000
   vertex -32.500000 2.679973 -6.470027
   vertex -32.500000 2.270666 -6.033014
  endloop
 endfacet
 facet normal 1 0 0
  outer loop
   vertex 32.500000 9.150000 0.000000
   vertex 32.500000 2.270666 -6.033014
   vertex 32.500000 2.679973 -6.470027
  endloop
 endfacet
 facet normal 0 -0.6835923 -0.72986407
  outer loop
   vertex -32.500000 2.679973 -6.470027
   vertex -32.500000 3.116986 -6.879334
   vertex 32.500000 3.116986 -6.879334
  endloop
 endfacet
 facet normal 0 -0.6835923 -0.72986407
  outer loop
   vertex -32.500000 2.679973 -6.470027
   vertex 32.500000 3.116986 -6.879334
   vertex 32.500000 2.679973 -6.470027
  endloop
 endfacet
 facet normal -1 0 0
  outer loop
   vertex -32.500000 9.150000 0.000000
   vertex -32.500000 3.116986 -6.879334
   vertex -32.500000 2.679973 -6.470027
  endloop
 endfacet
 facet normal 1 0 0
  outer loop
   vertex 32.500000 9.150000 0.000000
   vertex 32.500000 2.679973 -6.470027
   vertex 32.500000 3.116986 -6.879334
  endloop
 endfacet
 facet normal 0 -0.63439328 -0.77301045
  outer loop
   vertex -32.500000 3.116986 -6.879334
   vertex -32.500000 3.579833 -7.259183
   vertex 32.500000 3.579833 -7.259183
  endloop
 endfacet
 facet normal 0 -0.63439328 -0.77301045
  outer loop
   vertex -32.500000 3.116986 -6.879334
   vertex 32.500000 3.579833 -7.259183
   vertex 32.500000 3.116986 -6.879334
  endloop
 endfacet
 facet normal -1 0 0
  outer loop
   vertex -32.500000 9.150000 0.000000
   vertex -32.500000 3.579833 -7.259183
   vertex -32.500000 3.116986 -6.879334
  endloop
 endfacet
 facet normal 1 0 0
  outer loop
   vertex 32.500000 9.150000 0.000000
   vertex 32.500000 3.116986 -6.879334
   vertex 32.500000 3.579833 -7.259183
  endloop
 endfacet
 facet normal 0 -0.5824777 -0.81284668
  outer loop
   vertex -32.500000 3.579833 -7.259183
   vertex -32.500000 4.066532 -7.607947
   vertex 32.500000 4.066532 -7.607947
  endloop
 endfacet
 facet normal 0 -0.5824777 -0.81284668
  outer loop
   vertex -32.500000 3.579833 -7.259183
   vertex 32.500000 4.066532 -7.607947
   vertex 32.500000 3.579833 -7.259183
  endloop
 endfacet
 facet normal -1 0 0
  outer loop
   vertex -32.500000 9.150000 0.000000
   vertex -32.500000 4.066532 -7.607947
   vertex -32.500000 3.579833 -7.259183
  endloop
 endfacet
 facet normal 1 0 0
  outer loop
   vertex 32.500000 9.150000 0.000000
   vertex 32.500000 3.579833 -7.259183
   vertex 32.500000 4.066532 -7.607947
  endloop
 endfacet
 facet normal 0 -0.52806785 -0.84920218
  outer loop
   vertex -32.500000 4.066532 -7.607947
   vertex -32.500000 4.575000 -7.924132
   vertex 32.500000 4.575000 -7.924132
  endloop
 endfacet
 facet normal 0 -0.52806785 -0.84920218
  outer loop
   vertex -32.500000 4.066532 -7.607947
   vertex 32.500000 4.575000 -7.924132
   vertex 32.500000 4.066532 -7.607947
  endloop
 endfacet
 facet normal -1 0 0
  outer loop
   vertex -32.500000 9.150000 0.000000
   vertex -32.500000 4.575000 -7.924132
   vertex -32.500000 4.066532 -7.607947
  endloop
 endfacet
 facet normal 1 0 0
  outer loop
   vertex 32.500000 9.150000 0.000000
   vertex 32.500000 4.066532 -7.607947
   vertex 32.500000 4.575000 -7.924132
  endloop
 endfacet
 facet normal 0 -0.47139674 -0.88192126
  outer loop
   vertex -32.500000 4.575000 -7.924132
   vertex -32.500000 5.103058 -8.206386
   vertex 32.500000 5.103058 -8.206386
  endloop
 endfacet
 facet normal 0 -0.47139674 -0.88192126
  outer loop
   vertex -32.500000 4.575000 -7.924132
   vertex 32.500000 5.103058 -8.206386
   vertex 32.500000 4.575000 -7.924132
  endloop
 endfacet
 facet normal -1 0 0
  outer loop
   vertex -32.500000 9.150000 0.000000
   vertex -32.500000 5.103058 -8.206386
   vertex -32.500000 4.575000 -7.924132
  endloop
 endfacet
 facet normal 1 0 0
  outer loop
   vertex 32.500000 9.150000 0.000000
   vertex 32.500000 4.575000 -7.924132
   vertex 32.500000 5.103058 -8.206386
  endloop
 endfacet
 facet normal 0 -0.41270703 -0.91086382
  outer loop
   vertex -32.500000 5.103058 -8.206386
   vertex -32.500000 5.648447 -8.453498
   vertex 32.500000 5.648447 -8.453498
  endloop
 endfacet
 facet normal 0 -0.41270703 -0.91086382
  outer loop
   vertex -32.500000 5.103058 -8.206386
   vertex 32.500000 5.648447 -8.453498
   vertex 32.500000 5.103058 -8.206386
  endloop
 endfacet
 facet normal -1 0 0
  outer loop
   vertex -32.500000 9.150000 0.000000
   vertex -32.500000 5.648447 -8.453498
   vertex -32.500000 5.103058 -8.206386
  endloop
 endfacet
 facet normal 1 0 0
  outer loop
   vertex 32.500000 9.150000 0.000000
   vertex 32.500000 5.103058 -8.206386
   vertex 32.500000 5.648447 -8.453498
  endloop
 endfacet
 facet normal 0 -0.35225005 -0.93590593
  outer loop
   vertex -32.500000 5.648447 -8.453498
   vertex -32.500000 6.208829 -8.664411
   vertex 32.500000 6.208829 -8.664411
  endloop
 endfacet
 facet normal 0 -0.35225005 -0.93590593
  outer loop
   vertex -32.500000 5.648447 -8.453498
   vertex 32.500000 6.208829 -8.664411
   vertex 32.500000 5.648447 -8.453498
  endloop
 endfacet
 facet normal -1 0 0
  outer loop
   vertex -32.500000 9.150000 0.000000
   vertex -32.500000 6.208829 -8.664411
   vertex -32.500000 5.648447 -8.453498
  endloop
 endfacet
 facet normal 1 0 0
  outer loop
   vertex 32.500000 9.150000 0.000000
   vertex 32.500000 5.648447 -8.453498
   vertex 32.500000 6.208829 -8.664411
  endloop
 endfacet
 facet normal 0 -0.29028468 -0.95694034
  outer loop
   vertex -32.500000 6.208829 -8.664411
   vertex -32.500000 6.781806 -8.838221
   vertex 32.500000 6.781806 -8.838221
  endloop
 endfacet
 facet normal 0 -0.29028468 -0.95694034
  outer loop
   vertex -32.500000 6.208829 -8.664411
   vertex 32.500000 6.781806 -8.838221
   vertex 32.500000 6.208829 -8.664411
  endloop
 endfacet
 facet normal -1 0 0
  outer loop
   vertex -32.500000 9.150000 0.000000
   vertex -32.500000 6.781806 -8.838221
   vertex -32.500000 6.208829 -8.664411
  endloop
 endfacet
 facet normal 1 0 0
  outer loop
   vertex 32.500000 9.150000 0.000000
   vertex 32.500000 6.208829 -8.664411
   vertex 32.500000 6.781806 -8.838221
  endloop
 endfacet
 facet normal 0 -0.22707626 -0.97387698
  outer loop
   vertex -32.500000 6.781806 -8.838221
   vertex -32.500000 7.364924 -8.974185
   vertex 32.500000 7.364924 -8.974185
  endloop
 endfacet
 facet normal 0 -0.22707626 -0.97387698
  outer loop
   vertex -32.500000 6.781806 -8.838221
   vertex 32.500000 7.364924 -8.974185
   vertex 32.500000 6.781806 -8.838221
  endloop
 endfacet
 facet normal -1 0 0
  outer loop
   vertex -32.500000 9.150000 0.000000
   vertex -32.500000 7.364924 -8.974185
   vertex -32.500000 6.781806 -8.838221
  endloop
 endfacet
 facet normal 1 0 0
  outer loop
   vertex 32.500000 9.150000 0.000000
   vertex 32.500000 6.781806 -8.838221
   vertex 32.500000 7.364924 -8.974185
  endloop
 endfacet
 facet normal 0 -0.16289547 -0.98664333
  outer loop
   vertex -32.500000 7.364924 -8.974185
   vertex -32.500000 7.955685 -9.071720
   vertex 32.500000 7.955685 -9.071720
  endloop
 endfacet
 facet normal 0 -0.16289547 -0.98664333
  outer loop
   vertex -32.500000 7.364924 -8.974185
   vertex 32.500000 7.955685 -9.071720
   vertex 32.500000 7.364924 -8.974185
  endloop
 endfacet
 facet normal -1 0 0
  outer loop
   vertex -32.500000 9.150000 0.000000
   vertex -32.500000 7.955685 -9.071720
   vertex -32.500000 7.364924 -8.974185
  endloop
 endfacet
 facet normal 1 0 0
  outer loop
   vertex 32.500000 9.150000 0.000000
   vertex 32.500000 7.364924 -8.974185
   vertex 32.500000 7.955685 -9.071720
  endloop
 endfacet
 facet normal 0 -0.09801714 -0.99518473
  outer loop
   vertex -32.500000 7.955685 -9.071720
   vertex -32.500000 8.551561 -9.130409
   vertex 32.500000 8.551561 -9.130409
  endloop
 endfacet
 facet normal 0 -0.09801714 -0.99518473
  outer loop
   vertex -32.500000 7.955685 -9.071720
   vertex 32.500000 8.551561 -9.130409
   vertex 32.500000 7.955685 -9.071720
  endloop
 endfacet
 facet normal -1 0 0
  outer loop
   vertex -32.500000 9.150000 0.000000
   vertex -32.500000 8.551561 -9.130409
   vertex -32.500000 7.955685 -9.071720
  endloop
 endfacet
 facet normal 1 0 0
  outer loop
   vertex 32.500000 9.150000 0.000000
   vertex 32.500000 7.955685 -9.071720
   vertex 32.500000 8.551561 -9.130409
  endloop
 endfacet
 facet normal 0 -0.032719083 -0.99946459
  outer loop
   vertex -32.500000 8.551561 -9.130409
   vertex -32.500000 9.150000 -9.150000
   vertex 32.500000 9.150000 -9.150000
  endloop
 endfacet
 facet normal 0 -0.032719083 -0.99946459
  outer loop
   vertex -32.500000 8.551561 -9.130409
   vertex 32.500000 9.150000 -9.150000
   vertex 32.500000 8.551561 -9.130409
  endloop
 endfacet
 facet normal -1 0 0
  outer loop
   vertex -32.500000 9.150000 0.000000
   vertex -32.500000 9.150000 -9.150000
   vertex -32.500000 8.551561 -9.130409
  endloop
 endfacet
 facet normal 1 0 0
  outer loop
   vertex 32.500000 9.150000 0.000000
   vertex 32.500000 8.551561 -9.130409
   vertex 32.500000 9.150000 -9.150000
  endloop
 endfacet
 facet normal 0 0.032719083 -0.99946459
  outer loop
   vertex -32.500000 9.150000 -9.150000
   vertex -32.500000 9.748439 -9.130409
   vertex 32.500000 9.748439 -9.130409
  endloop
 endfacet
 facet normal 0 0.032719083 -0.99946459
  outer loop
   vertex -32.500000 9.150000 -9.150000
   vertex 32.500000 9.748439 -9.130409
   vertex 32.500000 9.150000 -9.150000
  endloop
 endfacet
 facet normal -1 0 -0
  outer loop
   vertex -32.500000 9.150000 0.000000
   vertex -32.500000 9.748439 -9.130409
   vertex -32.500000 9.150000 -9.150000
  endloop
 endfacet
 facet normal 1 0 0
  outer loop
   vertex 32.500000 9.150000 0.000000
   vertex 32.500000 9.150000 -9.150000
   vertex 32.500000 9.748439 -9.130409
  endloop
 endfacet
 facet normal 0 0.09801714 -0.99518473
  outer loop
   vertex -32.500000 9.748439 -9.130409
   vertex -32.500000 10.344315 -9.071720
   vertex 32.500000 10.344315 -9.071720
  endloop
 endfacet
 facet normal 0 0.09801714 -0.99518473
  outer loop
   vertex -32.500000 9.748439 -9.130409
   vertex 32.500000 10.344315 -9.071720
   vertex 32.500000 9.748439 -9.130409
  endloop
 endfacet
 facet normal -1 0 0
  outer loop
   vertex -32.500000 9.150000 0.000000
   vertex -32.500000 10.344315 -9.071720
   vertex -32.500000 9.748439 -9.130409
  endloop
 endfacet
 facet normal 1 0 0
  outer loop
   vertex 32.500000 9.150000 0.000000
   vertex 32.500000 9.748439 -9.130409
   vertex 32.500000 10.344315 -9.071720
  endloop
 endfacet
 facet normal 0 0.16289547 -0.98664333
  outer loop
   vertex -32.500000 10.344315 -9.071720
   vertex -32.500000 10.935076 -8.974185
   vertex 32.500000 10.935076 -8.974185
  endloop
 endfacet
 facet normal 0 0.16289547 -0.98664333
  outer loop
   vertex -32.500000 10.344315 -9.071720
   vertex 32.500000 10.935076 -8.974185
   vertex 32.500000 10.344315 -9.071720
  endloop
 endfacet
 facet normal -1 0 0
  outer loop
   vertex -32.500000 9.150000 0.000000
   vertex -32.500000 10.935076 -8.974185
   vertex -32.500000 10.344315 -9.071720
  endloop
 endfacet
 facet normal 1 0 0
  outer loop
   vertex 32.500000 9.150000 0.000000
   vertex 32.500000 10.344315 -9.071720
   vertex 32.500000 10.935076 -8.974185
  endloop
 endfacet
 facet normal 0 0.22707626 -0.97387698
  outer loop
   vertex -32.500000 10.935076 -8.974185
   vertex -32.500000 11.518194 -8.838221
   vertex 32.500000 11.518194 -8.838221
  endloop
 endfacet
 facet normal 0 0.22707626 -0.97387698
  outer loop
   vertex -32.500000 10.935076 -8.974185
   vertex 32.500000 11.518194 -8.838221
   vertex 32.500000 10.935076 -8.974185
  endloop
 endfacet
 facet normal -1 0 0
  outer loop
   vertex -32.500000 9.150000 0.000000
   vertex -32.500000 11.518194 -8.838221
   vertex -32.500000 10.935076 -8.974185
  endloop
 endfacet
 facet normal 1 0 0
  outer loop
   vertex 32.500000 9.150000 0.000000
   vertex 32.500000 10.935076 -8.974185
   vertex 32.500000 11.518194 -8.838221
  endloop
 endfacet
 facet normal 0 0.29028468 -0.95694034
  outer loop
   vertex -32.500000 11.518194 -8.838221
   vertex -32.500000 12.091171 -8.664411
   vertex 32.500000 12.091171 -8.664411
  endloop
 endfacet
 facet normal 0 0.29028468 -0.95694034
  outer loop
   vertex -32.500000 11.518194 -8.838221
   vertex 32.500000 12.091171 -8.664411
   vertex 32.500000 11.518194 -8.838221
  endloop
 endfacet
 facet normal -1 0 0
  outer loop
   vertex -32.500000 9.150000 0.000000
   vertex -32.500000 12.091171 -8.664411
   vertex -32.500000 11.518194 -8.838221
  endloop
 endfacet
 facet normal 1 0 0
  outer loop
   vertex 32.500000 9.150000 0.000000
   vertex 32.500000 11.518194 -8.838221
   vertex 32.500000 12.091171 -8.664411
  endloop
 endfacet
 facet normal 0 0.35225005 -0.93590593
  outer loop
   vertex -32.500000 12.091171 -8.664411
   vertex -32.500000 12.651553 -8.453498
   vertex 32.500000 12.651553 -8.453498
  endloop
 endfacet
 facet normal 0 0.35225005 -0.93590593
  outer loop
   vertex -32.500000 12.091171 -8.664411
   vertex 32.500000 12.651553 -8.453498
   vertex 32.500000 12.091171 -8.664411
  endloop
 endfacet
 facet normal -1 0 0
  outer loop
   vertex -32.500000 9.150000 0.000000
   vertex -32.500000 12.651553 -8.453498
   vertex -32.500000 12.091171 -8.664411
  endloop
 endfacet
 facet normal 1 0 0
  outer loop
   vertex 32.500000 9.150000 0.000000
   vertex 32.500000 12.091171 -8.664411
   vertex 32.500000 12.651553 -8.453498
  endloop
 endfacet
 facet normal 0 0.41270703 -0.91086382
  outer loop
   vertex -32.500000 12.651553 -8.453498
   vertex -32.500000 13.196942 -8.206386
   vertex 32.500000 13.196942 -8.206386
  endloop
 endfacet
 facet normal 0 0.41270703 -0.91086382
  outer loop
   vertex -32.500000 12.651553 -8.453498
   vertex 32.500000 13.196942 -8.206386
   vertex 32.500000 12.651553 -8.453498
  endloop
 endfacet
 facet normal -1 0 0
  outer loop
   vertex -32.500000 9.150000 0.000000
   vertex -32.500000 13.196942 -8.206386
   vertex -32.500000 12.651553 -8.453498
  endloop
 endfacet
 facet normal 1 0 0
  outer loop
   vertex 32.500000 9.150000 0.000000
   vertex 32.500000 12.651553 -8.453498
   vertex 32.500000 13.196942 -8.206386
  endloop
 endfacet
 facet normal 0 0.47139674 -0.88192126
  outer loop
   vertex -32.500000 13.196942 -8.206386
   vertex -32.500000 13.725000 -7.924132
   vertex 32.500000 13.725000 -7.924132
  endloop
 endfacet
 facet normal 0 0.47139674 -0.88192126
  outer loop
   vertex -32.500000 13.196942 -8.206386
   vertex 32.500000 13.725000 -7.924132
   vertex 32.500000 13.196942 -8.206386
  endloop
 endfacet
 facet normal -1 0 0
  outer loop
   vertex -32.500000 9.150000 0.000000
   vertex -32.500000 13.725000 -7.924132
   vertex -32.500000 13.196942 -8.206386
  endloop
 endfacet
 facet normal 1 0 0
  outer loop
   vertex 32.500000 9.150000 0.000000
   vertex 32.500000 13.196942 -8.206386
   vertex 32.500000 13.725000 -7.924132
  endloop
 endfacet
 facet normal 0 0.52806785 -0.84920218
  outer loop
   vertex -32.500000 13.725000 -7.924132
   vertex -32.500000 14.233468 -7.607947
   vertex 32.500000 14.233468 -7.607947
  endloop
 endfacet
 facet normal 0 0.52806785 -0.84920218
  outer loop
   vertex -32.500000 13.725000 -7.924132
   vertex 32.500000 14.233468 -7.607947
   vertex 32.500000 13.725000 -7.924132
  endloop
 endfacet
 facet normal -1 0 0
  outer loop
   vertex -32.500000 9.150000 0.000000
   vertex -32.500000 14.233468 -7.607947
   vertex -32.500000 13.725000 -7.924132
  endloop
 endfacet
 facet normal 1 0 0
  outer loop
   vertex 32.500000 9.150000 0.000000
   vertex 32.500000 13.725000 -7.924132
   vertex 32.500000 14.233468 -7.607947
  endloop
 endfacet
 facet normal 0 0.5824777 -0.81284668
  outer loop
   vertex -32.500000 14.233468 -7.607947
   vertex -32.500000 14.720167 -7.259183
   vertex 32.500000 14.720167 -7.259183
  endloop
 endfacet
 facet normal 0 0.5824777 -0.81284668
  outer loop
   vertex -32.500000 14.233468 -7.607947
   vertex 32.500000 14.720167 -7.259183
   vertex 32.500000 14.233468 -7.607947
  endloop
 endfacet
 facet normal -1 0 0
  outer loop
   vertex -32.500000 9.150000 0.000000
   vertex -32.500000 14.720167 -7.259183
   vertex -32.500000 14.233468 -7.607947
  endloop
 endfacet
 facet normal 1 0 0
  outer loop
   vertex 32.500000 9.150000 0.000000
   vertex 32.500000 14.233468 -7.607947
   vertex 32.500000 14.720167 -7.259183
  endloop
 endfacet
 facet normal 0 0.63439328 -0.77301045
  outer loop
   vertex -32.500000 14.720167 -7.259183
   vertex -32.500000 15.183014 -6.879334
   vertex 32.500000 15.183014 -6.879334
  endloop
 endfacet
 facet normal 0 0.63439328 -0.77301045
  outer loop
   vertex -32.500000 14.720167 -7.259183
   vertex 32.500000 15.183014 -6.879334
   vertex 32.500000 14.720167 -7.259183
  endloop
 endfacet
 facet normal -1 0 0
  outer loop
   vertex -32.500000 9.150000 0.000000
   vertex -32.500000 15.183014 -6.879334
   vertex -32.500000 14.720167 -7.259183
  endloop
 endfacet
 facet normal 1 0 0
  outer loop
   vertex 32.500000 9.150000 0.000000
   vertex 32.500000 14.720167 -7.259183
   vertex 32.500000 15.183014 -6.879334
  endloop
 endfacet
 facet normal 0 0.6835923 -0.72986407
  outer loop
   vertex -32.500000 15.183014 -6.879334
   vertex -32.500000 15.620027 -6.470027
   vertex 32.500000 15.620027 -6.470027
  endloop
 endfacet
 facet normal 0 0.6835923 -0.72986407
  outer loop
   vertex -32.500000 15.183014 -6.879334
   vertex 32.500000 15.620027 -6.470027
   vertex 32.500000 15.183014 -6.879334
  endloop
 endfacet
 facet normal -1 0 0
  outer loop
   vertex -32.500000 9.150000 0.000000
   vertex -32.500000 15.620027 -6.470027
   vertex -32.500000 15.183014 -6.879334
  endloop
 endfacet
 facet normal 1 0 0
  outer loop
   vertex 32.500000 9.150000 0.000000
   vertex 32.500000 15.183014 -6.879334
   vertex 32.500000 15.620027 -6.470027
  endloop
 endfacet
 facet normal 0 0.72986407 -0.6835923
  outer loop
   vertex -32.500000 15.620027 -6.470027
   vertex -32.500000 16.029334 -6.033014
   vertex 32.500000 16.029334 -6.033014
  endloop
 endfacet
 facet normal 0 0.72986407 -0.6835923
  outer loop
   vertex -32.500000 15.620027 -6.470027
   vertex 32.500000 16.029334 -6.033014
   vertex 32.500000 15.620027 -6.470027
  endloop
 endfacet
 facet normal -1 0 0
  outer loop
   vertex -32.500000 9.150000 0.000000
   vertex -32.500000 16.029334 -6.033014
   vertex -32.500000 15.620027 -6.470027
  endloop
 endfacet
 facet normal 1 0 0
  outer loop
   vertex 32.500000 9.150000 0.000000
   vertex 32.500000 15.620027 -6.470027
   vertex 32.500000 16.029334 -6.033014
  endloop
 endfacet
 facet normal 0 0.77301045 -0.63439328
  outer loop
   vertex -32.500000 16.029334 -6.033014
   vertex -32.500000 16.409183 -5.570167
   vertex 32.500000 16.409183 -5.570167
  endloop
 endfacet
 facet normal 0 0.77301045 -0.63439328
  outer loop
   vertex -32.500000 16.029334 -6.033014
   vertex 32.500000 16.409183 -5.570167
   vertex 32.500000 16.029334 -6.033014
  endloop
 endfacet
 facet normal -1 0 0
  outer loop
   vertex -32.500000 9.150000 0.000000
   vertex -32.500000 16.409183 -5.570167
   vertex -32.500000 16.029334 -6.033014
  endloop
 endfacet
 facet normal 1 0 0
  outer loop
   vertex 32.500000 9.150000 0.000000
   vertex 32.500000 16.029334 -6.033014
   vertex 32.500000 16.409183 -5.570167
  endloop
 endfacet
 facet normal 0 0.81284668 -0.5824777
  outer loop
   vertex -32.500000 16.409183 -5.570167
   vertex -32.500000 16.757947 -5.083468
   vertex 32.500000 16.757947 -5.083468
  endloop
 endfacet
 facet normal 0 0.81284668 -0.5824777
  outer loop
   vertex -32.500000 16.409183 -5.570167
   vertex 32.500000 16.757947 -5.083468
   vertex 32.500000 16.409183 -5.570167
  endloop
 endfacet
 facet normal -1 0 0
  outer loop
   vertex -32.500000 9.150000 0.000000
   vertex -32.500000 16.757947 -5.083468
   vertex -32.500000 16.409183 -5.570167
  endloop
 endfacet
 facet normal 1 0 0
  outer loop
   vertex 32.500000 9.150000 0.000000
   vertex 32.500000 16.409183 -5.570167
   vertex 32.500000 16.757947 -5.083468
  endloop
 endfacet
 facet normal 0 0.84920218 -0.52806785
  outer loop
   vertex -32.500000 16.757947 -5.083468
   vertex -32.500000 17.074132 -4.575000
   vertex 32.500000 17.074132 -4.575000
  endloop
 endfacet
 facet normal 0 0.84920218 -0.52806785
  outer loop
   vertex -32.500000 16.757947 -5.083468
   vertex 32.500000 17.074132 -4.575000
   vertex 32.500000 16.757947 -5.083468
  endloop
 endfacet
 facet normal -1 0 0
  outer loop
   vertex -32.500000 9.150000 0.000000
   vertex -32.500000 17.074132 -4.575000
   vertex -32.500000 16.757947 -5.083468
  endloop
 endfacet
 facet normal 1 0 0
  outer loop
   vertex 32.500000 9.150000 0.000000
   vertex 32.500000 16.757947 -5.083468
   vertex 32.500000 17.074132 -4.575000
  endloop
 endfacet
 facet normal 0 0.88192126 -0.47139674
  outer loop
   vertex -32.500000 17.074132 -4.575000
   vertex -32.500000 17.356386 -4.046942
   vertex 32.500000 17.356386 -4.046942
  endloop
 endfacet
 facet normal 0 0.88192126 -0.47139674
  outer loop
   vertex -32.500000 17.074132 -4.575000
   vertex 32.500000 17.356386 -4.046942
   vertex 32.500000 17.074132 -4.575000
  endloop
 endfacet
 facet normal -1 0 0
  outer loop
   vertex -32.500000 9.150000 0.000000
   vertex -32.500000 17.356386 -4.046942
   vertex -32.500000 17.074132 -4.575000
  endloop
 endfacet
 facet normal 1 0 0
  outer loop
   vertex 32.500000 9.150000 0.000000
   vertex 32.500000 17.074132 -4.575000
   vertex 32.500000 17.356386 -4.046942
  endloop
 endfacet
 facet normal 0 0.91086382 -0.41270703
  outer loop
   vertex -32.500000 17.356386 -4.046942
   vertex -32.500000 17.603498 -3.501553
   vertex 32.500000 17.603498 -3.501553
  endloop
 endfacet
 facet normal 0 0.91086382 -0.41270703
  outer loop
   vertex -32.500000 17.356386 -4.046942
   vertex 32.500000 17.603498 -3.501553
   vertex 32.500000 17.356386 -4.046942
  endloop
 endfacet
 facet normal -1 0 0
  outer loop
   vertex -32.500000 9.150000 0.000000
   vertex -32.500000 17.603498 -3.501553
   vertex -32.500000 17.356386 -4.046942
  endloop
 endfacet
 facet normal 1 0 0
  outer loop
   vertex 32.500000 9.150000 0.000000
   vertex 32.500000 17.356386 -4.046942
   vertex 32.500000 17.603498 -3.501553
  endloop
 endfacet
 facet normal 0 0.93590593 -0.35225005
  outer loop
   vertex -32.500000 17.603498 -3.501553
   vertex -32.500000 17.814411 -2.941171
   vertex 32.500000 17.814411 -2.941171
  endloop
 endfacet
 facet normal 0 0.93590593 -0.35225005
  outer loop
   vertex -32.500000 17.603498 -3.501553
   vertex 32.500000 17.814411 -2.941171
   vertex 32.500000 17.603498 -3.501553
  endloop
 endfacet
 facet normal -1 0 0
  outer loop
   vertex -32.500000 9.150000 0.000000
   vertex -32.500000 17.814411 -2.941171
   vertex -32.500000 17.603498 -3.501553
  endloop
 endfacet
 facet normal 1 0 0
  outer loop
   vertex 32.500000 9.150000 0.000000
   vertex 32.500000 17.603498 -3.501553
   vertex 32.500000 17.814411 -2.941171
  endloop
 endfacet
 facet normal 0 0.95694034 -0.29028468
  outer loop
   vertex -32.500000 17.814411 -2.941171
   vertex -32.500000 17.988221 -2.368194
   vertex 32.500000 17.988221 -2.368194
  endloop
 endfacet
 facet normal 0 0.95694034 -0.29028468
  outer loop
   vertex -32.500000 17.814411 -2.941171
   vertex 32.500000 17.988221 -2.368194
   vertex 32.500000 17.814411 -2.941171
  endloop
 endfacet
 facet normal -1 0 0
  outer loop
   vertex -32.500000 9.150000 0.000000
   vertex -32.500000 17.988221 -2.368194
   vertex -32.500000 17.814411 -2.941171
  endloop
 endfacet
 facet normal 1 0 0
  outer loop
   vertex 32.500000 9.150000 0.000000
   vertex 32.500000 17.814411 -2.941171
   vertex 32.500000 17.988221 -2.368194
  endloop
 endfacet
 facet normal 0 0.97387698 -0.22707626
  outer loop
   vertex -32.500000 17.988221 -2.368194
   vertex -32.500000 18.124185 -1.785076
   vertex 32.500000 18.124185 -1.785076
  endloop
 endfacet
 facet normal 0 0.97387698 -0.22707626
  outer loop
   vertex -32.500000 17.988221 -2.368194
   vertex 32.500000 18.124185 -1.785076
   vertex 32.500000 17.988221 -2.368194
  endloop
 endfacet
 facet normal -1 0 0
  outer loop
   vertex -32.500000 9.150000 0.000000
   vertex -32.500000 18.124185 -1.785076
   vertex -32.500000 17.988221 -2.368194
  endloop
 endfacet
 facet normal 1 0 0
  outer loop
   vertex 32.500000 9.150000 0.000000
   vertex 32.500000 17.988221 -2.368194
   vertex 32.500000 18.124185 -1.785076
  endloop
 endfacet
 facet normal 0 0.98664333 -0.16289547
  outer loop
   vertex -32.500000 18.124185 -1.785076
   vertex -32.500000 18.221720 -1.194315
   vertex 32.500000 18.221720 -1.194315
  endloop
 endfacet
 facet normal 0 0.98664333 -0.16289547
  outer loop
   vertex -32.500000 18.124185 -1.785076
   vertex 32.500000 18.221720 -1.194315
   vertex 32.500000 18.124185 -1.785076
  endloop
 endfacet
 facet normal -1 0 0
  outer loop
   vertex -32.500000 9.150000 0.000000
   vertex -32.500000 18.221720 -1.194315
   vertex -32.500000 18.124185 -1.785076
  endloop
 endfacet
 facet normal 1 0 0
  outer loop
   vertex 32.500000 9.150000 0.000000
   vertex 32.500000 18.124185 -1.785076
   vertex 32.500000 18.221720 -1.194315
  endloop
 endfacet
 facet normal 0 0.99518473 -0.09801714
  outer loop
   vertex -32.500000 18.221720 -1.194315
   vertex -32.500000 18.280409 -0.598439
   vertex 32.500000 18.280409 -0.598439
  endloop
 endfacet
 facet normal 0 0.99518473 -0.09801714
  outer loop
   vertex -32.500000 18.221720 -1.194315
   vertex 32.500000 18.280409 -0.598439
   vertex 32.500000 18.221720 -1.194315
  endloop
 endfacet
 facet normal -1 0 0
  outer loop
   vertex -32.500000 9.150000 0.000000
   vertex -32.500000 18.280409 -0.598439
   vertex -32.500000 18.221720 -1.194315
  endloop
 endfacet
 facet normal 1 0 0
  outer loop
   vertex 32.500000 9.150000 0.000000
   vertex 32.500000 18.221720 -1.194315
   vertex 32.500000 18.280409 -0.598439
  endloop
 endfacet
 facet normal 0 0.99946459 -0.032719083
  outer loop
   vertex -32.500000 18.280409 -0.598439
   vertex -32.500000 18.300000 -0.000000
   vertex 32.500000 18.300000 -0.000000
  endloop
 endfacet
 facet normal 0 0.99946459 -0.032719083
  outer loop
   vertex -32.500000 18.280409 -0.598439
   vertex 32.500000 18.300000 -0.000000
   vertex 32.500000 18.280409 -0.598439
  endloop
 endfacet
 facet normal -1 0 0
  outer loop
   vertex -32.500000 9.150000 0.000000
   vertex -32.500000 18.300000 -0.000000
   vertex -32.500000 18.280409 -0.598439
  endloop
 endfacet
 facet normal 1 0 0
  outer loop
   vertex 32.500000 9.150000 0.000000
   vertex 32.500000 18.280409 -0.598439
   vertex 32.500000 18.300000 -0.000000
  endloop
 endfacet
 facet normal 0 0.99946459 0.032719083
  outer loop
   vertex -32.500000 18.300000 18.300000
   vertex -32.500000 18.280409 18.898439
   vertex 32.500000 18.280409 18.898439
  endloop
 endfacet
 facet normal -0 0.99946459 0.032719083
  outer loop
   vertex -32.500000 18.300000 18.300000
   vertex 32.500000 18.280409 18.898439
   vertex 32.500000 18.300000 18.300000
  endloop
 endfacet
 facet normal -1 0 0
  outer loop
   vertex -32.500000 9.150000 18.300000
   vertex -32.500000 18.280409 18.898439
   vertex -32.500000 18.300000 18.300000
  endloop
 endfacet
 facet normal 1 0 0
  outer loop
   vertex 32.500000 9.150000 18.300000
   vertex 32.500000 18.300000 18.300000
   vertex 32.500000 18.280409 18.898439
  endloop
 endfacet
 facet normal 0 0.99518473 0.09801714
  outer loop
   vertex -32.500000 18.280409 18.898439
   vertex -32.500000 18.221720 19.494315
   vertex 32.500000 18.221720 19.494315
  endloop
 endfacet
 facet normal -0 0.99518473 0.09801714
  outer loop
   vertex -32.500000 18.280409 18.898439
   vertex 32.500000 18.221720 19.494315
   vertex 32.500000 18.280409 18.898439
  endloop
 endfacet
 facet normal -1 0 0
  outer loop
   vertex -32.500000 9.150000 18.300000
   vertex -32.500000 18.221720 19.494315
   vertex -32.500000 18.280409 18.898439
  endloop
 endfacet
 facet normal 1 0 0
  outer loop
   vertex 32.500000 9.150000 18.300000
   vertex 32.500000 18.280409 18.898439
   vertex 32.500000 18.221720 19.494315
  endloop
 endfacet
 facet normal 0 0.98664333 0.16289547
  outer loop
   vertex -32.500000 18.221720 19.494315
   vertex -32.500000 18.124185 20.085076
   vertex 32.500000 18.124185 20.085076
  endloop
 endfacet
 facet normal -0 0.98664333 0.16289547
  outer loop
   vertex -32.500000 18.221720 19.494315
   vertex 32.500000 18.124185 20.085076
   vertex 32.500000 18.221720 19.494315
  endloop
 endfacet
 facet normal -1 0 0
  outer loop
   vertex -32.500000 9.150000 18.300000
   vertex -32.500000 18.124185 20.085076
   vertex -32.500000 18.221720 19.494315
  endloop
 endfacet
 facet normal 1 0 0
  outer loop
   vertex 32.500000 9.150000 18.300000
   vertex 32.500000 18.221720 19.494315
   vertex 32.500000 18.124185 20.085076
  endloop
 endfacet
 facet normal 0 0.97387698 0.22707626
  outer loop
   vertex -32.500000 18.124185 20.085076
   vertex -32.500000 17.988221 20.668194
   vertex 32.500000 17.988221 20.668194
  endloop
 endfacet
 facet normal -0 0.97387698 0.22707626
  outer loop
   vertex -32.500000 18.124185 20.085076
   vertex 32.500000 17.988221 20.668194
   vertex 32.500000 18.124185 20.085076
  endloop
 endfacet
 facet normal -1 0 0
  outer loop
   vertex -32.500000 9.150000 18.300000
   vertex -32.500000 17.988221 20.668194
   vertex -32.500000 18.124185 20.085076
  endloop
 endfacet
 facet normal 1 0 0
  outer loop
   vertex 32.500000 9.150000 18.300000
   vertex 32.500000 18.124185 20.085076
   vertex 32.500000 17.988221 20.668194
  endloop
 endfacet
 facet normal 0 0.95694034 0.29028468
  outer loop
   vertex -32.500000 17.988221 20.668194
   vertex -32.500000 17.814411 21.241171
   vertex 32.500000 17.814411 21.241171
  endloop
 endfacet
 facet normal -0 0.95694034 0.29028468
  outer loop
   vertex -32.500000 17.988221 20.668194
   vertex 32.500000 17.814411 21.241171
   vertex 32.500000 17.988221 20.668194
  endloop
 endfacet
 facet normal -1 0 0
  outer loop
   vertex -32.500000 9.150000 18.300000
   vertex -32.500000 17.814411 21.241171
   vertex -32.500000 17.988221 20.668194
  endloop
 endfacet
 facet normal 1 0 0
  outer loop
   vertex 32.500000 9.150000 18.300000
   vertex 32.500000 17.988221 20.668194
   vertex 32.500000 17.814411 21.241171
  endloop
 endfacet
 facet normal 0 0.93590593 0.35225005
  outer loop
   vertex -32.500000 17.814411 21.241171
   vertex -32.500000 17.603498 21.801553
   vertex 32.500000 17.603498 21.801553
  endloop
 endfacet
 facet normal -0 0.93590593 0.35225005
  outer loop
   vertex -32.500000 17.814411 21.241171
   vertex 32.500000 17.603498 21.801553
   vertex 32.500000 17.814411 21.241171
  endloop
 endfacet
 facet normal -1 0 0
  outer loop
   vertex -32.500000 9.150000 18.300000
   vertex -32.500000 17.603498 21.801553
   vertex -32.500000 17.814411 21.241171
  endloop
 endfacet
 facet normal 1 0 0
  outer loop
   vertex 32.500000 9.150000 18.300000
   vertex 32.500000 17.814411 21.241171
   vertex 32.500000 17.603498 21.801553
  endloop
 endfacet
 facet normal 0 0.91086382 0.41270703
  outer loop
   vertex -32.500000 17.603498 21.801553
   vertex -32.500000 17.356386 22.346942
   vertex 32.500000 17.356386 22.346942
  endloop
 endfacet
 facet normal -0 0.91086382 0.41270703
  outer loop
   vertex -32.500000 17.603498 21.801553
   vertex 32.500000 17.356386 22.346942
   vertex 32.500000 17.603498 21.801553
  endloop
 endfacet
 facet normal -1 0 0
  outer loop
   vertex -32.500000 9.150000 18.300000
   vertex -32.500000 17.356386 22.346942
   vertex -32.500000 17.603498 21.801553
  endloop
 endfacet
 facet normal 1 0 0
  outer loop
   vertex 32.500000 9.150000 18.300000
   vertex 32.500000 17.603498 21.801553
   vertex 32.500000 17.356386 22.346942
  endloop
 endfacet
 facet normal 0 0.88192126 0.47139674
  outer loop
   vertex -32.500000 17.356386 22.346942
   vertex -32.500000 17.074132 22.875000
   vertex 32.500000 17.074132 22.875000
  endloop
 endfacet
 facet normal -0 0.88192126 0.47139674
  outer loop
   vertex -32.500000 17.356386 22.346942
   vertex 32.500000 17.074132 22.875000
   vertex 32.500000 17.356386 22.346942
  endloop
 endfacet
 facet normal -1 0 0
  outer loop
   vertex -32.500000 9.150000 18.300000
   vertex -32.500000 17.074132 22.875000
   vertex -32.500000 17.356386 22.346942
  endloop
 endfacet
 facet normal 1 0 0
  outer loop
   vertex 32.500000 9.150000 18.300000
   vertex 32.500000 17.356386 22.346942
   vertex 32.500000 17.074132 22.875000
  endloop
 endfacet
 facet normal 0 0.84920218 0.52806785
  outer loop
   vertex -32.500000 17.074132 22.875000
   vertex -32.500000 16.757947 23.383468
   vertex 32.500000 16.757947 23.383468
  endloop
 endfacet
 facet normal -0 0.84920218 0.52806785
  outer loop
   vertex -32.500000 17.074132 22.875000
   vertex 32.500000 16.757947 23.383468
   vertex 32.500000 17.074132 22.875000
  endloop
 endfacet
 facet normal -1 0 0
  outer loop
   vertex -32.500000 9.150000 18.300000
   vertex -32.500000 16.757947 23.383468
   vertex -32.500000 17.074132 22.875000
  endloop
 endfacet
 facet normal 1 0 0
  outer loop
   vertex 32.500000 9.150000 18.300000
   vertex 32.500000 17.074132 22.875000
   vertex 32.500000 16.757947 23.383468
  endloop
 endfacet
 facet normal 0 0.81284668 0.5824777
  outer loop
   vertex -32.500000 16.757947 23.383468
   vertex -32.500000 16.409183 23.870167
   vertex 32.500000 16.409183 23.870167
  endloop
 endfacet
 facet normal -0 0.81284668 0.5824777
  outer loop
   vertex -32.500000 16.757947 23.383468
   vertex 32.500000 16.409183 23.870167
   vertex 32.500000 16.757947 23.383468
  endloop
 endfacet
 facet normal -1 0 0
  outer loop
   vertex -32.500000 9.150000 18.300000
   vertex -32.500000 16.409183 23.870167
   vertex -32.500000 16.757947 23.383468
  endloop
 endfacet
 facet normal 1 0 0
  outer loop
   vertex 32.500000 9.150000 18.300000
   vertex 32.500000 16.757947 23.383468
   vertex 32.500000 16.409183 23.870167
  endloop
 endfacet
 facet normal 0 0.77301045 0.63439328
  outer loop
   vertex -32.500000 16.409183 23.870167
   vertex -32.500000 16.029334 24.333014
   vertex 32.500000 16.029334 24.333014
  endloop
 endfacet
 facet normal -0 0.77301045 0.63439328
  outer loop
   vertex -32.500000 16.409183 23.870167
   vertex 32.500000 16.029334 24.333014
   vertex 32.500000 16.409183 23.870167
  endloop
 endfacet
 facet normal -1 0 0
  outer loop
   vertex -32.500000 9.150000 18.300000
   vertex -32.500000 16.029334 24.333014
   vertex -32.500000 16.409183 23.870167
  endloop
 endfacet
 facet normal 1 0 0
  outer loop
   vertex 32.500000 9.150000 18.300000
   vertex 32.500000 16.409183 23.870167
   vertex 32.500000 16.029334 24.333014
  endloop
 endfacet
 facet normal 0 0.72986407 0.6835923
  outer loop
   vertex -32.500000 16.029334 24.333014
   vertex -32.500000 15.620027 24.770027
   vertex 32.500000 15.620027 24.770027
  endloop
 endfacet
 facet normal -0 0.72986407 0.6835923
  outer loop
   vertex -32.500000 16.029334 24.333014
   vertex 32.500000 15.620027 24.770027
   vertex 32.500000 16.029334 24.333014
  endloop
 endfacet
 facet normal -1 0 0
  outer loop
   vertex -32.500000 9.150000 18.300000
   vertex -32.500000 15.620027 24.770027
   vertex -32.500000 16.029334 24.333014
  endloop
 endfacet
 facet normal 1 0 0
  outer loop
   vertex 32.500000 9.150000 18.300000
   vertex 32.500000 16.029334 24.333014
   vertex 32.500000 15.620027 24.770027
  endloop
 endfacet
 facet normal 0 0.6835923 0.72986407
  outer loop
   vertex -32.500000 15.620027 24.770027
   vertex -32.500000 15.183014 25.179334
   vertex 32.500000 15.183014 25.179334
  endloop
 endfacet
 facet normal -0 0.6835923 0.72986407
  outer loop
   vertex -32.500000 15.620027 24.770027
   vertex 32.500000 15.183014 25.179334
   vertex 32.500000 15.620027 24.770027
  endloop
 endfacet
 facet normal -1 0 0
  outer loop
   vertex -32.500000 9.150000 18.300000
   vertex -32.500000 15.183014 25.179334
   vertex -32.500000 15.620027 24.770027
  endloop
 endfacet
 facet normal 1 0 0
  outer loop
   vertex 32.500000 9.150000 18.300000
   vertex 32.500000 15.620027 24.770027
   vertex 32.500000 15.183014 25.179334
  endloop
 endfacet
 facet normal 0 0.63439328 0.77301045
  outer loop
   vertex -32.500000 15.183014 25.179334
   vertex -32.500000 14.720167 25.559183
   vertex 32.500000 14.720167 25.559183
  endloop
 endfacet
 facet normal -0 0.63439328 0.77301045
  outer loop
   vertex -32.500000 15.183014 25.179334
   vertex 32.500000 14.720167 25.559183
   vertex 32.500000 15.183014 25.179334
  endloop
 endfacet
 facet normal -1 0 0
  outer loop
   vertex -32.500000 9.150000 18.300000
   vertex -32.500000 14.720167 25.559183
   vertex -32.500000 15.183014 25.179334
  endloop
 endfacet
 facet normal 1 0 0
  outer loop
   vertex 32.500000 9.150000 18.300000
   vertex 32.500000 15.183014 25.179334
   vertex 32.500000 14.720167 25.559183
  endloop
 endfacet
 facet normal 0 0.5824777 0.81284668
  outer loop
   vertex -32.500000 14.720167 25.559183
   vertex -32.500000 14.233468 25.907947
   vertex 32.500000 14.233468 25.907947
  endloop
 endfacet
 facet normal -0 0.5824777 0.81284668
  outer loop
   vertex -32.500000 14.720167 25.559183
   vertex 32.500000 14.233468 25.907947
   vertex 32.500000 14.720167 25.559183
  endloop
 endfacet
 facet normal -1 0 0
  outer loop
   vertex -32.500000 9.150000 18.300000
   vertex -32.500000 14.233468 25.907947
   vertex -32.500000 14.720167 25.559183
  endloop
 endfacet
 facet normal 1 0 0
  outer loop
   vertex 32.500000 9.150000 18.300000
   vertex 32.500000 14.720167 25.559183
   vertex 32.500000 14.233468 25.907947
  endloop
 endfacet
 facet normal 0 0.52806785 0.84920218
  outer loop
   vertex -32.500000 14.233468 25.907947
   vertex -32.500000 13.725000 26.224132
   vertex 32.500000 13.725000 26.224132
  endloop
 endfacet
 facet normal -0 0.52806785 0.84920218
  outer loop
   vertex -32.500000 14.233468 25.907947
   vertex 32.500000 13.725000 26.224132
   vertex 32.500000 14.233468 25.907947
  endloop
 endfacet
 facet normal -1 0 0
  outer loop
   vertex -32.500000 9.150000 18.300000
   vertex -32.500000 13.725000 26.224132
   vertex -32.500000 14.233468 25.907947
  endloop
 endfacet
 facet normal 1 0 0
  outer loop
   vertex 32.500000 9.150000 18.300000
   vertex 32.500000 14.233468 25.907947
   vertex 32.500000 13.725000 26.224132
  endloop
 endfacet
 facet normal 0 0.47139674 0.88192126
  outer loop
   vertex -32.500000 13.725000 26.224132
   vertex -32.500000 13.196942 26.506386
   vertex 32.500000 13.196942 26.506386
  endloop
 endfacet
 facet normal -0 0.47139674 0.88192126
  outer loop
   vertex -32.500000 13.725000 26.224132
   vertex 32.500000 13.196942 26.506386
   vertex 32.500000 13.725000 26.224132
  endloop
 endfacet
 facet normal -1 0 0
  outer loop
   vertex -32.500000 9.150000 18.300000
   vertex -32.500000 13.196942 26.506386
   vertex -32.500000 13.725000 26.224132
  endloop
 endfacet
 facet normal 1 0 0
  outer loop
   vertex 32.500000 9.150000 18.300000
   vertex 32.500000 13.725000 26.224132
   vertex 32.500000 13.196942 26.506386
  endloop
 endfacet
 facet normal 0 0.41270703 0.91086382
  outer loop
   vertex -32.500000 13.196942 26.506386
   vertex -32.500000 12.651553 26.753498
   vertex 32.500000 12.651553 26.753498
  endloop
 endfacet
 facet normal -0 0.41270703 0.91086382
  outer loop
   vertex -32.500000 13.196942 26.506386
   vertex 32.500000 12.651553 26.753498
   vertex 32.500000 13.196942 26.506386
  endloop
 endfacet
 facet normal -1 0 0
  outer loop
   vertex -32.500000 9.150000 18.300000
   vertex -32.500000 12.651553 26.753498
   vertex -32.500000 13.196942 26.506386
  endloop
 endfacet
 facet normal 1 0 0
  outer loop
   vertex 32.500000 9.150000 18.300000
   vertex 32.500000 13.196942 26.506386
   vertex 32.500000 12.651553 26.753498
  endloop
 endfacet
 facet normal 0 0.35225005 0.93590593
  outer loop
   vertex -32.500000 12.651553 26.753498
   vertex -32.500000 12.091171 26.964411
   vertex 32.500000 12.091171 26.964411
  endloop
 endfacet
 facet normal -0 0.35225005 0.93590593
  outer loop
   vertex -32.500000 12.651553 26.753498
   vertex 32.500000 12.091171 26.964411
   vertex 32.500000 12.651553 26.753498
  endloop
 endfacet
 facet normal -1 0 0
  outer loop
   vertex -32.500000 9.150000 18.300000
   vertex -32.500000 12.091171 26.964411
   vertex -32.500000 12.651553 26.753498
  endloop
 endfacet
 facet normal 1 0 0
  outer loop
   vertex 32.500000 9.150000 18.300000
   vertex 32.500000 12.651553 26.753498
   vertex 32.500000 12.091171 26.964411
  endloop
 endfacet
 facet normal 0 0.29028468 0.95694034
  outer loop
   vertex -32.500000 12.091171 26.964411
   vertex -32.500000 11.518194 27.138221
   vertex 32.500000 11.518194 27.138221
  endloop
 endfacet
 facet normal -0 0.29028468 0.95694034
  outer loop
   vertex -32.500000 12.091171 26.964411
   vertex 32.500000 11.518194 27.138221
   vertex 32.500000 12.091171 26.964411
  endloop
 endfacet
 facet normal -1 0 0
  outer loop
   vertex -32.500000 9.150000 18.300000
   vertex -32.500000 11.518194 27.138221
   vertex -32.500000 12.091171 26.964411
  endloop
 endfacet
 facet normal 1 0 0
  outer loop
   vertex 32.500000 9.150000 18.300000
   vertex 32.500000 12.091171 26.964411
   vertex 32.500000 11.518194 27.138221
  endloop
 endfacet
 facet normal 0 0.22707626 0.97387698
  outer loop
   vertex -32.500000 11.518194 27.138221
   vertex -32.500000 10.935076 27.274185
   vertex 32.500000 10.935076 27.274185
  endloop
 endfacet
 facet normal -0 0.22707626 0.97387698
  outer loop
   vertex -32.500000 11.518194 27.138221
   vertex 32.500000 10.935076 27.274185
   vertex 32.500000 11.518194 27.138221
  endloop
 endfacet
 facet normal -1 0 0
  outer loop
   vertex -32.500000 9.150000 18.300000
   vertex -32.500000 10.935076 27.274185
   vertex -32.500000 11.518194 27.138221
  endloop
 endfacet
 facet normal 1 0 0
  outer loop
   vertex 32.500000 9.150000 18.300000
   vertex 32.500000 11.518194 27.138221
   vertex 32.500000 10.935076 27.274185
  endloop
 endfacet
 facet normal 0 0.16289547 0.98664333
  outer loop
   vertex -32.500000 10.935076 27.274185
   vertex -32.500000 10.344315 27.371720
   vertex 32.500000 10.344315 27.371720
  endloop
 endfacet
 facet normal -0 0.16289547 0.98664333
  outer loop
   vertex -32.500000 10.935076 27.274185
   vertex 32.500000 10.344315 27.371720
   vertex 32.500000 10.935076 27.274185
  endloop
 endfacet
 facet normal -1 0 0
  outer loop
   vertex -32.500000 9.150000 18.300000
   vertex -32.500000 10.344315 27.371720
   vertex -32.500000 10.935076 27.274185
  endloop
 endfacet
 facet normal 1 0 0
  outer loop
   vertex 32.500000 9.150000 18.300000
   vertex 32.500000 10.935076 27.274185
   vertex 32.500000 10.344315 27.371720
  endloop
 endfacet
 facet normal 0 0.09801714 0.99518473
  outer loop
   vertex -32.500000 10.344315 27.371720
   vertex -32.500000 9.748439 27.430409
   vertex 32.500000 9.748439 27.430409
  endloop
 endfacet
 facet normal -0 0.09801714 0.99518473
  outer loop
   vertex -32.500000 10.344315 27.371720
   vertex 32.500000 9.748439 27.430409
   vertex 32.500000 10.344315 27.371720
  endloop
 endfacet
 facet normal -1 0 0
  outer loop
   vertex -32.500000 9.150000 18.300000
   vertex -32.500000 9.748439 27.430409
   vertex -32.500000 10.344315 27.371720
  endloop
 endfacet
 facet normal 1 0 0
  outer loop
   vertex 32.500000 9.150000 18.300000
   vertex 32.500000 10.344315 27.371720
   vertex 32.500000 9.748439 27.430409
  endloop
 endfacet
 facet normal 0 0.032719083 0.99946459
  outer loop
   vertex -32.500000 9.748439 27.430409
   vertex -32.500000 9.150000 27.450000
   vertex 32.500000 9.150000 27.450000
  endloop
 endfacet
 facet normal -0 0.032719083 0.99946459
  outer loop
   vertex -32.500000 9.748439 27.430409
   vertex 32.500000 9.150000 27.450000
   vertex 32.500000 9.748439 27.430409
  endloop
 endfacet
 facet normal -1 0 0
  outer loop
   vertex -32.500000 9.150000 18.300000
   vertex -32.500000 9.150000 27.450000
   vertex -32.500000 9.748439 27.430409
  endloop
 endfacet
 facet normal 1 0 0
  outer loop
   vertex 32.500000 9.150000 18.300000
   vertex 32.500000 9.748439 27.430409
   vertex 32.500000 9.150000 27.450000
  endloop
 endfacet
 facet normal 0 -0.032719083 0.99946459
  outer loop
   vertex -32.500000 9.150000 27.450000
   vertex -32.500000 8.551561 27.430409
   vertex 32.500000 8.551561 27.430409
  endloop
 endfacet
 facet normal 0 -0.032719083 0.99946459
  outer loop
   vertex -32.500000 9.150000 27.450000
   vertex 32.500000 8.551561 27.430409
   vertex 32.500000 9.150000 27.450000
  endloop
 endfacet
 facet normal -1 0 0
  outer loop
   vertex -32.500000 9.150000 18.300000
   vertex -32.500000 8.551561 27.430409
   vertex -32.500000 9.150000 27.450000
  endloop
 endfacet
 facet normal 1 0 -0
  outer loop
   vertex 32.500000 9.150000 18.300000
   vertex 32.500000 9.150000 27.450000
   vertex 32.500000 8.551561 27.430409
  endloop
 endfacet
 facet normal 0 -0.09801714 0.99518473
  outer loop
   vertex -32.500000 8.551561 27.430409
   vertex -32.500000 7.955685 27.371720
   vertex 32.500000 7.955685 27.371720
  endloop
 endfacet
 facet normal 0 -0.09801714 0.99518473
  outer loop
   vertex -32.500000 8.551561 27.430409
   vertex 32.500000 7.955685 27.371720
   vertex 32.500000 8.551561 27.430409
  endloop
 endfacet
 facet normal -1 0 0
  outer loop
   vertex -32.500000 9.150000 18.300000
   vertex -32.500000 7.955685 27.371720
   vertex -32.500000 8.551561 27.430409
  endloop
 endfacet
 facet normal 1 0 0
  outer loop
   vertex 32.500000 9.150000 18.300000
   vertex 32.500000 8.551561 27.430409
   vertex 32.500000 7.955685 27.371720
  endloop
 endfacet
 facet normal 0 -0.16289547 0.98664333
  outer loop
   vertex -32.500000 7.955685 27.371720
   vertex -32.500000 7.364924 27.274185
   vertex 32.500000 7.364924 27.274185
  endloop
 endfacet
 facet normal 0 -0.16289547 0.98664333
  outer loop
   vertex -32.500000 7.955685 27.371720
   vertex 32.500000 7.364924 27.274185
   vertex 32.500000 7.955685 27.371720
  endloop
 endfacet
 facet normal -1 0 0
  outer loop
   vertex -32.500000 9.150000 18.300000
   vertex -32.500000 7.364924 27.274185
   vertex -32.500000 7.955685 27.371720
  endloop
 endfacet
 facet normal 1 0 0
  outer loop
   vertex 32.500000 9.150000 18.300000
   vertex 32.500000 7.955685 27.371720
   vertex 32.500000 7.364924 27.274185
  endloop
 endfacet
 facet normal 0 -0.22707626 0.97387698
  outer loop
   vertex -32.500000 7.364924 27.274185
   vertex -32.500000 6.781806 27.138221
   vertex 32.500000 6.781806 27.138221
  endloop
 endfacet
 facet normal 0 -0.22707626 0.97387698
  outer loop
   vertex -32.500000 7.364924 27.274185
   vertex 32.500000 6.781806 27.138221
   vertex 32.500000 7.364924 27.274185
  endloop
 endfacet
 facet normal -1 0 0
  outer loop
   vertex -32.500000 9.150000 18.300000
   vertex -32.500000 6.781806 27.138221
   vertex -32.500000 7.364924 27.274185
  endloop
 endfacet
 facet normal 1 0 0
  outer loop
   vertex 32.500000 9.150000 18.300000
   vertex 32.500000 7.364924 27.274185
   vertex 32.500000 6.781806 27.138221
  endloop
 endfacet
 facet normal 0 -0.29028468 0.95694034
  outer loop
   vertex -32.500000 6.781806 27.138221
   vertex -32.500000 6.208829 26.964411
   vertex 32.500000 6.208829 26.964411
  endloop
 endfacet
 facet normal 0 -0.29028468 0.95694034
  outer loop
   vertex -32.500000 6.781806 27.138221
   vertex 32.500000 6.208829 26.964411
   vertex 32.500000 6.781806 27.138221
  endloop
 endfacet
 facet normal -1 0 0
  outer loop
   vertex -32.500000 9.150000 18.300000
   vertex -32.500000 6.208829 26.964411
   vertex -32.500000 6.781806 27.138221
  endloop
 endfacet
 facet normal 1 0 0
  outer loop
   vertex 32.500000 9.150000 18.300000
   vertex 32.500000 6.781806 27.138221
   vertex 32.500000 6.208829 26.964411
  endloop
 endfacet
 facet normal 0 -0.35225005 0.93590593
  outer loop
   vertex -32.500000 6.208829 26.964411
   vertex -32.500000 5.648447 26.753498
   vertex 32.500000 5.648447 26.753498
  endloop
 endfacet
 facet normal 0 -0.35225005 0.93590593
  outer loop
   vertex -32.500000 6.208829 26.964411
   vertex 32.500000 5.648447 26.753498
   vertex 32.500000 6.208829 26.964411
  endloop
 endfacet
 facet normal -1 0 0
  outer loop
   vertex -32.500000 9.150000 18.300000
   vertex -32.500000 5.648447 26.753498
   vertex -32.500000 6.208829 26.964411
  endloop
 endfacet
 facet normal 1 0 0
  outer loop
   vertex 32.500000 9.150000 18.300000
   vertex 32.500000 6.208829 26.964411
   vertex 32.500000 5.648447 26.753498
  endloop
 endfacet
 facet normal 0 -0.41270703 0.91086382
  outer loop
   vertex -32.500000 5.648447 26.753498
   vertex -32.500000 5.103058 26.506386
   vertex 32.500000 5.103058 26.506386
  endloop
 endfacet
 facet normal 0 -0.41270703 0.91086382
  outer loop
   vertex -32.500000 5.648447 26.753498
   vertex 32.500000 5.103058 26.506386
   vertex 32.500000 5.648447 26.753498
  endloop
 endfacet
 facet normal -1 0 0
  outer loop
   vertex -32.500000 9.150000 18.300000
   vertex -32.500000 5.103058 26.506386
   vertex -32.500000 5.648447 26.753498
  endloop
 endfacet
 facet normal 1 0 0
  outer loop
   vertex 32.500000 9.150000 18.300000
   vertex 32.500000 5.648447 26.753498
   vertex 32.500000 5.103058 26.506386
  endloop
 endfacet
 facet normal 0 -0.47139674 0.88192126
  outer loop
   vertex -32.500000 5.103058 26.506386
   vertex -32.500000 4.575000 26.224132
   vertex 32.500000 4.575000 26.224132
  endloop
 endfacet
 facet normal 0 -0.47139674 0.88192126
  outer loop
   vertex -32.500000 5.103058 26.506386
   vertex 32.500000 4.575000 26.224132
   vertex 32.500000 5.103058 26.506386
  endloop
 endfacet
 facet normal -1 0 0
  outer loop
   vertex -32.500000 9.150000 18.300000
   vertex -32.500000 4.575000 26.224132
   vertex -32.500000 5.103058 26.506386
  endloop
 endfacet
 facet normal 1 0 0
  outer loop
   vertex 32.500000 9.150000 18.300000
   vertex 32.500000 5.103058 26.506386
   vertex 32.500000 4.575000 26.224132
  endloop
 endfacet
 facet normal 0 -0.52806785 0.84920218
  outer loop
   vertex -32.500000 4.575000 26.224132
   vertex -32.500000 4.066532 25.907947
   vertex 32.500000 4.066532 25.907947
  endloop
 endfacet
 facet normal 0 -0.52806785 0.84920218
  outer loop
   vertex -32.500000 4.575000 26.224132
   vertex 32.500000 4.066532 25.907947
   vertex 32.500000 4.575000 26.224132
  endloop
 endfacet
 facet normal -1 0 0
  outer loop
   vertex -32.500000 9.150000 18.300000
   vertex -32.500000 4.066532 25.907947
   vertex -32.500000 4.575000 26.224132
  endloop
 endfacet
 facet normal 1 0 0
  outer loop
   vertex 32.500000 9.150000 18.300000
   vertex 32.500000 4.575000 26.224132
   vertex 32.500000 4.066532 25.907947
  endloop
 endfacet
 facet normal 0 -0.5824777 0.81284668
  outer loop
   vertex -32.500000 4.066532 25.907947
   vertex -32.500000 3.579833 25.559183
   vertex 32.500000 3.579833 25.559183
  endloop
 endfacet
 facet normal 0 -0.5824777 0.81284668
  outer loop
   vertex -32.500000 4.066532 25.907947
   vertex 32.500000 3.579833 25.559183
   vertex 32.500000 4.066532 25.907947
  endloop
 endfacet
 facet normal -1 0 0
  outer loop
   vertex -32.500000 9.150000 18.300000
   vertex -32.500000 3.579833 25.559183
   vertex -32.500000 4.066532 25.907947
  endloop
 endfacet
 facet normal 1 0 0
  outer loop
   vertex 32.500000 9.150000 18.300000
   vertex 32.500000 4.066532 25.907947
   vertex 32.500000 3.579833 25.559183
  endloop
 endfacet
 facet normal 0 -0.63439328 0.77301045
  outer loop
   vertex -32.500000 3.579833 25.559183
   vertex -32.500000 3.116986 25.179334
   vertex 32.500000 3.116986 25.179334
  endloop
 endfacet
 facet normal 0 -0.63439328 0.77301045
  outer loop
   vertex -32.500000 3.579833 25.559183
   vertex 32.500000 3.116986 25.179334
   vertex 32.500000 3.579833 25.559183
  endloop
 endfacet
 facet normal -1 0 0
  outer loop
   vertex -32.500000 9.150000 18.300000
   vertex -32.500000 3.116986 25.179334
   vertex -32.500000 3.579833 25.559183
  endloop
 endfacet
 facet normal 1 0 0
  outer loop
   vertex 32.500000 9.150000 18.300000
   vertex 32.500000 3.579833 25.559183
   vertex 32.500000 3.116986 25.179334
  endloop
 endfacet
 facet normal 0 -0.6835923 0.72986407
  outer loop
   vertex -32.500000 3.116986 25.179334
   vertex -32.500000 2.679973 24.770027
   vertex 32.500000 2.679973 24.770027
  endloop
 endfacet
 facet normal 0 -0.6835923 0.72986407
  outer loop
   vertex -32.500000 3.116986 25.179334
   vertex 32.500000 2.679973 24.770027
   vertex 32.500000 3.116986 25.179334
  endloop
 endfacet
 facet normal -1 0 0
  outer loop
   vertex -32.500000 9.150000 18.300000
   vertex -32.500000 2.679973 24.770027
   vertex -32.500000 3.116986 25.179334
  endloop
 endfacet
 facet normal 1 0 0
  outer loop
   vertex 32.500000 9.150000 18.300000
   vertex 32.500000 3.116986 25.179334
   vertex 32.500000 2.679973 24.770027
  endloop
 endfacet
 facet normal 0 -0.72986407 0.6835923
  outer loop
   vertex -32.500000 2.679973 24.770027
   vertex -32.500000 2.270666 24.333014
   vertex 32.500000 2.270666 24.333014
  endloop
 endfacet
 facet normal 0 -0.72986407 0.6835923
  outer loop
   vertex -32.500000 2.679973 24.770027
   vertex 32.500000 2.270666 24.333014
   vertex 32.500000 2.679973 24.770027
  endloop
 endfacet
 facet normal -1 0 0
  outer loop
   vertex -32.500000 9.150000 18.300000
   vertex -32.500000 2.270666 24.333014
   vertex -32.500000 2.679973 24.770027
  endloop
 endfacet
 facet normal 1 0 0
  outer loop
   vertex 32.500000 9.150000 18.300000
   vertex 32.500000 2.679973 24.770027
   vertex 32.500000 2.270666 24.333014
  endloop
 endfacet
 facet normal 0 -0.77301045 0.63439328
  outer loop
   vertex -32.500000 2.270666 24.333014
   vertex -32.500000 1.890817 23.870167
   vertex 32.500000 1.890817 23.870167
  endloop
 endfacet
 facet normal 0 -0.77301045 0.63439328
  outer loop
   vertex -32.500000 2.270666 24.333014
   vertex 32.500000 1.890817 23.870167
   vertex 32.500000 2.270666 24.333014
  endloop
 endfacet
 facet normal -1 0 0
  outer loop
   vertex -32.500000 9.150000 18.300000
   vertex -32.500000 1.890817 23.870167
   vertex -32.500000 2.270666 24.333014
  endloop
 endfacet
 facet normal 1 0 0
  outer loop
   vertex 32.500000 9.150000 18.300000
   vertex 32.500000 2.270666 24.333014
   vertex 32.500000 1.890817 23.870167
  endloop
 endfacet
 facet normal 0 -0.81284668 0.5824777
  outer loop
   vertex -32.500000 1.890817 23.870167
   vertex -32.500000 1.542053 23.383468
   vertex 32.500000 1.542053 23.383468
  endloop
 endfacet
 facet normal 0 -0.81284668 0.5824777
  outer loop
   vertex -32.500000 1.890817 23.870167
   vertex 32.500000 1.542053 23.383468
   vertex 32.500000 1.890817 23.870167
  endloop
 endfacet
 facet normal -1 0 0
  outer loop
   vertex -32.500000 9.150000 18.300000
   vertex -32.500000 1.542053 23.383468
   vertex -32.500000 1.890817 23.870167
  endloop
 endfacet
 facet normal 1 0 0
  outer loop
   vertex 32.500000 9.150000 18.300000
   vertex 32.500000 1.890817 23.870167
   vertex 32.500000 1.542053 23.383468
  endloop
 endfacet
 facet normal 0 -0.84920218 0.52806785
  outer loop
   vertex -32.500000 1.542053 23.383468
   vertex -32.500000 1.225868 22.875000
   vertex 32.500000 1.225868 22.875000
  endloop
 endfacet
 facet normal 0 -0.84920218 0.52806785
  outer loop
   vertex -32.500000 1.542053 23.383468
   vertex 32.500000 1.225868 22.875000
   vertex 32.500000 1.542053 23.383468
  endloop
 endfacet
 facet normal -1 0 0
  outer loop
   vertex -32.500000 9.150000 18.300000
   vertex -32.500000 1.225868 22.875000
   vertex -32.500000 1.542053 23.383468
  endloop
 endfacet
 facet normal 1 0 0
  outer loop
   vertex 32.500000 9.150000 18.300000
   vertex 32.500000 1.542053 23.383468
   vertex 32.500000 1.225868 22.875000
  endloop
 endfacet
 facet normal 0 -0.88192126 0.47139674
  outer loop
   vertex -32.500000 1.225868 22.875000
   vertex -32.500000 0.943614 22.346942
   vertex 32.500000 0.943614 22.346942
  endloop
 endfacet
 facet normal 0 -0.88192126 0.47139674
  outer loop
   vertex -32.500000 1.225868 22.875000
   vertex 32.500000 0.943614 22.346942
   vertex 32.500000 1.225868 22.875000
  endloop
 endfacet
 facet normal -1 0 0
  outer loop
   vertex -32.500000 9.150000 18.300000
   vertex -32.500000 0.943614 22.346942
   vertex -32.500000 1.225868 22.875000
  endloop
 endfacet
 facet normal 1 0 0
  outer loop
   vertex 32.500000 9.150000 18.300000
   vertex 32.500000 1.225868 22.875000
   vertex 32.500000 0.943614 22.346942
  endloop
 endfacet
 facet normal 0 -0.91086382 0.41270703
  outer loop
   vertex -32.500000 0.943614 22.346942
   vertex -32.500000 0.696502 21.801553
   vertex 32.500000 0.696502 21.801553
  endloop
 endfacet
 facet normal 0 -0.91086382 0.41270703
  outer loop
   vertex -32.500000 0.943614 22.346942
   vertex 32.500000 0.696502 21.801553
   vertex 32.500000 0.943614 22.346942
  endloop
 endfacet
 facet normal -1 0 0
  outer loop
   vertex -32.500000 9.150000 18.300000
   vertex -32.500000 0.696502 21.801553
   vertex -32.500000 0.943614 22.346942
  endloop
 endfacet
 facet normal 1 0 0
  outer loop
   vertex 32.500000 9.150000 18.300000
   vertex 32.500000 0.943614 22.346942
   vertex 32.500000 0.696502 21.801553
  endloop
 endfacet
 facet normal 0 -0.93590593 0.35225005
  outer loop
   vertex -32.500000 0.696502 21.801553
   vertex -32.500000 0.485589 21.241171
   vertex 32.500000 0.485589 21.241171
  endloop
 endfacet
 facet normal 0 -0.93590593 0.35225005
  outer loop
   vertex -32.500000 0.696502 21.801553
   vertex 32.500000 0.485589 21.241171
   vertex 32.500000 0.696502 21.801553
  endloop
 endfacet
 facet normal -1 0 0
  outer loop
   vertex -32.500000 9.150000 18.300000
   vertex -32.500000 0.485589 21.241171
   vertex -32.500000 0.696502 21.801553
  endloop
 endfacet
 facet normal 1 0 0
  outer loop
   vertex 32.500000 9.150000 18.300000
   vertex 32.500000 0.696502 21.801553
   vertex 32.500000 0.485589 21.241171
  endloop
 endfacet
 facet normal 0 -0.95694034 0.29028468
  outer loop
   vertex -32.500000 0.485589 21.241171
   vertex -32.500000 0.311779 20.668194
   vertex 32.500000 0.311779 20.668194
  endloop
 endfacet
 facet normal 0 -0.95694034 0.29028468
  outer loop
   vertex -32.500000 0.485589 21.241171
   vertex 32.500000 0.311779 20.668194
   vertex 32.500000 0.485589 21.241171
  endloop
 endfacet
 facet normal -1 0 0
  outer loop
   vertex -32.500000 9.150000 18.300000
   vertex -32.500000 0.311779 20.668194
   vertex -32.500000 0.485589 21.241171
  endloop
 endfacet
 facet normal 1 0 0
  outer loop
   vertex 32.500000 9.150000 18.300000
   vertex 32.500000 0.485589 21.241171
   vertex 32.500000 0.311779 20.668194
  endloop
 endfacet
 facet normal 0 -0.97387698 0.22707626
  outer loop
   vertex -32.500000 0.311779 20.668194
   vertex -32.500000 0.175815 20.085076
   vertex 32.500000 0.175815 20.085076
  endloop
 endfacet
 facet normal 0 -0.97387698 0.22707626
  outer loop
   vertex -32.500000 0.311779 20.668194
   vertex 32.500000 0.175815 20.085076
   vertex 32.500000 0.311779 20.668194
  endloop
 endfacet
 facet normal -1 0 0
  outer loop
   vertex -32.500000 9.150000 18.300000
   vertex -32.500000 0.175815 20.085076
   vertex -32.500000 0.311779 20.668194
  endloop
 endfacet
 facet normal 1 0 0
  outer loop
   vertex 32.500000 9.150000 18.300000
   vertex 32.500000 0.311779 20.668194
   vertex 32.500000 0.175815 20.085076
  endloop
 endfacet
 facet normal 0 -0.98664333 0.16289547
  outer loop
   vertex -32.500000 0.175815 20.085076
   vertex -32.500000 0.078280 19.494315
   vertex 32.500000 0.078280 19.494315
  endloop
 endfacet
 facet normal 0 -0.98664333 0.16289547
  outer loop
   vertex -32.500000 0.175815 20.085076
   vertex 32.500000 0.078280 19.494315
   vertex 32.500000 0.175815 20.085076
  endloop
 endfacet
 facet normal -1 0 0
  outer loop
   vertex -32.500000 9.150000 18.300000
   vertex -32.500000 0.078280 19.494315
   vertex -32.500000 0.175815 20.085076
  endloop
 endfacet
 facet normal 1 0 0
  outer loop
   vertex 32.500000 9.150000 18.300000
   vertex 32.500000 0.175815 20.085076
   vertex 32.500000 0.078280 19.494315
  endloop
 endfacet
 facet normal 0 -0.99518473 0.09801714
  outer loop
   vertex -32.500000 0.078280 19.494315
   vertex -32.500000 0.019591 18.898439
   vertex 32.500000 0.019591 18.898439
  endloop
 endfacet
 facet normal 0 -0.99518473 0.09801714
  outer loop
   vertex -32.500000 0.078280 19.494315
   vertex 32.500000 0.019591 18.898439
   vertex 32.500000 0.078280 19.494315
  endloop
 endfacet
 facet normal -1 0 0
  outer loop
   vertex -32.500000 9.150000 18.300000
   vertex -32.500000 0.019591 18.898439
   vertex -32.500000 0.078280 19.494315
  endloop
 endfacet
 facet normal 1 0 0
  outer loop
   vertex 32.500000 9.150000 18.300000
   vertex 32.500000 0.078280 19.494315
   vertex 32.500000 0.019591 18.898439
  endloop
 endfacet
 facet normal 0 -0.99946459 0.032719083
  outer loop
   vertex -32.500000 0.019591 18.898439
   vertex -32.500000 0.000000 18.300000
   vertex 32.500000 0.000000 18.300000
  endloop
 endfacet
 facet normal 0 -0.99946459 0.032719083
  outer loop
   vertex -32.500000 0.019591 18.898439
   vertex 32.500000 0.000000 18.300000
   vertex 32.500000 0.019591 18.898439
  endloop
 endfacet
 facet normal -1 0 0
  outer loop
   vertex -32.500000 9.150000 18.300000
   vertex -32.500000 0.000000 18.300000
   vertex -32.500000 0.019591 18.898439
  endloop
 endfacet
 facet normal 1 0 0
  outer loop
   vertex 32.500000 9.150000 18.300000
   vertex 32.500000 0.019591 18.898439
   vertex 32.500000 0.000000 18.300000
  endloop
 endfacet
 facet normal 0 -0.99946459 -0.032719083
  outer loop
   vertex -32.500000 0.000000 18.300000
   vertex -32.500000 0.019591 17.701561
   vertex 32.500000 0.019591 17.701561
  endloop
 endfacet
 facet normal 0 -0.99946459 -0.032719083
  outer loop
   vertex -32.500000 0.000000 18.300000
   vertex 32.500000 0.019591 17.701561
   vertex 32.500000 0.000000 18.300000
  endloop
 endfacet
 facet normal -1 -0 0
  outer loop
   vertex -32.500000 9.150000 18.300000
   vertex -32.500000 0.019591 17.701561
   vertex -32.500000 0.000000 18.300000
  endloop
 endfacet
 facet normal 1 0 0
  outer loop
   vertex 32.500000 9.150000 18.300000
   vertex 32.500000 0.000000 18.300000
   vertex 32.500000 0.019591 17.701561
  endloop
 endfacet
 facet normal 0 -0.99518473 -0.09801714
  outer loop
   vertex -32.500000 0.019591 17.701561
   vertex -32.500000 0.078280 17.105685
   vertex 32.500000 0.078280 17.105685
  endloop
 endfacet
 facet normal 0 -0.99518473 -0.09801714
  outer loop
   vertex -32.500000 0.019591 17.701561
   vertex 32.500000 0.078280 17.105685
   vertex 32.500000 0.019591 17.701561
  endloop
 endfacet
 facet normal -1 0 0
  outer loop
   vertex -32.500000 9.150000 18.300000
   vertex -32.500000 0.078280 17.105685
   vertex -32.500000 0.019591 17.701561
  endloop
 endfacet
 facet normal 1 0 0
  outer loop
   vertex 32.500000 9.150000 18.300000
   vertex 32.500000 0.019591 17.701561
   vertex 32.500000 0.078280 17.105685
  endloop
 endfacet
 facet normal 0 -0.98664333 -0.16289547
  outer loop
   vertex -32.500000 0.078280 17.105685
   vertex -32.500000 0.175815 16.514924
   vertex 32.500000 0.175815 16.514924
  endloop
 endfacet
 facet normal 0 -0.98664333 -0.16289547
  outer loop
   vertex -32.500000 0.078280 17.105685
   vertex 32.500000 0.175815 16.514924
   vertex 32.500000 0.078280 17.105685
  endloop
 endfacet
 facet normal -1 0 0
  outer loop
   vertex -32.500000 9.150000 18.300000
   vertex -32.500000 0.175815 16.514924
   vertex -32.500000 0.078280 17.105685
  endloop
 endfacet
 facet normal 1 0 0
  outer loop
   vertex 32.500000 9.150000 18.300000
   vertex 32.500000 0.078280 17.105685
   vertex 32.500000 0.175815 16.514924
  endloop
 endfacet
 facet normal 0 -0.97387698 -0.22707626
  outer loop
   vertex -32.500000 0.175815 16.514924
   vertex -32.500000 0.311779 15.931806
   vertex 32.500000 0.311779 15.931806
  endloop
 endfacet
 facet normal 0 -0.97387698 -0.22707626
  outer loop
   vertex -32.500000 0.175815 16.514924
   vertex 32.500000 0.311779 15.931806
   vertex 32.500000 0.175815 16.514924
  endloop
 endfacet
 facet normal -1 0 0
  outer loop
   vertex -32.500000 9.150000 18.300000
   vertex -32.500000 0.311779 15.931806
   vertex -32.500000 0.175815 16.514924
  endloop
 endfacet
 facet normal 1 0 0
  outer loop
   vertex 32.500000 9.150000 18.300000
   vertex 32.500000 0.175815 16.514924
   vertex 32.500000 0.311779 15.931806
  endloop
 endfacet
 facet normal 0 -0.95694034 -0.29028468
  outer loop
   vertex -32.500000 0.311779 15.931806
   vertex -32.500000 0.485589 15.358829
   vertex 32.500000 0.485589 15.358829
  endloop
 endfacet
 facet normal 0 -0.95694034 -0.29028468
  outer loop
   vertex -32.500000 0.311779 15.931806
   vertex 32.500000 0.485589 15.358829
   vertex 32.500000 0.311779 15.931806
  endloop
 endfacet
 facet normal -1 0 0
  outer loop
   vertex -32.500000 9.150000 18.300000
   vertex -32.500000 0.485589 15.358829
   vertex -32.500000 0.311779 15.931806
  endloop
 endfacet
 facet normal 1 0 0
  outer loop
   vertex 32.500000 9.150000 18.300000
   vertex 32.500000 0.311779 15.931806
   vertex 32.500000 0.485589 15.358829
  endloop
 endfacet
 facet normal 0 -0.93590593 -0.35225005
  outer loop
   vertex -32.500000 0.485589 15.358829
   vertex -32.500000 0.696502 14.798447
   vertex 32.500000 0.696502 14.798447
  endloop
 endfacet
 facet normal 0 -0.93590593 -0.35225005
  outer loop
   vertex -32.500000 0.485589 15.358829
   vertex 32.500000 0.696502 14.798447
   vertex 32.500000 0.485589 15.358829
  endloop
 endfacet
 facet normal -1 0 0
  outer loop
   vertex -32.500000 9.150000 18.300000
   vertex -32.500000 0.696502 14.798447
   vertex -32.500000 0.485589 15.358829
  endloop
 endfacet
 facet normal 1 0 0
  outer loop
   vertex 32.500000 9.150000 18.300000
   vertex 32.500000 0.485589 15.358829
   vertex 32.500000 0.696502 14.798447
  endloop
 endfacet
 facet normal 0 -0.91086382 -0.41270703
  outer loop
   vertex -32.500000 0.696502 14.798447
   vertex -32.500000 0.943614 14.253058
   vertex 32.500000 0.943614 14.253058
  endloop
 endfacet
 facet normal 0 -0.91086382 -0.41270703
  outer loop
   vertex -32.500000 0.696502 14.798447
   vertex 32.500000 0.943614 14.253058
   vertex 32.500000 0.696502 14.798447
  endloop
 endfacet
 facet normal -1 0 0
  outer loop
   vertex -32.500000 9.150000 18.300000
   vertex -32.500000 0.943614 14.253058
   vertex -32.500000 0.696502 14.798447
  endloop
 endfacet
 facet normal 1 0 0
  outer loop
   vertex 32.500000 9.150000 18.300000
   vertex 32.500000 0.696502 14.798447
   vertex 32.500000 0.943614 14.253058
  endloop
 endfacet
 facet normal 0 -0.88192126 -0.47139674
  outer loop
   vertex -32.500000 0.943614 14.253058
   vertex -32.500000 1.225868 13.725000
   vertex 32.500000 1.225868 13.725000
  endloop
 endfacet
 facet normal 0 -0.88192126 -0.47139674
  outer loop
   vertex -32.500000 0.943614 14.253058
   vertex 32.500000 1.225868 13.725000
   vertex 32.500000 0.943614 14.253058
  endloop
 endfacet
 facet normal -1 0 0
  outer loop
   vertex -32.500000 9.150000 18.300000
   vertex -32.500000 1.225868 13.725000
   vertex -32.500000 0.943614 14.253058
  endloop
 endfacet
 facet normal 1 0 0
  outer loop
   vertex 32.500000 9.150000 18.300000
   vertex 32.500000 0.943614 14.253058
   vertex 32.500000 1.225868 13.725000
  endloop
 endfacet
 facet normal 0 -0.84920218 -0.52806785
  outer loop
   vertex -32.500000 1.225868 13.725000
   vertex -32.500000 1.542053 13.216532
   vertex 32.500000 1.542053 13.216532
  endloop
 endfacet
 facet normal 0 -0.84920218 -0.52806785
  outer loop
   vertex -32.500000 1.225868 13.725000
   vertex 32.500000 1.542053 13.216532
   vertex 32.500000 1.225868 13.725000
  endloop
 endfacet
 facet normal -1 0 0
  outer loop
   vertex -32.500000 9.150000 18.300000
   vertex -32.500000 1.542053 13.216532
   vertex -32.500000 1.225868 13.725000
  endloop
 endfacet
 facet normal 1 0 0
  outer loop
   vertex 32.500000 9.150000 18.300000
   vertex 32.500000 1.225868 13.725000
   vertex 32.500000 1.542053 13.216532
  endloop
 endfacet
 facet normal 0 -0.81284668 -0.5824777
  outer loop
   vertex -32.500000 1.542053 13.216532
   vertex -32.500000 1.890817 12.729833
   vertex 32.500000 1.890817 12.729833
  endloop
 endfacet
 facet normal 0 -0.81284668 -0.5824777
  outer loop
   vertex -32.500000 1.542053 13.216532
   vertex 32.500000 1.890817 12.729833
   vertex 32.500000 1.542053 13.216532
  endloop
 endfacet
 facet normal -1 0 0
  outer loop
   vertex -32.500000 9.150000 18.300000
   vertex -32.500000 1.890817 12.729833
   vertex -32.500000 1.542053 13.216532
  endloop
 endfacet
 facet normal 1 0 0
  outer loop
   vertex 32.500000 9.150000 18.300000
   vertex 32.500000 1.542053 13.216532
   vertex 32.500000 1.890817 12.729833
  endloop
 endfacet
 facet normal 0 -0.77301045 -0.63439328
  outer loop
   vertex -32.500000 1.890817 12.729833
   vertex -32.500000 2.270666 12.266986
   vertex 32.500000 2.270666 12.266986
  endloop
 endfacet
 facet normal 0 -0.77301045 -0.63439328
  outer loop
   vertex -32.500000 1.890817 12.729833
   vertex 32.500000 2.270666 12.266986
   vertex 32.500000 1.890817 12.729833
  endloop
 endfacet
 facet normal -1 0 0
  outer loop
   vertex -32.500000 9.150000 18.300000
   vertex -32.500000 2.270666 12.266986
   vertex -32.500000 1.890817 12.729833
  endloop
 endfacet
 facet normal 1 0 0
  outer loop
   vertex 32.500000 9.150000 18.300000
   vertex 32.500000 1.890817 12.729833
   vertex 32.500000 2.270666 12.266986
  endloop
 endfacet
 facet normal 0 -0.72986407 -0.6835923
  outer loop
   vertex -32.500000 2.270666 12.266986
   vertex -32.500000 2.679973 11.829973
   vertex 32.500000 2.679973 11.829973
  endloop
 endfacet
 facet normal 0 -0.72986407 -0.6835923
  outer loop
   vertex -32.500000 2.270666 12.266986
   vertex 32.500000 2.679973 11.829973
   vertex 32.500000 2.270666 12.266986
  endloop
 endfacet
 facet normal -1 0 0
  outer loop
   vertex -32.500000 9.150000 18.300000
   vertex -32.500000 2.679973 11.829973
   vertex -32.500000 2.270666 12.266986
  endloop
 endfacet
 facet normal 1 0 0
  outer loop
   vertex 32.500000 9.150000 18.300000
   vertex 32.500000 2.270666 12.266986
   vertex 32.500000 2.679973 11.829973
  endloop
 endfacet
 facet normal 0 -0.6835923 -0.72986407
  outer loop
   vertex -32.500000 2.679973 11.829973
   vertex -32.500000 3.116986 11.420666
   vertex 32.500000 3.116986 11.420666
  endloop
 endfacet
 facet normal 0 -0.6835923 -0.72986407
  outer loop
   vertex -32.500000 2.679973 11.829973
   vertex 32.500000 3.116986 11.420666
   vertex 32.500000 2.679973 11.829973
  endloop
 endfacet
 facet normal -1 0 0
  outer loop
   vertex -32.500000 9.150000 18.300000
   vertex -32.500000 3.116986 11.420666
   vertex -32.500000 2.679973 11.829973
  endloop
 endfacet
 facet normal 1 0 0
  outer loop
   vertex 32.500000 9.150000 18.300000
   vertex 32.500000 2.679973 11.829973
   vertex 32.500000 3.116986 11.420666
  endloop
 endfacet
 facet normal 0 -0.63439328 -0.77301045
  outer loop
   vertex -32.500000 3.116986 11.420666
   vertex -32.500000 3.579833 11.040817
   vertex 32.500000 3.579833 11.040817
  endloop
 endfacet
 facet normal 0 -0.63439328 -0.77301045
  outer loop
   vertex -32.500000 3.116986 11.420666
   vertex 32.500000 3.579833 11.040817
   vertex 32.500000 3.116986 11.420666
  endloop
 endfacet
 facet normal -1 0 0
  outer loop
   vertex -32.500000 9.150000 18.300000
   vertex -32.500000 3.579833 11.040817
   vertex -32.500000 3.116986 11.420666
  endloop
 endfacet
 facet normal 1 0 0
  outer loop
   vertex 32.500000 9.150000 18.300000
   vertex 32.500000 3.116986 11.420666
   vertex 32.500000 3.579833 11.040817
  endloop
 endfacet
 facet normal 0 -0.5824777 -0.81284668
  outer loop
   vertex -32.500000 3.579833 11.040817
   vertex -32.500000 4.066532 10.692053
   vertex 32.500000 4.066532 10.692053
  endloop
 endfacet
 facet normal 0 -0.5824777 -0.81284668
  outer loop
   vertex -32.500000 3.579833 11.040817
   vertex 32.500000 4.066532 10.692053
   vertex 32.500000 3.579833 11.040817
  endloop
 endfacet
 facet normal -1 0 0
  outer loop
   vertex -32.500000 9.150000 18.300000
   vertex -32.500000 4.066532 10.692053
   vertex -32.500000 3.579833 11.040817
  endloop
 endfacet
 facet normal 1 0 0
  outer loop
   vertex 32.500000 9.150000 18.300000
   vertex 32.500000 3.579833 11.040817
   vertex 32.500000 4.066532 10.692053
  endloop
 endfacet
 facet normal 0 -0.52806785 -0.84920218
  outer loop
   vertex -32.500000 4.066532 10.692053
   vertex -32.500000 4.575000 10.375868
   vertex 32.500000 4.575000 10.375868
  endloop
 endfacet
 facet normal 0 -0.52806785 -0.84920218
  outer loop
   vertex -32.500000 4.066532 10.692053
   vertex 32.500000 4.575000 10.375868
   vertex 32.500000 4.066532 10.692053
  endloop
 endfacet
 facet normal -1 0 0
  outer loop
   vertex -32.500000 9.150000 18.300000
   vertex -32.500000 4.575000 10.375868
   vertex -32.500000 4.066532 10.692053
  endloop
 endfacet
 facet normal 1 0 0
  outer loop
   vertex 32.500000 9.150000 18.300000
   vertex 32.500000 4.066532 10.692053
   vertex 32.500000 4.575000 10.375868
  endloop
 endfacet
 facet normal 0 -0.47139674 -0.88192126
  outer loop
   vertex -32.500000 4.575000 10.375868
   vertex -32.500000 5.103058 10.093614
   vertex 32.500000 5.103058 10.093614
  endloop
 endfacet
 facet normal 0 -0.47139674 -0.88192126
  outer loop
   vertex -32.500000 4.575000 10.375868
   vertex 32.500000 5.103058 10.093614
   vertex 32.500000 4.575000 10.375868
  endloop
 endfacet
 facet normal -1 0 0
  outer loop
   vertex -32.500000 9.150000 18.300000
   vertex -32.500000 5.103058 10.093614
   vertex -32.500000 4.575000 10.375868
  endloop
 endfacet
 facet normal 1 0 0
  outer loop
   vertex 32.500000 9.150000 18.300000
   vertex 32.500000 4.575000 10.375868
   vertex 32.500000 5.103058 10.093614
  endloop
 endfacet
 facet normal 0 -0.41270703 -0.91086382
  outer loop
   vertex -32.500000 5.103058 10.093614
   vertex -32.500000 5.648447 9.846502
   vertex 32.500000 5.648447 9.846502
  endloop
 endfacet
 facet normal 0 -0.41270703 -0.91086382
  outer loop
   vertex -32.500000 5.103058 10.093614
   vertex 32.500000 5.648447 9.846502
   vertex 32.500000 5.103058 10.093614
  endloop
 endfacet
 facet normal -1 0 0
  outer loop
   vertex -32.500000 9.150000 18.300000
   vertex -32.500000 5.648447 9.846502
   vertex -32.500000 5.103058 10.093614
  endloop
 endfacet
 facet normal 1 0 0
  outer loop
   vertex 32.500000 9.150000 18.300000
   vertex 32.500000 5.103058 10.093614
   vertex 32.500000 5.648447 9.846502
  endloop
 endfacet
 facet normal 0 -0.35225005 -0.93590593
  outer loop
   vertex -32.500000 5.648447 9.846502
   vertex -32.500000 6.208829 9.635589
   vertex 32.500000 6.208829 9.635589
  endloop
 endfacet
 facet normal 0 -0.35225005 -0.93590593
  outer loop
   vertex -32.500000 5.648447 9.846502
   vertex 32.500000 6.208829 9.635589
   vertex 32.500000 5.648447 9.846502
  endloop
 endfacet
 facet normal -1 0 0
  outer loop
   vertex -32.500000 9.150000 18.300000
   vertex -32.500000 6.208829 9.635589
   vertex -32.500000 5.648447 9.846502
  endloop
 endfacet
 facet normal 1 0 0
  outer loop
   vertex 32.500000 9.150000 18.300000
   vertex 32.500000 5.648447 9.846502
   vertex 32.500000 6.208829 9.635589
  endloop
 endfacet
 facet normal 0 -0.29028468 -0.95694034
  outer loop
   vertex -32.500000 6.208829 9.635589
   vertex -32.500000 6.781806 9.461779
   vertex 32.500000 6.781806 9.461779
  endloop
 endfacet
 facet normal 0 -0.29028468 -0.95694034
  outer loop
   vertex -32.500000 6.208829 9.635589
   vertex 32.500000 6.781806 9.461779
   vertex 32.500000 6.208829 9.635589
  endloop
 endfacet
 facet normal -1 0 0
  outer loop
   vertex -32.500000 9.150000 18.300000
   vertex -32.500000 6.781806 9.461779
   vertex -32.500000 6.208829 9.635589
  endloop
 endfacet
 facet normal 1 0 0
  outer loop
   vertex 32.500000 9.150000 18.300000
   vertex 32.500000 6.208829 9.635589
   vertex 32.500000 6.781806 9.461779
  endloop
 endfacet
 facet normal 0 -0.22707626 -0.97387698
  outer loop
   vertex -32.500000 6.781806 9.461779
   vertex -32.500000 7.364924 9.325815
   vertex 32.500000 7.364924 9.325815
  endloop
 endfacet
 facet normal 0 -0.22707626 -0.97387698
  outer loop
   vertex -32.500000 6.781806 9.461779
   vertex 32.500000 7.364924 9.325815
   vertex 32.500000 6.781806 9.461779
  endloop
 endfacet
 facet normal -1 0 0
  outer loop
   vertex -32.500000 9.150000 18.300000
   vertex -32.500000 7.364924 9.325815
   vertex -32.500000 6.781806 9.461779
  endloop
 endfacet
 facet normal 1 0 0
  outer loop
   vertex 32.500000 9.150000 18.300000
   vertex 32.500000 6.781806 9.461779
   vertex 32.500000 7.364924 9.325815
  endloop
 endfacet
 facet normal 0 -0.16289547 -0.98664333
  outer loop
   vertex -32.500000 7.364924 9.325815
   vertex -32.500000 7.955685 9.228280
   vertex 32.500000 7.955685 9.228280
  endloop
 endfacet
 facet normal 0 -0.16289547 -0.98664333
  outer loop
   vertex -32.500000 7.364924 9.325815
   vertex 32.500000 7.955685 9.228280
   vertex 32.500000 7.364924 9.325815
  endloop
 endfacet
 facet normal -1 0 0
  outer loop
   vertex -32.500000 9.150000 18.300000
   vertex -32.500000 7.955685 9.228280
   vertex -32.500000 7.364924 9.325815
  endloop
 endfacet
 facet normal 1 0 0
  outer loop
   vertex 32.500000 9.150000 18.300000
   vertex 32.500000 7.364924 9.325815
   vertex 32.500000 7.955685 9.228280
  endloop
 endfacet
 facet normal 0 -0.09801714 -0.99518473
  outer loop
   vertex -32.500000 7.955685 9.228280
   vertex -32.500000 8.551561 9.169591
   vertex 32.500000 8.551561 9.169591
  endloop
 endfacet
 facet normal 0 -0.09801714 -0.99518473
  outer loop
   vertex -32.500000 7.955685 9.228280
   vertex 32.500000 8.551561 9.169591
   vertex 32.500000 7.955685 9.228280
  endloop
 endfacet
 facet normal -1 0 0
  outer loop
   vertex -32.500000 9.150000 18.300000
   vertex -32.500000 8.551561 9.169591
   vertex -32.500000 7.955685 9.228280
  endloop
 endfacet
 facet normal 1 0 0
  outer loop
   vertex 32.500000 9.150000 18.300000
   vertex 32.500000 7.955685 9.228280
   vertex 32.500000 8.551561 9.169591
  endloop
 endfacet
 facet normal 0 -0.032719083 -0.99946459
  outer loop
   vertex -32.500000 8.551561 9.169591
   vertex -32.500000 9.150000 9.150000
   vertex 32.500000 9.150000 9.150000
  endloop
 endfacet
 facet normal 0 -0.032719083 -0.99946459
  outer loop
   vertex -32.500000 8.551561 9.169591
   vertex 32.500000 9.150000 9.150000
   vertex 32.500000 8.551561 9.169591
  endloop
 endfacet
 facet normal -1 0 0
  outer loop
   vertex -32.500000 9.150000 18.300000
   vertex -32.500000 9.150000 9.150000
   vertex -32.500000 8.551561 9.169591
  endloop
 endfacet
 facet normal 1 0 0
  outer loop
   vertex 32.500000 9.150000 18.300000
   vertex 32.500000 8.551561 9.169591
   vertex 32.500000 9.150000 9.150000
  endloop
 endfacet
 facet normal 0 0.032719083 -0.99946459
  outer loop
   vertex -32.500000 9.150000 9.150000
   vertex -32.500000 9.748439 9.169591
   vertex 32.500000 9.748439 9.169591
  endloop
 endfacet
 facet normal 0 0.032719083 -0.99946459
  outer loop
   vertex -32.500000 9.150000 9.150000
   vertex 32.500000 9.748439 9.169591
   vertex 32.500000 9.150000 9.150000
  endloop
 endfacet
 facet normal -1 0 -0
  outer loop
   vertex -32.500000 9.150000 18.300000
   vertex -32.500000 9.748439 9.169591
   vertex -32.500000 9.150000 9.150000
  endloop
 endfacet
 facet normal 1 0 0
  outer loop
   vertex 32.500000 9.150000 18.300000
   vertex 32.500000 9.150000 9.150000
   vertex 32.500000 9.748439 9.169591
  endloop
 endfacet
 facet normal 0 0.09801714 -0.99518473
  outer loop
   vertex -32.500000 9.748439 9.169591
   vertex -32.500000 10.344315 9.228280
   vertex 32.500000 10.344315 9.228280
  endloop
 endfacet
 facet normal 0 0.09801714 -0.99518473
  outer loop
   vertex -32.500000 9.748439 9.169591
   vertex 32.500000 10.344315 9.228280
   vertex 32.500000 9.748439 9.169591
  endloop
 endfacet
 facet normal -1 0 0
  outer loop
   vertex -32.500000 9.150000 18.300000
   vertex -32.500000 10.344315 9.228280
   vertex -32.500000 9.748439 9.169591
  endloop
 endfacet
 facet normal 1 0 0
  outer loop
   vertex 32.500000 9.150000 18.300000
   vertex 32.500000 9.748439 9.169591
   vertex 32.500000 10.344315 9.228280
  endloop
 endfacet
 facet normal 0 0.16289547 -0.98664333
  outer loop
   vertex -32.500000 10.344315 9.228280
   vertex -32.500000 10.935076 9.325815
   vertex 32.500000 10.935076 9.325815
  endloop
 endfacet
 facet normal 0 0.16289547 -0.98664333
  outer loop
   vertex -32.500000 10.344315 9.228280
   vertex 32.500000 10.935076 9.325815
   vertex 32.500000 10.344315 9.228280
  endloop
 endfacet
 facet normal -1 0 0
  outer loop
   vertex -32.500000 9.150000 18.300000
   vertex -32.500000 10.935076 9.325815
   vertex -32.500000 10.344315 9.228280
  endloop
 endfacet
 facet normal 1 0 0
  outer loop
   vertex 32.500000 9.150000 18.300000
   vertex 32.500000 10.344315 9.228280
   vertex 32.500000 10.935076 9.325815
  endloop
 endfacet
 facet normal 0 0.22707626 -0.97387698
  outer loop
   vertex -32.500000 10.935076 9.325815
   vertex -32.500000 11.518194 9.461779
   vertex 32.500000 11.518194 9.461779
  endloop
 endfacet
 facet normal 0 0.22707626 -0.97387698
  outer loop
   vertex -32.500000 10.935076 9.325815
   vertex 32.500000 11.518194 9.461779
   vertex 32.500000 10.935076 9.325815
  endloop
 endfacet
 facet normal -1 0 0
  outer loop
   vertex -32.500000 9.150000 18.300000
   vertex -32.500000 11.518194 9.461779
   vertex -32.500000 10.935076 9.325815
  endloop
 endfacet
 facet normal 1 0 0
  outer loop
   vertex 32.500000 9.150000 18.300000
   vertex 32.500000 10.935076 9.325815
   vertex 32.500000 11.518194 9.461779
  endloop
 endfacet
 facet normal 0 0.29028468 -0.95694034
  outer loop
   vertex -32.500000 11.518194 9.461779
   vertex -32.500000 12.091171 9.635589
   vertex 32.500000 12.091171 9.635589
  endloop
 endfacet
 facet normal 0 0.29028468 -0.95694034
  outer loop
   vertex -32.500000 11.518194 9.461779
   vertex 32.500000 12.091171 9.635589
   vertex 32.500000 11.518194 9.461779
  endloop
 endfacet
 facet normal -1 0 0
  outer loop
   vertex -32.500000 9.150000 18.300000
   vertex -32.500000 12.091171 9.635589
   vertex -32.500000 11.518194 9.461779
  endloop
 endfacet
 facet normal 1 0 0
  outer loop
   vertex 32.500000 9.150000 18.300000
   vertex 32.500000 11.518194 9.461779
   vertex 32.500000 12.091171 9.635589
  endloop
 endfacet
 facet normal 0 0.35225005 -0.93590593
  outer loop
   vertex -32.500000 12.091171 9.635589
   vertex -32.500000 12.651553 9.846502
   vertex 32.500000 12.651553 9.846502
  endloop
 endfacet
 facet normal 0 0.35225005 -0.93590593
  outer loop
   vertex -32.500000 12.091171 9.635589
   vertex 32.500000 12.651553 9.846502
   vertex 32.500000 12.091171 9.635589
  endloop
 endfacet
 facet normal -1 0 0
  outer loop
   vertex -32.500000 9.150000 18.300000
   vertex -32.500000 12.651553 9.846502
   vertex -32.500000 12.091171 9.635589
  endloop
 endfacet
 facet normal 1 0 0
  outer loop
   vertex 32.500000 9.150000 18.300000
   vertex 32.500000 12.091171 9.635589
   vertex 32.500000 12.651553 9.846502
  endloop
 endfacet
 facet normal 0 0.41270703 -0.91086382
  outer loop
   vertex -32.500000 12.651553 9.846502
   vertex -32.500000 13.196942 10.093614
   vertex 32.500000 13.196942 10.093614
  endloop
 endfacet
 facet normal 0 0.41270703 -0.91086382
  outer loop
   vertex -32.500000 12.651553 9.846502
   vertex 32.500000 13.196942 10.093614
   vertex 32.500000 12.651553 9.846502
  endloop
 endfacet
 facet normal -1 0 0
  outer loop
   vertex -32.500000 9.150000 18.300000
   vertex -32.500000 13.196942 10.093614
   vertex -32.500000 12.651553 9.846502
  endloop
 endfacet
 facet normal 1 0 0
  outer loop
   vertex 32.500000 9.150000 18.300000
   vertex 32.500000 12.651553 9.846502
   vertex 32.500000 13.196942 10.093614
  endloop
 endfacet
 facet normal 0 0.47139674 -0.88192126
  outer loop
   vertex -32.500000 13.196942 10.093614
   vertex -32.500000 13.725000 10.375868
   vertex 32.500000 13.725000 10.375868
  endloop
 endfacet
 facet normal 0 0.47139674 -0.88192126
  outer loop
   vertex -32.500000 13.196942 10.093614
   vertex 32.500000 13.725000 10.375868
   vertex 32.500000 13.196942 10.093614
  endloop
 endfacet
 facet normal -1 0 0
  outer loop
   vertex -32.500000 9.150000 18.300000
   vertex -32.500000 13.725000 10.375868
   vertex -32.500000 13.196942 10.093614
  endloop
 endfacet
 facet normal 1 0 0
  outer loop
   vertex 32.500000 9.150000 18.300000
   vertex 32.500000 13.196942 10.093614
   vertex 32.500000 13.725000 10.375868
  endloop
 endfacet
 facet normal 0 0.52806785 -0.84920218
  outer loop
   vertex -32.500000 13.725000 10.375868
   vertex -32.500000 14.233468 10.692053
   vertex 32.500000 14.233468 10.692053
  endloop
 endfacet
 facet normal 0 0.52806785 -0.84920218
  outer loop
   vertex -32.500000 13.725000 10.375868
   vertex 32.500000 14.233468 10.692053
   vertex 32.500000 13.725000 10.375868
  endloop
 endfacet
 facet normal -1 0 0
  outer loop
   vertex -32.500000 9.150000 18.300000
   vertex -32.500000 14.233468 10.692053
   vertex -32.500000 13.725000 10.375868
  endloop
 endfacet
 facet normal 1 0 0
  outer loop
   vertex 32.500000 9.150000 18.300000
   vertex 32.500000 13.725000 10.375868
   vertex 32.500000 14.233468 10.692053
  endloop
 endfacet
 facet normal 0 0.5824777 -0.81284668
  outer loop
   vertex -32.500000 14.233468 10.692053
   vertex -32.500000 14.720167 11.040817
   vertex 32.500000 14.720167 11.040817
  endloop
 endfacet
 facet normal 0 0.5824777 -0.81284668
  outer loop
   vertex -32.500000 14.233468 10.692053
   vertex 32.500000 14.720167 11.040817
   vertex 32.500000 14.233468 10.692053
  endloop
 endfacet
 facet normal -1 0 0
  outer loop
   vertex -32.500000 9.150000 18.300000
   vertex -32.500000 14.720167 11.040817
   vertex -32.500000 14.233468 10.692053
  endloop
 endfacet
 facet normal 1 0 0
  outer loop
   vertex 32.500000 9.150000 18.300000
   vertex 32.500000 14.233468 10.692053
   vertex 32.500000 14.720167 11.040817
  endloop
 endfacet
 facet normal 0 0.63439328 -0.77301045
  outer loop
   vertex -32.500000 14.720167 11.040817
   vertex -32.500000 15.183014 11.420666
   vertex 32.500000 15.183014 11.420666
  endloop
 endfacet
 facet normal 0 0.63439328 -0.77301045
  outer loop
   vertex -32.500000 14.720167 11.040817
   vertex 32.500000 15.183014 11.420666
   vertex 32.500000 14.720167 11.040817
  endloop
 endfacet
 facet normal -1 0 0
  outer loop
   vertex -32.500000 9.150000 18.300000
   vertex -32.500000 15.183014 11.420666
   vertex -32.500000 14.720167 11.040817
  endloop
 endfacet
 facet normal 1 0 0
  outer loop
   vertex 32.500000 9.150000 18.300000
   vertex 32.500000 14.720167 11.040817
   vertex 32.500000 15.183014 11.420666
  endloop
 endfacet
 facet normal 0 0.6835923 -0.72986407
  outer loop
   vertex -32.500000 15.183014 11.420666
   vertex -32.500000 15.620027 11.829973
   vertex 32.500000 15.620027 11.829973
  endloop
 endfacet
 facet normal 0 0.6835923 -0.72986407
  outer loop
   vertex -32.500000 15.183014 11.420666
   vertex 32.500000 15.620027 11.829973
   vertex 32.500000 15.183014 11.420666
  endloop
 endfacet
 facet normal -1 0 0
  outer loop
   vertex -32.500000 9.150000 18.300000
   vertex -32.500000 15.620027 11.829973
   vertex -32.500000 15.183014 11.420666
  endloop
 endfacet
 facet normal 1 0 0
  outer loop
   vertex 32.500000 9.150000 18.300000
   vertex 32.500000 15.183014 11.420666
   vertex 32.500000 15.620027 11.829973
  endloop
 endfacet
 facet normal 0 0.72986407 -0.6835923
  outer loop
   vertex -32.500000 15.620027 11.829973
   vertex -32.500000 16.029334 12.266986
   vertex 32.500000 16.029334 12.266986
  endloop
 endfacet
 facet normal 0 0.72986407 -0.6835923
  outer loop
   vertex -32.500000 15.620027 11.829973
   vertex 32.500000 16.029334 12.266986
   vertex 32.500000 15.620027 11.829973
  endloop
 endfacet
 facet normal -1 0 0
  outer loop
   vertex -32.500000 9.150000 18.300000
   vertex -32.500000 16.029334 12.266986
   vertex -32.500000 15.620027 11.829973
  endloop
 endfacet
 facet normal 1 0 0
  outer loop
   vertex 32.500000 9.150000 18.300000
   vertex 32.500000 15.620027 11.829973
   vertex 32.500000 16.029334 12.266986
  endloop
 endfacet
 facet normal 0 0.77301045 -0.63439328
  outer loop
   vertex -32.500000 16.029334 12.266986
   vertex -32.500000 16.409183 12.729833
   vertex 32.500000 16.409183 12.729833
  endloop
 endfacet
 facet normal 0 0.77301045 -0.63439328
  outer loop
   vertex -32.500000 16.029334 12.266986
   vertex 32.500000 16.409183 12.729833
   vertex 32.500000 16.029334 12.266986
  endloop
 endfacet
 facet normal -1 0 0
  outer loop
   vertex -32.500000 9.150000 18.300000
   vertex -32.500000 16.409183 12.729833
   vertex -32.500000 16.029334 12.266986
  endloop
 endfacet
 facet normal 1 0 0
  outer loop
   vertex 32.500000 9.150000 18.300000
   vertex 32.500000 16.029334 12.266986
   vertex 32.500000 16.409183 12.729833
  endloop
 endfacet
 facet normal 0 0.81284668 -0.5824777
  outer loop
   vertex -32.500000 16.409183 12.729833
   vertex -32.500000 16.757947 13.216532
   vertex 32.500000 16.757947 13.216532
  endloop
 endfacet
 facet normal 0 0.81284668 -0.5824777
  outer loop
   vertex -32.500000 16.409183 12.729833
   vertex 32.500000 16.757947 13.216532
   vertex 32.500000 16.409183 12.729833
  endloop
 endfacet
 facet normal -1 0 0
  outer loop
   vertex -32.500000 9.150000 18.300000
   vertex -32.500000 16.757947 13.216532
   vertex -32.500000 16.409183 12.729833
  endloop
 endfacet
 facet normal 1 0 0
  outer loop
   vertex 32.500000 9.150000 18.300000
   vertex 32.500000 16.409183 12.729833
   vertex 32.500000 16.757947 13.216532
  endloop
 endfacet
 facet normal 0 0.84920218 -0.52806785
  outer loop
   vertex -32.500000 16.757947 13.216532
   vertex -32.500000 17.074132 13.725000
   vertex 32.500000 17.074132 13.725000
  endloop
 endfacet
 facet normal 0 0.84920218 -0.52806785
  outer loop
   vertex -32.500000 16.757947 13.216532
   vertex 32.500000 17.074132 13.725000
   vertex 32.500000 16.757947 13.216532
  endloop
 endfacet
 facet normal -1 0 0
  outer loop
   vertex -32.500000 9.150000 18.300000
   vertex -32.500000 17.074132 13.725000
   vertex -32.500000 16.757947 13.216532
  endloop
 endfacet
 facet normal 1 0 0
  outer loop
   vertex 32.500000 9.150000 18.300000
   vertex 32.500000 16.757947 13.216532
   vertex 32.500000 17.074132 13.725000
  endloop
 endfacet
 facet normal 0 0.88192126 -0.47139674
  outer loop
   vertex -32.500000 17.074132 13.725000
   vertex -32.500000 17.356386 14.253058
   vertex 32.500000 17.356386 14.253058
  endloop
 endfacet
 facet normal 0 0.88192126 -0.47139674
  outer loop
   vertex -32.500000 17.074132 13.725000
   vertex 32.500000 17.356386 14.253058
   vertex 32.500000 17.074132 13.725000
  endloop
 endfacet
 facet normal -1 0 0
  outer loop
   vertex -32.500000 9.150000 18.300000
   vertex -32.500000 17.356386 14.253058
   vertex -32.500000 17.074132 13.725000
  endloop
 endfacet
 facet normal 1 0 0
  outer loop
   vertex 32.500000 9.150000 18.300000
   vertex 32.500000 17.074132 13.725000
   vertex 32.500000 17.356386 14.253058
  endloop
 endfacet
 facet normal 0 0.91086382 -0.41270703
  outer loop
   vertex -32.500000 17.356386 14.253058
   vertex -32.500000 17.603498 14.798447
   vertex 32.500000 17.603498 14.798447
  endloop
 endfacet
 facet normal 0 0.91086382 -0.41270703
  outer loop
   vertex -32.500000 17.356386 14.253058
   vertex 32.500000 17.603498 14.798447
   vertex 32.500000 17.356386 14.253058
  endloop
 endfacet
 facet normal -1 0 0
  outer loop
   vertex -32.500000 9.150000 18.300000
   vertex -32.500000 17.603498 14.798447
   vertex -32.500000 17.356386 14.253058
  endloop
 endfacet
 facet normal 1 0 0
  outer loop
   vertex 32.500000 9.150000 18.300000
   vertex 32.500000 17.356386 14.253058
   vertex 32.500000 17.603498 14.798447
  endloop
 endfacet
 facet normal 0 0.93590593 -0.35225005
  outer loop
   vertex -32.500000 17.603498 14.798447
   vertex -32.500000 17.814411 15.358829
   vertex 32.500000 17.814411 15.358829
  endloop
 endfacet
 facet normal 0 0.93590593 -0.35225005
  outer loop
   vertex -32.500000 17.603498 14.798447
   vertex 32.500000 17.814411 15.358829
   vertex 32.500000 17.603498 14.798447
  endloop
 endfacet
 facet normal -1 0 0
  outer loop
   vertex -32.500000 9.150000 18.300000
   vertex -32.500000 17.814411 15.358829
   vertex -32.500000 17.603498 14.798447
  endloop
 endfacet
 facet normal 1 0 0
  outer loop
   vertex 32.500000 9.150000 18.300000
   vertex 32.500000 17.603498 14.798447
   vertex 32.500000 17.814411 15.358829
  endloop
 endfacet
 facet normal 0 0.95694034 -0.29028468
  outer loop
   vertex -32.500000 17.814411 15.358829
   vertex -32.500000 17.988221 15.931806
   vertex 32.500000 17.988221 15.931806
  endloop
 endfacet
 facet normal 0 0.95694034 -0.29028468
  outer loop
   vertex -32.500000 17.814411 15.358829
   vertex 32.500000 17.988221 15.931806
   vertex 32.500000 17.814411 15.358829
  endloop
 endfacet
 facet normal -1 0 0
  outer loop
   vertex -32.500000 9.150000 18.300000
   vertex -32.500000 17.988221 15.931806
   vertex -32.500000 17.814411 15.358829
  endloop
 endfacet
 facet normal 1 0 0
  outer loop
   vertex 32.500000 9.150000 18.300000
   vertex 32.500000 17.814411 15.358829
   vertex 32.500000 17.988221 15.931806
  endloop
 endfacet
 facet normal 0 0.97387698 -0.22707626
  outer loop
   vertex -32.500000 17.988221 15.931806
   vertex -32.500000 18.124185 16.514924
   vertex 32.500000 18.124185 16.514924
  endloop
 endfacet
 facet normal 0 0.97387698 -0.22707626
  outer loop
   vertex -32.500000 17.988221 15.931806
   vertex 32.500000 18.124185 16.514924
   vertex 32.500000 17.988221 15.931806
  endloop
 endfacet
 facet normal -1 0 0
  outer loop
   vertex -32.500000 9.150000 18.300000
   vertex -32.500000 18.124185 16.514924
   vertex -32.500000 17.988221 15.931806
  endloop
 endfacet
 facet normal 1 0 0
  outer loop
   vertex 32.500000 9.150000 18.300000
   vertex 32.500000 17.988221 15.931806
   vertex 32.500000 18.124185 16.514924
  endloop
 endfacet
 facet normal 0 0.98664333 -0.16289547
  outer loop
   vertex -32.500000 18.124185 16.514924
   vertex -32.500000 18.221720 17.105685
   vertex 32.500000 18.221720 17.105685
  endloop
 endfacet
 facet normal 0 0.98664333 -0.16289547
  outer loop
   vertex -32.500000 18.124185 16.514924
   vertex 32.500000 18.221720 17.105685
   vertex 32.500000 18.124185 16.514924
  endloop
 endfacet
 facet normal -1 0 0
  outer loop
   vertex -32.500000 9.150000 18.300000
   vertex -32.500000 18.221720 17.105685
   vertex -32.500000 18.124185 16.514924
  endloop
 endfacet
 facet normal 1 0 0
  outer loop
   vertex 32.500000 9.150000 18.300000
   vertex 32.500000 18.124185 16.514924
   vertex 32.500000 18.221720 17.105685
  endloop
 endfacet
 facet normal 0 0.99518473 -0.09801714
  outer loop
   vertex -32.500000 18.221720 17.105685
   vertex -32.500000 18.280409 17.701561
   vertex 32.500000 18.280409 17.701561
  endloop
 endfacet
 facet normal 0 0.99518473 -0.09801714
  outer loop
   vertex -32.500000 18.221720 17.105685
   vertex 32.500000 18.280409 17.701561
   vertex 32.500000 18.221720 17.105685
  endloop
 endfacet
 facet normal -1 0 0
  outer loop
   vertex -32.500000 9.150000 18.300000
   vertex -32.500000 18.280409 17.701561
   vertex -32.500000 18.221720 17.105685
  endloop
 endfacet
 facet normal 1 0 0
  outer loop
   vertex 32.500000 9.150000 18.300000
   vertex 32.500000 18.221720 17.105685
   vertex 32.500000 18.280409 17.701561
  endloop
 endfacet
 facet normal 0 0.99946459 -0.032719083
  outer loop
   vertex -32.500000 18.280409 17.701561
   vertex -32.500000 18.300000 18.300000
   vertex 32.500000 18.300000 18.300000
  endloop
 endfacet
 facet normal 0 0.99946459 -0.032719083
  outer loop
   vertex -32.500000 18.280409 17.701561
   vertex 32.500000 18.300000 18.300000
   vertex 32.500000 18.280409 17.701561
  endloop
 endfacet
 facet normal -1 0 0
  outer loop
   vertex -32.500000 9.150000 18.300000
   vertex -32.500000 18.300000 18.300000
   vertex -32.500000 18.280409 17.701561
  endloop
 endfacet
 facet normal 1 0 0
  outer loop
   vertex 32.500000 9.150000 18.300000
   vertex 32.500000 18.280409 17.701561
   vertex 32.500000 18.300000 18.300000
  endloop
 endfacet
endsolid step01_cells
